"Path","SHA256","SizeBytes"
"action-oracle-manifest.json","bee9413a32bd298b35dd6c3a7f0885fa459c7014a3b71ec9904d7c118c5a8888","4888"
"action-verifier-evaluation.json","afb70594c2bd4a7f44885f1fd6d002aaaa960064966cc9cfb130e18111b9b7d1","10310"
"concurrent-adapter.stderr.log","e3b0c44298fc1c149afbf4c8996fb92427ae41e4649b934ca495991b7852b855","0"
"concurrent-adapter.stdout.log","118d0ee8797763fc30088954164a1bea658858e3153949c031db38cb12b11223","87"
"concurrent-epoch-oracle-manifest.json","9cb884510cfb228de5ebbc1afa31c140f6f3136bd425ecbb1018b7d3bc0c11ee","1282"
"concurrent-epochs.jsonl","9ecd70d5b9bc79eb30c5ccfa21b3864fffd8cba301e0c2ec9da8a6006753e66a","24914"
"concurrent-epoch-verifier-evaluation.json","ca8058d18e41d4123a95c37a832340f742c21535c6ebfebc2fd6e200c4fdd8c6","5106"
"conflict-oracle-manifest.json","5fb68ed66657be80bad42727c2b2b6107093a2959773c39f6a1b99cef396086c","1750"
"conflict-verifier-evaluation.json","68ee3126267cadf6642006f06263ff112311b96794bba75ff9770d29d31bb32f","12884"
"disjoint-patch-oracle-manifest.json","0a95f88db29fe7d95d9979511e60a652a37a50e834c0d970f0b29e0bee542ea0","854"
"disjoint-patch-verifier-evaluation.json","5fe2d9357c1801cbfc963f36a29239366766b9404f4fda3b974b9eaff29342bf","4465"
"http-trace.jsonl","21b7cf1addc1b367672fa9544114bcef09966d4544c457d5d8d628b9db552989","348682"
"negative-oracle-manifest.json","dbdbca34d29b967ff1fd429dd783b965b902b4701b35d8f46f61ca83d1c2131c","3169"
"negative-verifier-evaluation.json","5b4439c970b2b44237e93f11468999565cd5288fc89009f6707d1b5bf315b63f","21500"
"phase7-multi-resource-evaluation.json","320081cd3fadbc5c1b6b9bed491c8967b1581d3e4adf13350d5047786817ba11","1443"
"post-delete-probe.json","7c0137ee1a1d115d90f2874115ef702371b7d50f5095f198b696fab0bc8554d9","309"
"provengo_project/.gitignore","f09e023c25978720ed9122360581f2fca50cb612504daed3337ab662e7106366","32"
"provengo_project/config/provengo.yml","c9f786e7a9b6c9ef172d545a122d1c77c287abe624abcc96e069ec0a32b7bbc2","1194"
"provengo_project/data/data.js","55e30a0929c59d9578c5695169b772d147c20b0ad8a7d556eb38c4defd8404b7","131"
"provengo_project/meta-spec/book-writer.js","977303cc03f87fd6561e4435e4cbbb34c85559a94b7aacefdbe9c71b0cb5ac42","3926"
"provengo_project/meta-spec/ensemble-code.js","7e9e842a753bf38111af0cbfbf1bdaf8b88602fd620ff5fdd919fe8d23f45ab5","2692"
"provengo_project/meta-spec/scenario-metadata.js","53f129542f1903bf3f7c2ef55914c0df227d58111a71c7c6053d40792b79cd65","479"
"provengo_project/meta-spec/script-writer.js","f197d272e5524bd0b4ab1f59289b300232c7a8ebc060f8ffeba993fc7eaae0f9","3034"
"provengo_project/products/internal/artifacts/1/1/1.txt","7a4b91a94e57e350196342e008c2693ce8604a9eba6aa139a4c983b3b807738f","100"
"provengo_project/products/internal/artifacts/1/1/10.txt","3278fa620f495a472bafe709d6f20e91aee873fccc5e600da075767c3d2370f1","88"
"provengo_project/products/internal/artifacts/1/1/100.txt","87b33251ae00c10541dfbb0248004f3eb064a61e0e5caa0d1e0148e942084680","102"
"provengo_project/products/internal/artifacts/1/1/101.txt","91d9ad7a309066803a249aeef61115e6c1d0718d19030953dc633f6098ce6cd2","303"
"provengo_project/products/internal/artifacts/1/1/102.json","563de3939c0c2a97983b241ec38bbd9f4dd4234ca5fef78d45754c87ea9921c0","59"
"provengo_project/products/internal/artifacts/1/1/103.txt","78dc665ef1070490e37cde66d8bac263d80ae86f3744e0bd9b558a531d4badfa","46"
"provengo_project/products/internal/artifacts/1/1/104.txt","a9d4aa38bc809a8fc0bafcd9aec469fc800369b23195be47d5944b2b0bd6abc1","2648"
"provengo_project/products/internal/artifacts/1/1/105.json","d068b3b993aaa1e00e1258a667020ec142343a3fb3bded9ee0383c179b1b1c65","2306"
"provengo_project/products/internal/artifacts/1/1/106.txt","b9fcf4ffcbc47c7aaa7ce211b8a2f069a96c8e47a455dd1b91480c013d1b22f6","46"
"provengo_project/products/internal/artifacts/1/1/107.txt","6e85bf98d87e95ee5bd74cded2fefa3baa056a303e4bbd85de051a77da162f31","1809"
"provengo_project/products/internal/artifacts/1/1/108.json","be7665c44a52212f23440fc7d166de1774422ecaf519a56b433f48d892e83f09","1467"
"provengo_project/products/internal/artifacts/1/1/109.txt","86a0803c121fe8917c635ae67af89da2c859a3cee4d58359ed60b8b8ad21d7d6","46"
"provengo_project/products/internal/artifacts/1/1/11.txt","59c57f54f6ecae3f24b36f24daa245aa2ca0aad0058705ba77778d94c83965be","479"
"provengo_project/products/internal/artifacts/1/1/110.txt","3abba90fd4eacb018298a9eee7d26703cdcaab63874a12ecd250fda94e457030","1809"
"provengo_project/products/internal/artifacts/1/1/111.json","286bd056714492a623d5c2dee60e07b88219d22925aa31efd0bda2666db6d510","1467"
"provengo_project/products/internal/artifacts/1/1/112.txt","1069a7dd27d7bc058cf5e0a9a78d53493628ad509f761c92f44c076bf0b19114","59"
"provengo_project/products/internal/artifacts/1/1/113.txt","ede40cc5564c9c80ef9ea071d1d316cb270e4241588561db47b373497f9ed175","702"
"provengo_project/products/internal/artifacts/1/1/114.json","4e2e595700dd3c8dfcdc0a24bbd1c665439e6aab9e659c68967d4c18045fc68f","357"
"provengo_project/products/internal/artifacts/1/1/115.txt","afc62a3d20b5f83d0f9770cda37a7c240be054cd711ba5230bb5db83ecf8611c","136"
"provengo_project/products/internal/artifacts/1/1/116.txt","e95c3f033c7f630a7326d770a6d80bdd993b596dd774b08d6484fde7c9b1a6ee","472"
"provengo_project/products/internal/artifacts/1/1/117.json","7ea5f1d1b481917a949e402bf9a7fbd2170faf8ac2d7f1d8a3543f7d4a81ae24","227"
"provengo_project/products/internal/artifacts/1/1/118.txt","4d50f19940fb58d8d2d032fd94db72c7515b7ef117acd91dff7bb9f15ec3eee5","121"
"provengo_project/products/internal/artifacts/1/1/119.txt","95ae53d815f14a36f2b3e10ea1298d5a687492931dd5695413c5e2cf1ee1d4d9","836"
"provengo_project/products/internal/artifacts/1/1/12","6eae3a3efff86e1a5a1ca4f1e6c966623b03f1010273e2eabb5e5833f97cdcb5","159"
"provengo_project/products/internal/artifacts/1/1/120.json","fab5ee27c22ff98e01bf4b7eac9effbe2c08b56a909e98b4da54a591f387fee7","591"
"provengo_project/products/internal/artifacts/1/1/121.txt","36a412025aa1beb857b9deb3de18561b8433bab011be0f31a9a17ba3fadfb54c","121"
"provengo_project/products/internal/artifacts/1/1/122.txt","9f956e690d09fcf328e2d0f955c8fbda882b5d16f8a221cac1b5162034e9d72a","836"
"provengo_project/products/internal/artifacts/1/1/123.json","0db7c38c637e0c4d413a7ecca55c9f97cee552f69cc3936a60dece426265eaae","591"
"provengo_project/products/internal/artifacts/1/1/124.txt","d84583fcfffd3fb2bc2347d72fc506b1e51f9ebb406a3bc6be528fe2a8613b16","102"
"provengo_project/products/internal/artifacts/1/1/125.txt","d0937583e29d7bd1578df071bc618ec894c71cb83ed8368d669da40a21fd9c94","304"
"provengo_project/products/internal/artifacts/1/1/126.json","9a83bdb6901af116bf87a188f421e99c8bda2f5f5e02aac6405da606f23a6a09","60"
"provengo_project/products/internal/artifacts/1/1/127.txt","a3fa145aac0e10a6bf4c6d878ac642296b5d8999702bfd44ed342f3ac1fcc63d","109"
"provengo_project/products/internal/artifacts/1/1/128.txt","cda61542323ce3418e5bb91b0d5361290702b4f7d02d29f1c931ebf305b8527e","497"
"provengo_project/products/internal/artifacts/1/1/129.json","165f1abd7d4cbf15c283d2fb8d57bd9068a14c732da1536aac1694148e5b1e7c","252"
"provengo_project/products/internal/artifacts/1/1/13.txt","6a79d457d34b72096eaad8abd0511343cb5051763448c1416715f8b6afabd2d1","80"
"provengo_project/products/internal/artifacts/1/1/130.txt","e1a3f984cc499b65ff0be7b3236194a6eac96f9b817e0e1d9748b6fff0f74cf5","59"
"provengo_project/products/internal/artifacts/1/1/131.txt","191f263573ef58692bc999243a499b1e6e749c9bc83dfc9335e1e637ac073b00","703"
"provengo_project/products/internal/artifacts/1/1/132.json","31c18293323de7e97653903bdf95ff9c83d8d63f7dd768678b836dd3f9bc1d58","358"
"provengo_project/products/internal/artifacts/1/1/133.txt","4599a6a7d0ba99a8c1dc0f10b814b144598c5d078469aba8ce18929f9981a8ca","121"
"provengo_project/products/internal/artifacts/1/1/134.txt","00969586ffe27b56b7c1d7e43c686845422fc1d68d473c391b428a25c56ecd6f","836"
"provengo_project/products/internal/artifacts/1/1/135.json","67da3aaad37e14a70773e55fdad0cd59f339da9488d99f55d6cd2987cb65ca84","591"
"provengo_project/products/internal/artifacts/1/1/136.txt","164d970730b68b9b3763bcee98aa504dfa4042aac39f8780e82bae8e24e4b15f","140"
"provengo_project/products/internal/artifacts/1/1/137.txt","40de5829b2ede665648876e0f887edeb7a1b9e7490b8bdd86833e5f86fd33de0","476"
"provengo_project/products/internal/artifacts/1/1/138.json","5eab006f5613f9b536c2bb6097f813e72c49436d90ce21df55534bd4ad42f2aa","231"
"provengo_project/products/internal/artifacts/1/1/139.txt","efef714054012ab23c86fc141b655fb353db06ee2bb4f68e271208ee10068f25","110"
"provengo_project/products/internal/artifacts/1/1/14.txt","6c6be403c4c6dd5722ff9691671f80a92d8d73200947b6933e3af3b0905bcc4a","1972"
"provengo_project/products/internal/artifacts/1/1/140.txt","053de1b6add55172c748b0069df24c6ce0499bdf2c9a9aef37af5e80a4232e53","506"
"provengo_project/products/internal/artifacts/1/1/141.json","e1721a654ca15253df5a6ba10965ccec816ce5cc70b22e676959968dfb3c43ee","261"
"provengo_project/products/internal/artifacts/1/1/142.txt","8a538c96f6598c0816a840148dd6e09568e8f2fcb4a2a8d4fdc0c5c1c04807c8","112"
"provengo_project/products/internal/artifacts/1/1/143.txt","8543f587ba896640745237ef0301415a047a2bdc09fefae3b83647e93b757443","383"
"provengo_project/products/internal/artifacts/1/1/144.json","0eb6c964f9186df16341ab923e2b84fed90384ff3bd22a21c4351ce04d75c50f","138"
"provengo_project/products/internal/artifacts/1/1/145.txt","0d2d5c287d764b6b444a430129f2ebe2d1ce7217d88c06d7cda184bc85ee2a7f","78"
"provengo_project/products/internal/artifacts/1/1/146.txt","38bb3b44750cc7c841e09b0bc0d30d7a61fc3c5fe891e942147247cecb0fcb37","1820"
"provengo_project/products/internal/artifacts/1/1/147.json","0b1e8e0fe1bdb997b068287e5c8dc5173c813bf609ca4711ec0ef55361922656","1478"
"provengo_project/products/internal/artifacts/1/1/148.txt","378ba27fae1335041827bab8428244657cc948015f557a95dcee8fec1cb3b910","121"
"provengo_project/products/internal/artifacts/1/1/149.txt","1bc87440cc26a8624ff37e5016df527949bb104bf9e2d5467dd494c95f94c342","836"
"provengo_project/products/internal/artifacts/1/1/15.json","e2308008a711cf0d58d65202fc20cc1ca14aaefc966c6cee345c531f937ff046","1661"
"provengo_project/products/internal/artifacts/1/1/150.json","4d5d854de42a15dbe6444c3de8970da943a4074916e6cfc62a495441f321b3cf","591"
"provengo_project/products/internal/artifacts/1/1/151.txt","9a2f29b41cd143b3f7916f271b37898813086f76231a8696b7d2471bb69c93c0","112"
"provengo_project/products/internal/artifacts/1/1/152.txt","d691c36bda2da7bac323e43560768094575be6890f667872cc25df1f6698b462","383"
"provengo_project/products/internal/artifacts/1/1/153.json","a7c7352aed0e4db0826bf4b59cc4db938e91e3cd7e91d55d20bb6a5ebe4fb2e4","138"
"provengo_project/products/internal/artifacts/1/1/154.txt","b3dd212f058bbb1c7c0efb7eca4bce9977a24655c2d75142ef39f135969a7d30","79"
"provengo_project/products/internal/artifacts/1/1/155.txt","7d8834456b82515cab05fe79cc87ce5593deab0f5e93a2e0c3c1585b387a83eb","687"
"provengo_project/products/internal/artifacts/1/1/156.json","264b56a45c8be935aba8e76539c05b0e8690f5fcb2bed25c7ef355a95e303620","348"
"provengo_project/products/internal/artifacts/1/1/157.txt","ef66497dddc354aaffdda65f0d7a0baddfddba7a9189ef2a3b17c6695f527497","46"
"provengo_project/products/internal/artifacts/1/1/158.txt","b75ce1a6039bf2a738a6c85b1942b4bb751cb33b6fd68cc97be5f739024d2795","2411"
"provengo_project/products/internal/artifacts/1/1/159.json","34404b3fe8e45223f0bb00c649e5aa67fb84c1fb0e7e4b7debc6ef0c7f601b29","2069"
"provengo_project/products/internal/artifacts/1/1/16.txt","939ed4ca5dd810cede75b359ad3ae2cdcc94b5c78733cbe7a308c41457b95f01","110"
"provengo_project/products/internal/artifacts/1/1/160.txt","86a0803c121fe8917c635ae67af89da2c859a3cee4d58359ed60b8b8ad21d7d6","46"
"provengo_project/products/internal/artifacts/1/1/161.txt","0d7faecf9dfa368517c179ead190ca96b03bf25787689da6f6b88a4fc034b38b","1816"
"provengo_project/products/internal/artifacts/1/1/162.json","b9a58689adbf429f31c403625360cec4be678e5f2498d5614f6491921fff5619","1474"
"provengo_project/products/internal/artifacts/1/1/163.txt","6748028dd063fc5ec7542b35610fc037bf43915f2f657618be946e6e640692d6","110"
"provengo_project/products/internal/artifacts/1/1/164.txt","a13a4991821baa3ad82432dcde05f99e19c51467dcbecfab7044299d273eb400","506"
"provengo_project/products/internal/artifacts/1/1/165.json","1a66be22391da5621a5a121409e8e1b23e6b2047494fb085a4dc265beb6e5475","261"
"provengo_project/products/internal/artifacts/1/1/166.txt","0de7c9fdc059f84273091ddeea87c18a29936ff8bf9459730c261973d469f19e","121"
"provengo_project/products/internal/artifacts/1/1/167.txt","f02e5ad9eb29612e16f0dc951177467c53f4fdb7aba48ab8fad0aa72f6083bbd","836"
"provengo_project/products/internal/artifacts/1/1/168.json","9e69c93b18a28e436b454694b3dc5bb57575a73569cf9c38509bd3f902be6d26","591"
"provengo_project/products/internal/artifacts/1/1/169.txt","bc2887c5edaeb2fabbc8daeb60c37ccdf4a11e33445ea58789f1473bf61201b7","110"
"provengo_project/products/internal/artifacts/1/1/17.txt","79e0cd71fd0b819ea567bd0ac4d07b85f182ec15abb53b64a6b4480447fc39a2","955"
"provengo_project/products/internal/artifacts/1/1/170.txt","752a0fa0f88970789cda6fd10824a5c40c8c9c907be88f8806a28add0bcddf49","506"
"provengo_project/products/internal/artifacts/1/1/171.json","6fe075760d0f4a3292a1212cc280827cd90a1407fca8e349b9ffea0cf698d5ed","261"
"provengo_project/products/internal/artifacts/1/1/172.txt","78dc665ef1070490e37cde66d8bac263d80ae86f3744e0bd9b558a531d4badfa","46"
"provengo_project/products/internal/artifacts/1/1/173.txt","a10062e473812af8c2cb078ac86847b21e3d466efa9af45500c49f3ac0b4de17","2670"
"provengo_project/products/internal/artifacts/1/1/174.json","48b1d2522d3631db015c01ab5528abd64dfc623c79033507947d91517922dab7","2328"
"provengo_project/products/internal/artifacts/1/1/175.txt","978a3ac516eb993decd927354fdba8ac9a22febab6ec88ac650cd90e5edfe94a","78"
"provengo_project/products/internal/artifacts/1/1/176.txt","83ea5df10192655ab52b4282e75b185eb0b7cc0e9ce44f315380336b7361b4b8","1823"
"provengo_project/products/internal/artifacts/1/1/177.json","5d48db0f9dcc0f11a20baddd0ce7b30664817b05cd5a34b8826756293f596b38","1481"
"provengo_project/products/internal/artifacts/1/1/178.txt","35a7a2bb4373bb5e6d93f180b620c0ecb00c47b5761acdc244f1a83a477e16e1","102"
"provengo_project/products/internal/artifacts/1/1/179.txt","924d722c9a29300e0d4751afef4d3d5546193a27b343586d855fde9c1ce86f1c","304"
"provengo_project/products/internal/artifacts/1/1/18.json","5a7d3c6133e1073990bf6055b2187237e42ea13bd836e17fd28145194a2887c4","710"
"provengo_project/products/internal/artifacts/1/1/180.json","1b359a349fc90c5477ca87ace087dfd9973c9d13e6c66794c65aa4291620857a","60"
"provengo_project/products/internal/artifacts/1/1/181.txt","b9fcf4ffcbc47c7aaa7ce211b8a2f069a96c8e47a455dd1b91480c013d1b22f6","46"
"provengo_project/products/internal/artifacts/1/1/182.txt","af231ba5591b49690b7efff8c57553f92f7a43f4ca99818c710c5d437afb226a","2672"
"provengo_project/products/internal/artifacts/1/1/183.json","c5083e5c98302f73515d8a5d3762a3b304bbedea62589bd5cf63678460f17c34","2330"
"provengo_project/products/internal/artifacts/1/1/184.txt","75200bb276e12f87ffb2830fd672df75f7c6822320ae9ee9ef39b0aba56f56da","121"
"provengo_project/products/internal/artifacts/1/1/185.txt","bca248b407a754b176da0a9b94f7f60d42b9a8bc59f9e5ac1d011f1abbae1963","836"
"provengo_project/products/internal/artifacts/1/1/186.json","00f141088e319b1a31aae40601070485d467c8be2ccd4470907685fa22d2d11e","591"
"provengo_project/products/internal/artifacts/1/1/187.txt","b3dd212f058bbb1c7c0efb7eca4bce9977a24655c2d75142ef39f135969a7d30","79"
"provengo_project/products/internal/artifacts/1/1/188.txt","be7486b8258f07baa8cb9bceb539aafee59da2d0cc70b0daf5d6d659758cd48c","687"
"provengo_project/products/internal/artifacts/1/1/189.json","f5258b328f0a3e7caeeaf173b41a08fc36b04125abe28b4c7a318fe13a1df46f","348"
"provengo_project/products/internal/artifacts/1/1/19.txt","a294d09ef5f40a735687c502497176f69cd7bd50b9b3ce9f44e3e3f6f6cc55e9","110"
"provengo_project/products/internal/artifacts/1/1/190.txt","31c2e4a1baaf6624fc7c675403cf0d9e2e92a263291af715db1400533bfe03cc","112"
"provengo_project/products/internal/artifacts/1/1/191.txt","48fe0419393f3e1483fc72d59d355802dd0693be44e24e02b7b813ae8b44945d","383"
"provengo_project/products/internal/artifacts/1/1/192.json","92bf2040f958392f480c2a458202553414b9cb6b7a662ec3e7ef9ea7fc5841cf","138"
"provengo_project/products/internal/artifacts/1/1/193.txt","8fa4f09c4378ed6c7683531399c33b07b3b9d0a91695303f8c48b4c21af4bad5","78"
"provengo_project/products/internal/artifacts/1/1/194.txt","23e1f31180b469f952ac8d8999f9b00006e5df4804bbbccd5734548a48084461","2670"
"provengo_project/products/internal/artifacts/1/1/195.json","21df473ae627b26a6719f334ec6bacc08b4be9ae5e84e83f5e51bc8ce26389f3","2328"
"provengo_project/products/internal/artifacts/1/1/196.txt","ef66497dddc354aaffdda65f0d7a0baddfddba7a9189ef2a3b17c6695f527497","46"
"provengo_project/products/internal/artifacts/1/1/197.txt","afe87e1014c01e5308a22f55312a7a6505ebf2533aa70f1c0232791adbb6a914","2418"
"provengo_project/products/internal/artifacts/1/1/198.json","a5629bc15c1e4f62956c379fae54166e0f8fd160f3dc69c7c46a4c560e5bd2cd","2076"
"provengo_project/products/internal/artifacts/1/1/199.txt","708e92a646fd8dc9e7076d31305fa55f3edfe41ad865c725690de749e00b5c8b","121"
"provengo_project/products/internal/artifacts/1/1/2.txt","66845327cde0cae0b4e0f9ee127a3829a0a575bf0eb91151fdf538f2e3326dfb","2037"
"provengo_project/products/internal/artifacts/1/1/20.txt","7b087666131889feabed45e7f94e40b2d846316df575eb426c39b40c1bb99ad6","955"
"provengo_project/products/internal/artifacts/1/1/200.txt","1a0ac7c810028f1803e7da1a45026a9411456cae796c378010f16effe6ad6941","836"
"provengo_project/products/internal/artifacts/1/1/201.json","93893c254574d1387d65bf3dfd38504b9b69113478e9bbd9839e044088d9b787","591"
"provengo_project/products/internal/artifacts/1/1/202.txt","20923b2c0e132dbb625d6e68e6bc4c064f4d32451a69095353c97ddd3ed174f8","79"
"provengo_project/products/internal/artifacts/1/1/203.txt","58edabb45e42a68bfc57d9ccd0caf6a23db3186132f39286c73827467855a804","687"
"provengo_project/products/internal/artifacts/1/1/204.json","a847591261f9bb71392a37971bdf0f5866edf6546c47e5b48d98538484fa44f7","348"
"provengo_project/products/internal/artifacts/1/1/205.txt","978a3ac516eb993decd927354fdba8ac9a22febab6ec88ac650cd90e5edfe94a","78"
"provengo_project/products/internal/artifacts/1/1/206.txt","495e665fd618444795f0ba0ccf598a868c58391bbd67c6bf8b2154ff18bb0c6a","2073"
"provengo_project/products/internal/artifacts/1/1/207.json","a489a2872844a85d9ab58a46f7f4e5e498ff2e6130d4247f74cdaccc48a666ef","1731"
"provengo_project/products/internal/artifacts/1/1/208.txt","628542874cd78896d9cdb02131c7ff8d6a65e39f95ffc285bd5dbf824614afb3","110"
"provengo_project/products/internal/artifacts/1/1/209.txt","2bbcbae19f6b9ef11fb6d7a85b66d3ab450cc6e55c3e03a12eb0f48b6864e438","506"
"provengo_project/products/internal/artifacts/1/1/21.json","ffab3d93e0b9c34d9933804f655db3aa8969447bbb3de780953ab4f4699cc940","710"
"provengo_project/products/internal/artifacts/1/1/210.json","9ce045dcfd7c102d0c12a9f54a4592107ed1e591bf67cdc93147196ed4dcb419","261"
"provengo_project/products/internal/artifacts/1/1/211.txt","10db5832bbab46daa6c3a8e0a724bba33a6afcc616e5db26fdc86382a7398b4b","79"
"provengo_project/products/internal/artifacts/1/1/212.txt","fe87df7a5d164f049a3ab38f4c9fff39f4164facf36c73c41f40668306c29156","687"
"provengo_project/products/internal/artifacts/1/1/213.json","b8860bf36306bec15d8986f53bd373f0f75d0ed8852e9c3fda07f23829f2a302","348"
"provengo_project/products/internal/artifacts/1/1/214.txt","a09e1818e4f5cc82ab789280bde30bb65cbf0c5920adedf2fbab0ce476b85a35","121"
"provengo_project/products/internal/artifacts/1/1/215.txt","a625bb5cc45556d5ad1e0a78358c2bde3a3a4b951f1a4b2deda73fbda3936f65","836"
"provengo_project/products/internal/artifacts/1/1/216.json","eb467496878b45b715752b9800cb260cc8cf7cf2005720c343fa8137bbf8b189","591"
"provengo_project/products/internal/artifacts/1/1/217.txt","f49dacb62fbf1d39deecc1846ffd85330c7974a9916fbd47e4e91d8b882e0c64","110"
"provengo_project/products/internal/artifacts/1/1/218.txt","f3bbfd5f27657cfa9cf6ba113a3a8c4e1a5965dbc6ee6386eb7965e638458e50","506"
"provengo_project/products/internal/artifacts/1/1/219.json","29d803afd7c06598a51a7e8782202c3e329b2d1b8e70effc9b68cc31532f495a","261"
"provengo_project/products/internal/artifacts/1/1/22.txt","2ce22add4d4d383cf5744802f17272b38fa2f509e370b6a59b26b326202ed7c4","86"
"provengo_project/products/internal/artifacts/1/1/220.txt","9045af0a335684f0eee6c2001e53a07173aebb8fac0540fbf0a8290020b1cdfb","78"
"provengo_project/products/internal/artifacts/1/1/221.txt","920d49bedfaa7ea49adcab36a5415e7326cf153078b2a1da5036350e76be6fc9","2412"
"provengo_project/products/internal/artifacts/1/1/222.json","5ef4defe692c1e372d013d93d6214861230dab4d0e1bbc13253fa8d2a2722a06","2070"
"provengo_project/products/internal/artifacts/1/1/223.txt","15863f08e8be66d24a307ada4361f45fd0d46c1536c4964b1f1bb3369ac257f3","121"
"provengo_project/products/internal/artifacts/1/1/224.txt","2ac1757401b8e82caad00e2430ee4a24284b0eab5354f484ace9083bc19d7eaa","836"
"provengo_project/products/internal/artifacts/1/1/225.json","397626f7d18f8534e53d0fd98529fec3800e3bb7c9e751b94c9d4181649f6899","591"
"provengo_project/products/internal/artifacts/1/1/226.txt","a0e5a3a3a3919794dae6952aeccb73401cc82d8f52aaa009bc67b0e3c62aeff5","46"
"provengo_project/products/internal/artifacts/1/1/227.txt","01c7bbce45218636e4c14a3859784dbbe19cb50ee1df6d19a2862c06c3f3b008","2412"
"provengo_project/products/internal/artifacts/1/1/228.json","5ef4defe692c1e372d013d93d6214861230dab4d0e1bbc13253fa8d2a2722a06","2070"
"provengo_project/products/internal/artifacts/1/1/229.txt","4996faa557eab16203f61903dccf6a234cf2c623624712c783454fcc63fb95c7","85"
"provengo_project/products/internal/artifacts/1/1/23.txt","d9d5cd8c1ec837560a5244ff9289c6079892122bbd0f36fa3320adb971c80369","480"
"provengo_project/products/internal/artifacts/1/1/230.txt","ad161d314cf076a83d0f535fa2e2b32a45d684a08cd0c4dfec4d8c2a80ec02a0","720"
"provengo_project/products/internal/artifacts/1/1/231.json","1476733a537d9c90563a14b24183509fee92c470a72d228d3dd9bd0bc541fa6c","401"
"provengo_project/products/internal/artifacts/1/1/232.txt","1069a7dd27d7bc058cf5e0a9a78d53493628ad509f761c92f44c076bf0b19114","59"
"provengo_project/products/internal/artifacts/1/1/233.txt","52c7bf959ec6ffc8b21141d9e572ba0fbd5833f53eb8ee56a6472069d18d448c","703"
"provengo_project/products/internal/artifacts/1/1/234.json","0c416d9d62b5528eb69767e631a3acbe1dbac068edf5fc996cdd143bc98384a8","358"
"provengo_project/products/internal/artifacts/1/1/235.txt","bdb730efb25f330eaa62664aab718378552df9a3891671226ed782ed4c15d035","46"
"provengo_project/products/internal/artifacts/1/1/236.txt","a28d7fd0df110cfd1d38efe15ddbf34894b52dcc8da13cd20bda5ad6ffdc1482","1827"
"provengo_project/products/internal/artifacts/1/1/237.json","6f144ff868c47952ec205ae3160c988bf53c48229eab11f00a20078612b79f6d","1485"
"provengo_project/products/internal/artifacts/1/1/238.txt","f715f182b53f6f39e802d83d6b277937abfee95b1376b23f6a7fdd58a61b0736","85"
"provengo_project/products/internal/artifacts/1/1/239.txt","20bcbfd4bc02e6158c2721b3ad9fc86c6ff7ce856a551dd081acef7f9635e96c","720"
"provengo_project/products/internal/artifacts/1/1/24","6aa6557d935d2ab82b41d5c31cc9946b31aea19c1b02b23109e5d6b94c226dbf","160"
"provengo_project/products/internal/artifacts/1/1/240.json","482efed9acabaed0a084658220e92f8fffa978986b2be93d0c64f6d32432cc40","401"
"provengo_project/products/internal/artifacts/1/1/241.txt","2395b6d27feec343735cbbdcbb626650a4a8f854289d85e7fc78a1ba81547edc","121"
"provengo_project/products/internal/artifacts/1/1/242.txt","e82742d27a11df9c547bc9ee7885d231e5e0a390da709898e7ce19e5c2d183ed","836"
"provengo_project/products/internal/artifacts/1/1/243.json","140a364be00b030d9961f149750fd113824b543ea04eacbdcbd432057ca8a59b","591"
"provengo_project/products/internal/artifacts/1/1/244.txt","20923b2c0e132dbb625d6e68e6bc4c064f4d32451a69095353c97ddd3ed174f8","79"
"provengo_project/products/internal/artifacts/1/1/245.txt","a6c63b505224c119c2847553901275014671fed0a1802f2b9a918a6b199ebdeb","687"
"provengo_project/products/internal/artifacts/1/1/246.json","5a74f1c19150f9dfc5620fdf834742eb6286179c649e9a589ffe1218a9ecda12","348"
"provengo_project/products/internal/artifacts/1/1/247.txt","b572df76bf25567084356dd76c0cd40cffcc33d0a8bbb5716db9b5f90be4de12","110"
"provengo_project/products/internal/artifacts/1/1/248.txt","bf7696486f33f63140aa3c2788892de956d500f45ba992d636ff314c3c94a577","506"
"provengo_project/products/internal/artifacts/1/1/249.json","fa5e85f79fabbf76ab4fce53ca2c5645be0ef7c04d8cbd99e5e5b7c9044e73ec","261"
"provengo_project/products/internal/artifacts/1/1/25.txt","c74eea947d704fb9477b5e2aafc3afc404936ec5e8d91159fdc9cbdefdb11ec0","108"
"provengo_project/products/internal/artifacts/1/1/250.txt","79c983d4819347ba98392c23362023bf61fadd3c1f8e609024a761d08866b919","59"
"provengo_project/products/internal/artifacts/1/1/251.txt","dcef221865c05809e6deaff1680ea1ce9b856cc2b98e9f4b718614050cf0d5b8","703"
"provengo_project/products/internal/artifacts/1/1/252.json","f08f1eb228660bcef595eaa27df7108dae6711a243681535e2bbd06360ce42d3","358"
"provengo_project/products/internal/artifacts/1/1/253.txt","2c2acdf55f4653ffb952e23a04c5c2cf8ebccab1bff6550ae8866cc3f1adbefa","78"
"provengo_project/products/internal/artifacts/1/1/254.txt","3526f33338e94fac1a3064880413fc6755968c07032f7679b592cac583eb0746","2679"
"provengo_project/products/internal/artifacts/1/1/255.json","0504e1769513cb6dafebb3cf655b028b4e747f2c98a0821d13938e9bbcd989b9","2337"
"provengo_project/products/internal/artifacts/1/1/256.txt","773b5081124c5f3333bae9b3d2df9cb4005a0f3c880da3a09b3723901b2dfe05","85"
"provengo_project/products/internal/artifacts/1/1/257.txt","32a00fd7898afd5eb66d9ec2d376c583331d31a6bd8759ba2ac7289e7059e9b5","720"
"provengo_project/products/internal/artifacts/1/1/258.json","1ede8f84d0cc4a4eb76d246fc5e71abe85333ec1a5a6766dff5e962b4bfe60b7","401"
"provengo_project/products/internal/artifacts/1/1/259.txt","75f74876754f135fcf32c07845dd0cd0c60183216fd4a475575e514fa101e0db","126"
"provengo_project/products/internal/artifacts/1/1/26.txt","b0ab05ed1cebfd0496c2f99bec68259ea1b534262391b67bce9cbbfcb2c4faac","953"
"provengo_project/products/internal/artifacts/1/1/260.txt","845848974fa6cd1c247e54fe2a919445360cfc40055487d29b63dae263ae776b","397"
"provengo_project/products/internal/artifacts/1/1/261.json","408857443a7e714459010657d7584097b02911786af2d0c673e1a2bf56b5980a","152"
"provengo_project/products/internal/artifacts/1/1/262.txt","6eabdeff2ead10d375d4a8ae446562868d73ff1efe366a00db3070e32119db5f","121"
"provengo_project/products/internal/artifacts/1/1/263.txt","f20302c165d7f8ffee0e2b0ae285ce4de6f971b724756d6fa514847d83da2d9b","836"
"provengo_project/products/internal/artifacts/1/1/264.json","474cfe843912fd12a9c80b2b566746332e1e3645d8c2d9208ef5e659292c2d12","591"
"provengo_project/products/internal/artifacts/1/1/265.txt","3bc153675d4aca9b292d1496c5c757464cfe299ccaf1b0181b77dce8daf8df3e","59"
"provengo_project/products/internal/artifacts/1/1/266.txt","a6fc8118665b8e91fb7c9b45a0750751ed2c27708b2d0af1c44a5533ba878661","703"
"provengo_project/products/internal/artifacts/1/1/267.json","06d1f54f1978c24af144f81ca5cc4ad8fbd1eb5207e17c4f03a90d5954a74fdf","358"
"provengo_project/products/internal/artifacts/1/1/268.txt","9e6e43a7206b13d754093688a83cd7f68e893e64cfb3f759d842a561624ec3fc","78"
"provengo_project/products/internal/artifacts/1/1/269.txt","b6d77a02a1331959cb4193dcd71cec631bc0321c6b20c8fa0e0f472fa88ca4da","2432"
"provengo_project/products/internal/artifacts/1/1/27.json","d4152026658c8a17a159fba4195b00bf29a0b72d76043726da22b8495ff6999e","708"
"provengo_project/products/internal/artifacts/1/1/270.json","71a4c42068a92a8be1946fb53627ec7e97aa0a73a098f394e9edd1abbf1b0f08","2090"
"provengo_project/products/internal/artifacts/1/1/271.txt","e1a3f984cc499b65ff0be7b3236194a6eac96f9b817e0e1d9748b6fff0f74cf5","59"
"provengo_project/products/internal/artifacts/1/1/272.txt","f99f1c9159658132e5c6f98ec7f04dcde6f4d86e0c26512e4022834796147a87","703"
"provengo_project/products/internal/artifacts/1/1/273.json","cdf6cb5d5738654648a52dc1b5c908962962f80eb3f32a4ef1cf14c4d5d2956f","358"
"provengo_project/products/internal/artifacts/1/1/274.txt","584d641d05bd73bae36eda676901d348ae2266ea258cc9bc78cba95a7fbdf0e5","91"
"provengo_project/products/internal/artifacts/1/1/275.txt","f976795cf28ba65f6c77602204a81bd475d09ccecdebe74067f79ed3cab1c721","717"
"provengo_project/products/internal/artifacts/1/1/276.json","6b629cee575952c8f37564f77d03d01b728f8fc45c3e8613fc3b7eb6a53a67b4","372"
"provengo_project/products/internal/artifacts/1/1/277.txt","10db5832bbab46daa6c3a8e0a724bba33a6afcc616e5db26fdc86382a7398b4b","79"
"provengo_project/products/internal/artifacts/1/1/278.txt","e1b5a30ae7380449ab22afbd130130f6b03a0d47370a15c545f24541e700bc09","687"
"provengo_project/products/internal/artifacts/1/1/279.json","6f1d728feb25a5b3a64d6befa371bcb4586dabf93f383403f6d7a44c6363fb11","348"
"provengo_project/products/internal/artifacts/1/1/28.txt","ba35d32742f3b59b948a90e310ceb6ea5387752913b72b6d5044f200a7456fd4","110"
"provengo_project/products/internal/artifacts/1/1/280.txt","e40747a4b2fb6fc42ac77e04d755e5d38b2d1c0fb58d64f9d25688df57b5164a","111"
"provengo_project/products/internal/artifacts/1/1/281.txt","029e0d7a99ee4ad5de3d51f6d115656d0624e38100290efd18169ee04e4e4cb0","381"
"provengo_project/products/internal/artifacts/1/1/282.json","9b4ec75213bdb5efea3f404b8177264e2eb4d5206694f2ef03bd3b0848632ae3","136"
"provengo_project/products/internal/artifacts/1/1/283.txt","85b318a30ef8d0544336e35c499617428775e8c4a6d8ae1b84edad07a8213d87","126"
"provengo_project/products/internal/artifacts/1/1/284.txt","8fb4370c6973ce436d502b345f51b8e89c51ce5d8781a7058d8533ddd5b437ab","397"
"provengo_project/products/internal/artifacts/1/1/285.json","fa921db5571868642bd58c4d4cd0a5abd596823adb93ad86ad5536a2ec1adb4d","152"
"provengo_project/products/internal/artifacts/1/1/286.txt","0a9f339f89db12c73961c060c4743e8edec9ef5e3b231810814827879ccdb47d","91"
"provengo_project/products/internal/artifacts/1/1/287.txt","650a98fe575eda64237e5387b3587a202616d7cbf7001ecab21bb9beee2af583","717"
"provengo_project/products/internal/artifacts/1/1/288.json","9b0ef57aa7b18200ca78fe2fe0eea72a8cc5114107c3019c99e614924dc65a15","372"
"provengo_project/products/internal/artifacts/1/1/289.txt","d8637e395b74263d05ff839a9482add6f2c89c8f6bf7862a278d6881f19eaf73","121"
"provengo_project/products/internal/artifacts/1/1/29.txt","dea4ee79aa810d8dd0686dc88dffef91642494f58b4ac8239ea8280ba811275c","955"
"provengo_project/products/internal/artifacts/1/1/290.txt","9caf31e603a4158f258efa31e69add5e8979a30427bd9fc7eb93392ee9e5e448","836"
"provengo_project/products/internal/artifacts/1/1/291.json","ee30e94db914180a5f1b79627018930f00b101bda3c86f24d411dad1db99b897","591"
"provengo_project/products/internal/artifacts/1/1/292.txt","46412354f90de531fe7e913c2c34e35aabd632d967c5fbaae61e579cae9f3270","126"
"provengo_project/products/internal/artifacts/1/1/293.txt","65ffae6a9d8bccee5ec69ce04f48952fca5f5076864cc682d2de0193d69b8257","396"
"provengo_project/products/internal/artifacts/1/1/294.json","96a3e515bc1c101186f66b726b68e6400c1f90c03c149e3dc45f5e023560ff64","151"
"provengo_project/products/internal/artifacts/1/1/295.txt","a66505433d5a31da4196dbeb4caecc7c2e360153a13d1bb8f454c7c3702e79ff","91"
"provengo_project/products/internal/artifacts/1/1/296.txt","6c01e2b8beb42168e20d3427aead4849d9ef1bd0f52830c65da603273028ab63","717"
"provengo_project/products/internal/artifacts/1/1/297.json","3e222465e2507ae708aeff43ac79e907f622c5fcb4efab2d4d3f55bec5bf14df","372"
"provengo_project/products/internal/artifacts/1/1/298.txt","944eccb93a216a418a52a8e8f53a432677a9e8044f00644d25cb6529f1225f51","126"
"provengo_project/products/internal/artifacts/1/1/299.txt","e58a249851745669b0b8adb61997c1f8cdf82ff76ce2b58d978a2cdb68fc020b","397"
"provengo_project/products/internal/artifacts/1/1/3.json","720d93aab33237dc2e0c11f2c32f3604bd66344b3854b9238d203042a2fc6342","1734"
"provengo_project/products/internal/artifacts/1/1/30.json","3a22007f0585273140eee2b8547285f5a68015ed52b00f65b9aa8c005955d74c","710"
"provengo_project/products/internal/artifacts/1/1/300.json","98db2029111ca7a2c0cf56e411cd6976279aea9e9950e0ddf83c28db21da7196","152"
"provengo_project/products/internal/artifacts/1/1/301.txt","0525ba845059f72142e255d571780362d30b2546a6338bdfaab5c38bbe8fb357","126"
"provengo_project/products/internal/artifacts/1/1/302.txt","1e1602a65c0c1496c6f974bfc5d47829cbc206421af01c042b09871ca69f2150","397"
"provengo_project/products/internal/artifacts/1/1/303.json","1d8e05b4d7b56d42881cce61b60e766ca79364ac86ea3c67663efddd95d91e6e","152"
"provengo_project/products/internal/artifacts/1/1/304.txt","0a9f339f89db12c73961c060c4743e8edec9ef5e3b231810814827879ccdb47d","91"
"provengo_project/products/internal/artifacts/1/1/305.txt","4fa5956dabdbd3f0c0c593b7fc9d7faf780e718226f3650f8d250a766da8d5c4","717"
"provengo_project/products/internal/artifacts/1/1/306.json","a750ea36937daa587fa88cc9b19cd1a8581b2cd923bb7d8186e39a22332426bf","372"
"provengo_project/products/internal/artifacts/1/1/307.txt","9e6e43a7206b13d754093688a83cd7f68e893e64cfb3f759d842a561624ec3fc","78"
"provengo_project/products/internal/artifacts/1/1/308.txt","a7cd31df4e3259c350263fe11982d4f5259d204d419ffd31ce3406ff5312e32e","2432"
"provengo_project/products/internal/artifacts/1/1/309.json","87de512a8dd3ee82dc79b043618149fda199e4375b4a7da56c78337429ec4e6e","2090"
"provengo_project/products/internal/artifacts/1/1/31.txt","3217cc005767117017b2dba7181902ad9e441aaf6c5f659da28f2b8126837698","99"
"provengo_project/products/internal/artifacts/1/1/310.txt","3bc153675d4aca9b292d1496c5c757464cfe299ccaf1b0181b77dce8daf8df3e","59"
"provengo_project/products/internal/artifacts/1/1/311.txt","f59937a789c6749541e52f7115f40fb6d508bf75eb20f7264392de687b7b0965","702"
"provengo_project/products/internal/artifacts/1/1/312.json","676ccda90f623114cee0349bbe213f4f125866b40cc14cdd1528e96489fc3d1f","357"
"provengo_project/products/internal/artifacts/1/1/313.txt","584d641d05bd73bae36eda676901d348ae2266ea258cc9bc78cba95a7fbdf0e5","91"
"provengo_project/products/internal/artifacts/1/1/314.txt","d1717a67e1183b80daf075c7915430d2bb18021cf2126005c780c7e09c11144a","717"
"provengo_project/products/internal/artifacts/1/1/315.json","ff44b8718e2cc8173b5bebfec1a888fe180e908d9fb5ddff4bbcc958c6b39eda","372"
"provengo_project/products/internal/artifacts/1/1/316.txt","f42c91b48ec067312dc6e6f4c360063242f509902f043a81fe75b151a1fbbe7d","126"
"provengo_project/products/internal/artifacts/1/1/317.txt","047a585838e352f3490d1b5565a4bec6099b03a290ca72563dfbcfa7987578d8","397"
"provengo_project/products/internal/artifacts/1/1/318.json","d8291a622e57a7aaa0e9b7f5a22ce706cb547ccd1e69aec68cb2093c260dd3fd","152"
"provengo_project/products/internal/artifacts/1/1/319.txt","a66505433d5a31da4196dbeb4caecc7c2e360153a13d1bb8f454c7c3702e79ff","91"
"provengo_project/products/internal/artifacts/1/1/32.txt","75fec92a3f00770fba77dc171d1ed99c252e573d9290e4632a9d30d5f3716704","518"
"provengo_project/products/internal/artifacts/1/1/320.txt","0e1c8069b7e195bcca60908a181735381be5f859cd9395574b0e1572185b06cf","717"
"provengo_project/products/internal/artifacts/1/1/321.json","7075eb0953408999583d358dd636256e87ba7d5c790c6e77a60d6c42c88c4e41","372"
"provengo_project/products/internal/artifacts/1/1/322.txt","1ad64b2b858715221700bc9214d6c50d26b73bf45badfdec56f1056ad690017d","126"
"provengo_project/products/internal/artifacts/1/1/323.txt","7594d6c2f331b67a1cba82219c6651724a0edf37a9eb9717ceb9599196624b0c","396"
"provengo_project/products/internal/artifacts/1/1/324.json","bd5067b9cda8fa6211c9b7b817be042294060e22a935e6ad5c6f781f84c06e33","151"
"provengo_project/products/internal/artifacts/1/1/325.txt","7a428d1f9bce5658179660b54f2da9fed429ed08516c357b65a7d6d4ccbfd6e4","126"
"provengo_project/products/internal/artifacts/1/1/326.txt","2369464ef485d47a9e8d368f61f043e71093125bc8de0251f9fc864814094191","397"
"provengo_project/products/internal/artifacts/1/1/327.json","d42cbf89f10806a84d0cf119df883feec74a571129e826a03685a20876b6b5d4","152"
"provengo_project/products/internal/artifacts/1/1/328.txt","b535fb7f73889c61cf9b4a4fbfeb37c1f67325fc03ac583eef907b8bb32d0cfe","91"
"provengo_project/products/internal/artifacts/1/1/329.txt","b2166f001e22d29eef358a2fed5510f6c3814d9adac4b9478e1ecf933ba33cf0","717"
"provengo_project/products/internal/artifacts/1/1/33.json","4ca35c7cade09ac3b0ccb219dea107cbf4a266a017d6df0ee20a10d7c9a862c3","273"
"provengo_project/products/internal/artifacts/1/1/330.json","9e0d915a5db494974225e757daa95cf2c540ce20eaa6c6307a78e55d24f1e5db","372"
"provengo_project/products/internal/artifacts/1/1/331.txt","fc30d169cfd14868cb5ab7b4ed15ae6af1330964468a4650cb404c7dc258147e","141"
"provengo_project/products/internal/artifacts/1/1/332.txt","a0ee56d4e99d2b115fa5a2d206802804cc4533577ddf96ed042d5165e5a54620","2263"
"provengo_project/products/internal/artifacts/1/1/333.json","bf4023e7815ddaea2914e247334486b85bbc5e87d03589151b2453487dbb3a11","2017"
"provengo_project/products/internal/artifacts/1/1/334.txt","1c16b986941a6c200d715ac650d011783a8ce132de9549f3e60bec9e7838cc43","129"
"provengo_project/products/internal/artifacts/1/1/335.txt","454f86ffc45d5243c225b2602f53367d9942e515111cf1bef38226e404dd38db","2506"
"provengo_project/products/internal/artifacts/1/1/336.json","6ac798bc8aaefc9440bc43a843026fe2aefcc121e763d0c48667003550dea7dd","2260"
"provengo_project/products/internal/artifacts/1/1/337.txt","ccda67bbdfcaaebe9fe1d4532b5f0733d938f0c570c909686f92808b89b6c79d","129"
"provengo_project/products/internal/artifacts/1/1/338.txt","268d072be79e573b9f5e41304eefa17ea8b2a4a792d7717621c66ad98a1562f4","1678"
"provengo_project/products/internal/artifacts/1/1/339.json","415e4d66abc97bf35639ea48e4bc8bd91a8edf9da5ec6cc9310c857db3de3eb3","1432"
"provengo_project/products/internal/artifacts/1/1/34.txt","c5941d26f4e9d5bfadfc06531bdfc6fed5233c826d36fc3ead690f65f5d36ab2","113"
"provengo_project/products/internal/artifacts/1/1/340.txt","38c17ff3c5d9fb58670566310928f1b908b2c79fb015c7e2b3890698a6f79eee","141"
"provengo_project/products/internal/artifacts/1/1/341.txt","923e5852021d94162deafc6435d8ff85e7768f30f0d8c77d9bc07f066cdc9b69","2314"
"provengo_project/products/internal/artifacts/1/1/342.json","0015a864da9bafe0a0e049f0fd56a368475b5191766cc7a933995afb18c9311d","2068"
"provengo_project/products/internal/artifacts/1/1/343.txt","5d31a5ac3a78ec8812111ef59e032bb99337494994495d5033b3f81b7b866e79","141"
"provengo_project/products/internal/artifacts/1/1/344.txt","edce4f6b588287f115bc1252bcadd65f84ddb4c2f75c8dfc0c100ef40434f0f8","2528"
"provengo_project/products/internal/artifacts/1/1/345.json","e13da30418fc6768fe6037ed53496c16926fd1340d5a28c267dddcf50b380789","2282"
"provengo_project/products/internal/artifacts/1/1/346.txt","147bfdb32e69b02560f23bc19583d2a6129e5e476d3e6ac02d024b03a417ba5f","129"
"provengo_project/products/internal/artifacts/1/1/347.txt","0a20610b32d0353b555c35826cb36a06b17e8e37e63d8698399cd545b86dbdbd","2308"
"provengo_project/products/internal/artifacts/1/1/348.json","3247f52c353cafc7fc28ae3668019b3230eae4eaa87edc90f5167475594f613e","2062"
"provengo_project/products/internal/artifacts/1/1/349.txt","7f48675495f79e5afdef4ae2a74ffa190f54832f4f8d4d37e091c2e020f9d865","129"
"provengo_project/products/internal/artifacts/1/1/35.txt","3f878e33d5607a94869dab382dd6504515da065973df588b2ec0294a7b46a0a2","1959"
"provengo_project/products/internal/artifacts/1/1/350.txt","00e6af9c06d45d0835ad729ea352a531369bf73ab15bfc2f7bd8d0a943c31a5d","2328"
"provengo_project/products/internal/artifacts/1/1/351.json","cde21da8bbb49f110b584000732dbf1ce9d0512747e36a3819a3e9c0eeb77f16","2082"
"provengo_project/products/internal/artifacts/1/1/352.txt","c6c5f08858642f2592eaa1f3e5b0a6011e4c3155da5f40a428961b132a0f3199","129"
"provengo_project/products/internal/artifacts/1/1/353.txt","2d782e61395bcf32c48f99815fe3b4f8c39d19d908704f94886fa82d155751df","2535"
"provengo_project/products/internal/artifacts/1/1/354.json","0ab866be6d162c76749532d316493116f321fdfce8d4c7db66aaff6e64c4a05a","2289"
"provengo_project/products/internal/artifacts/1/1/355.txt","9045af0a335684f0eee6c2001e53a07173aebb8fac0540fbf0a8290020b1cdfb","78"
"provengo_project/products/internal/artifacts/1/1/356.txt","4b27024645d2698fa022d7f28a7251701a01280d7b8aa32085c03e7500854613","2502"
"provengo_project/products/internal/artifacts/1/1/357.json","53d0c77f6dc808b40f2f857e6b249e502858e7f6037eb0239c5dca6c7e9b5f88","2160"
"provengo_project/products/internal/artifacts/1/1/358.txt","e030d5b55c4f6a8d512e15839f41b0c7446381740885b7cd65b0ddb315d89434","129"
"provengo_project/products/internal/artifacts/1/1/359.txt","d2dcec91902a7adc8c3e8034815d65b9fc5bbd3b8258c64d737d5c2dc03913b5","1939"
"provengo_project/products/internal/artifacts/1/1/36.json","74585b3666d2ab929720b295f1b4ae6bd94014eb8d433a21d0ff20a8683432e5","1656"
"provengo_project/products/internal/artifacts/1/1/360.json","5a57d059e1182d76383565d8d232d9d8e8f3faf22e1890f777615f2424283111","1693"
"provengo_project/products/internal/artifacts/1/1/361.txt","8fa4f09c4378ed6c7683531399c33b07b3b9d0a91695303f8c48b4c21af4bad5","78"
"provengo_project/products/internal/artifacts/1/1/362.txt","3c37d26d853a25208844b26bb344ba0a83202bb262458d163de9df4276f98bc0","2729"
"provengo_project/products/internal/artifacts/1/1/363.json","44c36acc4e7deffc58b8e8025d6303c9c10cf55a1e0764f7249924997b32ccda","2387"
"provengo_project/products/internal/artifacts/1/1/364.txt","9e6e43a7206b13d754093688a83cd7f68e893e64cfb3f759d842a561624ec3fc","78"
"provengo_project/products/internal/artifacts/1/1/365.txt","b4dbe87de000d8b0b40e32eab9e295957e50de0d51043d93dec0c75da10a868f","2515"
"provengo_project/products/internal/artifacts/1/1/366.json","9240c8b778f09c85251c8524ea225f3be052e7c6e7ddcd36414f7808a3582625","2173"
"provengo_project/products/internal/artifacts/1/1/367.txt","49735498e8e25e6a5ba7f49276c4a857889fbaf0582240b0b8dd35841f182296","141"
"provengo_project/products/internal/artifacts/1/1/368.txt","8aba66addcecec79c09abdd22b00352ae2dd8b0218c46315bddf45650a2bb7a8","2613"
"provengo_project/products/internal/artifacts/1/1/369.json","355ff60e5187c17a89916118bc34b4d6ce07be415247bda815d7041bff983114","2367"
"provengo_project/products/internal/artifacts/1/1/37.txt","6a79d457d34b72096eaad8abd0511343cb5051763448c1416715f8b6afabd2d1","80"
"provengo_project/products/internal/artifacts/1/1/370.txt","baa348e3ca6a5ec70c81afaf26e695b124a4b673e3f074bbf7a0b33227a02354","141"
"provengo_project/products/internal/artifacts/1/1/371.txt","ccf7af56b956ca7b292854cc449f82f1104a8256fd946e76dbc47617bc41d9a2","1716"
"provengo_project/products/internal/artifacts/1/1/372.json","efa2be2c4dfb8d3a831cc4f42f017ea0f97fcf28cd6eab6cebaa5d8c88ea5dc3","1470"
"provengo_project/products/internal/artifacts/1/1/373.txt","2c2acdf55f4653ffb952e23a04c5c2cf8ebccab1bff6550ae8866cc3f1adbefa","78"
"provengo_project/products/internal/artifacts/1/1/374.txt","7a8cb38e956e4cdbb1087576587bc2d68649bfb1f520e73d026ee7936ab8c706","2800"
"provengo_project/products/internal/artifacts/1/1/375.json","ea69bc0d0b6c7d1331569d59211a1b18be644a94e00535f78dcdd9b213f4311d","2458"
"provengo_project/products/internal/artifacts/1/1/376.txt","9213ccf65a6ffa342287ddf1e93e228f7cbda6737dfd74ce27bf0632258a8061","141"
"provengo_project/products/internal/artifacts/1/1/377.txt","9a34d73acd9d540bdeba2206ec1539cc0b05b4fc6e671b97febf54077e675ecf","1970"
"provengo_project/products/internal/artifacts/1/1/378.json","5ad2d82b504267daf3e1db43b2d56f07c05b58c018f93b1228bb5e62ed1508c2","1724"
"provengo_project/products/internal/artifacts/1/1/379.txt","978a3ac516eb993decd927354fdba8ac9a22febab6ec88ac650cd90e5edfe94a","78"
"provengo_project/products/internal/artifacts/1/1/38.txt","b1409c22112bb7b936771eb12af251c5d4c325fc6e3f6909b5e197559fb9de2f","1972"
"provengo_project/products/internal/artifacts/1/1/380.txt","f88d3f5b3179d449aaa34873a2ca6190d8bf7d4c0ad6e55ba8c04f4cd7fe7477","2157"
"provengo_project/products/internal/artifacts/1/1/381.json","9bbf4b3582a565832f27624085bf40251be287e8835c7c40c2407b9a4afe24da","1815"
"provengo_project/products/internal/artifacts/1/1/382.txt","0d2d5c287d764b6b444a430129f2ebe2d1ce7217d88c06d7cda184bc85ee2a7f","78"
"provengo_project/products/internal/artifacts/1/1/383.txt","4e75625765401da28d28a697d3114950f869e4e5428e4e910f130111c39f4418","1903"
"provengo_project/products/internal/artifacts/1/1/384.json","53ead23ec85c87f65ea4a7f78ac03c01e7c11665ebde54bcdb76c360b25ad36d","1561"
"provengo_project/products/internal/artifacts/1/1/385.txt","8dbc561beab9e99832ef468464f4f7b16319332595dd8894286ff0933be3b45f","503"
"provengo_project/products/internal/artifacts/1/1/386.txt","75149950280e1ae451aa2540b269bda581e576ab6cf0d52e1bffe2ecd2c1c848","5377"
"provengo_project/products/internal/artifacts/1/1/387.json","59b9aea725037cd6bf5eb1e3c9e75ae43efb51b55931cf256a064fdfda70e041","5235"
"provengo_project/products/internal/artifacts/1/1/388.txt","0563490cd80c9013c36ac39091d77af67c01e0a421f6ed0948a6be8e3ce5c6fb","503"
"provengo_project/products/internal/artifacts/1/1/389.txt","3ac1d439de5ba345aa6916291a946b2c963e19fc4f8fab71215b050a79d4ecf8","2774"
"provengo_project/products/internal/artifacts/1/1/39.json","008397f612f7ad232eddb342b369ff84ae49d6286c2ecd80e4baf1eb58d945fe","1661"
"provengo_project/products/internal/artifacts/1/1/390.json","b89b86bbec59c47c09c6b3d6fe31c4ca7ea1f86f65c2b64cd962219e61aa9b38","2632"
"provengo_project/products/internal/artifacts/1/1/391.txt","65cfd3a5b669f073c5fbc963869ce2b835f97977f96182e22217a47d7c7fcbcb","503"
"provengo_project/products/internal/artifacts/1/1/392.txt","8e81eb93a4baad89a49c786271ed602772309a264312806e58287ca011065f5e","3669"
"provengo_project/products/internal/artifacts/1/1/393.json","5aeb79d58b8330e1bb7ff01ea808de5fab80076c9263315f29b07b2db1599f8d","3527"
"provengo_project/products/internal/artifacts/1/1/394.txt","9e6e43a7206b13d754093688a83cd7f68e893e64cfb3f759d842a561624ec3fc","78"
"provengo_project/products/internal/artifacts/1/1/395.txt","f91b97185ad4b5193a9ecab3f47080c965f18d53d26c8a7f832c973e548c1e72","2542"
"provengo_project/products/internal/artifacts/1/1/396.json","e8184117ec8572082d3d19b27d69eaff683377af0f77a78ff7923368f8da8d10","2200"
"provengo_project/products/internal/artifacts/1/1/397.txt","2c2acdf55f4653ffb952e23a04c5c2cf8ebccab1bff6550ae8866cc3f1adbefa","78"
"provengo_project/products/internal/artifacts/1/1/398.txt","3f65e00e894f5d8d720e2b4d940155366922aced4870a5fb9d8b603cc63da87d","2796"
"provengo_project/products/internal/artifacts/1/1/399.json","d5ba4986e1eebc9f5da3b8492f42774782ec9483c45d8d49f210b947b32d1844","2454"
"provengo_project/products/internal/artifacts/1/1/4.txt","6a79d457d34b72096eaad8abd0511343cb5051763448c1416715f8b6afabd2d1","80"
"provengo_project/products/internal/artifacts/1/1/40.txt","00fc133506d838017d7b8b84e40bfa386adf8b54632780d0d63b4915e1c04bce","139"
"provengo_project/products/internal/artifacts/1/1/400.txt","4fcbfeb464217386370aa9fb7cc1d787ad88b4008a2241b7c717f6a2dec6c386","503"
"provengo_project/products/internal/artifacts/1/1/401.txt","2d136beafca04eaf085ca8bd1e3568bd2db4e9781a659063a7e4409d007fc5c1","5343"
"provengo_project/products/internal/artifacts/1/1/402.json","0b9058f1429813de28bfbdd1b532a774aa1f1dcfb961be8f291245c11973b733","5201"
"provengo_project/products/internal/artifacts/1/1/403.txt","0d2d5c287d764b6b444a430129f2ebe2d1ce7217d88c06d7cda184bc85ee2a7f","78"
"provengo_project/products/internal/artifacts/1/1/404.txt","0d622e4959613adb453900064e98a326c4b6f12fc96a68259cbbd3a45ccacb9a","1899"
"provengo_project/products/internal/artifacts/1/1/405.json","3ae8fd5a9fcfcfa08433d0bd7ea2e6320a82bbc72b26836a3b6f4550ec7dfefe","1557"
"provengo_project/products/internal/artifacts/1/1/406.txt","f916fdffa56800608f0f6460fd5e22e96b488d8325183e4ae19c5a3ae5dde62d","503"
"provengo_project/products/internal/artifacts/1/1/407.txt","2b2aaf413b213af8e8f2fabe8194a8a3304e063234f254ef112dce7b5b801c8c","3028"
"provengo_project/products/internal/artifacts/1/1/408.json","0043f92a8b715fbc2b9d263cd3527e826c73e84e659d291567b800f271b8580d","2886"
"provengo_project/products/internal/artifacts/1/1/409.txt","dbe6ed298dc2d0026eb19d9a9bf5d298445f69d88d3f1af764c2053ffe850f7f","503"
"provengo_project/products/internal/artifacts/1/1/41.txt","f66d5d40df010f8876db62d1edf91369291abe4d6fa7d9785902d89adc78f8db","475"
"provengo_project/products/internal/artifacts/1/1/410.txt","770f4286dbd651dbf39c443af1f2d3ce71c80e5d7b8b25d2702c88affa8c0cea","3658"
"provengo_project/products/internal/artifacts/1/1/411.json","f2e284bed4f487d77e129665c3d45b8d095f3509a1ef091379420b62cc7d3093","3516"
"provengo_project/products/internal/artifacts/1/1/412.txt","978a3ac516eb993decd927354fdba8ac9a22febab6ec88ac650cd90e5edfe94a","78"
"provengo_project/products/internal/artifacts/1/1/413.txt","599be7a3caba3a24f9e1ec139a78da8504dec9da099972ce815431d99c848c62","2153"
"provengo_project/products/internal/artifacts/1/1/414.json","bdab9b0314925639cf423aab73d5f13dd9290d9428be18b82d5d9a3e1375624a","1811"
"provengo_project/products/internal/artifacts/1/1/415.txt","9045af0a335684f0eee6c2001e53a07173aebb8fac0540fbf0a8290020b1cdfb","78"
"provengo_project/products/internal/artifacts/1/1/416.txt","d7095fa018150902833c2cc4d6737c37b85445a776868d2365818a5af1612e4a","2527"
"provengo_project/products/internal/artifacts/1/1/417.json","ab191ac79845556c603d837e515bc6ca1f0bb7887ed92a9a367d0b00c50e3e58","2185"
"provengo_project/products/internal/artifacts/1/1/418.txt","8fa4f09c4378ed6c7683531399c33b07b3b9d0a91695303f8c48b4c21af4bad5","78"
"provengo_project/products/internal/artifacts/1/1/419.txt","7b39f2ec64e373ae413d7f64c1e950223de0141fb73e37de6847bb2300dbdbae","2785"
"provengo_project/products/internal/artifacts/1/1/42.json","bf2beb453b3f731663cfe96970ed3e4255e2d14795c687a0c2c871d78e571c40","230"
"provengo_project/products/internal/artifacts/1/1/420.json","52116b47d1f3393ee9867ebe4277f32978ede769013d772a6965d30e6d61e3d3","2443"
"provengo_project/products/internal/artifacts/1/1/421.txt","65f83c32cec03f7b47ab01efe606ddb315a83ff2b32116c335d1b5a3e31464b2","92"
"provengo_project/products/internal/artifacts/1/1/422.txt","09e787b5b7dad99943d4a34493839da6b4a69d4fe65a5ab1dfa7494add396c68","211"
"provengo_project/products/internal/artifacts/1/1/423.txt","e3b0c44298fc1c149afbf4c8996fb92427ae41e4649b934ca495991b7852b855","0"
"provengo_project/products/internal/artifacts/1/1/424.txt","e1f28be177805d6c21f493b6e1c758d4edb64c24566e4b5d4ed8469de10b4f58","106"
"provengo_project/products/internal/artifacts/1/1/425.txt","ad123cd9901dc46c7c43b39b237bd113ee65df0ff236ddb15ba327807dcead75","211"
"provengo_project/products/internal/artifacts/1/1/426.txt","e3b0c44298fc1c149afbf4c8996fb92427ae41e4649b934ca495991b7852b855","0"
"provengo_project/products/internal/artifacts/1/1/427.txt","e177961f49416f27a045587ae5c23245af68eb6712bfa129dd2c725d5a5f703e","92"
"provengo_project/products/internal/artifacts/1/1/428.txt","a05b240e70d5fc81f6a1dba576bbe4d07d36abc18606cc775f62e59e09b81200","211"
"provengo_project/products/internal/artifacts/1/1/429.txt","e3b0c44298fc1c149afbf4c8996fb92427ae41e4649b934ca495991b7852b855","0"
"provengo_project/products/internal/artifacts/1/1/43.txt","cb7ae3a5d9a80111693f1b46725ac49a1c60dd61f4fee6432939097219edc18e","109"
"provengo_project/products/internal/artifacts/1/1/430.txt","b5e40446a9c5518082a347c99e91de38b0009a9f38f8948a67ca34af75ae6eef","98"
"provengo_project/products/internal/artifacts/1/1/431.txt","43aafef57921f3ca7eb8cc85b55595bb1cd299cbf018bbcb476f04e300b08985","494"
"provengo_project/products/internal/artifacts/1/1/432.json","0101d75f149dd96696811f3220821f630feebb0052f2294e604d160393ed3f23","249"
"provengo_project/products/internal/artifacts/1/1/433.txt","4e674e691e7d7dc571a69809ad0ba83d3635709010dd38e1587a7fc2322f59f6","106"
"provengo_project/products/internal/artifacts/1/1/434.txt","5037b087ca3f648f808acbcde1c85a8d77a9bb8661a77cce715b1d34df0a2514","211"
"provengo_project/products/internal/artifacts/1/1/435.txt","e3b0c44298fc1c149afbf4c8996fb92427ae41e4649b934ca495991b7852b855","0"
"provengo_project/products/internal/artifacts/1/1/436.txt","a7d40b91ecc00930a1cdfda8a29eb9330ec45645738487a545ff3ddb27173061","103"
"provengo_project/products/internal/artifacts/1/1/437.txt","c9cffc38f486744e147f0a9f98ff3833332b8aa01c19a47aa8c23dcae86e82f1","1949"
"provengo_project/products/internal/artifacts/1/1/438.json","44e95801cf1d8336969bf605cba225c7df072e764c197ef3e6971f39ccf83d18","1646"
"provengo_project/products/internal/artifacts/1/1/439.txt","6dca32a40dd43cec700f1cb5768b7be8eab11d56e51cae4e6311a47c591b955c","107"
"provengo_project/products/internal/artifacts/1/1/44.txt","287322bc1321d552cdb2e68e3c85bd7577a1f46ef287179564af46cafb555b4d","497"
"provengo_project/products/internal/artifacts/1/1/440.txt","33c501166472ef5ee3cde991bbeb44468140bddcb42601864e944bebda517234","211"
"provengo_project/products/internal/artifacts/1/1/441.txt","e3b0c44298fc1c149afbf4c8996fb92427ae41e4649b934ca495991b7852b855","0"
"provengo_project/products/internal/artifacts/1/1/442.txt","180e803b981099880cf50d0ad626b6c080d62b834950539d13f14e44e4ebf896","103"
"provengo_project/products/internal/artifacts/1/1/443.txt","fbe6064025362cfb82f5e0b8c953bbec6cb84b09dc1639485c1664f59801a60a","211"
"provengo_project/products/internal/artifacts/1/1/444.txt","e3b0c44298fc1c149afbf4c8996fb92427ae41e4649b934ca495991b7852b855","0"
"provengo_project/products/internal/artifacts/1/1/445.txt","8cda3dc391c2a14289be361a8dc601a5e414412bc9ded0a15b3e10676355c250","98"
"provengo_project/products/internal/artifacts/1/1/446.txt","ef2cd525a7fa2dc51edd4c9acf957403839ecec1fa70a97a4497114958021020","494"
"provengo_project/products/internal/artifacts/1/1/447.json","1c4b54c24bdda1f46ed78c966b39a5620cf3f05c3e5b7eaf44171975f17aecd8","249"
"provengo_project/products/internal/artifacts/1/1/448.txt","fa8737955209cbdbc13d0534824ee6d95950f8f6849e9a77ba98ae2879994aa3","94"
"provengo_project/products/internal/artifacts/1/1/449.txt","bd4957ad506ee0596d52edf8ec3b59862a5db29f3cdfe4ce7ee0029f250581b6","211"
"provengo_project/products/internal/artifacts/1/1/45.json","e45ac03335994697fa22a6f5f668576dc37c7cc45a3d757fcc19866d3237011f","252"
"provengo_project/products/internal/artifacts/1/1/450.txt","e3b0c44298fc1c149afbf4c8996fb92427ae41e4649b934ca495991b7852b855","0"
"provengo_project/products/internal/artifacts/1/1/451.txt","236425273054687271b841bfceddcf0531ff2f3119578d2388eed8d383ba7d6f","94"
"provengo_project/products/internal/artifacts/1/1/452.txt","d849f2443f6306ff37109a06fd9507694c895872bbc38a0f20efe4bf53c91512","211"
"provengo_project/products/internal/artifacts/1/1/453.txt","e3b0c44298fc1c149afbf4c8996fb92427ae41e4649b934ca495991b7852b855","0"
"provengo_project/products/internal/artifacts/1/1/454.txt","3fb9622e19ffad62df14672b4135a82149858b3f80eab3d3601889c7f3bbd376","98"
"provengo_project/products/internal/artifacts/1/1/455.txt","cd2fc8ea739767949b0f26594953802e4af76916afa98a87c77948d6fc5d28fa","494"
"provengo_project/products/internal/artifacts/1/1/456.json","29d153c0fd5da33f8286c57165bbc0478ae7c0ff67fe24d47e352028f5522f1a","249"
"provengo_project/products/internal/artifacts/1/1/457.txt","3eda65c6c79cf7e6b0ec58357a6743f7fcc8ad2f9c127eb6963293ea265ac28a","94"
"provengo_project/products/internal/artifacts/1/1/458.txt","d91d9b40a96714ab2de75235bf0e86e349d3876619d5eff4ee22f9082ad9b68b","211"
"provengo_project/products/internal/artifacts/1/1/459.txt","e3b0c44298fc1c149afbf4c8996fb92427ae41e4649b934ca495991b7852b855","0"
"provengo_project/products/internal/artifacts/1/1/46.txt","1451cb8fce8c4e2284bde75773470cd0850598b2ce6bf6d3572d282f6cd9e27c","99"
"provengo_project/products/internal/artifacts/1/1/460.txt","a0e5a3a3a3919794dae6952aeccb73401cc82d8f52aaa009bc67b0e3c62aeff5","46"
"provengo_project/products/internal/artifacts/1/1/461.txt","9b53eb02782e60fbcc724ce419afa51efd4e029939808e34f40dd69923ef371b","1254"
"provengo_project/products/internal/artifacts/1/1/462.json","94ccbcdc1ac3eb89eec326980e633b1f21d92aadf00f15e7cd6dd548269e26a5","913"
"provengo_project/products/internal/artifacts/1/1/463.txt","00fcfa6635c0dd7367ba41299ec48ab49d83d2005fbd9581fcd7ee2673629b8b","94"
"provengo_project/products/internal/artifacts/1/1/464.txt","98cea6106585f78d82f1646d5b79807915fa0d2a87ccc231b3f360fe73ae91f4","211"
"provengo_project/products/internal/artifacts/1/1/465.txt","e3b0c44298fc1c149afbf4c8996fb92427ae41e4649b934ca495991b7852b855","0"
"provengo_project/products/internal/artifacts/1/1/466.txt","0b7a216fb2c0422e2e50ccc4f1b2c79797900256cd427aeed8c4f48f29646938","47"
"provengo_project/products/internal/artifacts/1/1/467.txt","3bf0b6cd79a7a8662556e27129480f64484d41682cd8d19b3483f4bcd4323d28","675"
"provengo_project/products/internal/artifacts/1/1/468.json","82abeacbde6cb0266f0f6eee748b15ec2d5df830956569a3f8b2fdc5d8aca284","336"
"provengo_project/products/internal/artifacts/1/1/469.txt","fa247a7fbb2749c896def0e3bbc34709add273debbde9125f260cfbe56e2dfc3","92"
"provengo_project/products/internal/artifacts/1/1/47.txt","9bbdb7ec716ac66ccb6517a7613f1bdb9e7d01c9eb697ad62e97e75c71186ea1","518"
"provengo_project/products/internal/artifacts/1/1/470.txt","d1ea4124ceb88e8209d0e09147b8f5b117c2619dad821a89b5aee3e15e8ffcf8","211"
"provengo_project/products/internal/artifacts/1/1/471.txt","e3b0c44298fc1c149afbf4c8996fb92427ae41e4649b934ca495991b7852b855","0"
"provengo_project/products/internal/artifacts/1/1/472.txt","773b5081124c5f3333bae9b3d2df9cb4005a0f3c880da3a09b3723901b2dfe05","85"
"provengo_project/products/internal/artifacts/1/1/473.txt","87ac95ac959941bd90895d2410e8252e994baec949bfeed5b304d26ed5262139","460"
"provengo_project/products/internal/artifacts/1/1/474.json","be5cde8432cd0cd9bdcee53d32db8fb244796bc5b6a5140d0966b9c002550535","141"
"provengo_project/products/internal/artifacts/1/1/475.txt","0a9f339f89db12c73961c060c4743e8edec9ef5e3b231810814827879ccdb47d","91"
"provengo_project/products/internal/artifacts/1/1/476.txt","592c0d50b05f49547a7ea90d7e3c41bd172feb3f5eceef7633f18b7a70ed3bcf","483"
"provengo_project/products/internal/artifacts/1/1/477","1292657051cc8bc54de0c9120f6f4d2f2a67eb61c130b9e53e44235441c3d147","163"
"provengo_project/products/internal/artifacts/1/1/478.txt","6a79d457d34b72096eaad8abd0511343cb5051763448c1416715f8b6afabd2d1","80"
"provengo_project/products/internal/artifacts/1/1/479.txt","c8527adee3526a5f017dbd048b86c95fe8e15ae01677438e3e6fd667fc93c771","1962"
"provengo_project/products/internal/artifacts/1/1/48.json","3d5d0d40a43c641d1148eaff1a87e69684ac9ecc478bcf64f8fd962bb87a0463","273"
"provengo_project/products/internal/artifacts/1/1/480.json","a8395a001a44fc365287567b9cc171263771d9109dbdb328355be9e409df848b","1651"
"provengo_project/products/internal/artifacts/1/1/481.txt","78dc665ef1070490e37cde66d8bac263d80ae86f3744e0bd9b558a531d4badfa","46"
"provengo_project/products/internal/artifacts/1/1/482.txt","33e4b01c2c3ca8da7d8784d4e9cf7e97e06fb7b94dc6be1b7fc2c27ccba2dc2e","1254"
"provengo_project/products/internal/artifacts/1/1/483.json","c8ee4366a79f573bfd6b8ffbf5e43b44f71b073b8fff3e9ba2e322b12e1be52b","913"
"provengo_project/products/internal/artifacts/1/1/484.txt","584d641d05bd73bae36eda676901d348ae2266ea258cc9bc78cba95a7fbdf0e5","91"
"provengo_project/products/internal/artifacts/1/1/485.txt","a720ad09196c34c99ae22eec5c56e718af960e781bc9edc442bc9d651502d08f","483"
"provengo_project/products/internal/artifacts/1/1/486","1292657051cc8bc54de0c9120f6f4d2f2a67eb61c130b9e53e44235441c3d147","163"
"provengo_project/products/internal/artifacts/1/1/487.txt","a66505433d5a31da4196dbeb4caecc7c2e360153a13d1bb8f454c7c3702e79ff","91"
"provengo_project/products/internal/artifacts/1/1/488.txt","3310b92150fe446938de2470a8101d2111312a2827966f73b4cd986d33f9b018","483"
"provengo_project/products/internal/artifacts/1/1/489","1292657051cc8bc54de0c9120f6f4d2f2a67eb61c130b9e53e44235441c3d147","163"
"provengo_project/products/internal/artifacts/1/1/49.txt","297fba03baa367154e0f0f028555bd9c99725514c7c3967e5c1dbff8a2921d62","110"
"provengo_project/products/internal/artifacts/1/1/490.txt","f715f182b53f6f39e802d83d6b277937abfee95b1376b23f6a7fdd58a61b0736","85"
"provengo_project/products/internal/artifacts/1/1/491.txt","c5941220a70b209cc2c1da21c362951bb134b29cff0621e2b09d380e4448e312","460"
"provengo_project/products/internal/artifacts/1/1/492.json","be5cde8432cd0cd9bdcee53d32db8fb244796bc5b6a5140d0966b9c002550535","141"
"provengo_project/products/internal/artifacts/1/1/493.txt","b535fb7f73889c61cf9b4a4fbfeb37c1f67325fc03ac583eef907b8bb32d0cfe","91"
"provengo_project/products/internal/artifacts/1/1/494.txt","190cd33de7fd095f0ab8ea36e8917b6d98f00c1094042c224158bd8c6ee00d9f","483"
"provengo_project/products/internal/artifacts/1/1/495","1292657051cc8bc54de0c9120f6f4d2f2a67eb61c130b9e53e44235441c3d147","163"
"provengo_project/products/internal/artifacts/1/1/496.txt","ef66497dddc354aaffdda65f0d7a0baddfddba7a9189ef2a3b17c6695f527497","46"
"provengo_project/products/internal/artifacts/1/1/497.txt","914ca9d62c77bcce60c1293678d83b945f22ccbadca03f0681f1032a22bdb502","1895"
"provengo_project/products/internal/artifacts/1/1/498.json","6dc42134f781d1e29ad50df3925f567fe62ed6e0cc368bbc4bb925fc2171414c","1553"
"provengo_project/products/internal/artifacts/1/1/499.txt","1a66f6d85520f8a852a2c22ddaaee03872a47444781853decdaef247c81433b0","47"
"provengo_project/products/internal/artifacts/1/1/5.txt","ce54cc9805a7a1c16fc4a9ebe3735c2cc4c012ace89ab87c694eaa80c7ef01f7","1951"
"provengo_project/products/internal/artifacts/1/1/50.txt","bcfd758c36a17130e4ba401309aaa66abbee5f3459cea1821bb5878cbcf4c624","955"
"provengo_project/products/internal/artifacts/1/1/500.txt","78b699feb492e411383508d022aca92348a2146c338ebd642f89dfc5d0411446","675"
"provengo_project/products/internal/artifacts/1/1/501.json","e7ab0ae6b328fb4788b565a271f78d6299c840eb5d76005ba27c7eca251c7838","336"
"provengo_project/products/internal/artifacts/1/1/502.txt","b2825e541b845c5c01afa54493a5c9556a10d18ef79a10e7e08005d6aa0c6422","103"
"provengo_project/products/internal/artifacts/1/1/503.txt","4947bb2c952342c169b82030f7be263ecde3a5801403d36c59fa09678f39d6c9","211"
"provengo_project/products/internal/artifacts/1/1/504.txt","e3b0c44298fc1c149afbf4c8996fb92427ae41e4649b934ca495991b7852b855","0"
"provengo_project/products/internal/artifacts/1/1/505.txt","4996faa557eab16203f61903dccf6a234cf2c623624712c783454fcc63fb95c7","85"
"provengo_project/products/internal/artifacts/1/1/506.txt","f3a4025598a7078dfb5532c5bbbd28e8d8a883a04b9ead9467a8e0f41402ef12","460"
"provengo_project/products/internal/artifacts/1/1/507.json","be5cde8432cd0cd9bdcee53d32db8fb244796bc5b6a5140d0966b9c002550535","141"
"provengo_project/products/internal/artifacts/1/1/508.txt","dc998132e573959011b6fd5ca2f48b42bd53bfc29de115b8caa421227c87a7a6","47"
"provengo_project/products/internal/artifacts/1/1/509.txt","1458804077c6808a8fd66525263859740989239b17538079ae06bfd8fe73b2d3","675"
"provengo_project/products/internal/artifacts/1/1/51.json","26b297ce3ea6d2fa9a8c0779cbd32e940bff17344fc3831de40b4b599ecf96e3","710"
"provengo_project/products/internal/artifacts/1/1/510.json","231c41f28cbda9a29ddd783a198c128156a093d1d9f96f72eebf4984e0a8f2bc","336"
"provengo_project/products/internal/artifacts/1/1/511.txt","e1f28be177805d6c21f493b6e1c758d4edb64c24566e4b5d4ed8469de10b4f58","106"
"provengo_project/products/internal/artifacts/1/1/512.txt","2c6157ab1fd38d4448402768d9b5468f57e8e3f18307d2140d175b50ccfbdddc","484"
"provengo_project/products/internal/artifacts/1/1/513","4d8a91176c1b14a17c7b424a316a755633a25e0d4b292966886244400ed31d6b","164"
"provengo_project/products/internal/artifacts/1/1/514.txt","86a0803c121fe8917c635ae67af89da2c859a3cee4d58359ed60b8b8ad21d7d6","46"
"provengo_project/products/internal/artifacts/1/1/515.txt","3e14bc3f1583a15498d186ef3ef23aa4c8a1e8d913d96916eba89670d08393bd","1254"
"provengo_project/products/internal/artifacts/1/1/516.json","1fab3ff1474c73f15137b8b1c50254d5a749806813306ae652de343472075bc5","913"
"provengo_project/products/internal/artifacts/1/1/517.txt","9045af0a335684f0eee6c2001e53a07173aebb8fac0540fbf0a8290020b1cdfb","78"
"provengo_project/products/internal/artifacts/1/1/518.txt","f8abd4ddea6f20a98d9e32cf7d4751d7350439ad94c30ab5f179c2b2bee3a142","1254"
"provengo_project/products/internal/artifacts/1/1/519.json","94ccbcdc1ac3eb89eec326980e633b1f21d92aadf00f15e7cd6dd548269e26a5","913"
"provengo_project/products/internal/artifacts/1/1/52.txt","e0295b4dc9bf5b9b467122229475fa1ae41741f203d4e5b03b705fa73e375332","108"
"provengo_project/products/internal/artifacts/1/1/520.txt","b535fb7f73889c61cf9b4a4fbfeb37c1f67325fc03ac583eef907b8bb32d0cfe","91"
"provengo_project/products/internal/artifacts/1/1/521.txt","92f7d0a72840af7993ff35446b2c543bd61195dc86b2bb1f2206dc0b8d7fed59","483"
"provengo_project/products/internal/artifacts/1/1/522","1292657051cc8bc54de0c9120f6f4d2f2a67eb61c130b9e53e44235441c3d147","163"
"provengo_project/products/internal/artifacts/1/1/523.txt","62146cb3011e71eb67014dca2bbf4c91b2264e85811320ea909d57efabb65252","123"
"provengo_project/products/internal/artifacts/1/1/524.txt","92d31e305554f55b46b7990424c9f59019bc2f76bea31bfb6d784a19dc5522fa","483"
"provengo_project/products/internal/artifacts/1/1/525","1292657051cc8bc54de0c9120f6f4d2f2a67eb61c130b9e53e44235441c3d147","163"
"provengo_project/products/internal/artifacts/1/1/526.txt","00fcfa6635c0dd7367ba41299ec48ab49d83d2005fbd9581fcd7ee2673629b8b","94"
"provengo_project/products/internal/artifacts/1/1/527.txt","f77e0b9b81a037a69570d8e83d0b192f4b770d521500a49fc5301a01b743125e","483"
"provengo_project/products/internal/artifacts/1/1/528","1292657051cc8bc54de0c9120f6f4d2f2a67eb61c130b9e53e44235441c3d147","163"
"provengo_project/products/internal/artifacts/1/1/529.txt","6dca32a40dd43cec700f1cb5768b7be8eab11d56e51cae4e6311a47c591b955c","107"
"provengo_project/products/internal/artifacts/1/1/53.txt","c6fc2a98a14dbdfd484fd0c458eb0d98292da076730420ff9d073c7eaee3fda5","496"
"provengo_project/products/internal/artifacts/1/1/530.txt","6663e149470ee9cbd29a8db7aeccaf260ba38f15126e5e31e5b119d054340291","484"
"provengo_project/products/internal/artifacts/1/1/531","4d8a91176c1b14a17c7b424a316a755633a25e0d4b292966886244400ed31d6b","164"
"provengo_project/products/internal/artifacts/1/1/532.txt","3a533ed43f7e37c0386b4a73b0666028c025d012e81d4564d25199688c2d8ef5","82"
"provengo_project/products/internal/artifacts/1/1/533.txt","0399205c1e216cace90a821fc6ea724d6b8725bf8854299f4e9e946822fe293e","211"
"provengo_project/products/internal/artifacts/1/1/534.txt","e3b0c44298fc1c149afbf4c8996fb92427ae41e4649b934ca495991b7852b855","0"
"provengo_project/products/internal/artifacts/1/1/535.txt","3bf2a7878f3410dd43d8115632f82417f0d0fd551f0fdb789c2fb59d04c2bb00","82"
"provengo_project/products/internal/artifacts/1/1/536.txt","47f14dd5578449d16336695659578fa6cffe90bce628280d25802920dcabedfe","211"
"provengo_project/products/internal/artifacts/1/1/537.txt","e3b0c44298fc1c149afbf4c8996fb92427ae41e4649b934ca495991b7852b855","0"
"provengo_project/products/internal/artifacts/1/1/538.txt","0a9f339f89db12c73961c060c4743e8edec9ef5e3b231810814827879ccdb47d","91"
"provengo_project/products/internal/artifacts/1/1/539.txt","1d7d386da3cb8472b03aae3ec2abdf15d38fc3617e759980324db5753793244d","483"
"provengo_project/products/internal/artifacts/1/1/54.json","535755f89a667dfd1ca211d522295c81c2ae7605e3d9fcc4f43b1590cb981edc","251"
"provengo_project/products/internal/artifacts/1/1/540","1292657051cc8bc54de0c9120f6f4d2f2a67eb61c130b9e53e44235441c3d147","163"
"provengo_project/products/internal/artifacts/1/1/541.txt","4e674e691e7d7dc571a69809ad0ba83d3635709010dd38e1587a7fc2322f59f6","106"
"provengo_project/products/internal/artifacts/1/1/542.txt","b6587e998c384d81f70c02448cca09e79ea1ee239468f228ef7ecb7c77cecb38","484"
"provengo_project/products/internal/artifacts/1/1/543","4d8a91176c1b14a17c7b424a316a755633a25e0d4b292966886244400ed31d6b","164"
"provengo_project/products/internal/artifacts/1/1/544.txt","bec6d9bfc9a38996cbedb3a6b613928ea21c8302b52f0561b6cb7d24faa6f610","123"
"provengo_project/products/internal/artifacts/1/1/545.txt","ee44ae891dc4247de0f99c5f7fbdb562ff71a29140de59d0e422ac79ddf7c60b","483"
"provengo_project/products/internal/artifacts/1/1/546","1292657051cc8bc54de0c9120f6f4d2f2a67eb61c130b9e53e44235441c3d147","163"
"provengo_project/products/internal/artifacts/1/1/547.txt","a66505433d5a31da4196dbeb4caecc7c2e360153a13d1bb8f454c7c3702e79ff","91"
"provengo_project/products/internal/artifacts/1/1/548.txt","5392c70c499e5ad8e62f5d3328782da2c12eb08e0b605dbcad0790dec25ae8d2","483"
"provengo_project/products/internal/artifacts/1/1/549","1292657051cc8bc54de0c9120f6f4d2f2a67eb61c130b9e53e44235441c3d147","163"
"provengo_project/products/internal/artifacts/1/1/55.txt","f71d171d2e6749c67cd17d87a51ec16f91d7942c29457ea126bc7fcf84178472","110"
"provengo_project/products/internal/artifacts/1/1/550.txt","180e803b981099880cf50d0ad626b6c080d62b834950539d13f14e44e4ebf896","103"
"provengo_project/products/internal/artifacts/1/1/551.txt","93b559c45c3eaf1a9f0d39e86595e3dd0ede93fe5011e2a93fe1709f077072b0","484"
"provengo_project/products/internal/artifacts/1/1/552","4d8a91176c1b14a17c7b424a316a755633a25e0d4b292966886244400ed31d6b","164"
"provengo_project/products/internal/artifacts/1/1/553.txt","b86072762a35b718f9987afb96c1bfc0ef2cfe29114e932fc7d2dda3b0645dd4","82"
"provengo_project/products/internal/artifacts/1/1/554.txt","926f20e4985f9167a06baf17a90dfdd43d47c711082ee10da5d3300c47694632","211"
"provengo_project/products/internal/artifacts/1/1/555.txt","e3b0c44298fc1c149afbf4c8996fb92427ae41e4649b934ca495991b7852b855","0"
"provengo_project/products/internal/artifacts/1/1/556.txt","3f56e3647c451d9a5642660843fc4fc51ec60687c34bf2e667e66c49d8ae624d","123"
"provengo_project/products/internal/artifacts/1/1/557.txt","6abacb8061e1efc23d34b0c011141d20124352665a4dc5a0443e0254ccd5fc72","483"
"provengo_project/products/internal/artifacts/1/1/558","1292657051cc8bc54de0c9120f6f4d2f2a67eb61c130b9e53e44235441c3d147","163"
"provengo_project/products/internal/artifacts/1/1/559.txt","fa8737955209cbdbc13d0534824ee6d95950f8f6849e9a77ba98ae2879994aa3","94"
"provengo_project/products/internal/artifacts/1/1/56.txt","f513c3a0a88bae1b7dd7d8bf962882d3234213d441b716ab04eac6591a3f8351","955"
"provengo_project/products/internal/artifacts/1/1/560.txt","530a6b26c9d9dbea67c4aec4e30cb793df9e90bc93f55e3ab57ba4a77fd4a1cc","483"
"provengo_project/products/internal/artifacts/1/1/561","1292657051cc8bc54de0c9120f6f4d2f2a67eb61c130b9e53e44235441c3d147","163"
"provengo_project/products/internal/artifacts/1/1/562.txt","978a3ac516eb993decd927354fdba8ac9a22febab6ec88ac650cd90e5edfe94a","78"
"provengo_project/products/internal/artifacts/1/1/563.txt","37a72b4b743da371cdd2d09e26e804acc366cb7ccfb82e05a752f558d403b672","1254"
"provengo_project/products/internal/artifacts/1/1/564.json","1fab3ff1474c73f15137b8b1c50254d5a749806813306ae652de343472075bc5","913"
"provengo_project/products/internal/artifacts/1/1/565.txt","9e6e43a7206b13d754093688a83cd7f68e893e64cfb3f759d842a561624ec3fc","78"
"provengo_project/products/internal/artifacts/1/1/566.txt","06b5590698d31a57a663f5abbcd7f57dc0eca4bfcf9fd185d895609eb4a7e501","1254"
"provengo_project/products/internal/artifacts/1/1/567.json","588d7e6163c6968e09b2d8ee20c2f474feaf10b7c211a7c2d0174bfa099ba65a","913"
"provengo_project/products/internal/artifacts/1/1/568.txt","8fa4f09c4378ed6c7683531399c33b07b3b9d0a91695303f8c48b4c21af4bad5","78"
"provengo_project/products/internal/artifacts/1/1/569.txt","e4ac8116e47b19b78d02bef252c660cfadf887a62ac4c8cd3df25d01c511536f","1254"
"provengo_project/products/internal/artifacts/1/1/57.json","d521cee1bffcc2cd8005a367acfb4634acfe7fd730015849f5dfca15ba5bde56","710"
"provengo_project/products/internal/artifacts/1/1/570.json","c8ee4366a79f573bfd6b8ffbf5e43b44f71b073b8fff3e9ba2e322b12e1be52b","913"
"provengo_project/products/internal/artifacts/1/1/571.txt","b9fcf4ffcbc47c7aaa7ce211b8a2f069a96c8e47a455dd1b91480c013d1b22f6","46"
"provengo_project/products/internal/artifacts/1/1/572.txt","3e621287413537f19af4c41da69a30a41fa42ec6ca98d59541b55557cf11872a","1254"
"provengo_project/products/internal/artifacts/1/1/573.json","7180baa56f9ddac509ad3e1006118b27e24e62f0e7adacf2d7596f6789411436","913"
"provengo_project/products/internal/artifacts/1/1/574.txt","3eda65c6c79cf7e6b0ec58357a6743f7fcc8ad2f9c127eb6963293ea265ac28a","94"
"provengo_project/products/internal/artifacts/1/1/575.txt","94b264a2893cf3c5594cc5a2a879ac36082426002373e72e98202c4c38e2200f","483"
"provengo_project/products/internal/artifacts/1/1/576","1292657051cc8bc54de0c9120f6f4d2f2a67eb61c130b9e53e44235441c3d147","163"
"provengo_project/products/internal/artifacts/1/1/577.txt","20923b2c0e132dbb625d6e68e6bc4c064f4d32451a69095353c97ddd3ed174f8","79"
"provengo_project/products/internal/artifacts/1/1/578.txt","5fd4790083ef3b4db2fe2d28611db9eef190d63b8665eac79dfda3d0c3095f3e","480"
"provengo_project/products/internal/artifacts/1/1/579","6aa6557d935d2ab82b41d5c31cc9946b31aea19c1b02b23109e5d6b94c226dbf","160"
"provengo_project/products/internal/artifacts/1/1/58.txt","9eb0bc4bd497541cc31295600a725ce6e246a458269b486321ec919b96e29a91","109"
"provengo_project/products/internal/artifacts/1/1/580.txt","10db5832bbab46daa6c3a8e0a724bba33a6afcc616e5db26fdc86382a7398b4b","79"
"provengo_project/products/internal/artifacts/1/1/581.txt","b8e3571d31e28bbbe2433f1822e4a418f9606ae560b5b8dc500f9b361a254658","480"
"provengo_project/products/internal/artifacts/1/1/582","6aa6557d935d2ab82b41d5c31cc9946b31aea19c1b02b23109e5d6b94c226dbf","160"
"provengo_project/products/internal/artifacts/1/1/583.txt","584d641d05bd73bae36eda676901d348ae2266ea258cc9bc78cba95a7fbdf0e5","91"
"provengo_project/products/internal/artifacts/1/1/584.txt","d338e290049437236c77b1bfbdb684199b83346afe19e6db08c2aa88089df716","483"
"provengo_project/products/internal/artifacts/1/1/585","1292657051cc8bc54de0c9120f6f4d2f2a67eb61c130b9e53e44235441c3d147","163"
"provengo_project/products/internal/artifacts/1/1/586.txt","20923b2c0e132dbb625d6e68e6bc4c064f4d32451a69095353c97ddd3ed174f8","79"
"provengo_project/products/internal/artifacts/1/1/587.txt","b27ed568cfb24661d846d0ecc3acb786f581c4494945f006889d31c89153895d","480"
"provengo_project/products/internal/artifacts/1/1/588","6aa6557d935d2ab82b41d5c31cc9946b31aea19c1b02b23109e5d6b94c226dbf","160"
"provengo_project/products/internal/artifacts/1/1/589.txt","69a66b3c97463de92118f8432a6731768e28a6322f5051fc0331ba92aac46b10","123"
"provengo_project/products/internal/artifacts/1/1/59.txt","e2024bc430595498ec3392da660355c937b6e4fa717850c5f4aa0b0957927145","495"
"provengo_project/products/internal/artifacts/1/1/590.txt","513b49e3b99d86ec8a1c442c7581b123dbc25fb48639f78a43ef84e6b329c0ab","483"
"provengo_project/products/internal/artifacts/1/1/591","1292657051cc8bc54de0c9120f6f4d2f2a67eb61c130b9e53e44235441c3d147","163"
"provengo_project/products/internal/artifacts/1/1/592.txt","b3dd212f058bbb1c7c0efb7eca4bce9977a24655c2d75142ef39f135969a7d30","79"
"provengo_project/products/internal/artifacts/1/1/593.txt","53fd9d3ea2472d4b08e33e205381d44d478c128aef7aed45c7cf314ef4a0edc7","480"
"provengo_project/products/internal/artifacts/1/1/594","6aa6557d935d2ab82b41d5c31cc9946b31aea19c1b02b23109e5d6b94c226dbf","160"
"provengo_project/products/internal/artifacts/1/1/595.txt","236425273054687271b841bfceddcf0531ff2f3119578d2388eed8d383ba7d6f","94"
"provengo_project/products/internal/artifacts/1/1/596.txt","8a687b76272da7df2a57584411930c4068123af071e2996d3f06aa122cde5359","483"
"provengo_project/products/internal/artifacts/1/1/597","1292657051cc8bc54de0c9120f6f4d2f2a67eb61c130b9e53e44235441c3d147","163"
"provengo_project/products/internal/artifacts/1/1/598.txt","1d5aa7a7536b44032977dba4a989c36532457d106ccc118aeba7544aad656618","107"
"provengo_project/products/internal/artifacts/1/1/599.txt","cff70d01d6bcdbe5aa1abbb5d67e983af27d5eecadeff0aebf299040a860a34e","477"
"provengo_project/products/internal/artifacts/1/1/6.json","f0bfaf2fa843be4be03bf6b7ecef7cc409b7cf6dfe0473b99e48a5dcc80e8576","1640"
"provengo_project/products/internal/artifacts/1/1/60.json","1b0b3cb0972e12f2c2570c5b66ac94da859afc4cd211d4eeed82e1c55e54b162","250"
"provengo_project/products/internal/artifacts/1/1/600","853a7a90af1a61b7c607f5ea78022e5f0b6598344f7f7ab3eaf3088b25570975","157"
"provengo_project/products/internal/artifacts/1/1/601.txt","b2825e541b845c5c01afa54493a5c9556a10d18ef79a10e7e08005d6aa0c6422","103"
"provengo_project/products/internal/artifacts/1/1/602.txt","49889d4e219975dddbad0677af7c3c48466cbc611aa27eb72b9e8f260a6c549c","484"
"provengo_project/products/internal/artifacts/1/1/603","4d8a91176c1b14a17c7b424a316a755633a25e0d4b292966886244400ed31d6b","164"
"provengo_project/products/internal/artifacts/1/1/604.txt","b3dd212f058bbb1c7c0efb7eca4bce9977a24655c2d75142ef39f135969a7d30","79"
"provengo_project/products/internal/artifacts/1/1/605.txt","ae0d47b9f6c47f5866472d9e9a479686e26a47ffc58d8b6ae79322e2f3b7e08a","480"
"provengo_project/products/internal/artifacts/1/1/606","6aa6557d935d2ab82b41d5c31cc9946b31aea19c1b02b23109e5d6b94c226dbf","160"
"provengo_project/products/internal/artifacts/1/1/607.txt","ca137067e4a465995ea4bb5cbfd60a5493f888171640e62540359f812343b033","111"
"provengo_project/products/internal/artifacts/1/1/608.txt","b6cc116222a94eb8958f7ff1797bccec4b52cbf992256e3551199b5e7013fd1b","836"
"provengo_project/products/internal/artifacts/1/1/609.json","b0aab47b59a8290b4fd684a5d90c481f54e13df57f601e2880bbfc272821732b","591"
"provengo_project/products/internal/artifacts/1/1/61.txt","bdb730efb25f330eaa62664aab718378552df9a3891671226ed782ed4c15d035","46"
"provengo_project/products/internal/artifacts/1/1/610.txt","b86072762a35b718f9987afb96c1bfc0ef2cfe29114e932fc7d2dda3b0645dd4","82"
"provengo_project/products/internal/artifacts/1/1/611.txt","886c34ad1101dde8833166681db383206cb36c094db8a55a2b0bdaddc018b043","477"
"provengo_project/products/internal/artifacts/1/1/612","853a7a90af1a61b7c607f5ea78022e5f0b6598344f7f7ab3eaf3088b25570975","157"
"provengo_project/products/internal/artifacts/1/1/613.txt","2c2acdf55f4653ffb952e23a04c5c2cf8ebccab1bff6550ae8866cc3f1adbefa","78"
"provengo_project/products/internal/artifacts/1/1/614.txt","8e8bca226da261371939d37343ecd837e203c37ec09885e1d2b8baf0eb4af033","1254"
"provengo_project/products/internal/artifacts/1/1/615.json","7180baa56f9ddac509ad3e1006118b27e24e62f0e7adacf2d7596f6789411436","913"
"provengo_project/products/internal/artifacts/1/1/616.txt","7b5d9d04e72767b54b5169d2522fa2c1400002e6e77c94e18c91ccc3df81c079","113"
"provengo_project/products/internal/artifacts/1/1/617.txt","f9e5d45a2659e93d4449108313c4ad7add2dbcea8384645ff2d4aee7defe64b0","838"
"provengo_project/products/internal/artifacts/1/1/618.json","73f11cc1116fa5c86b6d5084d5948114583991be3354b30e9dc8235557617743","593"
"provengo_project/products/internal/artifacts/1/1/619.txt","e4ea12b4b7cacf73b27d5d46f5246144ceae1a2eee97a549168b7a0e42ecfea7","113"
"provengo_project/products/internal/artifacts/1/1/62.txt","a065b1c6eb9b41e32a9199909e63294593db18bdaba321210d79b144543ddc33","1209"
"provengo_project/products/internal/artifacts/1/1/620.txt","45b06627516396d4a9194786f8273b8855b6342e1ae444963cbebe44fc9d0667","838"
"provengo_project/products/internal/artifacts/1/1/621.json","2befadcb250c08248ef4d967bd01414ec9336a5335e5d0a1b6de2da308518aaf","593"
"provengo_project/products/internal/artifacts/1/1/622.txt","abdd88454530865a6e80ca3a4b0ef935d8d4e6cb8eaaa498c1589bf9a861fd99","113"
"provengo_project/products/internal/artifacts/1/1/623.txt","44ec15928dae02f1cec588d183b2548b38c7eb3e1b59b829d75231138295cf6e","838"
"provengo_project/products/internal/artifacts/1/1/624.json","fd0b4d09ab436b24c0b06031e396e57104d078a46293e963866794e616d82452","593"
"provengo_project/products/internal/artifacts/1/1/625.txt","10db5832bbab46daa6c3a8e0a724bba33a6afcc616e5db26fdc86382a7398b4b","79"
"provengo_project/products/internal/artifacts/1/1/626.txt","f28520b9dffe2add052914fd8cb6c47fa0fe6aa3915ab12db9aa129fdeaa82cb","480"
"provengo_project/products/internal/artifacts/1/1/627","6aa6557d935d2ab82b41d5c31cc9946b31aea19c1b02b23109e5d6b94c226dbf","160"
"provengo_project/products/internal/artifacts/1/1/628.txt","d6767afedb18aafb9f459a3aec9492778d5090d5895e2f8bb386bd4213f4cd39","107"
"provengo_project/products/internal/artifacts/1/1/629.txt","3900b21333a52451f606e398521dc12d68b3ec435ab81e278d0e917f415692b1","477"
"provengo_project/products/internal/artifacts/1/1/63.json","5ce837b15246aed2928d8119e79e1eb1c95bf51efd7ae3eacfeb81262e67aee6","868"
"provengo_project/products/internal/artifacts/1/1/630","853a7a90af1a61b7c607f5ea78022e5f0b6598344f7f7ab3eaf3088b25570975","157"
"provengo_project/products/internal/artifacts/1/1/631.txt","1ac3bb6846a19b354b3ff06a424f9a5fad8424dd65b20b7bd1de9d9fe2febd15","107"
"provengo_project/products/internal/artifacts/1/1/632.txt","2d5260b11d4a44d97c7334371392b051dfdfa8f656f1c29defa071878406bf62","477"
"provengo_project/products/internal/artifacts/1/1/633","853a7a90af1a61b7c607f5ea78022e5f0b6598344f7f7ab3eaf3088b25570975","157"
"provengo_project/products/internal/artifacts/1/1/634.txt","a0e5a3a3a3919794dae6952aeccb73401cc82d8f52aaa009bc67b0e3c62aeff5","46"
"provengo_project/products/internal/artifacts/1/1/635.txt","2de79ceb7c9ac90649a2046e97f158d4669d46416d8feb5452248366b9cadedf","1210"
"provengo_project/products/internal/artifacts/1/1/636.json","804fd8e1db663cd8550697534215d74123c145443ace7f167ca2f2025806e975","869"
"provengo_project/products/internal/artifacts/1/1/637.txt","3bf2a7878f3410dd43d8115632f82417f0d0fd551f0fdb789c2fb59d04c2bb00","82"
"provengo_project/products/internal/artifacts/1/1/638.txt","55f195e03efb724964172371da12ae2b6a3acd9a30c69196da87c3319464b5eb","477"
"provengo_project/products/internal/artifacts/1/1/639","853a7a90af1a61b7c607f5ea78022e5f0b6598344f7f7ab3eaf3088b25570975","157"
"provengo_project/products/internal/artifacts/1/1/64.txt","18ed4ff63b317fafdbfa90d9cfc586f7d04316485b95672b38f47a8f54ab879d","139"
"provengo_project/products/internal/artifacts/1/1/640.txt","3a533ed43f7e37c0386b4a73b0666028c025d012e81d4564d25199688c2d8ef5","82"
"provengo_project/products/internal/artifacts/1/1/641.txt","89c790c58a158944bc17056d81a628c7ed630cd2693bd843747534594127180d","477"
"provengo_project/products/internal/artifacts/1/1/642","853a7a90af1a61b7c607f5ea78022e5f0b6598344f7f7ab3eaf3088b25570975","157"
"provengo_project/products/internal/artifacts/1/1/643.txt","b9fcf4ffcbc47c7aaa7ce211b8a2f069a96c8e47a455dd1b91480c013d1b22f6","46"
"provengo_project/products/internal/artifacts/1/1/644.txt","98af9a6a30823aca65ce3a2dc8e25ec71c2213ffaaa385a9cacd5d59f05fec41","1210"
"provengo_project/products/internal/artifacts/1/1/645.json","4e7117b565534273c42d14b322d11b42f53e3d935c04062882fbff131f041edd","869"
"provengo_project/products/internal/artifacts/1/1/646.txt","8c3b3e656b378a6a727cfbf5945ff5cb51f1dc40561ff7b355796b4dd5efef86","113"
"provengo_project/products/internal/artifacts/1/1/647.txt","4d3db11efb5f0de93b70852a6e506101b709f6f7416db8e7b9d6e32c4eaf61c0","838"
"provengo_project/products/internal/artifacts/1/1/648.json","21568446956cd7bcc384bb2880b274b1336981c9a90dee1220a80bc276fc5f45","593"
"provengo_project/products/internal/artifacts/1/1/649.txt","87a82b3761be1207ce9a0d520364359b7b90cc74fc3f7aaf602eca734567fc4e","113"
"provengo_project/products/internal/artifacts/1/1/65.txt","c476d9e8dbd348723e253a38379c57f8cd1345151a3d989b988e774a1eb219c5","475"
"provengo_project/products/internal/artifacts/1/1/650.txt","5ff3df77f87ec4b46b25dec492a7e9ae2a603880470dfd8b188db2db91d3df03","838"
"provengo_project/products/internal/artifacts/1/1/651.json","873899ad05426d8b4f61a6271e0051ce8b10a503fd54e1c1df4867e6fbfa3935","593"
"provengo_project/products/internal/artifacts/1/1/652.txt","bdb730efb25f330eaa62664aab718378552df9a3891671226ed782ed4c15d035","46"
"provengo_project/products/internal/artifacts/1/1/653.txt","68a12a6a5efb70ee87cf8d35a2b9da19ce0a06837d2ebf44a44a680e5b736ea3","1208"
"provengo_project/products/internal/artifacts/1/1/654.json","835e03d036e94cc797fef815da80fa89496dc1d302727f49bf82328698899675","867"
"provengo_project/products/internal/artifacts/1/1/655.txt","78dc665ef1070490e37cde66d8bac263d80ae86f3744e0bd9b558a531d4badfa","46"
"provengo_project/products/internal/artifacts/1/1/656.txt","a661fa35228a26853e2b7dbfaff5d7d5f16234faa47809b562764eb868782195","1210"
"provengo_project/products/internal/artifacts/1/1/657.json","36de25d9f6fb425765fdb828a12c157826b4f51d61df84e1d0925eb23946e3dd","869"
"provengo_project/products/internal/artifacts/1/1/658.txt","86a0803c121fe8917c635ae67af89da2c859a3cee4d58359ed60b8b8ad21d7d6","46"
"provengo_project/products/internal/artifacts/1/1/659.txt","ab1b46bf64e1cec51b55d848ed2fb18c0bc3864c08b27aa4e76acf32bad77479","1210"
"provengo_project/products/internal/artifacts/1/1/66.json","025b8bbefc74712eae7a5bf623ec81a311e39f5954606797bebe58bf490a409a","230"
"provengo_project/products/internal/artifacts/1/1/660.json","a70ccdeb97ac152e31017f1d35b53538dc37135e3e2198802cdf3d9cbe96420e","869"
"provengo_project/products/internal/artifacts/1/1/661.txt","ef66497dddc354aaffdda65f0d7a0baddfddba7a9189ef2a3b17c6695f527497","46"
"provengo_project/products/internal/artifacts/1/1/662.txt","172ee660e474d6a6d6a6b77909436655eaca25756220c7036844f20b288e5df5","1210"
"provengo_project/products/internal/artifacts/1/1/663.json","4d329a5fb7779880d0a4dec59e1e7cfa397d27723102ba8d2287e75037ab4a59","869"
"provengo_project/products/internal/artifacts/1/1/664.txt","afd045652b033b2e22e7a2ced5e003c03afc2f4b3cf223b0e602caee71328194","81"
"provengo_project/products/internal/artifacts/1/1/665.txt","5dbeff51815f49317c25cd14a87d4da4bd65e13ab6f038a9e4017b85501b1007","211"
"provengo_project/products/internal/artifacts/1/1/666.txt","e3b0c44298fc1c149afbf4c8996fb92427ae41e4649b934ca495991b7852b855","0"
"provengo_project/products/internal/artifacts/1/1/667.txt","147f0bf40bffbe167c19da11c1c44fbe1a937670ac3a7fdede5c04a6646eed36","81"
"provengo_project/products/internal/artifacts/1/1/668.txt","4640942be9c1bd7687e1f4004709bad20677a1d4b9c232b4585313ee27e5ad0b","211"
"provengo_project/products/internal/artifacts/1/1/669.txt","e3b0c44298fc1c149afbf4c8996fb92427ae41e4649b934ca495991b7852b855","0"
"provengo_project/products/internal/artifacts/1/1/67.txt","0b7a216fb2c0422e2e50ccc4f1b2c79797900256cd427aeed8c4f48f29646938","47"
"provengo_project/products/internal/artifacts/1/1/670.txt","e76c6cddb21922465b2cc804b1fc7d90540738a245f749354e57d8e82ea509a9","81"
"provengo_project/products/internal/artifacts/1/1/671.txt","09e6eb1406daeaf1deeb7c4441eaaf980ffa298afe451818c131db724ab674fd","211"
"provengo_project/products/internal/artifacts/1/1/672.txt","e3b0c44298fc1c149afbf4c8996fb92427ae41e4649b934ca495991b7852b855","0"
"provengo_project/products/internal/artifacts/1/1/673.txt","9684b8d89824b44387bcc99f1a4731140c639f3a0aa7ab177f2c54ce4fdf0b30","81"
"provengo_project/products/internal/artifacts/1/1/674.txt","8eeebce57c7e8e54cbef84c55c37e170ea71adc1472a454d5ff97ed78f81b3cd","211"
"provengo_project/products/internal/artifacts/1/1/675.txt","e3b0c44298fc1c149afbf4c8996fb92427ae41e4649b934ca495991b7852b855","0"
"provengo_project/products/internal/artifacts/1/1/676.txt","03554af5576be23d6a89ce21af2e18c8706065b818158d94bdfb72f8d1ce62ac","81"
"provengo_project/products/internal/artifacts/1/1/677.txt","25b66700ade28c6e24fff988d1a9b6aa16c858d21e666201e7e7d6d006871e65","211"
"provengo_project/products/internal/artifacts/1/1/678.txt","e3b0c44298fc1c149afbf4c8996fb92427ae41e4649b934ca495991b7852b855","0"
"provengo_project/products/internal/artifacts/1/1/679.txt","cd5560b55fd0b8fffd19861c67534ab49c969004c363d463f9090a9ee70fe8d3","81"
"provengo_project/products/internal/artifacts/1/1/68.txt","84e72650435494a4d26241c2cfdb7cc106ecdbd121728e5a9d370da79802730b","679"
"provengo_project/products/internal/artifacts/1/1/680.txt","07084fe4db3697139477ed3c6668883aa72b05cad143c987dec4052d2f7c72e2","211"
"provengo_project/products/internal/artifacts/1/1/681.txt","e3b0c44298fc1c149afbf4c8996fb92427ae41e4649b934ca495991b7852b855","0"
"provengo_project/products/internal/artifacts/1/1/682.txt","978a3ac516eb993decd927354fdba8ac9a22febab6ec88ac650cd90e5edfe94a","78"
"provengo_project/products/internal/artifacts/1/1/683.txt","c24241c9fb72fda6e936196ac3d7a21aeab769ae55fb2e17694692a303d4a2ad","475"
"provengo_project/products/internal/artifacts/1/1/684","280e57409ea85f059c98bae40f8d47eb7d383aa45eb25ac61f2021699a1d08df","155"
"provengo_project/products/internal/artifacts/1/1/685.txt","2c2acdf55f4653ffb952e23a04c5c2cf8ebccab1bff6550ae8866cc3f1adbefa","78"
"provengo_project/products/internal/artifacts/1/1/686.txt","d2dc49ec439225c5547cabf2e1879e23dabb2e1d55a64d2cc91a9a09d37fcaa5","475"
"provengo_project/products/internal/artifacts/1/1/687","280e57409ea85f059c98bae40f8d47eb7d383aa45eb25ac61f2021699a1d08df","155"
"provengo_project/products/internal/artifacts/1/1/688.txt","9e6e43a7206b13d754093688a83cd7f68e893e64cfb3f759d842a561624ec3fc","78"
"provengo_project/products/internal/artifacts/1/1/689.txt","965ef9fde887ac763a6e68902bd38dcfd2a936684dae2fc27c3f097f82f4de64","475"
"provengo_project/products/internal/artifacts/1/1/69.json","90e302a6ff32a8b734e6ce5780a932d761726cc44185cddf665b1a5e1f64f272","340"
"provengo_project/products/internal/artifacts/1/1/690","280e57409ea85f059c98bae40f8d47eb7d383aa45eb25ac61f2021699a1d08df","155"
"provengo_project/products/internal/artifacts/1/1/691.txt","978a3ac516eb993decd927354fdba8ac9a22febab6ec88ac650cd90e5edfe94a","78"
"provengo_project/products/internal/artifacts/1/1/692.txt","cc874f1d2c91332adfd87c8a184633f1b5e1e2aede594e624b9d087dc01c82c8","475"
"provengo_project/products/internal/artifacts/1/1/693","280e57409ea85f059c98bae40f8d47eb7d383aa45eb25ac61f2021699a1d08df","155"
"provengo_project/products/internal/artifacts/1/1/694.txt","8fa4f09c4378ed6c7683531399c33b07b3b9d0a91695303f8c48b4c21af4bad5","78"
"provengo_project/products/internal/artifacts/1/1/695.txt","d8370c8e8b3b0e7e159458be64c6305411f4a87f92aec4807017961f9da00252","475"
"provengo_project/products/internal/artifacts/1/1/696","280e57409ea85f059c98bae40f8d47eb7d383aa45eb25ac61f2021699a1d08df","155"
"provengo_project/products/internal/artifacts/1/1/697.txt","9045af0a335684f0eee6c2001e53a07173aebb8fac0540fbf0a8290020b1cdfb","78"
"provengo_project/products/internal/artifacts/1/1/698.txt","3551a2c9bdb0f4523c61c88434436a902b6e434c9b7531ed0b7ae537c0fbd3d5","475"
"provengo_project/products/internal/artifacts/1/1/699","280e57409ea85f059c98bae40f8d47eb7d383aa45eb25ac61f2021699a1d08df","155"
"provengo_project/products/internal/artifacts/1/1/7.txt","efced562e3fcacc6dda440705288916116787627e84fbd262f0092b6405cd736","113"
"provengo_project/products/internal/artifacts/1/1/70.txt","2221c33233872e4adcc3efadca586dd79bcfd40c6651599ca057098d6b3b79cd","99"
"provengo_project/products/internal/artifacts/1/1/700.txt","9e6e43a7206b13d754093688a83cd7f68e893e64cfb3f759d842a561624ec3fc","78"
"provengo_project/products/internal/artifacts/1/1/701.txt","24ffdcb6a596b8892592e4fd0402c5bfb84a80ac5285065548040d86d3577ab2","475"
"provengo_project/products/internal/artifacts/1/1/702","280e57409ea85f059c98bae40f8d47eb7d383aa45eb25ac61f2021699a1d08df","155"
"provengo_project/products/internal/artifacts/1/1/703.txt","b408a15e1b2ef5a0e01d111ff16156bc78cbd232ae7c8414eb95c8f628227303","118"
"provengo_project/products/internal/artifacts/1/1/704.txt","7c751e6536ff29a29675266f98394c248fbe23cadbc6586c6024d972eae50f4f","475"
"provengo_project/products/internal/artifacts/1/1/705","280e57409ea85f059c98bae40f8d47eb7d383aa45eb25ac61f2021699a1d08df","155"
"provengo_project/products/internal/artifacts/1/1/706.txt","0d2d5c287d764b6b444a430129f2ebe2d1ce7217d88c06d7cda184bc85ee2a7f","78"
"provengo_project/products/internal/artifacts/1/1/707.txt","08a394237104fde304c06f4de2e5a0b64f974cd667e2ee354fabd98eed8ccf88","475"
"provengo_project/products/internal/artifacts/1/1/708","280e57409ea85f059c98bae40f8d47eb7d383aa45eb25ac61f2021699a1d08df","155"
"provengo_project/products/internal/artifacts/1/1/709.txt","03554af5576be23d6a89ce21af2e18c8706065b818158d94bdfb72f8d1ce62ac","81"
"provengo_project/products/internal/artifacts/1/1/71.txt","b516c2f58333210581f0a57543612b05f0eb004192e03e1b5c16538e1ef49367","518"
"provengo_project/products/internal/artifacts/1/1/710.txt","482ec517d6eb8d1400240a0baeba9559840631776e09b60c6a94838b10fba094","475"
"provengo_project/products/internal/artifacts/1/1/711","280e57409ea85f059c98bae40f8d47eb7d383aa45eb25ac61f2021699a1d08df","155"
"provengo_project/products/internal/artifacts/1/1/712.txt","25eb1b05b175ba56ff2a837498367163b9df7c09ac4be64b5894f2df9fba2693","118"
"provengo_project/products/internal/artifacts/1/1/713.txt","1ecf8a6fc082f4a9fc77fa67427c4ce7231f1221343ebba2de06447ef3186968","475"
"provengo_project/products/internal/artifacts/1/1/714","280e57409ea85f059c98bae40f8d47eb7d383aa45eb25ac61f2021699a1d08df","155"
"provengo_project/products/internal/artifacts/1/1/715.txt","2c2acdf55f4653ffb952e23a04c5c2cf8ebccab1bff6550ae8866cc3f1adbefa","78"
"provengo_project/products/internal/artifacts/1/1/716.txt","29e55cd986b0cb56226d643586c2c9f8298644b54e3ef1acbae4f704218a918e","475"
"provengo_project/products/internal/artifacts/1/1/717","280e57409ea85f059c98bae40f8d47eb7d383aa45eb25ac61f2021699a1d08df","155"
"provengo_project/products/internal/artifacts/1/1/718.txt","afd045652b033b2e22e7a2ced5e003c03afc2f4b3cf223b0e602caee71328194","81"
"provengo_project/products/internal/artifacts/1/1/719.txt","2f8ec2de39f6051841e9a66bfa031a5b6832443a3b7366e74f09f7d606b19d29","475"
"provengo_project/products/internal/artifacts/1/1/72.json","8de992ee0b80cc7184757d63f7c982b9f18a059a2b02b43b73a7cd33cef72e83","273"
"provengo_project/products/internal/artifacts/1/1/720","280e57409ea85f059c98bae40f8d47eb7d383aa45eb25ac61f2021699a1d08df","155"
"provengo_project/products/internal/artifacts/1/1/721.txt","0d2d5c287d764b6b444a430129f2ebe2d1ce7217d88c06d7cda184bc85ee2a7f","78"
"provengo_project/products/internal/artifacts/1/1/722.txt","8592ec3964be2eb1b0781b8b57610c71d8d178f292005b5ba8059f95a457ac06","475"
"provengo_project/products/internal/artifacts/1/1/723","280e57409ea85f059c98bae40f8d47eb7d383aa45eb25ac61f2021699a1d08df","155"
"provengo_project/products/internal/artifacts/1/1/724.txt","98ba57ba2e10218cbfbfc62527da9a78843fd4a5865990ee272996adbc0f5372","118"
"provengo_project/products/internal/artifacts/1/1/725.txt","42449dc8bd28c15bf803a8f953b9ccbd71c05d457b84d8e91c4708eff46fad6e","475"
"provengo_project/products/internal/artifacts/1/1/726","280e57409ea85f059c98bae40f8d47eb7d383aa45eb25ac61f2021699a1d08df","155"
"provengo_project/products/internal/artifacts/1/1/727.txt","9045af0a335684f0eee6c2001e53a07173aebb8fac0540fbf0a8290020b1cdfb","78"
"provengo_project/products/internal/artifacts/1/1/728.txt","1f630b6880e96ba9af8eba8ed840e78a57a3ca679184315ea3332dac1ce3ad5c","475"
"provengo_project/products/internal/artifacts/1/1/729","280e57409ea85f059c98bae40f8d47eb7d383aa45eb25ac61f2021699a1d08df","155"
"provengo_project/products/internal/artifacts/1/1/73.txt","4ee5317314554aa791d82932300f3cf072a5c6839decb87f5126df3d72f235c6","105"
"provengo_project/products/internal/artifacts/1/1/730.txt","e36d279d5bc74917c671a44c200313d859ddac53e7e38ea1c7b097758faed688","118"
"provengo_project/products/internal/artifacts/1/1/731.txt","46bd97d5836eb68b88534aa3cdf5b48149a7adde03979669beb6b8a51887d30b","475"
"provengo_project/products/internal/artifacts/1/1/732","280e57409ea85f059c98bae40f8d47eb7d383aa45eb25ac61f2021699a1d08df","155"
"provengo_project/products/internal/artifacts/1/1/733.txt","147f0bf40bffbe167c19da11c1c44fbe1a937670ac3a7fdede5c04a6646eed36","81"
"provengo_project/products/internal/artifacts/1/1/734.txt","34a00522f297ac338c3e26233b7b775b9e2e7bc9dfcb538ae9b639340008a82b","475"
"provengo_project/products/internal/artifacts/1/1/735","280e57409ea85f059c98bae40f8d47eb7d383aa45eb25ac61f2021699a1d08df","155"
"provengo_project/products/internal/artifacts/1/1/736.txt","8fa4f09c4378ed6c7683531399c33b07b3b9d0a91695303f8c48b4c21af4bad5","78"
"provengo_project/products/internal/artifacts/1/1/737.txt","702b722192fd26322c37b5e74d20cdf8535f67359885995f08b2e11b9720ac27","475"
"provengo_project/products/internal/artifacts/1/1/738","280e57409ea85f059c98bae40f8d47eb7d383aa45eb25ac61f2021699a1d08df","155"
"provengo_project/products/internal/artifacts/1/1/739.txt","02dc80f682e51d9560240417074fb0e7e6959a42f23137c123cae2217dd11d49","83"
"provengo_project/products/internal/artifacts/1/1/74.txt","a03c1baf4d9e04e4d87d81628e4bb7ebfd6aea146a6f5e56847fc181914a4f2e","475"
"provengo_project/products/internal/artifacts/1/1/740.txt","5f12776597f46bc3358621587d4cf3d0f81aac81e791fcc89ed86c5008ccc826","211"
"provengo_project/products/internal/artifacts/1/1/741.txt","e3b0c44298fc1c149afbf4c8996fb92427ae41e4649b934ca495991b7852b855","0"
"provengo_project/products/internal/artifacts/1/1/742.txt","9684b8d89824b44387bcc99f1a4731140c639f3a0aa7ab177f2c54ce4fdf0b30","81"
"provengo_project/products/internal/artifacts/1/1/743.txt","a84fd494b8ba3964ddd369cddeeeb95d298f6bd9cdf5cae8a6d140f07a89c931","475"
"provengo_project/products/internal/artifacts/1/1/744","280e57409ea85f059c98bae40f8d47eb7d383aa45eb25ac61f2021699a1d08df","155"
"provengo_project/products/internal/artifacts/1/1/745.txt","5ee620862c21de5c175f738aa687d4d889a5e616feacef8174609818f0b3070c","118"
"provengo_project/products/internal/artifacts/1/1/746.txt","e5419178b50fb5311f78c481d7d57685238830aac89bbe4ea5edb5138671fa34","475"
"provengo_project/products/internal/artifacts/1/1/747","280e57409ea85f059c98bae40f8d47eb7d383aa45eb25ac61f2021699a1d08df","155"
"provengo_project/products/internal/artifacts/1/1/748.txt","e76c6cddb21922465b2cc804b1fc7d90540738a245f749354e57d8e82ea509a9","81"
"provengo_project/products/internal/artifacts/1/1/749.txt","f2742bc1ccbbf023ad8a64ef69dffcb2f940fc55501a3593f3b48e69ffd26e0c","475"
"provengo_project/products/internal/artifacts/1/1/75","280e57409ea85f059c98bae40f8d47eb7d383aa45eb25ac61f2021699a1d08df","155"
"provengo_project/products/internal/artifacts/1/1/750","280e57409ea85f059c98bae40f8d47eb7d383aa45eb25ac61f2021699a1d08df","155"
"provengo_project/products/internal/artifacts/1/1/751.txt","4ab48f48b3a7596abb73ee92b760f31dbdc33c48959c40cedcd3c39bc4f7e872","118"
"provengo_project/products/internal/artifacts/1/1/752.txt","5b988d93231d068f98aa35819720d82396f2da1ed5e7bcc8c4722243ebd6b858","475"
"provengo_project/products/internal/artifacts/1/1/753","280e57409ea85f059c98bae40f8d47eb7d383aa45eb25ac61f2021699a1d08df","155"
"provengo_project/products/internal/artifacts/1/1/754.txt","6a79d457d34b72096eaad8abd0511343cb5051763448c1416715f8b6afabd2d1","80"
"provengo_project/products/internal/artifacts/1/1/755.txt","940607366ab8fd16604afbb2a6b8840956f1e64cbe053fd0639104f180482987","479"
"provengo_project/products/internal/artifacts/1/1/756","6eae3a3efff86e1a5a1ca4f1e6c966623b03f1010273e2eabb5e5833f97cdcb5","159"
"provengo_project/products/internal/artifacts/1/1/757.txt","cd5560b55fd0b8fffd19861c67534ab49c969004c363d463f9090a9ee70fe8d3","81"
"provengo_project/products/internal/artifacts/1/1/758.txt","7e2e904991b132286a4f6fed4c4e3ddc61a81c77b9a8e36b25c25a82ce62623b","475"
"provengo_project/products/internal/artifacts/1/1/759","280e57409ea85f059c98bae40f8d47eb7d383aa45eb25ac61f2021699a1d08df","155"
"provengo_project/products/internal/artifacts/1/1/76.txt","78dc665ef1070490e37cde66d8bac263d80ae86f3744e0bd9b558a531d4badfa","46"
"provengo_project/products/internal/artifacts/1/1/760.txt","6a79d457d34b72096eaad8abd0511343cb5051763448c1416715f8b6afabd2d1","80"
"provengo_project/products/internal/artifacts/1/1/761.txt","dcb0fc75e2a59e4683474958d15806bf2b7614e7561dcd424a1de835bc3a8ba2","479"
"provengo_project/products/internal/artifacts/1/1/762","6eae3a3efff86e1a5a1ca4f1e6c966623b03f1010273e2eabb5e5833f97cdcb5","159"
"provengo_project/products/internal/artifacts/1/1/763.txt","f2bb5c7d9f09f543b715a2959deaa4059c2f8de0240b701ddb01e92c07abb20d","108"
"provengo_project/products/internal/artifacts/1/1/764.txt","5cc1f78cc290f50bb3f7bafa84b00d8c827088044d309439e377e9cd59bc7c84","479"
"provengo_project/products/internal/artifacts/1/1/765","6eae3a3efff86e1a5a1ca4f1e6c966623b03f1010273e2eabb5e5833f97cdcb5","159"
"provengo_project/products/internal/artifacts/1/1/766.txt","02dc80f682e51d9560240417074fb0e7e6959a42f23137c123cae2217dd11d49","83"
"provengo_project/products/internal/artifacts/1/1/767.txt","d18e5d53786b40bf5e2f4c95de7f67043213d9bf2588c1fd7862ebe6ee9a504e","479"
"provengo_project/products/internal/artifacts/1/1/768","6eae3a3efff86e1a5a1ca4f1e6c966623b03f1010273e2eabb5e5833f97cdcb5","159"
"provengo_project/products/internal/artifacts/1/1/77.txt","277d1185188b2f442593ecc1d79658fc00227761fd9c3a8760f6d51cc23637a1","1812"
"provengo_project/products/internal/artifacts/1/1/78.json","490890d32c47efeb75cd1cd42e4d41971460a3f872e6d48ff71717b841149e1f","1470"
"provengo_project/products/internal/artifacts/1/1/79.txt","e5808c41c49102f92150ad3e3292f7e3732caf5d67ba99ba24a69d0448c6875a","136"
"provengo_project/products/internal/artifacts/1/1/8.txt","0936275522d46fd0578fb4c411c46f7b090068a7c0e47041c30c91e45096d3c9","1959"
"provengo_project/products/internal/artifacts/1/1/80.txt","d0cd82df6adb1b2e9eb92283b4446c264d2cbc111ab8d83bfae7b5a78730254d","472"
"provengo_project/products/internal/artifacts/1/1/81.json","f9e275015f184100c84b26a22adcaf0a526de1275df0324b3acbc3c6cb655b15","227"
"provengo_project/products/internal/artifacts/1/1/82.txt","79c983d4819347ba98392c23362023bf61fadd3c1f8e609024a761d08866b919","59"
"provengo_project/products/internal/artifacts/1/1/83.txt","2abb0cc1b6373e927c3dff60cfc95894627769a89c62a76ae024cdcca9f5f769","703"
"provengo_project/products/internal/artifacts/1/1/84.json","6e9f9327ffe6852065c007bf2d9c33b2726206162371fa05d0c91d9b9d9a2a59","358"
"provengo_project/products/internal/artifacts/1/1/85.txt","1a66f6d85520f8a852a2c22ddaaee03872a47444781853decdaef247c81433b0","47"
"provengo_project/products/internal/artifacts/1/1/86.txt","529fe0e44aa58231f9a117088bd789fb3a2df8b2b5b42853b575580e106b4449","679"
"provengo_project/products/internal/artifacts/1/1/87.json","00d19bcb65973fcd65cc6b584d3e6470a80bb9cc3a40528138806b6739a975fb","340"
"provengo_project/products/internal/artifacts/1/1/88.txt","a0e5a3a3a3919794dae6952aeccb73401cc82d8f52aaa009bc67b0e3c62aeff5","46"
"provengo_project/products/internal/artifacts/1/1/89.txt","be5087ced625d7e0742414a1a58b476fc322db78e33609187c3ed05d09432d5d","1810"
"provengo_project/products/internal/artifacts/1/1/9.json","bad6ea1aa7e433b6781c5b51e2a4666a1941f8272561e92b2b20ef90fc9d6573","1656"
"provengo_project/products/internal/artifacts/1/1/90.json","86e27458a2a8e4b2a71ee7052c2ab5de93a45d251c5785b15297f988ef745448","1468"
"provengo_project/products/internal/artifacts/1/1/91.txt","b9fcf4ffcbc47c7aaa7ce211b8a2f069a96c8e47a455dd1b91480c013d1b22f6","46"
"provengo_project/products/internal/artifacts/1/1/92.txt","8912e62de7c08e574699ec2303e875980a25b93a9d76edea9c6c8117b9a45847","1809"
"provengo_project/products/internal/artifacts/1/1/93.json","f3bd4c8f1721140c94346cdfb93672b5ba4ed667b6fd29fbfeb21aaef2707191","1467"
"provengo_project/products/internal/artifacts/1/1/94.txt","b17dde805d2f957c089ff5c70fa56edc5b230a4282d8aac9bd975453a62e7910","85"
"provengo_project/products/internal/artifacts/1/1/95.txt","cdbcb7df924b66c8609ceb844431004ac32a00a96adad353e2ee15cacb6c2861","475"
"provengo_project/products/internal/artifacts/1/1/96","280e57409ea85f059c98bae40f8d47eb7d383aa45eb25ac61f2021699a1d08df","155"
"provengo_project/products/internal/artifacts/1/1/97.txt","dc998132e573959011b6fd5ca2f48b42bd53bfc29de115b8caa421227c87a7a6","47"
"provengo_project/products/internal/artifacts/1/1/98.txt","b95856e9f70d8581e413d7458ed0f93b0db9e59897772c92dcfae08ae0ed9b1c","679"
"provengo_project/products/internal/artifacts/1/1/99.json","fa0481cca92adfe2532016b4ca3e062fb8c81add0e8c0f6efc0de5e896698087","340"
"provengo_project/products/internal/runs-db.db","5155905fcebf3af53ae330fb19032ba82f715575fd45d90b3ea94e46416f030a","215433216"
"provengo_project/README.md","91f19fa94fe95d39c95e9e99fa9b3b27144b4fe50b8c440970f9b30255ea3825","3612"
"provengo_project/spec/js/concurrent-epochs.vikunja.js","14089d8af0b24d05d0657bd0c9819965555edb2b31489a31f375bf5704c79b64","11726"
"provengo_project/spec/js/conflict.vikunja.js","4bc160d431c9b71ad53b0bf3f030daba550c0b043db50117535f1188f7c9d0b1","25162"
"provengo_project/spec/js/disabled/hello-world.js","86253af6bc213bec40e9dc0f3c6d03134a32c1b31c0a618d77afbe9ad15b8cdd","1383"
"provengo_project/spec/js/disjoint-patch.vikunja.js","664d65d5c68bb35bdeba42b1e7c4d1965f0b7e921fb461dfa625844ae56ef5b3","12684"
"provengo_project/spec/js/interfaces.vikunja.js","4f3d87b29568f3fd8f5242619ff52d76527e3e37ed8bdde98b307732a14a8279","70681"
"provengo_project/spec/js/negative.vikunja.js","fce8fa40b505267970a4b7a8ec43a9a56ff5c12907a188cb96c4a08de6e4ea72","40326"
"provengo_project/spec/js/stories.vikunja.js","6cf567bd13c746d407a498a65b718e34c1fbdb4e0ae5c1d7d4e2d1d0d1fcfac6","96877"
"provengo-create.log","800ba4ae5fb85237a87d0065891a7f97a41d7d1e93d665c3219122db9274cc2b","615"
"provengo-run.log","73ea384d0c989e431ae361b8041e0a33406bcd9128ee354dd797428a2f51b65f","493084"
"proxy.stderr.log","e3b0c44298fc1c149afbf4c8996fb92427ae41e4649b934ca495991b7852b855","0"
"proxy.stdout.log","3e9637744efb4ab698c24160de5114f08dad58e2ed8ca2d3342c0306f2754d3c","84"
"resource-oracle-manifest.json","e194caa11d330c0931039ca254abffb2d59ba1b0d632e3d95f787f3bd156da08","7774"
"resource-verifier-evaluation.json","34c54871287608caa4f38d0803284a6491a5585811002df54ed76a967ac0435f","13188"
"run-metadata.json","86168b9ed6e98990958371a96beaa80fecff2f0ee05e19794bc1984316ed41d4","1459"
