"Path","SHA256","SizeBytes"
"action-oracle-manifest.json","bee9413a32bd298b35dd6c3a7f0885fa459c7014a3b71ec9904d7c118c5a8888","4888"
"action-verifier-evaluation.json","ddaf67f5f3bd65027c2e497b905753c598279b5f29f8f4fece79d44996e42458","10310"
"concurrent-adapter.stderr.log","e3b0c44298fc1c149afbf4c8996fb92427ae41e4649b934ca495991b7852b855","0"
"concurrent-adapter.stdout.log","118d0ee8797763fc30088954164a1bea658858e3153949c031db38cb12b11223","87"
"concurrent-epoch-oracle-manifest.json","9cb884510cfb228de5ebbc1afa31c140f6f3136bd425ecbb1018b7d3bc0c11ee","1282"
"concurrent-epochs.jsonl","736f9f1032d463eee319283d628c904ad0fa208e03866d2988d4f6ebd34fa6af","22360"
"concurrent-epoch-verifier-evaluation.json","99d789ce484c6881ed1c044203c37f3a2f656bb45b7e14c1b43572cb40a17863","5044"
"conflict-oracle-manifest.json","5fb68ed66657be80bad42727c2b2b6107093a2959773c39f6a1b99cef396086c","1750"
"conflict-verifier-evaluation.json","8517c95cffd0109af8f907833be2d9ef74c136180c525efaf5ba4d7d104fac70","12883"
"disjoint-patch-oracle-manifest.json","0a95f88db29fe7d95d9979511e60a652a37a50e834c0d970f0b29e0bee542ea0","854"
"disjoint-patch-verifier-evaluation.json","b81733c4043a1152e345995ceb5bb2f0a1dee9ed1f272ba9588f1fda5e9fe783","4465"
"http-trace.jsonl","c1bb7866e42305339a8ccdb32953fdd75b22077279b0365a3e5972036226a207","344695"
"negative-oracle-manifest.json","dbdbca34d29b967ff1fd429dd783b965b902b4701b35d8f46f61ca83d1c2131c","3169"
"negative-verifier-evaluation.json","f126ba4398bfde4871fb8d8f30348e4f5ffb69119b7658fa9d8b68d7f8ab9579","21501"
"phase7-multi-resource-evaluation.json","7bc6ff691ec80c7c02bd80f5aa72ff70c5c1153dd2fbff57073708ed0c727935","1443"
"post-delete-probe.json","eb95685faa084bc0e6ee2917fc2668cb56beaeeaf031b4045200483ab7e75d2b","309"
"provengo_project/.gitignore","f09e023c25978720ed9122360581f2fca50cb612504daed3337ab662e7106366","32"
"provengo_project/config/provengo.yml","c9f786e7a9b6c9ef172d545a122d1c77c287abe624abcc96e069ec0a32b7bbc2","1194"
"provengo_project/data/data.js","55e30a0929c59d9578c5695169b772d147c20b0ad8a7d556eb38c4defd8404b7","131"
"provengo_project/meta-spec/book-writer.js","977303cc03f87fd6561e4435e4cbbb34c85559a94b7aacefdbe9c71b0cb5ac42","3926"
"provengo_project/meta-spec/ensemble-code.js","7e9e842a753bf38111af0cbfbf1bdaf8b88602fd620ff5fdd919fe8d23f45ab5","2692"
"provengo_project/meta-spec/scenario-metadata.js","53f129542f1903bf3f7c2ef55914c0df227d58111a71c7c6053d40792b79cd65","479"
"provengo_project/meta-spec/script-writer.js","f197d272e5524bd0b4ab1f59289b300232c7a8ebc060f8ffeba993fc7eaae0f9","3034"
"provengo_project/products/internal/artifacts/1/1/1.txt","7a4b91a94e57e350196342e008c2693ce8604a9eba6aa139a4c983b3b807738f","100"
"provengo_project/products/internal/artifacts/1/1/10.txt","1451cb8fce8c4e2284bde75773470cd0850598b2ce6bf6d3572d282f6cd9e27c","99"
"provengo_project/products/internal/artifacts/1/1/100.txt","bd136e8d2c67ee1055a275b599c6b43181f2f256fc305640a18ad05c524ea149","85"
"provengo_project/products/internal/artifacts/1/1/101.txt","67ee123ad705c56f0c332f7c0d7ed46f0da6b0d70a6ca66ed21da0b9ee871bc3","720"
"provengo_project/products/internal/artifacts/1/1/102.json","3b3540c53ae0a1fb26e7755997d771e792df91b35e28c69519791d356cfe56c0","401"
"provengo_project/products/internal/artifacts/1/1/103.txt","27eee3bca0be6676ba7b19e517c6dd3d917bb1e3602a8da8dca02a31d0ce01c2","121"
"provengo_project/products/internal/artifacts/1/1/104.txt","de4fc06e121455af0d88ed65646ffa176e297081881271d26e312edf801cfa2e","836"
"provengo_project/products/internal/artifacts/1/1/105.json","927def11d25e9025d11ffb06e0630cbdefd644c6daac9211a105746cff7ff40f","591"
"provengo_project/products/internal/artifacts/1/1/106.txt","54a53cefe29d5879c67ae44bf1cdb424ea80893704dc1dc558204fbe755b936a","110"
"provengo_project/products/internal/artifacts/1/1/107.txt","b71131eba44fb15e362fe9528a2d885d0b76f7d613bd0a963d8fd28e1b63dc18","506"
"provengo_project/products/internal/artifacts/1/1/108.json","6935bce709978c7e78e3f8ceb4c8a2c3178c81b539363dc3465ad5ca370005a2","261"
"provengo_project/products/internal/artifacts/1/1/109.txt","32bf5d4f93272e520dc10452d6daecf67caab525fc6c8486b6bb4b4a91e3b138","78"
"provengo_project/products/internal/artifacts/1/1/11.txt","6f8001da1a82faa79ae8a684287fa7e635eb67c37702d19a11061f64893acf60","518"
"provengo_project/products/internal/artifacts/1/1/110.txt","cd8dc07f81737f09464911c049d9c61868af3ce2cd60cb540389c8f46c956a9d","1218"
"provengo_project/products/internal/artifacts/1/1/111.json","2cd855ef7f2873d159a929f150e1b954fa3224b198fa3ea7cfee6124b1d5da35","877"
"provengo_project/products/internal/artifacts/1/1/112.txt","db0e7ec506f71e2268f3e0ca72403c1bd602dcadb9a4447470f6e14e43732dc8","121"
"provengo_project/products/internal/artifacts/1/1/113.txt","c5e9efae80494983fa43d976809c1bebae0ca009f2161089d995d03722b2144e","836"
"provengo_project/products/internal/artifacts/1/1/114.json","c79fe37836912ed90391b1fffd8d0f46b160102f1a9f08f25eec4af5360e4f24","591"
"provengo_project/products/internal/artifacts/1/1/115.txt","a4ff47bfcc17d8120107f958636d346f703864550fe907c7c2ebf0b8d55bc0bd","110"
"provengo_project/products/internal/artifacts/1/1/116.txt","20c28197b774cb353e8699f799d6ca3a0d3a4a3479924ae0286775d59dc64621","506"
"provengo_project/products/internal/artifacts/1/1/117.json","81cd35c31ee80e5cb03eb3a549a640291de568c21d188026f66de858bca626a2","261"
"provengo_project/products/internal/artifacts/1/1/118.txt","876dfb2c39e76ebc18110a05f333f8c4fc020cc7c065b643106852233b7581f5","139"
"provengo_project/products/internal/artifacts/1/1/119.txt","da95f068de37305a50e067d3dad87d82fb251c0dacd826ab733d57df00818b13","475"
"provengo_project/products/internal/artifacts/1/1/12.json","c8357e11c3cd8bfd88f8df81acf3454d7ee3fbcb83635a8fa4d32bc7f0bb7237","273"
"provengo_project/products/internal/artifacts/1/1/120.json","9330b47cc1cdabab9b1ad1227fd7e98d3fb0a9105aba7a172f2a019891d9a5f4","230"
"provengo_project/products/internal/artifacts/1/1/121.txt","4f7eed372ec6b5ae1506602a3b45a9e76cff2c6b94dd1bfc57da6e145b820459","121"
"provengo_project/products/internal/artifacts/1/1/122.txt","968df766dbee8d59c3f8ff73222bb4788bc1a8177543214843b02acf6a4a00fe","836"
"provengo_project/products/internal/artifacts/1/1/123.json","fbd5cf30e3d463504bd00097c2dc11d0d770a96e66b78ac9ae1e0c9644ca84ea","591"
"provengo_project/products/internal/artifacts/1/1/124.txt","46eea175258c1121abcdfdb47d109bb656d9c1a89755e5de8ca0f3c4765e7580","78"
"provengo_project/products/internal/artifacts/1/1/125.txt","78d7144c795b00cee31315ec751bd7cf6ae96ab2f6ef5311d7abada99b220f26","1820"
"provengo_project/products/internal/artifacts/1/1/126.json","3cb9120e831c9c3074147b45408316ad33da1ac5944d2e0983743565c2d5ebbc","1478"
"provengo_project/products/internal/artifacts/1/1/127.txt","3b960df7954920c1d8b336469bc987a32d3372c4d9fc5667d361f3728f629519","78"
"provengo_project/products/internal/artifacts/1/1/128.txt","828a27a9f099511d79c388758cb4ab61cf16ab8b1fec7136542d52e07a121071","1477"
"provengo_project/products/internal/artifacts/1/1/129.json","9e37fd997057c4721b310c8337bf57e4787952c59c26b474c3a229d741efde10","1135"
"provengo_project/products/internal/artifacts/1/1/13.txt","2221c33233872e4adcc3efadca586dd79bcfd40c6651599ca057098d6b3b79cd","99"
"provengo_project/products/internal/artifacts/1/1/130.txt","66d8776fb9a26b360e965fddb2dae6741bfa2f4c6a4e54b439c901fb7fdb82a5","102"
"provengo_project/products/internal/artifacts/1/1/131.txt","d723d2955f1b5f0c7101f4f020f7d8066d84f8e778158d3cc75551c53c0d5d6f","304"
"provengo_project/products/internal/artifacts/1/1/132.json","4352eec833d36096ea1efb03c86d802bfb8c5db2180072c0adb728c78bc4658d","60"
"provengo_project/products/internal/artifacts/1/1/133.txt","2f8076481cfd7cc1f5f22ab149bc5303533398b1d7a71399350db33911ee51e9","139"
"provengo_project/products/internal/artifacts/1/1/134.txt","d5d83496abd56bac2986769bf1662f6f9bc913ea5a514b8c2b2ba2fafb3f8f43","475"
"provengo_project/products/internal/artifacts/1/1/135.json","5266c3a0d9cb16e7d0756c2f4fd684232ab024e3e8f97156473893c21d76d012","230"
"provengo_project/products/internal/artifacts/1/1/136.txt","f31c105455e068bce1eade4f03827554692bfef67b348bf6951c1d762e784273","79"
"provengo_project/products/internal/artifacts/1/1/137.txt","8bc236c26dfb6b718aee620f74975b434150f69676fa6472b159cdab0315a52a","687"
"provengo_project/products/internal/artifacts/1/1/138.json","6440f232f9c81c3104ea83ca6e2e38d43b935cb9e605868837735984a474cc0a","348"
"provengo_project/products/internal/artifacts/1/1/139.txt","32bf5d4f93272e520dc10452d6daecf67caab525fc6c8486b6bb4b4a91e3b138","78"
"provengo_project/products/internal/artifacts/1/1/14.txt","303d47a8b04bec76cdfe6891667f77568a9dcbca7122c3cafbc98c2b2d07a86a","518"
"provengo_project/products/internal/artifacts/1/1/140.txt","78d3eb384ec3ccfb03df13776ac9f4562d18dbfe8cfc3d08b0acc04a41e7f5cd","1469"
"provengo_project/products/internal/artifacts/1/1/141.json","5ce217a0eed7ea9ef2db901bbb367601bc26f54f64f91a0b3951aba927bccc6f","1127"
"provengo_project/products/internal/artifacts/1/1/142.txt","708607ae6b436d30c59f755b088bbfa32e4d676db79ca43462744f0bf8d82edc","108"
"provengo_project/products/internal/artifacts/1/1/143.txt","21f096601545c94f3c2769a5f7355308e1c7b38e6116afd28b886e42ea8e3815","496"
"provengo_project/products/internal/artifacts/1/1/144.json","79eebbc6bc9efaf635508e253e3622926990736aff6591fcf209bff814c10c29","251"
"provengo_project/products/internal/artifacts/1/1/145.txt","5e4b8e0afb7bf267213b23624b84d3276d2cec2e6e320362df31522cb2e7fbf0","136"
"provengo_project/products/internal/artifacts/1/1/146.txt","bf5f575f15047bfae26d902f14fcfda70c591229a5af9a7a07791b2d42e89ff1","472"
"provengo_project/products/internal/artifacts/1/1/147.json","8d3a98299611fcc0224e12b343136152985b54f0e8aabf27db68ed41d6a03044","227"
"provengo_project/products/internal/artifacts/1/1/148.txt","56894c6edfdbb847d32909d60bd4629cef64df99f53a44bd51638890a5eec5f9","46"
"provengo_project/products/internal/artifacts/1/1/149.txt","b123329b3de43130af258a254d2c03998459b820ab44f0db86842ca4ef619af8","1819"
"provengo_project/products/internal/artifacts/1/1/15.json","ff13f98f7f4f7759b0f9f855ba538480ff0f7f44c8e6800b81173578705329ad","273"
"provengo_project/products/internal/artifacts/1/1/150.json","6e4e9079e0bc669ea7714004fe01cf45072e826529dec9c63d2325234e266ec5","1477"
"provengo_project/products/internal/artifacts/1/1/151.txt","1f3d68f4f108ef5e72af5d61f4f1490c42b2392798b9eb83500b681046e8e13d","102"
"provengo_project/products/internal/artifacts/1/1/152.txt","74a920433cfd6109c934ff647b4955d0667f58ee6d7ed2f6f563095f01cbd474","304"
"provengo_project/products/internal/artifacts/1/1/153.json","fefd42d41c2b7d91f5d6246cb411451a10585f388011645ab29bbb235d223e43","60"
"provengo_project/products/internal/artifacts/1/1/154.txt","56c9e7d49076d0db1a84934ccc5abe56d1ccf6963d974150ae54f1b6235667a6","121"
"provengo_project/products/internal/artifacts/1/1/155.txt","fba8069373c14a4c9f865610d1a89d984c449eba8b6ffe02d10926ae8fd211e6","836"
"provengo_project/products/internal/artifacts/1/1/156.json","9bc163c213ec5dbc0511a210400a77d39133d9bff922797bbcf45df6650361f9","591"
"provengo_project/products/internal/artifacts/1/1/157.txt","0d32d33135d9ffae39f8beafaf3ea8926b8e06f8a665b3fa713eb0e08f71ee39","109"
"provengo_project/products/internal/artifacts/1/1/158.txt","a861a7bd25eafdcc12e91688e0cf349f32145f100a52ea12a28ea817affd3bc6","497"
"provengo_project/products/internal/artifacts/1/1/159.json","6f957e52b8ea3ba9d234fcb30254599042457bd91912428657ab171dd0ac44a9","252"
"provengo_project/products/internal/artifacts/1/1/16.txt","1ec638907eb19027d0209ee4ceef793343325e7f2c64731177df39776d836457","108"
"provengo_project/products/internal/artifacts/1/1/160.txt","7498a63adc43b7686db4ed88d162ede2b2e759b3f36253ca12a124c79550cc40","59"
"provengo_project/products/internal/artifacts/1/1/161.txt","d0a79849e10aca46c27101336e7fed22517c1cd79e9e07d9e3121b5f6230c529","703"
"provengo_project/products/internal/artifacts/1/1/162.json","9f31eb90658f1520f9eb4e4d474a0d8bc5fe43ef0308fb5d540b182be604709d","358"
"provengo_project/products/internal/artifacts/1/1/163.txt","05d1305f0c1b88ba82ce6080b0c3b5d727fe8ff6c0730bb66c97f0e23458b0f6","110"
"provengo_project/products/internal/artifacts/1/1/164.txt","c4014d31d93e10778c8c116dc8b2df0cbec22acecaf2deebd3add3fb3bf5a181","506"
"provengo_project/products/internal/artifacts/1/1/165.json","8fed55e062c5bd1a717b929e608480df2811fded826a6248a16f8e811b2a17df","261"
"provengo_project/products/internal/artifacts/1/1/166.txt","336f6fe2b9226785879dc9fb29846b287ac77784e532a2e62b96e5ce1c943c3e","140"
"provengo_project/products/internal/artifacts/1/1/167.txt","aee2d26ef00fa63a8dab7e027f20f79a7c03a031043ba90e7560d8d4c7e02772","476"
"provengo_project/products/internal/artifacts/1/1/168.json","fee01885e62720c96ef2b3e421b2f18b9ae469c8fbc4007a9567b9750cf6d62f","231"
"provengo_project/products/internal/artifacts/1/1/169.txt","46eea175258c1121abcdfdb47d109bb656d9c1a89755e5de8ca0f3c4765e7580","78"
"provengo_project/products/internal/artifacts/1/1/17.txt","e8bccb5b145966f3e5b8aa0731bb5f11eeb4826b564f59bd7e1ca0a15ddd1da5","953"
"provengo_project/products/internal/artifacts/1/1/170.txt","c88428225156d92734fd2ee13f65030d345f9d543332834259a34d2bcaebe6d3","1820"
"provengo_project/products/internal/artifacts/1/1/171.json","fbbfb18f1ee05186bc88579eb5a5b76b24390b3ae274481607721665cec2a66e","1478"
"provengo_project/products/internal/artifacts/1/1/172.txt","de39de1958b38765cf896b812e04f59f2d67050da96ae95d6bb980c7b8bc763a","85"
"provengo_project/products/internal/artifacts/1/1/173.txt","6d203f5246eb2434f7dd4f8306c61f74e1e3487de167f9d7b348dd510f0e46fd","712"
"provengo_project/products/internal/artifacts/1/1/174.json","942e632c92e58164ccec1785c5e0b46fa00e87b4040568ccb77c9f47ebe8731d","393"
"provengo_project/products/internal/artifacts/1/1/175.txt","dd14a74a9647c431176b4a42d8956b7ccd0cad34b18f0b4c91bef3cdf8c205b1","79"
"provengo_project/products/internal/artifacts/1/1/176.txt","021cb46011d2aa4d950a094b0d20eae00fa86149e4b681bcd3c6d2015a0f7cab","687"
"provengo_project/products/internal/artifacts/1/1/177.json","f371577eaa1e6d823129d3c0e41502d547bb7b88163836dbd8c89f757890e810","348"
"provengo_project/products/internal/artifacts/1/1/178.txt","9cefcf3aca2db4ba5440e639056e29c9f26dfa9b61d9cdd434f09acedfebcbf9","46"
"provengo_project/products/internal/artifacts/1/1/179.txt","6a6c120c9efd932bab3fc62dca571c04c5f513c0a3f0c670fa87c35ced3a63d7","1820"
"provengo_project/products/internal/artifacts/1/1/18.json","28a619b7badda0067aa40f33d8cacf7625d89d53e7eee69e57bf3524d36af354","708"
"provengo_project/products/internal/artifacts/1/1/180.json","fbbfb18f1ee05186bc88579eb5a5b76b24390b3ae274481607721665cec2a66e","1478"
"provengo_project/products/internal/artifacts/1/1/181.txt","8287c64706bb177b7da4a5ce4b10560628bbaabc3105564adc0f5fa35dd3e7f8","46"
"provengo_project/products/internal/artifacts/1/1/182.txt","86754d1f249924fd030b52961e70fcddec3b33ef18ef80be012baab2ba6bdc40","2670"
"provengo_project/products/internal/artifacts/1/1/183.json","f84ac8c9b2d39ea25c39ee9c7573a42e3db09bbd1405e0729361e8d0bc860b7c","2328"
"provengo_project/products/internal/artifacts/1/1/184.txt","dd25ce40ed92ac567e4817a034627b98633f6962fd1e442d701056f8a0e31da9","121"
"provengo_project/products/internal/artifacts/1/1/185.txt","f40e9a1c762c38fd67df95cd63598e4a49d2c609fc85b364ad76efc65aac7ab3","836"
"provengo_project/products/internal/artifacts/1/1/186.json","cddf7fc296f60e6c7a2637a21c58b71a746fe121442e209a0be3e3ab372a1977","591"
"provengo_project/products/internal/artifacts/1/1/187.txt","6d4d54dfcb169b7aeae26894b2eeb47d9c1fdff2290a929067756f02d5408dd0","110"
"provengo_project/products/internal/artifacts/1/1/188.txt","61a7dc108ce1a3feaf19f794291914db3d752b7ca19e568d11b42c26a7117c83","506"
"provengo_project/products/internal/artifacts/1/1/189.json","ff5de1034c4c4a28e24e9c645c37fd30347e53a855297213797ff6dfd04ab490","261"
"provengo_project/products/internal/artifacts/1/1/19.txt","51db6f9aa154bf4535e4d70001a44d2c53a275f9710e4ce75f2a7aaa8f9d98ae","109"
"provengo_project/products/internal/artifacts/1/1/190.txt","d7f0ffa3219f53fbafad905beb799256d33f88762605b79ee4a51c05a1cc53fd","121"
"provengo_project/products/internal/artifacts/1/1/191.txt","3081328986762176da5c8cbe7d660a7d5caf48211dd4fcbd5ff6043cb291a92b","836"
"provengo_project/products/internal/artifacts/1/1/192.json","95ad6537959fbd6f064754cfdcd1d74f94f6406064f81f14ad6cd113099fe50f","591"
"provengo_project/products/internal/artifacts/1/1/193.txt","d78e81874b9e74112761595df7cb7c2e12a0e6b03670f2244d677e8641445c88","78"
"provengo_project/products/internal/artifacts/1/1/194.txt","c78b36d78b02d1b7db1b04a564410ff6c333a1f8dbfee0d817fa52ee182f7635","2412"
"provengo_project/products/internal/artifacts/1/1/195.json","3b3390277fac46e0154ba661b54e14f63a4bf5c6365ee2fc41d67ca1135fab0d","2070"
"provengo_project/products/internal/artifacts/1/1/196.txt","47e1d2729cf4141534824569c160b6bb9b80c5668f54e5df8514618fbdf8b209","110"
"provengo_project/products/internal/artifacts/1/1/197.txt","7a1a065cdb4ae5a9d18eb82eedd4c718d6cf66b26472ece7782e27b50ee666cd","506"
"provengo_project/products/internal/artifacts/1/1/198.json","06173925df2af6837db903346745ca8848a452d51d1be92294176ff6a641f3b0","261"
"provengo_project/products/internal/artifacts/1/1/199.txt","e6810a30c11010b8ccdce2f43f2eeaa501e51bbf4efbc8ee125d302d2be8fdd5","59"
"provengo_project/products/internal/artifacts/1/1/2.txt","e450ca7742faf714ceb35ab73de7503e342c0d064c2580a6027775e66692e2ac","2037"
"provengo_project/products/internal/artifacts/1/1/20.txt","8ace647211728edbfd4353c61c9708ac576b3409d3783bc99b599f2e26aa519c","497"
"provengo_project/products/internal/artifacts/1/1/200.txt","158f87236bf5f6eadd1f1f4fdb311e25b0da41abea60e2a995f1f31e2d55d4eb","703"
"provengo_project/products/internal/artifacts/1/1/201.json","c51fe9dffeb3daee32929cafb5d3ab584401f14e515a351f58240444a9f31209","358"
"provengo_project/products/internal/artifacts/1/1/202.txt","903802bd9084876e4dd33952ec8eeb87a133bf4a660e3b0acb01817f5e8d7f90","46"
"provengo_project/products/internal/artifacts/1/1/203.txt","fa066c413ee3574a624d1845bb4b0677f1b381d489b61c4a3f48817d31daaf64","2074"
"provengo_project/products/internal/artifacts/1/1/204.json","6428b81a5198eeb0893a9f35b3ee066cbf58b484909db87f548a925ccc068bdd","1732"
"provengo_project/products/internal/artifacts/1/1/205.txt","3349af124f23f87e363c2f0c26e3d287bdd0f5a6235ba05c64ec27d2b39ed9da","136"
"provengo_project/products/internal/artifacts/1/1/206.txt","467ec06e05f677535a97dc1166b4c4c91368314628e7902099458fed30af31da","472"
"provengo_project/products/internal/artifacts/1/1/207.json","ff3fb5f10498abf90b2a988bba84e27120317d06d3f28ad0bf0b1d7f3a520ce2","227"
"provengo_project/products/internal/artifacts/1/1/208.txt","528040f27eef0a610974e5df331a4bcc0a4aa8e940517088e75784a9cd16a4df","126"
"provengo_project/products/internal/artifacts/1/1/209.txt","132c7cd3221d361b6881c5f8110dac2322d68f4518b276a3c517a2343f7a3e32","397"
"provengo_project/products/internal/artifacts/1/1/21.json","41c2e8309e8350479b34b8605a2cbedcf72877163c38b012b7dea6f7883b5c81","252"
"provengo_project/products/internal/artifacts/1/1/210.json","01410de0d5d25efd79596214358faa4a6776893f0cbb2c417d1815aab4202542","152"
"provengo_project/products/internal/artifacts/1/1/211.txt","edff41471c259795162966c7a64f897c88f70b1cb081a32ec634502adecf9652","79"
"provengo_project/products/internal/artifacts/1/1/212.txt","9a30a42687f4bb980b7041d613de435da1f91c363d6cafd549b357e8f2be01a4","687"
"provengo_project/products/internal/artifacts/1/1/213.json","a3a4b9fef80b97175b2b376dcc2e5b87edf5677a11ea454d9710de0fd8dc9f35","348"
"provengo_project/products/internal/artifacts/1/1/214.txt","8fd204ceba8de855a414afe47fae5a1647522d591bcca1d7d089a88dca296cfe","126"
"provengo_project/products/internal/artifacts/1/1/215.txt","c7e2005552f2aef27b055e0fd8edc24184684ed1dbc1dbaeb29515d4a3da9f43","397"
"provengo_project/products/internal/artifacts/1/1/216.json","7e004b0dfbf21c4928b49350dab8e862484e6cbaf7cadc2ef184ebfb3c8a2b87","152"
"provengo_project/products/internal/artifacts/1/1/217.txt","2b956f2aec322fed8d3528057ef9d37d29f4ce4c1122159cf0f07acaa0a8aaa4","91"
"provengo_project/products/internal/artifacts/1/1/218.txt","febbbc21185f7573204dd34d28dec3c7afce007d9599d0d2c7aef898e4cd8c65","717"
"provengo_project/products/internal/artifacts/1/1/219.json","ccef1121824de1f5e546f5db4de28b8322c7ab8c095d9bfb5b9bb3d80f8788df","372"
"provengo_project/products/internal/artifacts/1/1/22.txt","3278fa620f495a472bafe709d6f20e91aee873fccc5e600da075767c3d2370f1","88"
"provengo_project/products/internal/artifacts/1/1/220.txt","0ce4b496b1909084411c90239936e0187de11d4a25293df489face15f13f9b07","46"
"provengo_project/products/internal/artifacts/1/1/221.txt","78ea2d288383e1cc31561a722337197adf33692ec36e927eef28a4682fc6fc59","2425"
"provengo_project/products/internal/artifacts/1/1/222.json","b6ed50863e607a0d2e80f3f9184d11dfc0b8d53b9a115a56a00541bc83b2ee01","2083"
"provengo_project/products/internal/artifacts/1/1/223.txt","4adc179ee8b27de37a2e2a606e1f15fadfe1a59471d298dea78e73feb293e7c2","121"
"provengo_project/products/internal/artifacts/1/1/224.txt","f79c465d51a02f030aac766f7f99e621f2165bb3d6a812118268d84bfdca1b51","836"
"provengo_project/products/internal/artifacts/1/1/225.json","adc872a651f38b236b6d78eea87fdfb544198f2389469583303e6d08f9c7bcd7","591"
"provengo_project/products/internal/artifacts/1/1/226.txt","baaac392e50d4da1ffe27e1972041451a777358eb5bcabba243256d80a8b9986","46"
"provengo_project/products/internal/artifacts/1/1/227.txt","187d21f259b51dc814251a2bb320e0427c7b6592e4323e0ab8f4851f26c8d883","2074"
"provengo_project/products/internal/artifacts/1/1/228.json","73f39a66da8bdaa0d2c5c2b5801042b3d8a75c2fa756a81ed666fcf86cd0863a","1732"
"provengo_project/products/internal/artifacts/1/1/229.txt","8287c64706bb177b7da4a5ce4b10560628bbaabc3105564adc0f5fa35dd3e7f8","46"
"provengo_project/products/internal/artifacts/1/1/23.txt","3381c48a3004af1d97e912ee638c74555f8cb8e41027904d770d66c6320501b9","479"
"provengo_project/products/internal/artifacts/1/1/230.txt","2de00be3362a7bd73fcb39af0d5bb4853236c5c83816bf2660657db7813ef59f","2670"
"provengo_project/products/internal/artifacts/1/1/231.json","da0dc9620a933f0418d748fcb98b0a5f45e675079495695f5a00311080dd37dc","2328"
"provengo_project/products/internal/artifacts/1/1/232.txt","fd30f70e5900bae989fa778622032091ec3cdc6e9df998e99cd9b8b08e4d243d","85"
"provengo_project/products/internal/artifacts/1/1/233.txt","857794485389577fae228a2c5d05924ed4371f1fdeed61463907387de71964d9","720"
"provengo_project/products/internal/artifacts/1/1/234.json","2219dc370966036ddabbaff4102fc6e27c12c1b927fac5e6eb6e70de6e0e19fc","401"
"provengo_project/products/internal/artifacts/1/1/235.txt","903802bd9084876e4dd33952ec8eeb87a133bf4a660e3b0acb01817f5e8d7f90","46"
"provengo_project/products/internal/artifacts/1/1/236.txt","4b55e986f0fcdb8a56f75f0befb15039fa76cde9ed24fa6234f092c93fc87871","2672"
"provengo_project/products/internal/artifacts/1/1/237.json","bcb4d6b3a0fb52df4be164deca725afcb24679ebdec67b352d171b6f1c33dc96","2330"
"provengo_project/products/internal/artifacts/1/1/238.txt","3b960df7954920c1d8b336469bc987a32d3372c4d9fc5667d361f3728f629519","78"
"provengo_project/products/internal/artifacts/1/1/239.txt","e7407425df2b034c15d24e3af4dbf4718bfeb6f4cdd17315c6bd6cb06ecdd172","2672"
"provengo_project/products/internal/artifacts/1/1/24","6eae3a3efff86e1a5a1ca4f1e6c966623b03f1010273e2eabb5e5833f97cdcb5","159"
"provengo_project/products/internal/artifacts/1/1/240.json","bcb4d6b3a0fb52df4be164deca725afcb24679ebdec67b352d171b6f1c33dc96","2330"
"provengo_project/products/internal/artifacts/1/1/241.txt","0ce4b496b1909084411c90239936e0187de11d4a25293df489face15f13f9b07","46"
"provengo_project/products/internal/artifacts/1/1/242.txt","642a6f5a148ef03f1ff404ebab7bd434fd2e46c19f5bef32af5316ebb5913f69","2425"
"provengo_project/products/internal/artifacts/1/1/243.json","863c6650ff7f473a960bf43d2070095e0a673ac3e36f6f42ec228aef6b14fda6","2083"
"provengo_project/products/internal/artifacts/1/1/244.txt","77441cf09eaa72516f49b0b0abd17361cd16315ae3055e8e699486779933b75e","121"
"provengo_project/products/internal/artifacts/1/1/245.txt","645edf6f2b65428494be63ea12d14999af66ecb4fae6b7f95d8cefbd7acc8b33","836"
"provengo_project/products/internal/artifacts/1/1/246.json","a755df8e18ec42abef7c949aea88301350a91ba6d16847ca2a7321dbbe21112e","591"
"provengo_project/products/internal/artifacts/1/1/247.txt","f141e27718a4ed56f8ba1e204c1aa79ee011aeda55b8d2a0a843c588f505fe12","59"
"provengo_project/products/internal/artifacts/1/1/248.txt","78eb8bf06b384dbe2f993da7d87611d69eb9f76ef1deaae606053132966dbb1d","702"
"provengo_project/products/internal/artifacts/1/1/249.json","86d0d1f2437b6f5d4ef97c43e68e5446aa7a47ad02e50d17a45d33b3c9602584","357"
"provengo_project/products/internal/artifacts/1/1/25.txt","3217cc005767117017b2dba7181902ad9e441aaf6c5f659da28f2b8126837698","99"
"provengo_project/products/internal/artifacts/1/1/250.txt","cbd2eda8d4e38c06c1df4ff1c9791a07251887a92b3e5ae82d19f837dd0db6f0","59"
"provengo_project/products/internal/artifacts/1/1/251.txt","2358b59cc78883568bd24bd37e72c1e4311634c112a58e277c4530b0c22b7478","703"
"provengo_project/products/internal/artifacts/1/1/252.json","428293a6e48c8704d3577549133d4d3d8b87147e572ee0269592fe5c3128754a","358"
"provengo_project/products/internal/artifacts/1/1/253.txt","56894c6edfdbb847d32909d60bd4629cef64df99f53a44bd51638890a5eec5f9","46"
"provengo_project/products/internal/artifacts/1/1/254.txt","edafbfeec9931a5213d92a27e415bc39fe69b151640a55d3efdb77ff190939cd","2419"
"provengo_project/products/internal/artifacts/1/1/255.json","65ea98364d16a8b65c7a77e4f5a859a3a5efe9f1850ce069288fc91d667b24d3","2077"
"provengo_project/products/internal/artifacts/1/1/256.txt","b0eba24eb4c32a4dd3681469549b7ae8b0e960f155b5ca474510d97f2f05f6dc","78"
"provengo_project/products/internal/artifacts/1/1/257.txt","4fe7f57da613b010de721f1ae05ade38eb126c5bb282663128aaa565cc239e4e","2432"
"provengo_project/products/internal/artifacts/1/1/258.json","c801c0dce9e6764fa138f8723802cf7e2c6b292b64f0b612be29c596e2b5cb9a","2090"
"provengo_project/products/internal/artifacts/1/1/259.txt","b54495845554e79c0ed0cfda496b4347bff3617366b8c21ae1305c8ef017e933","121"
"provengo_project/products/internal/artifacts/1/1/26.txt","d6ed35a1be7087ab33bb6e11650287ffd8fc59713ff1e5df0d05badc9e6e4b4f","517"
"provengo_project/products/internal/artifacts/1/1/260.txt","29909ca5254a44d874e035511c2a4e0bf82da66c2adb4e9f1424c74b57c8d184","836"
"provengo_project/products/internal/artifacts/1/1/261.json","ff202f3d8d88c66bafa96c73e6b93283d807b8c2267e035a3efd773d2dfb3be5","591"
"provengo_project/products/internal/artifacts/1/1/262.txt","1fac3286de2ae665c8cd29662bba4a98d063fd18e7ee29ca63d121f0df615e93","78"
"provengo_project/products/internal/artifacts/1/1/263.txt","a9f6b9e69274ac041464e5a398a6e9eb91256ff1e450cf958c465ae6df10683d","2677"
"provengo_project/products/internal/artifacts/1/1/264.json","ca75197544487019b5b6b23b0fda4329ef34b7c91e8e5c6e0e7bd102fae86dc6","2335"
"provengo_project/products/internal/artifacts/1/1/265.txt","c293eb60ae9fc77d5a1a8b6eec45b86bf638c667dd8c06cd2b5e57c41c1264e6","112"
"provengo_project/products/internal/artifacts/1/1/266.txt","9e97e8f72846979d6abcfa15e1765c81da9de5c4e2bf3eabd7c85c2d8a4b2f62","382"
"provengo_project/products/internal/artifacts/1/1/267.json","c993d15188f1b2ea96ccebe056b18d36a5b1e2c314f6fc74eb25f21e06475541","137"
"provengo_project/products/internal/artifacts/1/1/268.txt","f141e27718a4ed56f8ba1e204c1aa79ee011aeda55b8d2a0a843c588f505fe12","59"
"provengo_project/products/internal/artifacts/1/1/269.txt","0d1a70c6dff2774f1a44f7d4d46bd402990d0e1e6fff7ff2114b76413713440d","703"
"provengo_project/products/internal/artifacts/1/1/27.json","37d7324032e06bce4d283e844b94fee0a3d2328f841c1b208d0d1740ff2e27f5","272"
"provengo_project/products/internal/artifacts/1/1/270.json","82a7320b8559238331285f95ab518a1ec760a37f48af8f047268e6a3a75f594a","358"
"provengo_project/products/internal/artifacts/1/1/271.txt","2ec3734edac72a4ed77f265bb60bce9bbfa31e88b84ce6d8ddb1792ee71c53f7","111"
"provengo_project/products/internal/artifacts/1/1/272.txt","b658134b4ba4e39d2b7174f5e50fd06e13c231419a8ae7a2329cca8bfbfd63d7","382"
"provengo_project/products/internal/artifacts/1/1/273.json","2fa1b56415c8de57cce9e37978145c92e2e0d2d3a2447a2fc9b7215661f174f9","137"
"provengo_project/products/internal/artifacts/1/1/274.txt","2571545c3f2f2c9c3ad56ad468dff9c0cf1644c3e40e3861e07876f41193d5b7","121"
"provengo_project/products/internal/artifacts/1/1/275.txt","a2d769ef91ebc48762d9e4d459b89f7cf8d94edd5537f1963d0c27ecafcbaf9f","836"
"provengo_project/products/internal/artifacts/1/1/276.json","acc6705edf21894ce571def638a3627408c06d3443f6e2ad3d9db65a2aff9785","591"
"provengo_project/products/internal/artifacts/1/1/277.txt","cabe7d75e589f0b57bd41fbbe5500af136bc7eaaf1b9ede67cb9d3d40283378d","121"
"provengo_project/products/internal/artifacts/1/1/278.txt","d4ac57599498f9ab9a699853ef081da6cdf75438bb5cace6e596c04a99a071a2","836"
"provengo_project/products/internal/artifacts/1/1/279.json","6bfcda22da5d185db55350934b48e1f55a282fba389504da85b0f8a1f05feb9e","591"
"provengo_project/products/internal/artifacts/1/1/28.txt","4ee5317314554aa791d82932300f3cf072a5c6839decb87f5126df3d72f235c6","105"
"provengo_project/products/internal/artifacts/1/1/280.txt","b0eba24eb4c32a4dd3681469549b7ae8b0e960f155b5ca474510d97f2f05f6dc","78"
"provengo_project/products/internal/artifacts/1/1/281.txt","6bafbd569d1e6bb397cdacc264f0dc8f958cd6d90d1539278d7afd1aea427e08","2432"
"provengo_project/products/internal/artifacts/1/1/282.json","c4fa5487c9b818da3a20cd4adf1ec49e3ca4dae71d231783c95fb4fbee48767e","2090"
"provengo_project/products/internal/artifacts/1/1/283.txt","868e4208fe639c740e8cf5f41aca5ea15d22e974b8fd9bdff7a82e7b723c4fe3","112"
"provengo_project/products/internal/artifacts/1/1/284.txt","0cebe383da472c8cda4e6d0259fdae24b1da5f36e9aa3c6688e263a898d3c072","383"
"provengo_project/products/internal/artifacts/1/1/285.json","c94accbd892e6a4afdcb8ab46164a806e274fa905f79a173d252018ecca59be1","138"
"provengo_project/products/internal/artifacts/1/1/286.txt","1fac3286de2ae665c8cd29662bba4a98d063fd18e7ee29ca63d121f0df615e93","78"
"provengo_project/products/internal/artifacts/1/1/287.txt","0972ef9bbf650143707b02dee18016f9d6ec16911c1d3e47835b62abee5ffc43","2677"
"provengo_project/products/internal/artifacts/1/1/288.json","c80766c7bb5517816e2c4ea89e9bbf4aa8e6f4d1247a2621fe0e1c4c5290de2e","2335"
"provengo_project/products/internal/artifacts/1/1/289.txt","0214c17c41ffe265c32ef9c2eec11af71048a6cdd008b703abdb50be9fe88fda","126"
"provengo_project/products/internal/artifacts/1/1/29.txt","0e5d45cc796d4ed1e1e7f7426f6218626a726932d545da6630daf6d0986bbe36","475"
"provengo_project/products/internal/artifacts/1/1/290.txt","5d66f001d2cba8903f1c0e18632535db8d915b7a5d19e2dd30ac272dc306ce55","397"
"provengo_project/products/internal/artifacts/1/1/291.json","78905421b28a428a128f81549f275fcf3aca38171dabc0f6875a8e4111d30de2","152"
"provengo_project/products/internal/artifacts/1/1/292.txt","6bd6f991e44a6c06426752ede4b83f0bdd258720d7385ccebefb6920fa0f9f90","126"
"provengo_project/products/internal/artifacts/1/1/293.txt","64e5f7c41a79843e8d7c3c50964542c739aee6161d7d49ab8fb472e869632a1e","397"
"provengo_project/products/internal/artifacts/1/1/294.json","7ad129daf5d2728dfe87edb7130289af3de5593bea2fc93bdfdd4cfa36520ec5","152"
"provengo_project/products/internal/artifacts/1/1/295.txt","99b18dda4f6ed65d3d29ce2db166c5a12f29fc721aa4b4441d24d1ea6d12d893","91"
"provengo_project/products/internal/artifacts/1/1/296.txt","735c2a035ab5e30228b582bfb32e8ab04bb2a89aaef4d05739bfde1bfe2099c5","717"
"provengo_project/products/internal/artifacts/1/1/297.json","8883c285bc8b8cadd59453059de0bfcb02da94d1eff9fab97f9bb6b89816a8f5","372"
"provengo_project/products/internal/artifacts/1/1/298.txt","e6810a30c11010b8ccdce2f43f2eeaa501e51bbf4efbc8ee125d302d2be8fdd5","59"
"provengo_project/products/internal/artifacts/1/1/299.txt","b0ee66e58999f3a1eb9d5d79840a0393defc81c0e25a4452fd0a1038a0168c36","703"
"provengo_project/products/internal/artifacts/1/1/3.json","9526d8e0ced8885e46d6db6862c342fd6116f00fb972de9f188f5c1e522e2084","1734"
"provengo_project/products/internal/artifacts/1/1/30","280e57409ea85f059c98bae40f8d47eb7d383aa45eb25ac61f2021699a1d08df","155"
"provengo_project/products/internal/artifacts/1/1/300.json","61fc000deb78396c8d8e504c235eb9232d47f597773d55f16c7630e1e490a605","358"
"provengo_project/products/internal/artifacts/1/1/301.txt","cbd2eda8d4e38c06c1df4ff1c9791a07251887a92b3e5ae82d19f837dd0db6f0","59"
"provengo_project/products/internal/artifacts/1/1/302.txt","109f8a10173214acac07cdfc8428c28911a153460d6a5651e3edbc0628f321ac","702"
"provengo_project/products/internal/artifacts/1/1/303.json","c6afc933748655fef20cf28434848fc346cb6b3737c5793fec514c1bc3dc2023","357"
"provengo_project/products/internal/artifacts/1/1/304.txt","d4635bb576c334faebb7a035631ec81d2ee2239907f08c465d889298ed5131a1","126"
"provengo_project/products/internal/artifacts/1/1/305.txt","7fdbc7c4b14b15109e961631e24f9189c3f568a0e129a43feddac727a889c656","397"
"provengo_project/products/internal/artifacts/1/1/306.json","c7387d7e7ccbae41bb74adc1dccdfb15ee34696858cb741d7875fdcf68a72729","152"
"provengo_project/products/internal/artifacts/1/1/307.txt","02a4fe229ef4c0bbb94a6724da34935ea2a83a90a6df6c4fbef9c3485316bbc1","91"
"provengo_project/products/internal/artifacts/1/1/308.txt","4c76f5a768ae14b55668d55ff6975d0a2eb14c8c9241b8d696211f386fb400dd","717"
"provengo_project/products/internal/artifacts/1/1/309.json","7152a8f18c4697401779af88cae797ba64ec4e73927cd85810e9df5e1559ce1f","372"
"provengo_project/products/internal/artifacts/1/1/31.txt","d5c4078fd19f84868949526cc112ce65de91f40517e0aa9995dc1ced41a0a461","113"
"provengo_project/products/internal/artifacts/1/1/310.txt","5f951553e1c65f653a088c3aa4af0ae693f86cc04a81989f76b9c501cfc7c39e","126"
"provengo_project/products/internal/artifacts/1/1/311.txt","429a2120b6d18f3cc592ba9f8eaccd9fc3b62cbe7fc72a5d7cdd1e526fc80dcd","397"
"provengo_project/products/internal/artifacts/1/1/312.json","73b66ed06e6d8dc0be91b9277094373b63a9737567d0b54a5342a127145279c3","152"
"provengo_project/products/internal/artifacts/1/1/313.txt","02a4fe229ef4c0bbb94a6724da34935ea2a83a90a6df6c4fbef9c3485316bbc1","91"
"provengo_project/products/internal/artifacts/1/1/314.txt","1b14fd4bed0865c90bea7b2fa17f642a3a7412ba0a9f9a1469695d9f667d0823","717"
"provengo_project/products/internal/artifacts/1/1/315.json","fa23a63966a0a3c02ef5fcecd513a8d1b3812ac4d47c869965af60b2c66bd2c6","372"
"provengo_project/products/internal/artifacts/1/1/316.txt","a465caefdf910658b58bcc25de6ad6092d2731313608318a75ec6016e58dfdf3","126"
"provengo_project/products/internal/artifacts/1/1/317.txt","de916915dddb2cc5f73ca9be26cf96881eea26e01924d8a1cedf93eb3c2e9929","397"
"provengo_project/products/internal/artifacts/1/1/318.json","5c4421d92b6723cbe0b222e6b1a445bcd4d14fd9e27185b9c108aae3ca16d06b","152"
"provengo_project/products/internal/artifacts/1/1/319.txt","3cf53b54a7cf2da8060cf2d0bf1fbfacd49ea341fa92bde69d6ee8e02b48a455","126"
"provengo_project/products/internal/artifacts/1/1/32.txt","75ff1eff1367c9e8917fb0e8091c6e2d126894e6008a095fd8cc608875802c27","1959"
"provengo_project/products/internal/artifacts/1/1/320.txt","b021392fad89032c3b8943f5eefaa600c12091f488073b5acc3ba9464273eef5","397"
"provengo_project/products/internal/artifacts/1/1/321.json","1d2e1f644041a0d05ede03945f28dac759c79e746a0720fc3a750c2dab20c2e3","152"
"provengo_project/products/internal/artifacts/1/1/322.txt","bdada7853da6e172aa522b1a69af48eebc6cb2d80626c103a580f813c60f0d8a","91"
"provengo_project/products/internal/artifacts/1/1/323.txt","bec2215577f8bbfa49a95b3a4d853316aa06cecf76096b9e0ed5e974505a9b80","717"
"provengo_project/products/internal/artifacts/1/1/324.json","a202e1d2b6e403ae1cbaf74ae0baf9fef4ff1b486474e57256afa50d7eef4abd","372"
"provengo_project/products/internal/artifacts/1/1/325.txt","12dd2178a65cd0a09295d721cfa1b2b3426d9aef5931ebe57b77c93af863bc47","141"
"provengo_project/products/internal/artifacts/1/1/326.txt","470fb3d12e02430b51f6ce79b816f59a5d1d1f06b9c0bafb58644a89047ef053","2276"
"provengo_project/products/internal/artifacts/1/1/327.json","72f15a9a200bba97210629e538680f88b01ea49c2edb8c87386ad95658736861","2030"
"provengo_project/products/internal/artifacts/1/1/328.txt","83b347c6ae8cea8cd5ee84c112e64df9e15e4de30392482e4fdaa9343001ba7e","141"
"provengo_project/products/internal/artifacts/1/1/329.txt","181e7a5554015f808b00db648fec2a216dacf3660f301e3184c3ae580fcae796","2561"
"provengo_project/products/internal/artifacts/1/1/33.json","4694e11771072a2305b230b8b0179e44815149fc693fc672cafc74b4822b1a47","1656"
"provengo_project/products/internal/artifacts/1/1/330.json","a0d650eb3dbd860bb0100cc3ac5f6a1e8bedcf1634f35b172fa3bb672e888e9a","2315"
"provengo_project/products/internal/artifacts/1/1/331.txt","2726a5431721759ca81afc46f9cdd5ee1f44cc9fd60ca451e2d85abac29820b3","129"
"provengo_project/products/internal/artifacts/1/1/332.txt","298a6323eb80b5724d73df8ab42203dc0512ece1a70e4be900a647957b4a7332","2314"
"provengo_project/products/internal/artifacts/1/1/333.json","db68b44fa8ba4552c718332b46bfdc386fa5d4521ab6de6b88f3e641756fc2c4","2068"
"provengo_project/products/internal/artifacts/1/1/334.txt","37e66e8c4f2e7c6b093cea6412724d3670cc9fdea6c3054c8e6af03db18f7faf","141"
"provengo_project/products/internal/artifacts/1/1/335.txt","5060e4d67bda9334c4f6015ac9b9e43156a241cb9eaf2033b72712316b37355c","2552"
"provengo_project/products/internal/artifacts/1/1/336.json","75bbeb68b4ed7e8100739d7ae4f2133ac34fc3c2fb1dc3bb93e32349f177f712","2306"
"provengo_project/products/internal/artifacts/1/1/337.txt","b0eba24eb4c32a4dd3681469549b7ae8b0e960f155b5ca474510d97f2f05f6dc","78"
"provengo_project/products/internal/artifacts/1/1/338.txt","7a04c2b26326b1dcd365b3f90f4827191add093735ce0e4789c29da25f296904","2501"
"provengo_project/products/internal/artifacts/1/1/339.json","14de033ede460611c239eaaad953fca9547617c187008da54047bf22cd87bfab","2159"
"provengo_project/products/internal/artifacts/1/1/34.txt","abb18364e9145b3c9ba18092c61d77e3b786d396c8c00250043b33ef2ec9b9d0","110"
"provengo_project/products/internal/artifacts/1/1/340.txt","9895cbe9facf0b6c24ee56a3442d30ef6aed1eed89e5357e3e6923e58da90a5d","129"
"provengo_project/products/internal/artifacts/1/1/341.txt","5eeb80eddc9ca631e7dd6137bea3ee219a6eedd0339628f612351baf4eeed2fc","2277"
"provengo_project/products/internal/artifacts/1/1/342.json","5dc84d635d54177df75597494be53005ed086c5265cc07fdf30d322b6b994d5e","2031"
"provengo_project/products/internal/artifacts/1/1/343.txt","b68a43dc5d1c8aed48740607f3f11a7193c3c7d504fb35f8f564cd8bfaad1dbe","141"
"provengo_project/products/internal/artifacts/1/1/344.txt","5860e3d952df04d7f64c2b616d5d771b9c65350d94b6762a8bc19c3657dab88f","1678"
"provengo_project/products/internal/artifacts/1/1/345.json","c8e476305d0e34bb540fcfe2912379572573d1e1b7a76f616ca602334e5684c1","1432"
"provengo_project/products/internal/artifacts/1/1/346.txt","c2a081a568d6e286f5867ea35d02f4e4566b87a07b35ea9152a849b80366c3ca","141"
"provengo_project/products/internal/artifacts/1/1/347.txt","6128b2c99f135708c89dfb6464b5f8bbffc387bf0966d023e4819164ebd11ad7","1956"
"provengo_project/products/internal/artifacts/1/1/348.json","484bbc472187a564e47603dcb89b46e47f9790cd9c0541aed9684ab683329074","1710"
"provengo_project/products/internal/artifacts/1/1/349.txt","b6012ce877e3c9451d6db69daed8c6c7758e58d77ebcaceb5425fb555379a359","129"
"provengo_project/products/internal/artifacts/1/1/35.txt","bb2019daf58497bad7ba6381dce4878315b5a08313c30ced5773f18d3214f95f","955"
"provengo_project/products/internal/artifacts/1/1/350.txt","1967b31f2831f50f51f9de7b12bed71b3a170d5637cf6727b8a0f840f6f83112","2590"
"provengo_project/products/internal/artifacts/1/1/351.json","bd3c887ca9999b1bafa29900257de03a7cd8794e1d9d31223fdbcdbd8fb75077","2344"
"provengo_project/products/internal/artifacts/1/1/352.txt","f4f7da104da5cf4d24dd6678c026b029fc17c42ee3c1d7f191f2cad864dac3c6","129"
"provengo_project/products/internal/artifacts/1/1/353.txt","448c1c37aaff8b8ec8f38cb993a6a48a4d8dd80e5effc62be92ab134e492fc40","2613"
"provengo_project/products/internal/artifacts/1/1/354.json","da1c56a60bfc9251926f34c39dbf72a2ab8d7cb213d82c80ac46cfd3cbae4b85","2367"
"provengo_project/products/internal/artifacts/1/1/355.txt","ebe95872d7fbad65234083873b8204a2f8843e171bdf6278164d62b3b2614da4","129"
"provengo_project/products/internal/artifacts/1/1/356.txt","8cb807b57cc8a63312fcd47006306b5d639841bc24c0cac7ef0f08b0342ced86","1685"
"provengo_project/products/internal/artifacts/1/1/357.json","2b4183094099477a3b0f189b504e91427250942ec246c51b4e371c5b925a1e13","1439"
"provengo_project/products/internal/artifacts/1/1/358.txt","38d5be172d69977d08975465237eaeed66bd8a28beb32e40829eb6043e2c048a","129"
"provengo_project/products/internal/artifacts/1/1/359.txt","272ab90448fe86b3f420c49526917d27c131e34bfb17ee2c4c1fe69d12255c38","1970"
"provengo_project/products/internal/artifacts/1/1/36.json","3a1be72a75f1b0713d0ced1da9163dc94c57743f06700a66370616126febeefe","710"
"provengo_project/products/internal/artifacts/1/1/360.json","d70cc535e18cd4d9fc185aa1e4146f78723a5361dacafedd74cceea36375df0c","1724"
"provengo_project/products/internal/artifacts/1/1/361.txt","d8dceb8321594c508cedae9f35f1fcc2506d558bbcd437e8b5ed9d290eccced0","141"
"provengo_project/products/internal/artifacts/1/1/362.txt","2572e8b808f95f05d16b31b2fc706ba07d78cb83d28359272bf5f16762272811","2346"
"provengo_project/products/internal/artifacts/1/1/363.json","00a3aef1f487ab0af1982f2881092b330cbfc7254b286f97fa316a3269fa7474","2100"
"provengo_project/products/internal/artifacts/1/1/364.txt","3b960df7954920c1d8b336469bc987a32d3372c4d9fc5667d361f3728f629519","78"
"provengo_project/products/internal/artifacts/1/1/365.txt","f377f0624f88c731daecfac6657a5f72b80287bd097a4276765b828843ab31fd","2800"
"provengo_project/products/internal/artifacts/1/1/366.json","08ac7e59c7928ed64ff7d78555e58d7c2afe44ae6c887e23d5b0a385c2137a35","2458"
"provengo_project/products/internal/artifacts/1/1/367.txt","1fac3286de2ae665c8cd29662bba4a98d063fd18e7ee29ca63d121f0df615e93","78"
"provengo_project/products/internal/artifacts/1/1/368.txt","0da4d22181d7734ac137e124d96e5f212cde1d2ed4152f6181042f9ff9081755","2791"
"provengo_project/products/internal/artifacts/1/1/369.json","dca19fe8152e3e567688aedb75d4631fc59613a4a06cb074f83884b925667dd7","2449"
"provengo_project/products/internal/artifacts/1/1/37.txt","2208b04a5434f5749c1b667fc2493352dfad29e3f2cc88bc5415da11e12b2440","80"
"provengo_project/products/internal/artifacts/1/1/370.txt","32bf5d4f93272e520dc10452d6daecf67caab525fc6c8486b6bb4b4a91e3b138","78"
"provengo_project/products/internal/artifacts/1/1/371.txt","21baac79f48a587855a3ab63fe7dc2421a5514ffd92692f405e48eebda08eac7","2157"
"provengo_project/products/internal/artifacts/1/1/372.json","dfe2586ff7ef9360c42965e64e142003c6d8a2bdb6a84c79a4bae518ed48a752","1815"
"provengo_project/products/internal/artifacts/1/1/373.txt","46eea175258c1121abcdfdb47d109bb656d9c1a89755e5de8ca0f3c4765e7580","78"
"provengo_project/products/internal/artifacts/1/1/374.txt","09aed0cece008a4a30ff8dfec3e5bc8be1677828723452c734df1be7107c7319","1903"
"provengo_project/products/internal/artifacts/1/1/375.json","1981d231fa891a68eea69c6d782ecfdb1efa401d50e6f7481028410394ffe69c","1561"
"provengo_project/products/internal/artifacts/1/1/376.txt","d78e81874b9e74112761595df7cb7c2e12a0e6b03670f2244d677e8641445c88","78"
"provengo_project/products/internal/artifacts/1/1/377.txt","dca77b5a04dd1baf570f25bf9229820b44cdcf0ad0c4f86879704193754bdd29","2533"
"provengo_project/products/internal/artifacts/1/1/378.json","400236905a186e8a71fc50ffe565a9291f53f88a00497ce5b2c78f65d8de5f5a","2191"
"provengo_project/products/internal/artifacts/1/1/379.txt","0cdaa81c33d47a543f75d17b4a55715bc61f8664f3242ea683f16b480b50db18","503"
"provengo_project/products/internal/artifacts/1/1/38.txt","a65c744d801a4bfc5945a72776a0a355598d5649d6dd6393beb9e77cebceff60","1972"
"provengo_project/products/internal/artifacts/1/1/380.txt","974bbab2bdd60d789d0d982b8bc942c228374e194903895f83db13f7591472f1","2774"
"provengo_project/products/internal/artifacts/1/1/381.json","bc3d6dc2ba94d3976e37429ffa94244d43d2a90f68a6b0d564ce968cdb90dd09","2632"
"provengo_project/products/internal/artifacts/1/1/382.txt","54a823d79981822ba74ef7a52e84b7af10d71274230f222901e78458a60d7ef8","503"
"provengo_project/products/internal/artifacts/1/1/383.txt","08653451d204bacf7238008cbd91dc2a37c26cb6612ec810e81913c880e8177c","4597"
"provengo_project/products/internal/artifacts/1/1/384.json","94ab81a0a33de7149d8a52fbe6f6dac3ba29894c45e44ae46d180f7b2723d87c","4455"
"provengo_project/products/internal/artifacts/1/1/385.txt","c1d02957724df376b5128a97b95c5f601558f56af55894caa514eae28e2f05b9","503"
"provengo_project/products/internal/artifacts/1/1/386.txt","5404d557049e3d67da8cb3608d06546785b769e8450e090882f0af9fcdfd0877","3418"
"provengo_project/products/internal/artifacts/1/1/387.json","32350db5fb5251e5d165a3f7db320330d4dd5e1e3de4fa3dd3e0879412020628","3276"
"provengo_project/products/internal/artifacts/1/1/388.txt","dd5116d12a274a085dfdd5fa2a04326775a84aa09c2166badd4e0a30c6054c8b","503"
"provengo_project/products/internal/artifacts/1/1/389.txt","1dd1bc85b4fa41231c660aaf24288d3ebbc7178b8aec121341b21b5e68480df5","3671"
"provengo_project/products/internal/artifacts/1/1/39.json","d14a45e4b8de28079608c1c40960dbddcef19371d90c8c767d52cf144c2a83a0","1661"
"provengo_project/products/internal/artifacts/1/1/390.json","5247f227c1d1bcb8dc2739b3a259e82448be54830cd23c1186745740a38f3184","3529"
"provengo_project/products/internal/artifacts/1/1/391.txt","b0eba24eb4c32a4dd3681469549b7ae8b0e960f155b5ca474510d97f2f05f6dc","78"
"provengo_project/products/internal/artifacts/1/1/392.txt","63078b035dc373d285671eb2bf9f245ff9acf612040863d150241fe95fcc16aa","2542"
"provengo_project/products/internal/artifacts/1/1/393.json","20c83adef5e6cb7796a05744b0ab80ae1d0aa6fdb6e3a60441e27e96b6797ff6","2200"
"provengo_project/products/internal/artifacts/1/1/394.txt","a9325f00813a4d3bac477d4d49d800ee7e3a3c44e02d15002326bcd0bcd43b77","503"
"provengo_project/products/internal/artifacts/1/1/395.txt","749c839e53dac93524a4885ae91826d67bb9a58e378cf062ebf66ec76d9bfed3","3400"
"provengo_project/products/internal/artifacts/1/1/396.json","edf156a084a2efbb02e9b01795d2ceb6fbe9531a477949657f8137af74577aed","3258"
"provengo_project/products/internal/artifacts/1/1/397.txt","32bf5d4f93272e520dc10452d6daecf67caab525fc6c8486b6bb4b4a91e3b138","78"
"provengo_project/products/internal/artifacts/1/1/398.txt","5e6971bf9bb8145e6bc73c453f1a5611770d4ce5fe68614b756e5f9b9c57b3f0","2153"
"provengo_project/products/internal/artifacts/1/1/399.json","3ff2844a147833933095d644c2e9718d5d9246290ba2bab29fd3af578d5e8763","1811"
"provengo_project/products/internal/artifacts/1/1/4.txt","2208b04a5434f5749c1b667fc2493352dfad29e3f2cc88bc5415da11e12b2440","80"
"provengo_project/products/internal/artifacts/1/1/40.txt","8447b0b0b2231dade8654a67991cb8f90b421f75a8576521d88775b9188bfc52","110"
"provengo_project/products/internal/artifacts/1/1/400.txt","3ccfec12bc7d8d86a6f42d2f00f96e605a0e33bc02d44357a0999741158ab266","503"
"provengo_project/products/internal/artifacts/1/1/401.txt","a09563fef007de57ced72c42f1a8ff57dfec54839799d7d2a6a40001b921bb60","3656"
"provengo_project/products/internal/artifacts/1/1/402.json","d5ec82f4d3fcdfc7816438d4bbe2acea9142d99eb696641c07e0efe9f0265a37","3514"
"provengo_project/products/internal/artifacts/1/1/403.txt","d78e81874b9e74112761595df7cb7c2e12a0e6b03670f2244d677e8641445c88","78"
"provengo_project/products/internal/artifacts/1/1/404.txt","08ca0d77c7eddbd59756b7af14f1d48522faec0d67b6714f2373e6cc18e89dce","2527"
"provengo_project/products/internal/artifacts/1/1/405.json","2d0efc4cea3a22c4c673b74d9c8a05ec4eadbb602ea291fcf94189b948d91565","2185"
"provengo_project/products/internal/artifacts/1/1/406.txt","46eea175258c1121abcdfdb47d109bb656d9c1a89755e5de8ca0f3c4765e7580","78"
"provengo_project/products/internal/artifacts/1/1/407.txt","0e2ddab27b9aa6c5cb13274218f58da14775ff9d1a3c351219402fb9c7e8e1eb","1899"
"provengo_project/products/internal/artifacts/1/1/408.json","baebeba4f601372056398016814992f8c7a33553c1c597232ca8e8ab0261f5d5","1557"
"provengo_project/products/internal/artifacts/1/1/409.txt","1fac3286de2ae665c8cd29662bba4a98d063fd18e7ee29ca63d121f0df615e93","78"
"provengo_project/products/internal/artifacts/1/1/41.txt","977dee7308543f0d7b6147c52831a283ce94f4492efb43b25229453947702e91","955"
"provengo_project/products/internal/artifacts/1/1/410.txt","ff4bcf5a0b1d3b35ad18b766b8292d87c99c725627a244120f2d4f7ea041208c","2783"
"provengo_project/products/internal/artifacts/1/1/411.json","205ca18d9ac54e7bab031dad1f102623e04879a4a58250b66501d3124ba3665b","2441"
"provengo_project/products/internal/artifacts/1/1/412.txt","3b960df7954920c1d8b336469bc987a32d3372c4d9fc5667d361f3728f629519","78"
"provengo_project/products/internal/artifacts/1/1/413.txt","c04e72b2b30c060c642359239ea210555ef0ffea2600c830ae7fe7068b811663","2794"
"provengo_project/products/internal/artifacts/1/1/414.json","3f69639c056ed2e9697348dfa544fc37a4d2b8f4e89b358cbd801db6ccea7b34","2452"
"provengo_project/products/internal/artifacts/1/1/415.txt","5e106d9bff853ea9631a103e8db4d6e371c489e32b7ceabdf41b10fe550ea2bc","92"
"provengo_project/products/internal/artifacts/1/1/416.txt","c1447a6fe2ecacf4e87f0fa1bf61c6de3068f07e7f6f0d6e96b8ad3226db0f11","211"
"provengo_project/products/internal/artifacts/1/1/417.txt","e3b0c44298fc1c149afbf4c8996fb92427ae41e4649b934ca495991b7852b855","0"
"provengo_project/products/internal/artifacts/1/1/418.txt","2876dbc9e18497041d37d761fd8cbe7ffeea2cd9f188336d70e4a37265f8181b","94"
"provengo_project/products/internal/artifacts/1/1/419.txt","b34dfbbcfce6f74bdbe89b06e3cd8fbd1e45cc46663a9b5809899bfe7ffe0986","211"
"provengo_project/products/internal/artifacts/1/1/42.json","089f860f228596145a48a690bacd3fb7710bbc595b439ce68cc0c48655cb45cd","710"
"provengo_project/products/internal/artifacts/1/1/420.txt","e3b0c44298fc1c149afbf4c8996fb92427ae41e4649b934ca495991b7852b855","0"
"provengo_project/products/internal/artifacts/1/1/421.txt","a7d6062a13755070d8497f23ce549506b18482d784457cc1d55aa38246ec9b68","94"
"provengo_project/products/internal/artifacts/1/1/422.txt","1ded704ead9a1bd7ad6a2d4413c5bf567ed290f5907040a4225526b1d4c298ef","211"
"provengo_project/products/internal/artifacts/1/1/423.txt","e3b0c44298fc1c149afbf4c8996fb92427ae41e4649b934ca495991b7852b855","0"
"provengo_project/products/internal/artifacts/1/1/424.txt","acab58df3621e2b6cca301c3be4cf8e524bf06fdc3aed6346cc08cfe45adf977","106"
"provengo_project/products/internal/artifacts/1/1/425.txt","de8f63fbe799408b739cc0b6387d0b09f033620a8886904b00e121eed37f1dc6","211"
"provengo_project/products/internal/artifacts/1/1/426.txt","e3b0c44298fc1c149afbf4c8996fb92427ae41e4649b934ca495991b7852b855","0"
"provengo_project/products/internal/artifacts/1/1/427.txt","0fba55aadf400eccff4ffd01e6d7ed89d11ca5660f7129c1a2b4bdf0af542dc4","107"
"provengo_project/products/internal/artifacts/1/1/428.txt","643700c9b7e1730a00a24d2614de4480587e5d15646cf6c5b984bbf448499e7f","211"
"provengo_project/products/internal/artifacts/1/1/429.txt","e3b0c44298fc1c149afbf4c8996fb92427ae41e4649b934ca495991b7852b855","0"
"provengo_project/products/internal/artifacts/1/1/43.txt","a53ac8123e16ab9828a7e52af2718fc8e95833ad4875478fa87ca9f2413f8a62","110"
"provengo_project/products/internal/artifacts/1/1/430.txt","d6c4490f34d285c4dc89574bd8324ed7751d9b6394dedc5a8b4f29322acdc64a","98"
"provengo_project/products/internal/artifacts/1/1/431.txt","a5f6c42cccb648fd8bc5de472594d9440045df3830f91e01fa7207d3ce3655c9","494"
"provengo_project/products/internal/artifacts/1/1/432.json","8f36cf0283aa377755a4fd62573e336d6f3a006b99b64b5b213a12a066939b08","249"
"provengo_project/products/internal/artifacts/1/1/433.txt","6859758b486dcfc194e8346dae36cfb4608dc9c7385af202d5b5bf03427996c6","94"
"provengo_project/products/internal/artifacts/1/1/434.txt","f413940e4ac39f1721d62536d982ec2c6a6f6bb3e598a3ffbd361d50eeba78c1","211"
"provengo_project/products/internal/artifacts/1/1/435.txt","e3b0c44298fc1c149afbf4c8996fb92427ae41e4649b934ca495991b7852b855","0"
"provengo_project/products/internal/artifacts/1/1/436.txt","0d81b619ed60f0cc8521947765583b08b0732c593510a028e6d3fa29d57d9ba8","103"
"provengo_project/products/internal/artifacts/1/1/437.txt","6e0033e2b64fcab67be8703e18c060486a3ecce2a0d439bc696bc929378bbc97","211"
"provengo_project/products/internal/artifacts/1/1/438.txt","e3b0c44298fc1c149afbf4c8996fb92427ae41e4649b934ca495991b7852b855","0"
"provengo_project/products/internal/artifacts/1/1/439.txt","ddee0512a19eb84c63958ad2479a863924465ebf22c34d98273bf03396c66698","92"
"provengo_project/products/internal/artifacts/1/1/44.txt","2b4ccd8f5e46d59a5e81e4803f612dbcf3f1a3719d7f9fc21ece3acea811e613","955"
"provengo_project/products/internal/artifacts/1/1/440.txt","546a3fa4ba432b12345861ef187708df193ffadd00b9204ba31f2dcf2bd15c81","211"
"provengo_project/products/internal/artifacts/1/1/441.txt","e3b0c44298fc1c149afbf4c8996fb92427ae41e4649b934ca495991b7852b855","0"
"provengo_project/products/internal/artifacts/1/1/442.txt","78eed22f19fe94126559be5254a2f84c9a5954e6ea328ade83b4b471f1dc5011","92"
"provengo_project/products/internal/artifacts/1/1/443.txt","4ed074eb7aeb692f93c293438fd6248f577517713ed98993ed0b62e9b4628c0e","211"
"provengo_project/products/internal/artifacts/1/1/444.txt","e3b0c44298fc1c149afbf4c8996fb92427ae41e4649b934ca495991b7852b855","0"
"provengo_project/products/internal/artifacts/1/1/445.txt","62b237a5ce9b70dd796119ef5c3e17366daf6e6a6af7f8d2740fa0c641bcfcdd","103"
"provengo_project/products/internal/artifacts/1/1/446.txt","a714365687056d669bd8e005cd6315b5b37dfaa597051bdfdaeaeed4f7fb83d6","1949"
"provengo_project/products/internal/artifacts/1/1/447.json","29d9e3b252a1813cbafa9de0c5dcda01e01d3298ebdf3f5bd81ddec81559e19e","1646"
"provengo_project/products/internal/artifacts/1/1/448.txt","2fd2fdc9123630ec52073119ab4b69d4c966f0bcf1154c5a2fbab68c01e86bb5","103"
"provengo_project/products/internal/artifacts/1/1/449.txt","e654e28b4b00c51aae3f403f31ee4852eecb0af55a0b546f0871d92ead3c3803","211"
"provengo_project/products/internal/artifacts/1/1/45.json","095f6e65b71aed4f19eb7fa04f6ad6255cbe946e6ccb6af1dc1b03259b090b3d","710"
"provengo_project/products/internal/artifacts/1/1/450.txt","e3b0c44298fc1c149afbf4c8996fb92427ae41e4649b934ca495991b7852b855","0"
"provengo_project/products/internal/artifacts/1/1/451.txt","5a371b51f1a18ed19b8b9697b43b5022c167e7069c90932baade0f270d41b322","98"
"provengo_project/products/internal/artifacts/1/1/452.txt","e974b0c467b24e8e2ccf0377a09883fb472f9953cf26312f53201fad7e32840a","494"
"provengo_project/products/internal/artifacts/1/1/453.json","e32bd0fb8e39b2ba7793aa6f2fb0701c87f36983e2433b327760a43c2db3a298","249"
"provengo_project/products/internal/artifacts/1/1/454.txt","73800404cf857a1c5facc4cb4ad4c0ca6a9d42df9b2c7db0d858236b34d9047f","98"
"provengo_project/products/internal/artifacts/1/1/455.txt","e3f13656b703f94566f99cf2cb6836f3ebcb68d3789fec10b862268ad2742a60","494"
"provengo_project/products/internal/artifacts/1/1/456.json","b063d34f3c5a1dd4c9cdd9632f9d662c77f2cfe89be322e4b4e79a1a7121f6ef","249"
"provengo_project/products/internal/artifacts/1/1/457.txt","a97537924ee95bc6c0072f970a329efbc48e7da3a756e31e561f6a88fac33aed","106"
"provengo_project/products/internal/artifacts/1/1/458.txt","27844c14ee0cf8f1b987c568e4fc2b2524ea54216db48421283a48bea0044dcb","211"
"provengo_project/products/internal/artifacts/1/1/459.txt","e3b0c44298fc1c149afbf4c8996fb92427ae41e4649b934ca495991b7852b855","0"
"provengo_project/products/internal/artifacts/1/1/46.txt","baaac392e50d4da1ffe27e1972041451a777358eb5bcabba243256d80a8b9986","46"
"provengo_project/products/internal/artifacts/1/1/460.txt","2208b04a5434f5749c1b667fc2493352dfad29e3f2cc88bc5415da11e12b2440","80"
"provengo_project/products/internal/artifacts/1/1/461.txt","3edbd55c96d671d9551ffec51182f80ca611c78cc86829ab9ac36bb95f76d5f1","1962"
"provengo_project/products/internal/artifacts/1/1/462.json","7bc1ae59f8203ddd9476b22e6f9f4cccbe0bcde867344088942ed12e17a934c0","1651"
"provengo_project/products/internal/artifacts/1/1/463.txt","fb88e87c66edcb7a06eb4ba625f0cc25e88ad34b2a6406ad58801b0c879fcc51","47"
"provengo_project/products/internal/artifacts/1/1/464.txt","64eb713b8e7a8585be5500fcbb4ecfb0f05ab34392aea04883c3133d890ba055","675"
"provengo_project/products/internal/artifacts/1/1/465.json","d40f962b5db55176f7f02c846f6bafa6b4456c8b0cafd6e6ad6ed1b8d58471e3","336"
"provengo_project/products/internal/artifacts/1/1/466.txt","f54d3e5fb7de24ccefb24530f7a2cfeee78a3ca04c89dfbdf49443110b6837f9","94"
"provengo_project/products/internal/artifacts/1/1/467.txt","df54bd8bc6cb716f25864ffaf6639af610e73133ed4e9b79498953e289084980","211"
"provengo_project/products/internal/artifacts/1/1/468.txt","e3b0c44298fc1c149afbf4c8996fb92427ae41e4649b934ca495991b7852b855","0"
"provengo_project/products/internal/artifacts/1/1/469.txt","99b18dda4f6ed65d3d29ce2db166c5a12f29fc721aa4b4441d24d1ea6d12d893","91"
"provengo_project/products/internal/artifacts/1/1/47.txt","cc8da75fc19a4488c08091d36dfe631906d981a63c8d685ad4fafe17a8efc1be","1211"
"provengo_project/products/internal/artifacts/1/1/470.txt","549672274ce0997772e68db550908e3ff4c8c5ba49d5a789f5c3c0e3d621d6bf","483"
"provengo_project/products/internal/artifacts/1/1/471","1292657051cc8bc54de0c9120f6f4d2f2a67eb61c130b9e53e44235441c3d147","163"
"provengo_project/products/internal/artifacts/1/1/472.txt","06211359316910cb9dfa2192118799547caea86548113756a462e53314f54a25","47"
"provengo_project/products/internal/artifacts/1/1/473.txt","c4e5270951d58c1f00a8c44f6eafada27c0dda99036e97ee2d9d7f2648e867f9","675"
"provengo_project/products/internal/artifacts/1/1/474.json","056e3e14bcd32466c51db94dcc95842c51d4046bbaa84f01bd741d0c7e76fb28","336"
"provengo_project/products/internal/artifacts/1/1/475.txt","903802bd9084876e4dd33952ec8eeb87a133bf4a660e3b0acb01817f5e8d7f90","46"
"provengo_project/products/internal/artifacts/1/1/476.txt","a99cf9921286ee4b2ec078f8d1fbb5217f54977725f520921f61af00c33c1247","1254"
"provengo_project/products/internal/artifacts/1/1/477.json","8d9ab53c0d7ce53c380a5feed103472b7251700357d79f9169b371bac02dd641","913"
"provengo_project/products/internal/artifacts/1/1/478.txt","02a4fe229ef4c0bbb94a6724da34935ea2a83a90a6df6c4fbef9c3485316bbc1","91"
"provengo_project/products/internal/artifacts/1/1/479.txt","58989af785953a7f8c4032234b0746d1decbd2777b8b62066d6fc053cf2152f4","483"
"provengo_project/products/internal/artifacts/1/1/48.json","b39932bd548395f765c6b2573d62662c78f4262213917da7692ab94f50de703a","870"
"provengo_project/products/internal/artifacts/1/1/480","1292657051cc8bc54de0c9120f6f4d2f2a67eb61c130b9e53e44235441c3d147","163"
"provengo_project/products/internal/artifacts/1/1/481.txt","8287c64706bb177b7da4a5ce4b10560628bbaabc3105564adc0f5fa35dd3e7f8","46"
"provengo_project/products/internal/artifacts/1/1/482.txt","08afe1a1d95aed0cfbd63fc778b45e8d53d2c636cf72c749fea929f1fdb29c40","1254"
"provengo_project/products/internal/artifacts/1/1/483.json","b39ba82d9c7d3401cb86c677f6ce692d104d0d3af17229d885a21f4ecad102a9","913"
"provengo_project/products/internal/artifacts/1/1/484.txt","56894c6edfdbb847d32909d60bd4629cef64df99f53a44bd51638890a5eec5f9","46"
"provengo_project/products/internal/artifacts/1/1/485.txt","0b6b7afc2befa3633fa280575ece719257b710b41fed4e4cf6e9a27d7cd7702f","1254"
"provengo_project/products/internal/artifacts/1/1/486.json","9f4aa2b37d65e94d826c5805e40d601e91cf40d3114d50815dd66c97ab1fccb9","913"
"provengo_project/products/internal/artifacts/1/1/487.txt","0ce4b496b1909084411c90239936e0187de11d4a25293df489face15f13f9b07","46"
"provengo_project/products/internal/artifacts/1/1/488.txt","e1346c2e6d2ccfac8417087645ce3b02a90d53f3469f7bbafb5bce6470022e0e","1254"
"provengo_project/products/internal/artifacts/1/1/489.json","5d38990b3aa00a3efa0de29cce5a613ee64aa728449026055fdf8f9733aa36ec","913"
"provengo_project/products/internal/artifacts/1/1/49.txt","2ce22add4d4d383cf5744802f17272b38fa2f509e370b6a59b26b326202ed7c4","86"
"provengo_project/products/internal/artifacts/1/1/490.txt","bdada7853da6e172aa522b1a69af48eebc6cb2d80626c103a580f813c60f0d8a","91"
"provengo_project/products/internal/artifacts/1/1/491.txt","d612af7216f5bf9ad2c0eca38a8bbce18374ebe4c6aef4496adfe9f697d9341b","483"
"provengo_project/products/internal/artifacts/1/1/492","1292657051cc8bc54de0c9120f6f4d2f2a67eb61c130b9e53e44235441c3d147","163"
"provengo_project/products/internal/artifacts/1/1/493.txt","99b18dda4f6ed65d3d29ce2db166c5a12f29fc721aa4b4441d24d1ea6d12d893","91"
"provengo_project/products/internal/artifacts/1/1/494.txt","8263c2cd3996361f42d237986c9154f2e016bec9f91717a1ca1725b524b9a506","483"
"provengo_project/products/internal/artifacts/1/1/495","1292657051cc8bc54de0c9120f6f4d2f2a67eb61c130b9e53e44235441c3d147","163"
"provengo_project/products/internal/artifacts/1/1/496.txt","2b956f2aec322fed8d3528057ef9d37d29f4ce4c1122159cf0f07acaa0a8aaa4","91"
"provengo_project/products/internal/artifacts/1/1/497.txt","c7697ff207a7e9fabca381ed5806b5d426fb039a4413391376458487d025e6bd","483"
"provengo_project/products/internal/artifacts/1/1/498","1292657051cc8bc54de0c9120f6f4d2f2a67eb61c130b9e53e44235441c3d147","163"
"provengo_project/products/internal/artifacts/1/1/499.txt","baaac392e50d4da1ffe27e1972041451a777358eb5bcabba243256d80a8b9986","46"
"provengo_project/products/internal/artifacts/1/1/5.txt","2989bf502b9bf7762f4149a671f467534175de3cef8bda76ccd58c82bbc47a00","1951"
"provengo_project/products/internal/artifacts/1/1/50.txt","e7bb1e19337bdd0d0c9bb88d45a4373f80362ecffb3e47005fa850c271811a1f","480"
"provengo_project/products/internal/artifacts/1/1/500.txt","0e14875aeb027a0e3d5a86e14ef81e3b101343f300311b4dc50243ebbc105d9d","1252"
"provengo_project/products/internal/artifacts/1/1/501.json","e215f1434f415a7e6cab931fab7b6fab32807d5811b0355d19958ebea69747b0","911"
"provengo_project/products/internal/artifacts/1/1/502.txt","fd30f70e5900bae989fa778622032091ec3cdc6e9df998e99cd9b8b08e4d243d","85"
"provengo_project/products/internal/artifacts/1/1/503.txt","e5f96a328142f25af21e7b47d820404ec3878dd5361c9a4f63ab81e9bf7d17c4","460"
"provengo_project/products/internal/artifacts/1/1/504.json","be5cde8432cd0cd9bdcee53d32db8fb244796bc5b6a5140d0966b9c002550535","141"
"provengo_project/products/internal/artifacts/1/1/505.txt","d6bb832e08747769035243319cd27a8d884c84ce4c84d4831f39c893f9a5cf74","47"
"provengo_project/products/internal/artifacts/1/1/506.txt","8caeb37e226ab9bce090b4a0f9e7d62adf1627e8512b46ed9afd7e3add64c27e","675"
"provengo_project/products/internal/artifacts/1/1/507.json","3a850026f884281ec0098eb4080715d4cdb0dd99d7ced321c091ed9f3cae768d","336"
"provengo_project/products/internal/artifacts/1/1/508.txt","a97537924ee95bc6c0072f970a329efbc48e7da3a756e31e561f6a88fac33aed","106"
"provengo_project/products/internal/artifacts/1/1/509.txt","522339b3e4f1cf18c32e12305d73602f5b5558d5da27ccf68edea917b1ecd83f","484"
"provengo_project/products/internal/artifacts/1/1/51","6aa6557d935d2ab82b41d5c31cc9946b31aea19c1b02b23109e5d6b94c226dbf","160"
"provengo_project/products/internal/artifacts/1/1/510","4d8a91176c1b14a17c7b424a316a755633a25e0d4b292966886244400ed31d6b","164"
"provengo_project/products/internal/artifacts/1/1/511.txt","bdada7853da6e172aa522b1a69af48eebc6cb2d80626c103a580f813c60f0d8a","91"
"provengo_project/products/internal/artifacts/1/1/512.txt","d59050176662c4afc8589680a4feda502002f3e6ea8aa0ad0fb365602b4bb457","483"
"provengo_project/products/internal/artifacts/1/1/513","1292657051cc8bc54de0c9120f6f4d2f2a67eb61c130b9e53e44235441c3d147","163"
"provengo_project/products/internal/artifacts/1/1/514.txt","0d81b619ed60f0cc8521947765583b08b0732c593510a028e6d3fa29d57d9ba8","103"
"provengo_project/products/internal/artifacts/1/1/515.txt","9a09df77791cbb05a9d10d0f6d4fe2d6a45957977a62cdf174dcc70ac8a2b92a","484"
"provengo_project/products/internal/artifacts/1/1/516","4d8a91176c1b14a17c7b424a316a755633a25e0d4b292966886244400ed31d6b","164"
"provengo_project/products/internal/artifacts/1/1/517.txt","2fd2fdc9123630ec52073119ab4b69d4c966f0bcf1154c5a2fbab68c01e86bb5","103"
"provengo_project/products/internal/artifacts/1/1/518.txt","67aab0fa381ad37bd1f39879bcb619b6070cdb6f1bf081ab8eb74f23d3b38912","484"
"provengo_project/products/internal/artifacts/1/1/519","4d8a91176c1b14a17c7b424a316a755633a25e0d4b292966886244400ed31d6b","164"
"provengo_project/products/internal/artifacts/1/1/52.txt","9cefcf3aca2db4ba5440e639056e29c9f26dfa9b61d9cdd434f09acedfebcbf9","46"
"provengo_project/products/internal/artifacts/1/1/520.txt","3b960df7954920c1d8b336469bc987a32d3372c4d9fc5667d361f3728f629519","78"
"provengo_project/products/internal/artifacts/1/1/521.txt","78c2917f5e5b1d3d930690e1ec8f2f47764771f74cfe3e9ace27ac873b223716","1254"
"provengo_project/products/internal/artifacts/1/1/522.json","8d9ab53c0d7ce53c380a5feed103472b7251700357d79f9169b371bac02dd641","913"
"provengo_project/products/internal/artifacts/1/1/523.txt","95228b24b4e80a99fe7d65345d639a61765c3052ac78d2755ffa1033df76ee4a","123"
"provengo_project/products/internal/artifacts/1/1/524.txt","bae8e1167097a61767addd744aff08fe7127c1a3101627e244fdbb9497324136","483"
"provengo_project/products/internal/artifacts/1/1/525","1292657051cc8bc54de0c9120f6f4d2f2a67eb61c130b9e53e44235441c3d147","163"
"provengo_project/products/internal/artifacts/1/1/526.txt","acab58df3621e2b6cca301c3be4cf8e524bf06fdc3aed6346cc08cfe45adf977","106"
"provengo_project/products/internal/artifacts/1/1/527.txt","f2824a5b9a1810b2eb39fe82fc26e0b68b516d8949885fb5ff1737481c579805","484"
"provengo_project/products/internal/artifacts/1/1/528","4d8a91176c1b14a17c7b424a316a755633a25e0d4b292966886244400ed31d6b","164"
"provengo_project/products/internal/artifacts/1/1/529.txt","2b17ec0eec3f69f0e48e1585ae5636937b5ca4093c11ba523a3722b86dbb3175","123"
"provengo_project/products/internal/artifacts/1/1/53.txt","a6290b1587d35fa0d5ed92a13e305fcd3c1155980143c68027a89f13a8fd6451","1209"
"provengo_project/products/internal/artifacts/1/1/530.txt","0d9bb319a58235a0c548eef444765c1b58c7e206205bced7082d5de5ab53d077","483"
"provengo_project/products/internal/artifacts/1/1/531","1292657051cc8bc54de0c9120f6f4d2f2a67eb61c130b9e53e44235441c3d147","163"
"provengo_project/products/internal/artifacts/1/1/532.txt","32bf5d4f93272e520dc10452d6daecf67caab525fc6c8486b6bb4b4a91e3b138","78"
"provengo_project/products/internal/artifacts/1/1/533.txt","d7cc1cc96ec551b1832fcb0470e6c46cb3604b053715161a018ed342be8299f8","1252"
"provengo_project/products/internal/artifacts/1/1/534.json","e215f1434f415a7e6cab931fab7b6fab32807d5811b0355d19958ebea69747b0","911"
"provengo_project/products/internal/artifacts/1/1/535.txt","a7d6062a13755070d8497f23ce549506b18482d784457cc1d55aa38246ec9b68","94"
"provengo_project/products/internal/artifacts/1/1/536.txt","f7bc8bbdf4f96eaa08299894c83e16d3a296c1295a14c57156b309704a155656","483"
"provengo_project/products/internal/artifacts/1/1/537","1292657051cc8bc54de0c9120f6f4d2f2a67eb61c130b9e53e44235441c3d147","163"
"provengo_project/products/internal/artifacts/1/1/538.txt","bd136e8d2c67ee1055a275b599c6b43181f2f256fc305640a18ad05c524ea149","85"
"provengo_project/products/internal/artifacts/1/1/539.txt","825f758753b99cbbcabd14368888ca6d912262d1ad9deb4fc644fa19d981e09a","460"
"provengo_project/products/internal/artifacts/1/1/54.json","b4b58f3e261f13df24a04045340e3cb93ca6f99bec7553a79a926fc2b66d16f6","868"
"provengo_project/products/internal/artifacts/1/1/540.json","be5cde8432cd0cd9bdcee53d32db8fb244796bc5b6a5140d0966b9c002550535","141"
"provengo_project/products/internal/artifacts/1/1/541.txt","d78e81874b9e74112761595df7cb7c2e12a0e6b03670f2244d677e8641445c88","78"
"provengo_project/products/internal/artifacts/1/1/542.txt","fae88f92b70adad10d83e54f1322d2ef937d57bf789bc7af70845ea4d4541bab","1254"
"provengo_project/products/internal/artifacts/1/1/543.json","9f4aa2b37d65e94d826c5805e40d601e91cf40d3114d50815dd66c97ab1fccb9","913"
"provengo_project/products/internal/artifacts/1/1/544.txt","1fac3286de2ae665c8cd29662bba4a98d063fd18e7ee29ca63d121f0df615e93","78"
"provengo_project/products/internal/artifacts/1/1/545.txt","4e548c10b500c58913484bf1f4376752be3d4a7fd49cd2baac9358872d3746ef","1254"
"provengo_project/products/internal/artifacts/1/1/546.json","b39ba82d9c7d3401cb86c677f6ce692d104d0d3af17229d885a21f4ecad102a9","913"
"provengo_project/products/internal/artifacts/1/1/547.txt","de39de1958b38765cf896b812e04f59f2d67050da96ae95d6bb980c7b8bc763a","85"
"provengo_project/products/internal/artifacts/1/1/548.txt","16eaec8c080578dd8198b628602951cac9f57602b3fbf8a755e1111ba78d916f","460"
"provengo_project/products/internal/artifacts/1/1/549.json","be5cde8432cd0cd9bdcee53d32db8fb244796bc5b6a5140d0966b9c002550535","141"
"provengo_project/products/internal/artifacts/1/1/55.txt","b17dde805d2f957c089ff5c70fa56edc5b230a4282d8aac9bd975453a62e7910","85"
"provengo_project/products/internal/artifacts/1/1/550.txt","2876dbc9e18497041d37d761fd8cbe7ffeea2cd9f188336d70e4a37265f8181b","94"
"provengo_project/products/internal/artifacts/1/1/551.txt","26d569cbb428d33b75c6eb37bb1ef940e3b15e0e5b88160c711feeafd76302e7","483"
"provengo_project/products/internal/artifacts/1/1/552","1292657051cc8bc54de0c9120f6f4d2f2a67eb61c130b9e53e44235441c3d147","163"
"provengo_project/products/internal/artifacts/1/1/553.txt","2b956f2aec322fed8d3528057ef9d37d29f4ce4c1122159cf0f07acaa0a8aaa4","91"
"provengo_project/products/internal/artifacts/1/1/554.txt","514bbde5cd4968de3afa5696d8009d28902a459cbd4e2c7363cf70b71b69b13d","483"
"provengo_project/products/internal/artifacts/1/1/555","1292657051cc8bc54de0c9120f6f4d2f2a67eb61c130b9e53e44235441c3d147","163"
"provengo_project/products/internal/artifacts/1/1/556.txt","14b81e9d5aada9d106ce73d21c6b18bc16f50dca5b4a6c9163a801ce3bf2628a","123"
"provengo_project/products/internal/artifacts/1/1/557.txt","1fccda51aa5744d20d160175f7b6b98c6236848fb8a0c603d16d874158dd6c23","483"
"provengo_project/products/internal/artifacts/1/1/558","1292657051cc8bc54de0c9120f6f4d2f2a67eb61c130b9e53e44235441c3d147","163"
"provengo_project/products/internal/artifacts/1/1/559.txt","541f94124ea84fcddae4fad6cb14ad476fe699937b475a7eff0be3e335991d5a","82"
"provengo_project/products/internal/artifacts/1/1/56.txt","4205296df43dc5346d84e25c4eb78893d63cc311486b55ac146b0ee32efeb088","475"
"provengo_project/products/internal/artifacts/1/1/560.txt","58f1768b0c1b8192fed31bb49eba9011ac6e7cdd89b14350b97401c0d5e2e42b","211"
"provengo_project/products/internal/artifacts/1/1/561.txt","e3b0c44298fc1c149afbf4c8996fb92427ae41e4649b934ca495991b7852b855","0"
"provengo_project/products/internal/artifacts/1/1/562.txt","e8940411cc4046b2c9255c97bb18eb9cac08d516880bc2fd0337b061a8137bb2","82"
"provengo_project/products/internal/artifacts/1/1/563.txt","334282e2bc84da6f30f7c91e2167f24cd56ad5179410d2331c699541bebab818","211"
"provengo_project/products/internal/artifacts/1/1/564.txt","e3b0c44298fc1c149afbf4c8996fb92427ae41e4649b934ca495991b7852b855","0"
"provengo_project/products/internal/artifacts/1/1/565.txt","f54d3e5fb7de24ccefb24530f7a2cfeee78a3ca04c89dfbdf49443110b6837f9","94"
"provengo_project/products/internal/artifacts/1/1/566.txt","a25ff6a19cc515c3a574bdc42f8f03dafd23449e36ed835b0e33d0f6de0adb6c","483"
"provengo_project/products/internal/artifacts/1/1/567","1292657051cc8bc54de0c9120f6f4d2f2a67eb61c130b9e53e44235441c3d147","163"
"provengo_project/products/internal/artifacts/1/1/568.txt","02a4fe229ef4c0bbb94a6724da34935ea2a83a90a6df6c4fbef9c3485316bbc1","91"
"provengo_project/products/internal/artifacts/1/1/569.txt","12923fb49364882ea0acb017c12b9dca60c1ebe51566501c39b4c3081734280f","483"
"provengo_project/products/internal/artifacts/1/1/57","280e57409ea85f059c98bae40f8d47eb7d383aa45eb25ac61f2021699a1d08df","155"
"provengo_project/products/internal/artifacts/1/1/570","1292657051cc8bc54de0c9120f6f4d2f2a67eb61c130b9e53e44235441c3d147","163"
"provengo_project/products/internal/artifacts/1/1/571.txt","17049f2ba505c18ed31ad294cd5856cb5898a9d154ae60a5dc67b65b5d2cf0d9","113"
"provengo_project/products/internal/artifacts/1/1/572.txt","60acc135a00f89a422cd7a3c22c2e73a97ad7546767f012e8ca068bc315b3d7e","838"
"provengo_project/products/internal/artifacts/1/1/573.json","ee6fce661947dfe3316d192a384413a0b2919d39af23cbcecc10862a622c5a17","593"
"provengo_project/products/internal/artifacts/1/1/574.txt","ad10090029ee95d06de21bf5def80903c361886c311112370b2f2ea40c2cfcd5","113"
"provengo_project/products/internal/artifacts/1/1/575.txt","bd2f30e3c219c870040d377b0a4be39446ccd2290f62c083a76a90b8679e675d","838"
"provengo_project/products/internal/artifacts/1/1/576.json","21915d564c1eb3ec238416cc41da8a6631ea3e725ce1edbe225c8257718d0044","593"
"provengo_project/products/internal/artifacts/1/1/577.txt","4883c86006eb0401f81a4caa522f38ae2080659b5c0c2b70d9079316486c7d3c","82"
"provengo_project/products/internal/artifacts/1/1/578.txt","1acde9f7b6ff43ffbcea857bff3204f49c5cd158e5cfdd8fc339fe2a84098616","211"
"provengo_project/products/internal/artifacts/1/1/579.txt","e3b0c44298fc1c149afbf4c8996fb92427ae41e4649b934ca495991b7852b855","0"
"provengo_project/products/internal/artifacts/1/1/58.txt","fb88e87c66edcb7a06eb4ba625f0cc25e88ad34b2a6406ad58801b0c879fcc51","47"
"provengo_project/products/internal/artifacts/1/1/580.txt","a86fe892f11a340ccba830d3e6e0e31fc53efe49605722b93f3e7bc376004f1b","113"
"provengo_project/products/internal/artifacts/1/1/581.txt","3645dc274b1f8455afc0ad940a61890c23ab35307a6264c755fbc25704b9e6cf","838"
"provengo_project/products/internal/artifacts/1/1/582.json","ebc49a6f34f25e2c918933b84b8fa25e621d9995b3088f1734ae2950a9f40e08","593"
"provengo_project/products/internal/artifacts/1/1/583.txt","0fba55aadf400eccff4ffd01e6d7ed89d11ca5660f7129c1a2b4bdf0af542dc4","107"
"provengo_project/products/internal/artifacts/1/1/584.txt","d14c58e1f3a535cfede8ad58cc79c02752a78a791e50de3291531d8988beb78d","484"
"provengo_project/products/internal/artifacts/1/1/585","4d8a91176c1b14a17c7b424a316a755633a25e0d4b292966886244400ed31d6b","164"
"provengo_project/products/internal/artifacts/1/1/586.txt","fc4e57f9d174c429dcf6870fe300ba6b3f84b18638f8cdcf52a7e86cad7f8bd8","111"
"provengo_project/products/internal/artifacts/1/1/587.txt","5202040f38bf30d90ba7cff9d8bf47cd9722c32adad03a436b45011075005b34","836"
"provengo_project/products/internal/artifacts/1/1/588.json","703e4844109d6e442deab1936f67a6dbc285a083ea8c42f24ed840d79f73bf2d","591"
"provengo_project/products/internal/artifacts/1/1/589.txt","efbdbf79848103ceeb4c8d51edb289bb05cf80850abeb1a91655f5f62ef87146","123"
"provengo_project/products/internal/artifacts/1/1/59.txt","de751f40ccb34b19d8a9b9b48bc73a3e90296861ba3507829c836470ee27ac78","679"
"provengo_project/products/internal/artifacts/1/1/590.txt","66c74f846e7e3fe2789fb198684909250d9a02e1d5a8de0247291fe8259fdf03","483"
"provengo_project/products/internal/artifacts/1/1/591","1292657051cc8bc54de0c9120f6f4d2f2a67eb61c130b9e53e44235441c3d147","163"
"provengo_project/products/internal/artifacts/1/1/592.txt","eae66c74528fcf940d20ef6d1a5d7c900abf48836d1f17a92b72d82882c42995","113"
"provengo_project/products/internal/artifacts/1/1/593.txt","86786c6419f7ad41b7d885dde09c3838ca410bfa36ab5c8ca7105ed5600d02fd","838"
"provengo_project/products/internal/artifacts/1/1/594.json","b9b6fb1633f360e8e985298fd8bd036874b515a3c8f5e82138cf055e0bb93baa","593"
"provengo_project/products/internal/artifacts/1/1/595.txt","6859758b486dcfc194e8346dae36cfb4608dc9c7385af202d5b5bf03427996c6","94"
"provengo_project/products/internal/artifacts/1/1/596.txt","5165eb133485a73667f64b7e80ae59074f3bc4f5103d96cd4e7f790a2a515ea8","483"
"provengo_project/products/internal/artifacts/1/1/597","1292657051cc8bc54de0c9120f6f4d2f2a67eb61c130b9e53e44235441c3d147","163"
"provengo_project/products/internal/artifacts/1/1/598.txt","f31c105455e068bce1eade4f03827554692bfef67b348bf6951c1d762e784273","79"
"provengo_project/products/internal/artifacts/1/1/599.txt","9603973e9cd2fd32d35b7bb55f216555634e7ce28775e5ac6b80b757e93c1fa5","480"
"provengo_project/products/internal/artifacts/1/1/6.json","beafcf58fac354459b10e47a579eb84f1128c5706815e498280f973b94422f58","1640"
"provengo_project/products/internal/artifacts/1/1/60.json","2c9397a81261e65f242b85af3df8eb7634979d2184e98e51e5c1e3931a4b8bd3","340"
"provengo_project/products/internal/artifacts/1/1/600","6aa6557d935d2ab82b41d5c31cc9946b31aea19c1b02b23109e5d6b94c226dbf","160"
"provengo_project/products/internal/artifacts/1/1/601.txt","56894c6edfdbb847d32909d60bd4629cef64df99f53a44bd51638890a5eec5f9","46"
"provengo_project/products/internal/artifacts/1/1/602.txt","fa28fd56b60f5c88a4a6325af3bdada439510f06a19f0ca66fccdf68339f572f","1210"
"provengo_project/products/internal/artifacts/1/1/603.json","cfc87e4ec5a33ca1b6ee94133e048206ac1848c0cd13c5da3501adbd048ec17b","869"
"provengo_project/products/internal/artifacts/1/1/604.txt","dd14a74a9647c431176b4a42d8956b7ccd0cad34b18f0b4c91bef3cdf8c205b1","79"
"provengo_project/products/internal/artifacts/1/1/605.txt","1a8b0c24907fc52bba07ba98fe6904ca84790cf5b2b932d13339d3e905e6d022","480"
"provengo_project/products/internal/artifacts/1/1/606","6aa6557d935d2ab82b41d5c31cc9946b31aea19c1b02b23109e5d6b94c226dbf","160"
"provengo_project/products/internal/artifacts/1/1/607.txt","d1a6ef6433310f9656676625b1f014e9c254430b85af0840418f466a09b48776","113"
"provengo_project/products/internal/artifacts/1/1/608.txt","3d1eb30a85d8b16ed21ae98ed621ba57d25c6b098a5aa8a74ef6b26c5b74e6ef","838"
"provengo_project/products/internal/artifacts/1/1/609.json","b2338558f099de248113b67f33e546ac69316858d28290fa15c35a0a6882ebb2","593"
"provengo_project/products/internal/artifacts/1/1/61.txt","393bba1c9302a2833fcb9ee081ee89f91944f58bbda0d89a32a411e28eb8f93b","110"
"provengo_project/products/internal/artifacts/1/1/610.txt","903802bd9084876e4dd33952ec8eeb87a133bf4a660e3b0acb01817f5e8d7f90","46"
"provengo_project/products/internal/artifacts/1/1/611.txt","5bead1f27c34467eb881ef627a7c7163d90fb8b22d2d77f638afb07fbb36f921","1210"
"provengo_project/products/internal/artifacts/1/1/612.json","6e324b0c394f7adb40bbf902b585c6e7a499df07e1a6bab77083ebc47853cf6a","869"
"provengo_project/products/internal/artifacts/1/1/613.txt","b0eba24eb4c32a4dd3681469549b7ae8b0e960f155b5ca474510d97f2f05f6dc","78"
"provengo_project/products/internal/artifacts/1/1/614.txt","86d03d991812ff36060cdcac1f1435f81886dda4a73e691f36a1a84bc436f5eb","1210"
"provengo_project/products/internal/artifacts/1/1/615.json","310fbf9e6c1fce4d94567a463ebcfbcedacb33d2f3dcdcd90c5a47497672e08f","869"
"provengo_project/products/internal/artifacts/1/1/616.txt","edff41471c259795162966c7a64f897c88f70b1cb081a32ec634502adecf9652","79"
"provengo_project/products/internal/artifacts/1/1/617.txt","6a803155eb453ae02fcb210be2a50d4d991c4e744307ef0c770520eb7a524dfb","480"
"provengo_project/products/internal/artifacts/1/1/618","6aa6557d935d2ab82b41d5c31cc9946b31aea19c1b02b23109e5d6b94c226dbf","160"
"provengo_project/products/internal/artifacts/1/1/619.txt","0ce4b496b1909084411c90239936e0187de11d4a25293df489face15f13f9b07","46"
"provengo_project/products/internal/artifacts/1/1/62.txt","6b50354f111f6077d8a2e18406508e15d1dfcdc006f5c2c656616b8af5d126af","955"
"provengo_project/products/internal/artifacts/1/1/620.txt","06b3f4df909b5cdb79fd9f2d22aa7ec8f1900d5062064842d50dd52b59419fca","1210"
"provengo_project/products/internal/artifacts/1/1/621.json","310fbf9e6c1fce4d94567a463ebcfbcedacb33d2f3dcdcd90c5a47497672e08f","869"
"provengo_project/products/internal/artifacts/1/1/622.txt","8287c64706bb177b7da4a5ce4b10560628bbaabc3105564adc0f5fa35dd3e7f8","46"
"provengo_project/products/internal/artifacts/1/1/623.txt","47f8e6640e2152aec4cbae692ca845dc2c8d9f79874420d082473a8db7f1dd20","1210"
"provengo_project/products/internal/artifacts/1/1/624.json","6113b9d661f1e59e818a34d0f8dafbbbab2781b1a2749c2ef72776b177101faf","869"
"provengo_project/products/internal/artifacts/1/1/625.txt","dd14a74a9647c431176b4a42d8956b7ccd0cad34b18f0b4c91bef3cdf8c205b1","79"
"provengo_project/products/internal/artifacts/1/1/626.txt","8ee6bdcca22b4f7c223c0125d8b5d7e537411d74a6cbf7306d477107679470d8","480"
"provengo_project/products/internal/artifacts/1/1/627","6aa6557d935d2ab82b41d5c31cc9946b31aea19c1b02b23109e5d6b94c226dbf","160"
"provengo_project/products/internal/artifacts/1/1/628.txt","baaac392e50d4da1ffe27e1972041451a777358eb5bcabba243256d80a8b9986","46"
"provengo_project/products/internal/artifacts/1/1/629.txt","4c4a6a14982548d43cf3a626783a116da64db7d23f50f0a08a4458295f19e882","1210"
"provengo_project/products/internal/artifacts/1/1/63.json","3db38e45946bcee09887d1aeb75c885b8c3d1f8fccf824f1048394789b8bbae4","710"
"provengo_project/products/internal/artifacts/1/1/630.json","9cc9ad3413f9bf8cd3bbd91a0fa504fa0379bcf1609a250eccb7c0a1f0b278e0","869"
"provengo_project/products/internal/artifacts/1/1/631.txt","8e2fef67b2070df3483b7936f1508da28abfa11f0fff77c90c42a0c04cc0caed","107"
"provengo_project/products/internal/artifacts/1/1/632.txt","8b1fdb4ef739832c5954720bf2ac914f2e2bfd9300dca4dbfbcbe28955e2839a","477"
"provengo_project/products/internal/artifacts/1/1/633","853a7a90af1a61b7c607f5ea78022e5f0b6598344f7f7ab3eaf3088b25570975","157"
"provengo_project/products/internal/artifacts/1/1/634.txt","9cefcf3aca2db4ba5440e639056e29c9f26dfa9b61d9cdd434f09acedfebcbf9","46"
"provengo_project/products/internal/artifacts/1/1/635.txt","893cba9a1f9932b7b93c7a6ed25edc9103a8ebd784f3e6ea096a53176f512d8a","1208"
"provengo_project/products/internal/artifacts/1/1/636.json","a1d70f772ba6f20ef043c0a61cd0e8984d40bcf41451db047b81f50c70f4abb3","867"
"provengo_project/products/internal/artifacts/1/1/637.txt","f31c105455e068bce1eade4f03827554692bfef67b348bf6951c1d762e784273","79"
"provengo_project/products/internal/artifacts/1/1/638.txt","47626070f82c732e6934d4aa75b4bd174610280d97d88dc3845a8f489bda3c32","480"
"provengo_project/products/internal/artifacts/1/1/639","6aa6557d935d2ab82b41d5c31cc9946b31aea19c1b02b23109e5d6b94c226dbf","160"
"provengo_project/products/internal/artifacts/1/1/64.txt","06211359316910cb9dfa2192118799547caea86548113756a462e53314f54a25","47"
"provengo_project/products/internal/artifacts/1/1/640.txt","e8940411cc4046b2c9255c97bb18eb9cac08d516880bc2fd0337b061a8137bb2","82"
"provengo_project/products/internal/artifacts/1/1/641.txt","69512927a14976a90c4f98d486ab7e0f234f289bda0b32875c10e5858ae5ea9f","477"
"provengo_project/products/internal/artifacts/1/1/642","853a7a90af1a61b7c607f5ea78022e5f0b6598344f7f7ab3eaf3088b25570975","157"
"provengo_project/products/internal/artifacts/1/1/643.txt","8259a881bec945391da3ae767d9769f1829a80c6bc5dc92d71f23ad052d956b0","107"
"provengo_project/products/internal/artifacts/1/1/644.txt","5c270ac395ed1e19f71e6e98e5be5e99905f0dae061ae63c3d10c82e9a06a2ed","477"
"provengo_project/products/internal/artifacts/1/1/645","853a7a90af1a61b7c607f5ea78022e5f0b6598344f7f7ab3eaf3088b25570975","157"
"provengo_project/products/internal/artifacts/1/1/646.txt","541f94124ea84fcddae4fad6cb14ad476fe699937b475a7eff0be3e335991d5a","82"
"provengo_project/products/internal/artifacts/1/1/647.txt","93929e0c45e731efcd4bd63ba2f89c746596581e0140bd863bc395bb181f988f","477"
"provengo_project/products/internal/artifacts/1/1/648","853a7a90af1a61b7c607f5ea78022e5f0b6598344f7f7ab3eaf3088b25570975","157"
"provengo_project/products/internal/artifacts/1/1/649.txt","edff41471c259795162966c7a64f897c88f70b1cb081a32ec634502adecf9652","79"
"provengo_project/products/internal/artifacts/1/1/65.txt","6186b65ecc4c0576262ecf141ed291e67e7eb7c2bda14d624a473152ecda9f1b","679"
"provengo_project/products/internal/artifacts/1/1/650.txt","13a6885416e339b6bb93f76036f562cb14fe45eddcf7462c647dc759506546db","480"
"provengo_project/products/internal/artifacts/1/1/651","6aa6557d935d2ab82b41d5c31cc9946b31aea19c1b02b23109e5d6b94c226dbf","160"
"provengo_project/products/internal/artifacts/1/1/652.txt","fa81c79a78dfa0dd191443190ae7c9fa82d7b8a6c406e44a2e229a9cd5605417","81"
"provengo_project/products/internal/artifacts/1/1/653.txt","e8ca70f1ccf8e2a97272aa6b1e37fe7b81880be8e91136a8d69fc4413aaf1a20","211"
"provengo_project/products/internal/artifacts/1/1/654.txt","e3b0c44298fc1c149afbf4c8996fb92427ae41e4649b934ca495991b7852b855","0"
"provengo_project/products/internal/artifacts/1/1/655.txt","1ec9ad7d4b2abffb9fd68cfa795be5a16fb1386f23d144fe6632d1596a45329a","81"
"provengo_project/products/internal/artifacts/1/1/656.txt","f0f8e2b127624205bd098f69d12f01043f23d1682a48675b19cdafc1f5971cb5","211"
"provengo_project/products/internal/artifacts/1/1/657.txt","e3b0c44298fc1c149afbf4c8996fb92427ae41e4649b934ca495991b7852b855","0"
"provengo_project/products/internal/artifacts/1/1/658.txt","18b4831b471fbef52a384da1d1b239de269c871abc306da1c79b6ad623dacee4","81"
"provengo_project/products/internal/artifacts/1/1/659.txt","239d9ee7de1d1f962b3e639c9652557844e953820e020113a8218afee040c857","211"
"provengo_project/products/internal/artifacts/1/1/66.json","71424fd9f90a910c2a8ada494f9eb341289c02ab1b3a73e2e6334cc315345c5a","340"
"provengo_project/products/internal/artifacts/1/1/660.txt","e3b0c44298fc1c149afbf4c8996fb92427ae41e4649b934ca495991b7852b855","0"
"provengo_project/products/internal/artifacts/1/1/661.txt","3710c9d0717d7b3b6a7bdafbf204185e61f177c1f8cb7fdfbe5e29627134eb51","81"
"provengo_project/products/internal/artifacts/1/1/662.txt","757ecc04a6db701f055a003cad84796a32609155cb3773e9e32596f01d315602","211"
"provengo_project/products/internal/artifacts/1/1/663.txt","e3b0c44298fc1c149afbf4c8996fb92427ae41e4649b934ca495991b7852b855","0"
"provengo_project/products/internal/artifacts/1/1/664.txt","866423214b53f49a05171a4d787b48ea826d374c5af12c5e65fc90c954120c73","107"
"provengo_project/products/internal/artifacts/1/1/665.txt","000301d673d94bb16e06712a8076470689397da299f709b2e7794a1c9e90e49c","477"
"provengo_project/products/internal/artifacts/1/1/666","853a7a90af1a61b7c607f5ea78022e5f0b6598344f7f7ab3eaf3088b25570975","157"
"provengo_project/products/internal/artifacts/1/1/667.txt","1fac3286de2ae665c8cd29662bba4a98d063fd18e7ee29ca63d121f0df615e93","78"
"provengo_project/products/internal/artifacts/1/1/668.txt","0b2ab349dec6d24264f11207f8e7d4aea0cf7a0a07cd7a5d35e6f855a9b2b9b0","475"
"provengo_project/products/internal/artifacts/1/1/669","280e57409ea85f059c98bae40f8d47eb7d383aa45eb25ac61f2021699a1d08df","155"
"provengo_project/products/internal/artifacts/1/1/67.txt","d6bb832e08747769035243319cd27a8d884c84ce4c84d4831f39c893f9a5cf74","47"
"provengo_project/products/internal/artifacts/1/1/670.txt","4883c86006eb0401f81a4caa522f38ae2080659b5c0c2b70d9079316486c7d3c","82"
"provengo_project/products/internal/artifacts/1/1/671.txt","279d372714f011065dd4526339794400e064973c1f0e28f3a60ac63bf2a32269","477"
"provengo_project/products/internal/artifacts/1/1/672","853a7a90af1a61b7c607f5ea78022e5f0b6598344f7f7ab3eaf3088b25570975","157"
"provengo_project/products/internal/artifacts/1/1/673.txt","e7373fa64ff95c85efc2e95e023dfc7d5f353d8e43f5907be2a4311d7cc3091e","81"
"provengo_project/products/internal/artifacts/1/1/674.txt","806433d1e60871606dec88c20bb81f56e458ba162ce8c23f27c0998bfab46a24","211"
"provengo_project/products/internal/artifacts/1/1/675.txt","e3b0c44298fc1c149afbf4c8996fb92427ae41e4649b934ca495991b7852b855","0"
"provengo_project/products/internal/artifacts/1/1/676.txt","b0eba24eb4c32a4dd3681469549b7ae8b0e960f155b5ca474510d97f2f05f6dc","78"
"provengo_project/products/internal/artifacts/1/1/677.txt","0fb3dd4371348e0c521a8dee6eed040d36a0db3e510473122f8f5e4c265f5666","475"
"provengo_project/products/internal/artifacts/1/1/678","280e57409ea85f059c98bae40f8d47eb7d383aa45eb25ac61f2021699a1d08df","155"
"provengo_project/products/internal/artifacts/1/1/679.txt","2430b64acebf2f05ed0ec9f126f048e513f5789dc657bd9bf72ae4259e9ddc96","81"
"provengo_project/products/internal/artifacts/1/1/68.txt","82ca5831cea2010124fe48c7140412c4919f14ffe88bf8c52b3f1b6245921ef9","679"
"provengo_project/products/internal/artifacts/1/1/680.txt","ec9e195bc77c8aa37cc77d34b19804942f536f579cb3d6e817c47eac43ca9402","211"
"provengo_project/products/internal/artifacts/1/1/681.txt","e3b0c44298fc1c149afbf4c8996fb92427ae41e4649b934ca495991b7852b855","0"
"provengo_project/products/internal/artifacts/1/1/682.txt","d78e81874b9e74112761595df7cb7c2e12a0e6b03670f2244d677e8641445c88","78"
"provengo_project/products/internal/artifacts/1/1/683.txt","17d06ed93b29241836b3e982c160bf2a9a07965a3b1ee21a02b520a23c43063f","475"
"provengo_project/products/internal/artifacts/1/1/684","280e57409ea85f059c98bae40f8d47eb7d383aa45eb25ac61f2021699a1d08df","155"
"provengo_project/products/internal/artifacts/1/1/685.txt","46eea175258c1121abcdfdb47d109bb656d9c1a89755e5de8ca0f3c4765e7580","78"
"provengo_project/products/internal/artifacts/1/1/686.txt","24b5c4be6b3c21249238a78e018f7853cfaf145fcbd3b8406bd7422ffdfa5feb","475"
"provengo_project/products/internal/artifacts/1/1/687","280e57409ea85f059c98bae40f8d47eb7d383aa45eb25ac61f2021699a1d08df","155"
"provengo_project/products/internal/artifacts/1/1/688.txt","3b960df7954920c1d8b336469bc987a32d3372c4d9fc5667d361f3728f629519","78"
"provengo_project/products/internal/artifacts/1/1/689.txt","b068891c9ade4a116d51a77e164f76fd039b6de7c544a4fbab2d3855d9350654","475"
"provengo_project/products/internal/artifacts/1/1/69.json","dd4f262c9ecd70faf3af74c8ddcfad2fa2eb95e36cbdd98f8440cb396fe636a6","340"
"provengo_project/products/internal/artifacts/1/1/690","280e57409ea85f059c98bae40f8d47eb7d383aa45eb25ac61f2021699a1d08df","155"
"provengo_project/products/internal/artifacts/1/1/691.txt","46eea175258c1121abcdfdb47d109bb656d9c1a89755e5de8ca0f3c4765e7580","78"
"provengo_project/products/internal/artifacts/1/1/692.txt","720aab7f066e57e533dcb016f49d677e8bf66d7c4ab1fbff13781b57a56ae507","475"
"provengo_project/products/internal/artifacts/1/1/693","280e57409ea85f059c98bae40f8d47eb7d383aa45eb25ac61f2021699a1d08df","155"
"provengo_project/products/internal/artifacts/1/1/694.txt","aa4430b3c0f744a58a0e00060e592f3c75656c7b218dfae6c1a46fd69820efeb","118"
"provengo_project/products/internal/artifacts/1/1/695.txt","e6f406934c3c622fc4ff00b5f21b5088d13e0d6425869d4573e19098f3ef9bfd","475"
"provengo_project/products/internal/artifacts/1/1/696","280e57409ea85f059c98bae40f8d47eb7d383aa45eb25ac61f2021699a1d08df","155"
"provengo_project/products/internal/artifacts/1/1/697.txt","b0eba24eb4c32a4dd3681469549b7ae8b0e960f155b5ca474510d97f2f05f6dc","78"
"provengo_project/products/internal/artifacts/1/1/698.txt","bac205f2920c6f0188592c5860438fde63494f2bbec46841a1147f067f47cee1","475"
"provengo_project/products/internal/artifacts/1/1/699","280e57409ea85f059c98bae40f8d47eb7d383aa45eb25ac61f2021699a1d08df","155"
"provengo_project/products/internal/artifacts/1/1/7.txt","991f63561c0eb477a2e11e73c7f46ef20fb9fe2e781af37e3978017471b36dc7","110"
"provengo_project/products/internal/artifacts/1/1/70.txt","096c1507dc7c4613f09557050c8e978ef55bbe6e01736bdbb04ec93e245e03a9","109"
"provengo_project/products/internal/artifacts/1/1/700.txt","32bf5d4f93272e520dc10452d6daecf67caab525fc6c8486b6bb4b4a91e3b138","78"
"provengo_project/products/internal/artifacts/1/1/701.txt","138f50b051d5d891ea2864ba29e3e6b069dc2f4b4a64b0b25fed4997e47f35c6","475"
"provengo_project/products/internal/artifacts/1/1/702","280e57409ea85f059c98bae40f8d47eb7d383aa45eb25ac61f2021699a1d08df","155"
"provengo_project/products/internal/artifacts/1/1/703.txt","1fac3286de2ae665c8cd29662bba4a98d063fd18e7ee29ca63d121f0df615e93","78"
"provengo_project/products/internal/artifacts/1/1/704.txt","2bae44bf52a9193ba66b9cd2dedef8a169b97bd0fd92b4521bb299814297c24e","475"
"provengo_project/products/internal/artifacts/1/1/705","280e57409ea85f059c98bae40f8d47eb7d383aa45eb25ac61f2021699a1d08df","155"
"provengo_project/products/internal/artifacts/1/1/706.txt","e7373fa64ff95c85efc2e95e023dfc7d5f353d8e43f5907be2a4311d7cc3091e","81"
"provengo_project/products/internal/artifacts/1/1/707.txt","908d716d25cc46beeb419d626afbc734c92d23c2a32431f7c7c29f4ad3623f86","475"
"provengo_project/products/internal/artifacts/1/1/708","280e57409ea85f059c98bae40f8d47eb7d383aa45eb25ac61f2021699a1d08df","155"
"provengo_project/products/internal/artifacts/1/1/709.txt","5f2efaaa943213fabeccea4dd713b89d5bd3b1662ec08b6a1da0419b09e549d6","118"
"provengo_project/products/internal/artifacts/1/1/71.txt","6016bd7db73678d164e1af5274b57dd1dbd1f81f57506e858be2d553feda2d88","497"
"provengo_project/products/internal/artifacts/1/1/710.txt","9cacf138c5f2ca7b9d16c4111386dd1857f812de547378decad9f28fe26ef7ab","475"
"provengo_project/products/internal/artifacts/1/1/711","280e57409ea85f059c98bae40f8d47eb7d383aa45eb25ac61f2021699a1d08df","155"
"provengo_project/products/internal/artifacts/1/1/712.txt","18b4831b471fbef52a384da1d1b239de269c871abc306da1c79b6ad623dacee4","81"
"provengo_project/products/internal/artifacts/1/1/713.txt","204057ce8985a4eccc67032893271fa73945e5e7ffcbe6273c99fc0b0c8973ac","475"
"provengo_project/products/internal/artifacts/1/1/714","280e57409ea85f059c98bae40f8d47eb7d383aa45eb25ac61f2021699a1d08df","155"
"provengo_project/products/internal/artifacts/1/1/715.txt","3b960df7954920c1d8b336469bc987a32d3372c4d9fc5667d361f3728f629519","78"
"provengo_project/products/internal/artifacts/1/1/716.txt","914541388bb994248301b0c07ab87c7d3fafccf326faac2de6a2f752db0c4cd9","475"
"provengo_project/products/internal/artifacts/1/1/717","280e57409ea85f059c98bae40f8d47eb7d383aa45eb25ac61f2021699a1d08df","155"
"provengo_project/products/internal/artifacts/1/1/718.txt","e5a8b4d17433a655c2b24b7092082c46227c79574b7023a8047eed398d863360","118"
"provengo_project/products/internal/artifacts/1/1/719.txt","d70c9d839e0a92fdf9f1a6ee01ce81d21aaae32717c2c3443e63d2ab9fdfeef0","475"
"provengo_project/products/internal/artifacts/1/1/72.json","e72c536daa4a3577bf49edbf8600acacdb722c3f840e3d91c9b87609fcaef900","252"
"provengo_project/products/internal/artifacts/1/1/720","280e57409ea85f059c98bae40f8d47eb7d383aa45eb25ac61f2021699a1d08df","155"
"provengo_project/products/internal/artifacts/1/1/721.txt","1ec9ad7d4b2abffb9fd68cfa795be5a16fb1386f23d144fe6632d1596a45329a","81"
"provengo_project/products/internal/artifacts/1/1/722.txt","5ba795712f3bf56277ed65a0e96f86c839d66ec660b18798ddb11f1f040a5b7a","475"
"provengo_project/products/internal/artifacts/1/1/723","280e57409ea85f059c98bae40f8d47eb7d383aa45eb25ac61f2021699a1d08df","155"
"provengo_project/products/internal/artifacts/1/1/724.txt","7c391f5ce8114ee1ce00dd216bfd7ad983aea02adcbd359c1cff478191fc8a50","83"
"provengo_project/products/internal/artifacts/1/1/725.txt","a2688961d4668efc4e11d9c0ff4e620caa8bff06bede747bad44b1038e852bdb","211"
"provengo_project/products/internal/artifacts/1/1/726.txt","e3b0c44298fc1c149afbf4c8996fb92427ae41e4649b934ca495991b7852b855","0"
"provengo_project/products/internal/artifacts/1/1/727.txt","77f4396fc732feadb553a3f7bd177b41b6fd7e32d45a0dbf602b009e49192dd7","118"
"provengo_project/products/internal/artifacts/1/1/728.txt","29522409fe9693734f985883ee6781c0861f3eb778cbc81fc3e5e86c93ab53a9","475"
"provengo_project/products/internal/artifacts/1/1/729","280e57409ea85f059c98bae40f8d47eb7d383aa45eb25ac61f2021699a1d08df","155"
"provengo_project/products/internal/artifacts/1/1/73.txt","903802bd9084876e4dd33952ec8eeb87a133bf4a660e3b0acb01817f5e8d7f90","46"
"provengo_project/products/internal/artifacts/1/1/730.txt","d78e81874b9e74112761595df7cb7c2e12a0e6b03670f2244d677e8641445c88","78"
"provengo_project/products/internal/artifacts/1/1/731.txt","8625541305a0fc7a9f920968f61a485b7cda49f6ab0fcc3547f4e2043270756a","475"
"provengo_project/products/internal/artifacts/1/1/732","280e57409ea85f059c98bae40f8d47eb7d383aa45eb25ac61f2021699a1d08df","155"
"provengo_project/products/internal/artifacts/1/1/733.txt","de814a4fd98f59ba33ecd41136019ea209d6b38a21878919a7ef978607586e18","118"
"provengo_project/products/internal/artifacts/1/1/734.txt","f5e90580ee6ab8b71348fcbe4e9c5d5e81976c763138a4cf33b806add5e86495","475"
"provengo_project/products/internal/artifacts/1/1/735","280e57409ea85f059c98bae40f8d47eb7d383aa45eb25ac61f2021699a1d08df","155"
"provengo_project/products/internal/artifacts/1/1/736.txt","3710c9d0717d7b3b6a7bdafbf204185e61f177c1f8cb7fdfbe5e29627134eb51","81"
"provengo_project/products/internal/artifacts/1/1/737.txt","489c98b391bb219e454c0165db19ca1d445431414041fd45ce28f0d6f39b561f","475"
"provengo_project/products/internal/artifacts/1/1/738","280e57409ea85f059c98bae40f8d47eb7d383aa45eb25ac61f2021699a1d08df","155"
"provengo_project/products/internal/artifacts/1/1/739.txt","fa81c79a78dfa0dd191443190ae7c9fa82d7b8a6c406e44a2e229a9cd5605417","81"
"provengo_project/products/internal/artifacts/1/1/74.txt","6bfb66dfd888648576e1ae601ea05b0df5621bc0a7310fe8ca1480d64b5a6d58","1211"
"provengo_project/products/internal/artifacts/1/1/740.txt","a0aecda11a3aa1a0fbf77777714c3e7089871c8239403388fd83ef0d97cce173","475"
"provengo_project/products/internal/artifacts/1/1/741","280e57409ea85f059c98bae40f8d47eb7d383aa45eb25ac61f2021699a1d08df","155"
"provengo_project/products/internal/artifacts/1/1/742.txt","32bf5d4f93272e520dc10452d6daecf67caab525fc6c8486b6bb4b4a91e3b138","78"
"provengo_project/products/internal/artifacts/1/1/743.txt","2495bed64d8d762b3b7ce3576be57a24359e8d16ca1cdbd3be520f7b31bcb3d1","475"
"provengo_project/products/internal/artifacts/1/1/744","280e57409ea85f059c98bae40f8d47eb7d383aa45eb25ac61f2021699a1d08df","155"
"provengo_project/products/internal/artifacts/1/1/745.txt","2208b04a5434f5749c1b667fc2493352dfad29e3f2cc88bc5415da11e12b2440","80"
"provengo_project/products/internal/artifacts/1/1/746.txt","e49e7319b9aaa6c588e0c866fd11a9f1976c109edd1590fe00c3f5aa8d3391b6","479"
"provengo_project/products/internal/artifacts/1/1/747","6eae3a3efff86e1a5a1ca4f1e6c966623b03f1010273e2eabb5e5833f97cdcb5","159"
"provengo_project/products/internal/artifacts/1/1/748.txt","ec48f6ee8befc406a50f42960757f9894a557da5d8c8f3aa76017426a0d9a4ec","118"
"provengo_project/products/internal/artifacts/1/1/749.txt","edfa764ec8c59e7e6864ef676611f9366ddc72414a0ea92df82761219a2848a5","475"
"provengo_project/products/internal/artifacts/1/1/75.json","a796896439eea829f6a2255332a35a27df5b2058a9b9c1547d3f78e2e7216dd2","870"
"provengo_project/products/internal/artifacts/1/1/750","280e57409ea85f059c98bae40f8d47eb7d383aa45eb25ac61f2021699a1d08df","155"
"provengo_project/products/internal/artifacts/1/1/751.txt","2208b04a5434f5749c1b667fc2493352dfad29e3f2cc88bc5415da11e12b2440","80"
"provengo_project/products/internal/artifacts/1/1/752.txt","ef8ac72fca4ac2cc8ad07799772968e3d13febfad01502e71ddc9b06569014d9","479"
"provengo_project/products/internal/artifacts/1/1/753","6eae3a3efff86e1a5a1ca4f1e6c966623b03f1010273e2eabb5e5833f97cdcb5","159"
"provengo_project/products/internal/artifacts/1/1/754.txt","2430b64acebf2f05ed0ec9f126f048e513f5789dc657bd9bf72ae4259e9ddc96","81"
"provengo_project/products/internal/artifacts/1/1/755.txt","ff88e9b8e85b86216947f4ae6b555ffa248bb1d242d8476fa4333d9c1ff621e0","475"
"provengo_project/products/internal/artifacts/1/1/756","280e57409ea85f059c98bae40f8d47eb7d383aa45eb25ac61f2021699a1d08df","155"
"provengo_project/products/internal/artifacts/1/1/757.txt","f58799f3a5508314436b6370adb9f8386e806786dd90078bb376cd4c284c6677","108"
"provengo_project/products/internal/artifacts/1/1/758.txt","2da83d8c8c68cf6088980a1998df19adada5c2bd3ace8e22e1dcaea062e0c0e7","479"
"provengo_project/products/internal/artifacts/1/1/759","6eae3a3efff86e1a5a1ca4f1e6c966623b03f1010273e2eabb5e5833f97cdcb5","159"
"provengo_project/products/internal/artifacts/1/1/76.txt","e4ea51ae61f7cebe52034a7ab085234fc5994b512507fec742f9e1c67a156aef","113"
"provengo_project/products/internal/artifacts/1/1/760.txt","7c391f5ce8114ee1ce00dd216bfd7ad983aea02adcbd359c1cff478191fc8a50","83"
"provengo_project/products/internal/artifacts/1/1/761.txt","6eb331e216ba22a1642aba22c7a10f4be27db06767848d832ea38812e954b7de","479"
"provengo_project/products/internal/artifacts/1/1/762","6eae3a3efff86e1a5a1ca4f1e6c966623b03f1010273e2eabb5e5833f97cdcb5","159"
"provengo_project/products/internal/artifacts/1/1/77.txt","b225ed448640d1a67afca8a5404ca394cd8c265fd921b7d6ab51a5e47b59fc26","1959"
"provengo_project/products/internal/artifacts/1/1/78.json","5ccef55a5946870ff01722772cea02d1d8669bc2c736b5e8769ccda83c213156","1656"
"provengo_project/products/internal/artifacts/1/1/79.txt","7498a63adc43b7686db4ed88d162ede2b2e759b3f36253ca12a124c79550cc40","59"
"provengo_project/products/internal/artifacts/1/1/8.txt","d8010d67c96239e260a4672a9ac758ff7d6172a36e2cf735da3df14bbedfa949","955"
"provengo_project/products/internal/artifacts/1/1/80.txt","5392953689273ca1a904802d11579f5995953dfc2a0abb4c27e59b6cc5c7630a","703"
"provengo_project/products/internal/artifacts/1/1/81.json","776a65b8b04c8be10ec86f02e95e8e5cea316cee08fa3eb9985b9779707f54ef","358"
"provengo_project/products/internal/artifacts/1/1/82.txt","ba655c516d0266bc654287f5f65b302512d5e303b39ffaa9c4c0786d709d44b4","102"
"provengo_project/products/internal/artifacts/1/1/83.txt","959e91f94fc789fc65e0ae2c1f4aa1f751c7e59be319a373957e8f14a57b15d1","304"
"provengo_project/products/internal/artifacts/1/1/84.json","1104f1773060c415aca97c70c48a59a7a52b4c7e7f5e63046d1ce02c43587759","60"
"provengo_project/products/internal/artifacts/1/1/85.txt","2208b04a5434f5749c1b667fc2493352dfad29e3f2cc88bc5415da11e12b2440","80"
"provengo_project/products/internal/artifacts/1/1/86.txt","1f67979f31e358f08fbc338f23a8e475a5d541bc896972ae3418c7d5ee348a80","1972"
"provengo_project/products/internal/artifacts/1/1/87.json","4af5bc729dbf64796df43ecb5c010c27d7035457366aaa026f977b180ff0f48d","1661"
"provengo_project/products/internal/artifacts/1/1/88.txt","8ac2ed055f37890d7044d5a5e0c1da98161326405db32a917850b014270d65a1","110"
"provengo_project/products/internal/artifacts/1/1/89.txt","b5af5afda3c570db19f6c8abfb2a27223fe878e6cb577c7acafdcde0436adce2","506"
"provengo_project/products/internal/artifacts/1/1/9.json","7307da8bc63fe36eba96201948d310111935e110e9537b1371d960cf6f1bcfbd","710"
"provengo_project/products/internal/artifacts/1/1/90.json","88a45203251243b20395c5a7eaecd306c01487ff48deeac70c9a602276163a8c","261"
"provengo_project/products/internal/artifacts/1/1/91.txt","48244b24ad87968430146a62d9b9cd92a9c1611e7e8f6f1f06cbcd52684806d9","112"
"provengo_project/products/internal/artifacts/1/1/92.txt","2da1741bf9447db7c3ff80f8e897b01c4dc35defe8fd6065e2d186b9be4fc546","383"
"provengo_project/products/internal/artifacts/1/1/93.json","7f17e52f530f6735b45eec1a65b2ab204821e3d1181ee1de2269bbd0304d6dce","138"
"provengo_project/products/internal/artifacts/1/1/94.txt","297d78e91a823ec62050ec136be69794358b5ffc866bce9e6a2132524efbfbea","121"
"provengo_project/products/internal/artifacts/1/1/95.txt","c695de157ba2b27ef85d538d86c73db0feddbea63ad031566aebd23abda622b7","836"
"provengo_project/products/internal/artifacts/1/1/96.json","a3f11d2c491cd0f55f5fbb9c30e9eee4a2e7f3b6989a817dead3b5ae3aecb4b8","591"
"provengo_project/products/internal/artifacts/1/1/97.txt","f31c105455e068bce1eade4f03827554692bfef67b348bf6951c1d762e784273","79"
"provengo_project/products/internal/artifacts/1/1/98.txt","f0f29bbaae86971789cf838f3a16f074d991fa7de9a4ac10ab088ab529bc4a6a","687"
"provengo_project/products/internal/artifacts/1/1/99.json","d54f496eed94054308199de189db0816c2f33fa60813016651d983fe0ff3a51e","348"
"provengo_project/products/internal/runs-db.db","8efbf95b160ad4685654f062d7e4f9aafc3b0f4d4aaa0922572e787f92c4fbc9","213745664"
"provengo_project/README.md","2cce18273d49cf3aaf3e48e48effa55b4b82ae868dfca119c180db16a90644b0","3612"
"provengo_project/spec/js/concurrent-epochs.vikunja.js","14089d8af0b24d05d0657bd0c9819965555edb2b31489a31f375bf5704c79b64","11726"
"provengo_project/spec/js/conflict.vikunja.js","4bc160d431c9b71ad53b0bf3f030daba550c0b043db50117535f1188f7c9d0b1","25162"
"provengo_project/spec/js/disabled/hello-world.js","86253af6bc213bec40e9dc0f3c6d03134a32c1b31c0a618d77afbe9ad15b8cdd","1383"
"provengo_project/spec/js/disjoint-patch.vikunja.js","664d65d5c68bb35bdeba42b1e7c4d1965f0b7e921fb461dfa625844ae56ef5b3","12684"
"provengo_project/spec/js/interfaces.vikunja.js","4f3d87b29568f3fd8f5242619ff52d76527e3e37ed8bdde98b307732a14a8279","70681"
"provengo_project/spec/js/negative.vikunja.js","fce8fa40b505267970a4b7a8ec43a9a56ff5c12907a188cb96c4a08de6e4ea72","40326"
"provengo_project/spec/js/stories.vikunja.js","6cf567bd13c746d407a498a65b718e34c1fbdb4e0ae5c1d7d4e2d1d0d1fcfac6","96877"
"provengo-create.log","0f3ae7eb4b5e8189b4a9e54772f0023af24dcf4310d6f80fc350b58f228283d8","615"
"provengo-run.log","64408a426b948581ba018a041548ee14565a6cb553240dfafaea59e3344cb10f","487672"
"proxy.stderr.log","e3b0c44298fc1c149afbf4c8996fb92427ae41e4649b934ca495991b7852b855","0"
"proxy.stdout.log","3e9637744efb4ab698c24160de5114f08dad58e2ed8ca2d3342c0306f2754d3c","84"
"resource-oracle-manifest.json","e194caa11d330c0931039ca254abffb2d59ba1b0d632e3d95f787f3bd156da08","7774"
"resource-verifier-evaluation.json","ec4d93f49031c193f7f8c46c1e554bcb06da8d0f1d13b9ac5cc9be0efc01271f","13186"
"run-metadata.json","4e5952f80d33f9baabaed7dc0686023aace796c2828df934ab612438b6b4662e","1459"
