"Path","SHA256","SizeBytes"
"evidence-summary.json","689c0b44748de05037ae68a9c9d4ecba0cdfe2c625463292b3cad0e8a787ae9f","1319"
"model/generated-relation-kind-campaign/dependency_graph.json","275e217c2a37d3b3640e8c0584be14176edee25e17a678fc207c76bff0f758e5","1074"
"model/generated-relation-kind-campaign/generation_report.json","6cd667ef3f8267dfc37b7104f9c95fc37198eb264a2c6c867217d217fecc61a5","18793"
"model/generated-relation-kind-campaign/interfaces.vikunja.js","db759926b95b633393175e0472a59bef6da85184ab4f6cce510c59a26ee0e803","56359"
"model/generated-relation-kind-campaign/stories.vikunja.js","11f63c9012f38746fab1d0faa773cd5f7d830f23487dbd453a36069898adadce","49383"
"model/relations-projection-manifest.json","39bb6c73fce77e5c2a81e6b05baf70d67f4f99bdd86449f18d2fc5f612dc8388","2052"
"model/vikunja-relations-openapi.json","033cdd4ded8565aea6c9a724b89eed7f84bf1152b8102621858841027a8ac8df","288016"
"runs/phase4-relation-kind-campaign-seed-20261101-20260920_151043_376/http-trace.jsonl","5332ec5c3303b570c843a13d805b1dc6b4515c17ee561fb536f5a9875c95a9d5","137337"
"runs/phase4-relation-kind-campaign-seed-20261101-20260920_151043_376/phase4-relation-kind-evaluation.json","36ec743d1c41def79617df80167c71119ab0b8ec18710c5ccebbea4852273854","1500"
"runs/phase4-relation-kind-campaign-seed-20261101-20260920_151043_376/post-delete-probe.json","7029c82ba25c2f18ef2a06067a1ae8b16b1b3c01a71accc5900aa22c266019cf","529"
"runs/phase4-relation-kind-campaign-seed-20261101-20260920_151043_376/provengo_project/.gitignore","f09e023c25978720ed9122360581f2fca50cb612504daed3337ab662e7106366","32"
"runs/phase4-relation-kind-campaign-seed-20261101-20260920_151043_376/provengo_project/.vscode/mcp.json","6e0a0c795dc197f1d4e07744a4e361e7cf92d6a2f5d276d0f1d5ce31f35169fb","143"
"runs/phase4-relation-kind-campaign-seed-20261101-20260920_151043_376/provengo_project/config/provengo.yml","172d59431475ba56c192df94b270f8d71e618b53c62c45beace120ee769cd8a3","1260"
"runs/phase4-relation-kind-campaign-seed-20261101-20260920_151043_376/provengo_project/data/data.js","55e30a0929c59d9578c5695169b772d147c20b0ad8a7d556eb38c4defd8404b7","131"
"runs/phase4-relation-kind-campaign-seed-20261101-20260920_151043_376/provengo_project/meta-spec/book-writer.js","977303cc03f87fd6561e4435e4cbbb34c85559a94b7aacefdbe9c71b0cb5ac42","3926"
"runs/phase4-relation-kind-campaign-seed-20261101-20260920_151043_376/provengo_project/meta-spec/ensemble-code.js","7e9e842a753bf38111af0cbfbf1bdaf8b88602fd620ff5fdd919fe8d23f45ab5","2692"
"runs/phase4-relation-kind-campaign-seed-20261101-20260920_151043_376/provengo_project/meta-spec/scenario-metadata.js","53f129542f1903bf3f7c2ef55914c0df227d58111a71c7c6053d40792b79cd65","479"
"runs/phase4-relation-kind-campaign-seed-20261101-20260920_151043_376/provengo_project/meta-spec/script-writer.js","f197d272e5524bd0b4ab1f59289b300232c7a8ebc060f8ffeba993fc7eaae0f9","3034"
"runs/phase4-relation-kind-campaign-seed-20261101-20260920_151043_376/provengo_project/products/internal/artifacts/1/1/1.txt","2799ead5f54e296dbbdd72d6805ae378f0855293c2a8835efc9b724be38b2cb8","101"
"runs/phase4-relation-kind-campaign-seed-20261101-20260920_151043_376/provengo_project/products/internal/artifacts/1/1/10.txt","fabb80d6f51ef713cf72e476de7eee789d3fb02adf7056a8de12c7cf1091c0ca","45"
"runs/phase4-relation-kind-campaign-seed-20261101-20260920_151043_376/provengo_project/products/internal/artifacts/1/1/100.txt","152a7e94a1c255dfdf9dbfa279652f39af2fe5f9891151efb716bcd92afe2e41","135"
"runs/phase4-relation-kind-campaign-seed-20261101-20260920_151043_376/provengo_project/products/internal/artifacts/1/1/101.txt","64a5005f295a40ebe9ef3a74f0f955739f92e7071badec25700abf777a941d64","470"
"runs/phase4-relation-kind-campaign-seed-20261101-20260920_151043_376/provengo_project/products/internal/artifacts/1/1/102.json","60831a07d383950ef6377403b11251a5db0112abb96d17e7bfd5fbad3f7aca83","226"
"runs/phase4-relation-kind-campaign-seed-20261101-20260920_151043_376/provengo_project/products/internal/artifacts/1/1/103.txt","4498ccef37d5ccfaed001eae7929846c9f0f3cbb867b1ae219ba68561c2d68f8","134"
"runs/phase4-relation-kind-campaign-seed-20261101-20260920_151043_376/provengo_project/products/internal/artifacts/1/1/104.txt","04d425d1e87a9b02a8efa17d47ef85f393a2e88d23d2498bbc31b06c40406bc8","469"
"runs/phase4-relation-kind-campaign-seed-20261101-20260920_151043_376/provengo_project/products/internal/artifacts/1/1/105.json","78d22a70854387b4e61d4faa40e3107a1795ade896e47bda83230635b0a1180a","225"
"runs/phase4-relation-kind-campaign-seed-20261101-20260920_151043_376/provengo_project/products/internal/artifacts/1/1/106.txt","9bc62df9f7f26bf02a92da29ffceb82d1f7a285efc8123156f76918f84336121","137"
"runs/phase4-relation-kind-campaign-seed-20261101-20260920_151043_376/provengo_project/products/internal/artifacts/1/1/107.txt","ab37459836a49f6af52e33b4dbe9d122c772f6ce85c08e62f53a73674e08d4cb","472"
"runs/phase4-relation-kind-campaign-seed-20261101-20260920_151043_376/provengo_project/products/internal/artifacts/1/1/108.json","88bfac94bf7759d8817acecee55346d3bafd4838e3491d9bc3c55cb82c2419d8","228"
"runs/phase4-relation-kind-campaign-seed-20261101-20260920_151043_376/provengo_project/products/internal/artifacts/1/1/109.txt","734945988662f16d564def142220ca6edbaddee3f6005b7a8144dffd6e36995c","135"
"runs/phase4-relation-kind-campaign-seed-20261101-20260920_151043_376/provengo_project/products/internal/artifacts/1/1/11.txt","bdf2e98499e46ac28ed59fe1d2cd4e0973fe230dbbf6b51ea7539166abe12f7b","1207"
"runs/phase4-relation-kind-campaign-seed-20261101-20260920_151043_376/provengo_project/products/internal/artifacts/1/1/110.txt","9095630c25afde0ba80eebf4e839086439c72f4864d62d8ca8bd63ecb3f05e4f","470"
"runs/phase4-relation-kind-campaign-seed-20261101-20260920_151043_376/provengo_project/products/internal/artifacts/1/1/111.json","c6e83687f0688141a990286a5d1a98ad653d3e4afdadab7eb6d9abd701e8822f","226"
"runs/phase4-relation-kind-campaign-seed-20261101-20260920_151043_376/provengo_project/products/internal/artifacts/1/1/112.txt","fabb80d6f51ef713cf72e476de7eee789d3fb02adf7056a8de12c7cf1091c0ca","45"
"runs/phase4-relation-kind-campaign-seed-20261101-20260920_151043_376/provengo_project/products/internal/artifacts/1/1/113.txt","32e810c2b64f78f16770dd065abb992adc278e90b10344a20780ef55f3ac20ce","7792"
"runs/phase4-relation-kind-campaign-seed-20261101-20260920_151043_376/provengo_project/products/internal/artifacts/1/1/114.json","264b090adad65d037531429361c55b1b3fcda8f7a5c5b0a5de6baac35004f0ea","7451"
"runs/phase4-relation-kind-campaign-seed-20261101-20260920_151043_376/provengo_project/products/internal/artifacts/1/1/115.txt","0e4ed9042169244dd3af6fe41dfb1089cd6410df8afea617bfe0d5edba58b56f","45"
"runs/phase4-relation-kind-campaign-seed-20261101-20260920_151043_376/provengo_project/products/internal/artifacts/1/1/116.txt","fa13dc5160d4ab01e8dd9d5a3624196fd4ca9298fd988c74183394afeafae5ca","1807"
"runs/phase4-relation-kind-campaign-seed-20261101-20260920_151043_376/provengo_project/products/internal/artifacts/1/1/117.json","7765211d6c11faae712257f29d203d8afb1103e472cf471cd50a76f7ad7858ba","1466"
"runs/phase4-relation-kind-campaign-seed-20261101-20260920_151043_376/provengo_project/products/internal/artifacts/1/1/118.txt","e515c61b4e5ab833cb9292626fdeb659edcd5ac269445af94584309600f71475","45"
"runs/phase4-relation-kind-campaign-seed-20261101-20260920_151043_376/provengo_project/products/internal/artifacts/1/1/119.txt","723c524dac498e59d5d212c4a528fe53889e3a4f72d7fe1d0e9ffbec999e04cc","1804"
"runs/phase4-relation-kind-campaign-seed-20261101-20260920_151043_376/provengo_project/products/internal/artifacts/1/1/12.json","b6fbefa974650f65e8162c17c4dd142eb4db3dd221dd563c2830f769de15f76c","867"
"runs/phase4-relation-kind-campaign-seed-20261101-20260920_151043_376/provengo_project/products/internal/artifacts/1/1/120.json","70d2c973c6ac9b6c315e4690b98230a9959731385ae998312d7762745993c7ed","1463"
"runs/phase4-relation-kind-campaign-seed-20261101-20260920_151043_376/provengo_project/products/internal/artifacts/1/1/121.txt","67fed3feb1921dcb1dc735106daa95a21d4a079d654d552b13ace710aff60b64","45"
"runs/phase4-relation-kind-campaign-seed-20261101-20260920_151043_376/provengo_project/products/internal/artifacts/1/1/122.txt","85815d7d5049dddd312a3fd99495f7b1d59f48e70287025dc57e6e66595f0a30","1804"
"runs/phase4-relation-kind-campaign-seed-20261101-20260920_151043_376/provengo_project/products/internal/artifacts/1/1/123.json","cf53dbe065c923f6021987cc0d1a6d8b50477d67eeeff089b9d4d9779980ca57","1463"
"runs/phase4-relation-kind-campaign-seed-20261101-20260920_151043_376/provengo_project/products/internal/artifacts/1/1/124.txt","c5119152361e03325c142b280c9c25c36164b7a74cf50d72c87d259f8e766e4c","45"
"runs/phase4-relation-kind-campaign-seed-20261101-20260920_151043_376/provengo_project/products/internal/artifacts/1/1/125.txt","add37b0f823428e8cfa6447eadd02fb8b5e09f87e48c530a6572554ad2b51380","1807"
"runs/phase4-relation-kind-campaign-seed-20261101-20260920_151043_376/provengo_project/products/internal/artifacts/1/1/126.json","9cc38a0ff16c592fdc5c1b97c9a445578336ac6e858381f8a99312665e2f9218","1466"
"runs/phase4-relation-kind-campaign-seed-20261101-20260920_151043_376/provengo_project/products/internal/artifacts/1/1/127.txt","67071b609b7f8eb01ef7e4c542bebc8277ba339a02b5672bb5f36e36f95845d6","45"
"runs/phase4-relation-kind-campaign-seed-20261101-20260920_151043_376/provengo_project/products/internal/artifacts/1/1/128.txt","f6c9e6e312535fd6f5f3491a79bda8520430a37bea955ba69728d1d599c8fc2d","1808"
"runs/phase4-relation-kind-campaign-seed-20261101-20260920_151043_376/provengo_project/products/internal/artifacts/1/1/129.json","c64048aae429f03d9adc9985771a62960c9b5dee902dd5e4885a361af6080c03","1467"
"runs/phase4-relation-kind-campaign-seed-20261101-20260920_151043_376/provengo_project/products/internal/artifacts/1/1/13.txt","0503126267653760110ebc18ac02794259164f8e1fc5a6080eace743b7f393c0","110"
"runs/phase4-relation-kind-campaign-seed-20261101-20260920_151043_376/provengo_project/products/internal/artifacts/1/1/130.txt","0ca0036d9f68678327f976dbd9d55a607efc36f3b3f19f4343862c14f4a0d05f","45"
"runs/phase4-relation-kind-campaign-seed-20261101-20260920_151043_376/provengo_project/products/internal/artifacts/1/1/131.txt","bc16b7fbb3b06375a779eeeb3b5703e848d46a355d0a6c2006a34b786c4b9aaa","1804"
"runs/phase4-relation-kind-campaign-seed-20261101-20260920_151043_376/provengo_project/products/internal/artifacts/1/1/132.json","441088349ab97ae1f9bcdf254d1ee280a49a7bee8f702955dccbfc2ad493c201","1463"
"runs/phase4-relation-kind-campaign-seed-20261101-20260920_151043_376/provengo_project/products/internal/artifacts/1/1/133.txt","c0dfcbca1f9430d1067e65c52e8666f30f60c01329992f60041742c77ef04822","45"
"runs/phase4-relation-kind-campaign-seed-20261101-20260920_151043_376/provengo_project/products/internal/artifacts/1/1/134.txt","1e723650f65a9589703308ba353b8723e62c7816b4d0a6afb0ee43d38465b4b4","1805"
"runs/phase4-relation-kind-campaign-seed-20261101-20260920_151043_376/provengo_project/products/internal/artifacts/1/1/135.json","b1ef5cfb6a9a8fef663adaa4e2871f13ec1d8c37916f5c64369a614092cfab35","1464"
"runs/phase4-relation-kind-campaign-seed-20261101-20260920_151043_376/provengo_project/products/internal/artifacts/1/1/136.txt","8a0e0439acd6a966782c058d006380a5e58c27d1859b34ec127352dc570158be","45"
"runs/phase4-relation-kind-campaign-seed-20261101-20260920_151043_376/provengo_project/products/internal/artifacts/1/1/137.txt","80be879b8081b3ee3a6ce1096d2c4c545d6ab3a0b8ff768225ee48367f451c84","1804"
"runs/phase4-relation-kind-campaign-seed-20261101-20260920_151043_376/provengo_project/products/internal/artifacts/1/1/138.json","e1a1fd8eb583ea8169731151ab1a56385695681e90332c05237b7b0695d2d214","1463"
"runs/phase4-relation-kind-campaign-seed-20261101-20260920_151043_376/provengo_project/products/internal/artifacts/1/1/139.txt","02be14f3616703fc14cabd287f97fd0868cac91e8722d516efee3b33de22b949","45"
"runs/phase4-relation-kind-campaign-seed-20261101-20260920_151043_376/provengo_project/products/internal/artifacts/1/1/14.txt","577184a28f5e0913de6eee0d2e76f37f580dce365b559a96fa2bc351b45808b4","953"
"runs/phase4-relation-kind-campaign-seed-20261101-20260920_151043_376/provengo_project/products/internal/artifacts/1/1/140.txt","a25056ad18995489590b1fc0082a0a263c5593e45aa99a2e1c1745d558ea6b5c","1806"
"runs/phase4-relation-kind-campaign-seed-20261101-20260920_151043_376/provengo_project/products/internal/artifacts/1/1/141.json","816f6e5c49da1c9e5c4096cc2fa0d9268f902414332fd49800e500d6ae2c33af","1465"
"runs/phase4-relation-kind-campaign-seed-20261101-20260920_151043_376/provengo_project/products/internal/artifacts/1/1/142.txt","e9e3c79c7896212368295725044c167193b86ad76642272d84651d3cf316a6bb","45"
"runs/phase4-relation-kind-campaign-seed-20261101-20260920_151043_376/provengo_project/products/internal/artifacts/1/1/143.txt","ab5bd1b21b0bafa27800732ddf5f1fe509b4f664760bc87926ae436de0a07a66","1807"
"runs/phase4-relation-kind-campaign-seed-20261101-20260920_151043_376/provengo_project/products/internal/artifacts/1/1/144.json","c70665b45dbcef56027a5dfc375c2bf4cd585f444f0d59c78fea38c24d6e6077","1466"
"runs/phase4-relation-kind-campaign-seed-20261101-20260920_151043_376/provengo_project/products/internal/artifacts/1/1/145.txt","53e5de5d2fe19d4d1d761a5bf72f8bbe8e49a8ac9f949182bb100a79a641fb4e","45"
"runs/phase4-relation-kind-campaign-seed-20261101-20260920_151043_376/provengo_project/products/internal/artifacts/1/1/146.txt","9c1770b76fe0ea5b400ccba812450c498e5350ac14c6b16aa1b3338606c2e10e","1809"
"runs/phase4-relation-kind-campaign-seed-20261101-20260920_151043_376/provengo_project/products/internal/artifacts/1/1/147.json","9b3eb8c2464d5ae71e71b20c9fb83b642196b2331706ecb01175d05c27b62a75","1468"
"runs/phase4-relation-kind-campaign-seed-20261101-20260920_151043_376/provengo_project/products/internal/artifacts/1/1/148.txt","f8a8d83e88b8cc3f1906a4d199aac2274f794fa0c29933d0b1a8837ae3e3df84","112"
"runs/phase4-relation-kind-campaign-seed-20261101-20260920_151043_376/provengo_project/products/internal/artifacts/1/1/149.txt","dc80cb8808858fddd31dd796b3b99786faa79b795d4703c86cfb972b6d561eab","835"
"runs/phase4-relation-kind-campaign-seed-20261101-20260920_151043_376/provengo_project/products/internal/artifacts/1/1/15.json","be4d6109c449ae44a6ded88dd5f5e78c38b24cefa2fe29001e495cb6d3e6bee7","709"
"runs/phase4-relation-kind-campaign-seed-20261101-20260920_151043_376/provengo_project/products/internal/artifacts/1/1/150.json","54e1c8ba338cf6ad281eb468da708c09d69661e3bb2520775e62b86581a187c5","591"
"runs/phase4-relation-kind-campaign-seed-20261101-20260920_151043_376/provengo_project/products/internal/artifacts/1/1/151.txt","a4f691ee4d15fa6192f76355c6e9e95af97e6eedc7e6874ae00b0d1bc25dbc7e","112"
"runs/phase4-relation-kind-campaign-seed-20261101-20260920_151043_376/provengo_project/products/internal/artifacts/1/1/152.txt","5c787605af0d9e91732ba1c0da4368525a54154e701b9c57908415bbce8dbde5","836"
"runs/phase4-relation-kind-campaign-seed-20261101-20260920_151043_376/provengo_project/products/internal/artifacts/1/1/153.json","1296703ef44b1319934480b507a197f1b745c68f726054d593eb35f0dc8b8970","592"
"runs/phase4-relation-kind-campaign-seed-20261101-20260920_151043_376/provengo_project/products/internal/artifacts/1/1/154.txt","f7958282a15a518ed6e9772cf4d40e3171b2a4ed6318337553278225fc363830","112"
"runs/phase4-relation-kind-campaign-seed-20261101-20260920_151043_376/provengo_project/products/internal/artifacts/1/1/155.txt","647274a8ee49c3fc1978f603ef2a20aa7fab48d250146b205ac80a46fc541da6","836"
"runs/phase4-relation-kind-campaign-seed-20261101-20260920_151043_376/provengo_project/products/internal/artifacts/1/1/156.json","06b0f7abd719d912260c2b8cfc00a87b4e47030814463778846b0a5e4d57c163","592"
"runs/phase4-relation-kind-campaign-seed-20261101-20260920_151043_376/provengo_project/products/internal/artifacts/1/1/157.txt","c5cfd8226c023628c1cea966d518e68075233665bde3497c350c210ccd840f73","111"
"runs/phase4-relation-kind-campaign-seed-20261101-20260920_151043_376/provengo_project/products/internal/artifacts/1/1/158.txt","3d48e9a97c8c6c757e73b9a9a7ad546ce76eb24b063615dfaf926f1ddc6e4db1","834"
"runs/phase4-relation-kind-campaign-seed-20261101-20260920_151043_376/provengo_project/products/internal/artifacts/1/1/159.json","975401acb5faf066c397e660d874181f290dc91819676ce1c57c1f2d559a39fe","590"
"runs/phase4-relation-kind-campaign-seed-20261101-20260920_151043_376/provengo_project/products/internal/artifacts/1/1/16.txt","0e4ed9042169244dd3af6fe41dfb1089cd6410df8afea617bfe0d5edba58b56f","45"
"runs/phase4-relation-kind-campaign-seed-20261101-20260920_151043_376/provengo_project/products/internal/artifacts/1/1/160.txt","fabb80d6f51ef713cf72e476de7eee789d3fb02adf7056a8de12c7cf1091c0ca","45"
"runs/phase4-relation-kind-campaign-seed-20261101-20260920_151043_376/provengo_project/products/internal/artifacts/1/1/161.txt","2ac391bb2a2510bb71847161bc8aab4b23561b395185f036d815647ec6f198a9","7788"
"runs/phase4-relation-kind-campaign-seed-20261101-20260920_151043_376/provengo_project/products/internal/artifacts/1/1/162.json","91423e5ed2bf018621fcc45de7b971823b384f51cc98a087ef6edb882f2ea30b","7447"
"runs/phase4-relation-kind-campaign-seed-20261101-20260920_151043_376/provengo_project/products/internal/artifacts/1/1/163.txt","0e4ed9042169244dd3af6fe41dfb1089cd6410df8afea617bfe0d5edba58b56f","45"
"runs/phase4-relation-kind-campaign-seed-20261101-20260920_151043_376/provengo_project/products/internal/artifacts/1/1/164.txt","fdcb4bcb20de9eb505cc3dd22c228899aa5b0697a3c7d0e153a9a3d947f93f7d","1806"
"runs/phase4-relation-kind-campaign-seed-20261101-20260920_151043_376/provengo_project/products/internal/artifacts/1/1/165.json","b0db28df1c0acf6d382508fcb32e9209e3e78428e0a275522ac4ddc9096b9e0b","1465"
"runs/phase4-relation-kind-campaign-seed-20261101-20260920_151043_376/provengo_project/products/internal/artifacts/1/1/166.txt","e515c61b4e5ab833cb9292626fdeb659edcd5ac269445af94584309600f71475","45"
"runs/phase4-relation-kind-campaign-seed-20261101-20260920_151043_376/provengo_project/products/internal/artifacts/1/1/167.txt","2b671c84d8eb3b13106031c49b8d86ab0ad7aa5407bf491b99748161e8060afd","1803"
"runs/phase4-relation-kind-campaign-seed-20261101-20260920_151043_376/provengo_project/products/internal/artifacts/1/1/168.json","0e73f3b9158fbd1753458c64850ca492b3f99ce4ccc5b7504ce5f13412685de4","1462"
"runs/phase4-relation-kind-campaign-seed-20261101-20260920_151043_376/provengo_project/products/internal/artifacts/1/1/169.txt","67fed3feb1921dcb1dc735106daa95a21d4a079d654d552b13ace710aff60b64","45"
"runs/phase4-relation-kind-campaign-seed-20261101-20260920_151043_376/provengo_project/products/internal/artifacts/1/1/17.txt","0002eff33d57f6f0cddf1ad64011db44df3fb146b494d12bab758423d5697952","1207"
"runs/phase4-relation-kind-campaign-seed-20261101-20260920_151043_376/provengo_project/products/internal/artifacts/1/1/170.txt","5c8c27a8066832eb4f9943b4db7239cbcc711c9bf689b1e0042854b2910d4884","1802"
"runs/phase4-relation-kind-campaign-seed-20261101-20260920_151043_376/provengo_project/products/internal/artifacts/1/1/171.json","41c7893fe544813d2c9d14167009a90ef88ebd2146a0cb54ee00e206e7d193ae","1461"
"runs/phase4-relation-kind-campaign-seed-20261101-20260920_151043_376/provengo_project/products/internal/artifacts/1/1/172.txt","c5119152361e03325c142b280c9c25c36164b7a74cf50d72c87d259f8e766e4c","45"
"runs/phase4-relation-kind-campaign-seed-20261101-20260920_151043_376/provengo_project/products/internal/artifacts/1/1/173.txt","bc962202e3a5b043956446ca4898a3740962150e7d1a0cbe93c2140c935a94b6","1806"
"runs/phase4-relation-kind-campaign-seed-20261101-20260920_151043_376/provengo_project/products/internal/artifacts/1/1/174.json","6e663671cfaf637fcbd32a289b2c7c444a6706c0ef5bd733dce834a3838b1d98","1465"
"runs/phase4-relation-kind-campaign-seed-20261101-20260920_151043_376/provengo_project/products/internal/artifacts/1/1/175.txt","67071b609b7f8eb01ef7e4c542bebc8277ba339a02b5672bb5f36e36f95845d6","45"
"runs/phase4-relation-kind-campaign-seed-20261101-20260920_151043_376/provengo_project/products/internal/artifacts/1/1/176.txt","f2d0f540c873ccd921b58572fdd3539c7ef1e22668b8aa5a4d597407d8aeab61","1807"
"runs/phase4-relation-kind-campaign-seed-20261101-20260920_151043_376/provengo_project/products/internal/artifacts/1/1/177.json","b21a2d97eb501304e695d96488c16a9bd6b8fe9c81cd3869168853823d5f6be4","1466"
"runs/phase4-relation-kind-campaign-seed-20261101-20260920_151043_376/provengo_project/products/internal/artifacts/1/1/178.txt","0ca0036d9f68678327f976dbd9d55a607efc36f3b3f19f4343862c14f4a0d05f","45"
"runs/phase4-relation-kind-campaign-seed-20261101-20260920_151043_376/provengo_project/products/internal/artifacts/1/1/179.txt","7ab9f4efcca5cafb68bdf5745d8e312f4fc74f2fa28f77606931786281b0a8e7","1802"
"runs/phase4-relation-kind-campaign-seed-20261101-20260920_151043_376/provengo_project/products/internal/artifacts/1/1/18.json","225c7deec22151a58eed9031d823a984b47c5b9c236240e98902cba6115fe43a","867"
"runs/phase4-relation-kind-campaign-seed-20261101-20260920_151043_376/provengo_project/products/internal/artifacts/1/1/180.json","b7710461f063772a298875d978b2410466a2e316a08cce20362db8ea2c99b96b","1461"
"runs/phase4-relation-kind-campaign-seed-20261101-20260920_151043_376/provengo_project/products/internal/artifacts/1/1/181.txt","c0dfcbca1f9430d1067e65c52e8666f30f60c01329992f60041742c77ef04822","45"
"runs/phase4-relation-kind-campaign-seed-20261101-20260920_151043_376/provengo_project/products/internal/artifacts/1/1/182.txt","8b74409e0ac1a11fd45ef7ed439a8e1fbad360f4df2f2d7c04e16507827697e9","1804"
"runs/phase4-relation-kind-campaign-seed-20261101-20260920_151043_376/provengo_project/products/internal/artifacts/1/1/183.json","4ea01436c7149c3171fa9db717e349b4e833b7f84b774e6d62152b78b7391d50","1463"
"runs/phase4-relation-kind-campaign-seed-20261101-20260920_151043_376/provengo_project/products/internal/artifacts/1/1/184.txt","8a0e0439acd6a966782c058d006380a5e58c27d1859b34ec127352dc570158be","45"
"runs/phase4-relation-kind-campaign-seed-20261101-20260920_151043_376/provengo_project/products/internal/artifacts/1/1/185.txt","a89b5f8186b5101abfe6f05e47aa5f8924c1b25820d4078699292fba14805105","1803"
"runs/phase4-relation-kind-campaign-seed-20261101-20260920_151043_376/provengo_project/products/internal/artifacts/1/1/186.json","cc9ef99196dd0a4d6f0570282fc905b6eac0648ea29c66bf9b5f04bc42aa8738","1462"
"runs/phase4-relation-kind-campaign-seed-20261101-20260920_151043_376/provengo_project/products/internal/artifacts/1/1/187.txt","02be14f3616703fc14cabd287f97fd0868cac91e8722d516efee3b33de22b949","45"
"runs/phase4-relation-kind-campaign-seed-20261101-20260920_151043_376/provengo_project/products/internal/artifacts/1/1/188.txt","ce24574c6840b7f8f5a7d58b602f0f40dd0586ba13ab69ebca1ae20affe166da","1804"
"runs/phase4-relation-kind-campaign-seed-20261101-20260920_151043_376/provengo_project/products/internal/artifacts/1/1/189.json","3dd3e8e6e8e89ebc8920635f5bb12f67d60753b09c59c48855f3a9454597cef8","1463"
"runs/phase4-relation-kind-campaign-seed-20261101-20260920_151043_376/provengo_project/products/internal/artifacts/1/1/19.txt","6e7770b5d0a5de5d03569cab1a59af4556272ca6ae31eb9dfc043f78e4f35ae1","110"
"runs/phase4-relation-kind-campaign-seed-20261101-20260920_151043_376/provengo_project/products/internal/artifacts/1/1/190.txt","e9e3c79c7896212368295725044c167193b86ad76642272d84651d3cf316a6bb","45"
"runs/phase4-relation-kind-campaign-seed-20261101-20260920_151043_376/provengo_project/products/internal/artifacts/1/1/191.txt","c894f68a1ef5d3f2de8c6ab184f18c8d5b2c695553423518e923a65fdb6c5fdd","1806"
"runs/phase4-relation-kind-campaign-seed-20261101-20260920_151043_376/provengo_project/products/internal/artifacts/1/1/192.json","54846fb91dfb485732700a514c59c7fe416005c2ba90a624dcf2234c5c7db75d","1465"
"runs/phase4-relation-kind-campaign-seed-20261101-20260920_151043_376/provengo_project/products/internal/artifacts/1/1/193.txt","53e5de5d2fe19d4d1d761a5bf72f8bbe8e49a8ac9f949182bb100a79a641fb4e","45"
"runs/phase4-relation-kind-campaign-seed-20261101-20260920_151043_376/provengo_project/products/internal/artifacts/1/1/194.txt","91f270edfb4ad7dfa67230393a7fc7279defc7b5675b0165e5f67a2be2396379","1808"
"runs/phase4-relation-kind-campaign-seed-20261101-20260920_151043_376/provengo_project/products/internal/artifacts/1/1/195.json","dfb4b890f75f78fa5600e404abcd7673f5f2337eb084db3fc6f3b957a80c19f5","1467"
"runs/phase4-relation-kind-campaign-seed-20261101-20260920_151043_376/provengo_project/products/internal/artifacts/1/1/196.txt","b6b1bb0748b6d15d706dc75b5971aa55d5859fa5f6824f3e7ddbac9cda96d00a","101"
"runs/phase4-relation-kind-campaign-seed-20261101-20260920_151043_376/provengo_project/products/internal/artifacts/1/1/197.txt","7527397defecec6101940bcf830cb2255291d4f1e2eaee07c157d7700659cf4f","210"
"runs/phase4-relation-kind-campaign-seed-20261101-20260920_151043_376/provengo_project/products/internal/artifacts/1/1/198.txt","e3b0c44298fc1c149afbf4c8996fb92427ae41e4649b934ca495991b7852b855","0"
"runs/phase4-relation-kind-campaign-seed-20261101-20260920_151043_376/provengo_project/products/internal/artifacts/1/1/199.txt","b08d55c00402f844ef4530d6431aac654baaa5e959fe2f0fb339d813380d1677","101"
"runs/phase4-relation-kind-campaign-seed-20261101-20260920_151043_376/provengo_project/products/internal/artifacts/1/1/2.txt","53418c86e18bbb0a0a551025b61786b0a093bf41ab0edde2298ae7cade92c29e","2030"
"runs/phase4-relation-kind-campaign-seed-20261101-20260920_151043_376/provengo_project/products/internal/artifacts/1/1/20.txt","7ddb7af699c0e1151917d1cb52cd2082f2ee4d0d24d9505a699f67389bb8b6b7","953"
"runs/phase4-relation-kind-campaign-seed-20261101-20260920_151043_376/provengo_project/products/internal/artifacts/1/1/200.txt","eb2e8a43391a34b803c063b05c21f1258a08e8187065551f9645a3683d5597e4","210"
"runs/phase4-relation-kind-campaign-seed-20261101-20260920_151043_376/provengo_project/products/internal/artifacts/1/1/201.txt","e3b0c44298fc1c149afbf4c8996fb92427ae41e4649b934ca495991b7852b855","0"
"runs/phase4-relation-kind-campaign-seed-20261101-20260920_151043_376/provengo_project/products/internal/artifacts/1/1/202.txt","be8884f2eab3bdb65a7aff147c08e0c0dff6311d8fa8f9a05556795922606154","101"
"runs/phase4-relation-kind-campaign-seed-20261101-20260920_151043_376/provengo_project/products/internal/artifacts/1/1/203.txt","491f2313784426cb759f05cdad4449c78f925bd8efa63ed061214da2bda12afd","210"
"runs/phase4-relation-kind-campaign-seed-20261101-20260920_151043_376/provengo_project/products/internal/artifacts/1/1/204.txt","e3b0c44298fc1c149afbf4c8996fb92427ae41e4649b934ca495991b7852b855","0"
"runs/phase4-relation-kind-campaign-seed-20261101-20260920_151043_376/provengo_project/products/internal/artifacts/1/1/205.txt","9a60bde86a7ab22eb8108ba5ecff4fd69e2d114496040ad26f0c25812a7f6111","104"
"runs/phase4-relation-kind-campaign-seed-20261101-20260920_151043_376/provengo_project/products/internal/artifacts/1/1/206.txt","35fe80b0ae0edcf30334f4964a2040724bcdfb7c630dae16ee3e78eddbe7670e","210"
"runs/phase4-relation-kind-campaign-seed-20261101-20260920_151043_376/provengo_project/products/internal/artifacts/1/1/207.txt","e3b0c44298fc1c149afbf4c8996fb92427ae41e4649b934ca495991b7852b855","0"
"runs/phase4-relation-kind-campaign-seed-20261101-20260920_151043_376/provengo_project/products/internal/artifacts/1/1/208.txt","f563948d37d48a3f483f0377216b71166c0be3cc995c3c720ffa3910606e7d3c","104"
"runs/phase4-relation-kind-campaign-seed-20261101-20260920_151043_376/provengo_project/products/internal/artifacts/1/1/209.txt","93324b843de15e8d99be8ef77ed9db7e4da4027563544da03304fafbf554c8bc","210"
"runs/phase4-relation-kind-campaign-seed-20261101-20260920_151043_376/provengo_project/products/internal/artifacts/1/1/21.json","813c436ad38128c41af281fcc90ae1f8af59614023e24c7828b9b9d9141962cd","709"
"runs/phase4-relation-kind-campaign-seed-20261101-20260920_151043_376/provengo_project/products/internal/artifacts/1/1/210.txt","e3b0c44298fc1c149afbf4c8996fb92427ae41e4649b934ca495991b7852b855","0"
"runs/phase4-relation-kind-campaign-seed-20261101-20260920_151043_376/provengo_project/products/internal/artifacts/1/1/211.txt","c53eaf905d2f1fd699d8b05552e17a6768271317cbaa7e4745ba70f03a6d5a53","101"
"runs/phase4-relation-kind-campaign-seed-20261101-20260920_151043_376/provengo_project/products/internal/artifacts/1/1/212.txt","dec0878e19dcb6e63c52da314ce9f50137773a63ff8606e2d6ee59b15883bcba","210"
"runs/phase4-relation-kind-campaign-seed-20261101-20260920_151043_376/provengo_project/products/internal/artifacts/1/1/213.txt","e3b0c44298fc1c149afbf4c8996fb92427ae41e4649b934ca495991b7852b855","0"
"runs/phase4-relation-kind-campaign-seed-20261101-20260920_151043_376/provengo_project/products/internal/artifacts/1/1/214.txt","0652a4d2556892ebd5b0762e7bcc704a9a3ba8561900526fd3ce2e339b94e17e","101"
"runs/phase4-relation-kind-campaign-seed-20261101-20260920_151043_376/provengo_project/products/internal/artifacts/1/1/215.txt","a55a826852969c964782e065b740a3a2fa8044ae3dfef9ab37fef0d1042d96af","210"
"runs/phase4-relation-kind-campaign-seed-20261101-20260920_151043_376/provengo_project/products/internal/artifacts/1/1/216.txt","e3b0c44298fc1c149afbf4c8996fb92427ae41e4649b934ca495991b7852b855","0"
"runs/phase4-relation-kind-campaign-seed-20261101-20260920_151043_376/provengo_project/products/internal/artifacts/1/1/217.txt","57d286bf1c24ae8100386bfb865ac38caf5e99850ea56d54b081a159c1d02de3","101"
"runs/phase4-relation-kind-campaign-seed-20261101-20260920_151043_376/provengo_project/products/internal/artifacts/1/1/218.txt","44f40d6b9c1da5e567f07561da4e76938bdeca16a21e08e08340a889a4bb5654","210"
"runs/phase4-relation-kind-campaign-seed-20261101-20260920_151043_376/provengo_project/products/internal/artifacts/1/1/219.txt","e3b0c44298fc1c149afbf4c8996fb92427ae41e4649b934ca495991b7852b855","0"
"runs/phase4-relation-kind-campaign-seed-20261101-20260920_151043_376/provengo_project/products/internal/artifacts/1/1/22.txt","e515c61b4e5ab833cb9292626fdeb659edcd5ac269445af94584309600f71475","45"
"runs/phase4-relation-kind-campaign-seed-20261101-20260920_151043_376/provengo_project/products/internal/artifacts/1/1/220.txt","4a55411ebd51151e56ccbe151133e2dea7d83b58f813d7d3f6a7568bf4c79faa","101"
"runs/phase4-relation-kind-campaign-seed-20261101-20260920_151043_376/provengo_project/products/internal/artifacts/1/1/221.txt","7b323bcde7aca5ce9d10809874a11c93a84ccf095c3786b9cf2c2e353fb1448f","210"
"runs/phase4-relation-kind-campaign-seed-20261101-20260920_151043_376/provengo_project/products/internal/artifacts/1/1/222.txt","e3b0c44298fc1c149afbf4c8996fb92427ae41e4649b934ca495991b7852b855","0"
"runs/phase4-relation-kind-campaign-seed-20261101-20260920_151043_376/provengo_project/products/internal/artifacts/1/1/223.txt","ad09cb17f8b53a61cd37a835ae50ed3d36807c47552a1a86104f2b2e4d16045b","102"
"runs/phase4-relation-kind-campaign-seed-20261101-20260920_151043_376/provengo_project/products/internal/artifacts/1/1/224.txt","ed4a9468fc215cecd17206fca591bad4329b900f72bfb97883b3d24ab696d283","210"
"runs/phase4-relation-kind-campaign-seed-20261101-20260920_151043_376/provengo_project/products/internal/artifacts/1/1/225.txt","e3b0c44298fc1c149afbf4c8996fb92427ae41e4649b934ca495991b7852b855","0"
"runs/phase4-relation-kind-campaign-seed-20261101-20260920_151043_376/provengo_project/products/internal/artifacts/1/1/226.txt","a98af0463eab8a609f1bef1ba2b9b3722b9fb1ed986d8874e4b759c8ceeaa898","102"
"runs/phase4-relation-kind-campaign-seed-20261101-20260920_151043_376/provengo_project/products/internal/artifacts/1/1/227.txt","fe8ca560147b9c45055ff77fb88f6ee19bd57ed29595b79fbec55c2bca95c522","210"
"runs/phase4-relation-kind-campaign-seed-20261101-20260920_151043_376/provengo_project/products/internal/artifacts/1/1/228.txt","e3b0c44298fc1c149afbf4c8996fb92427ae41e4649b934ca495991b7852b855","0"
"runs/phase4-relation-kind-campaign-seed-20261101-20260920_151043_376/provengo_project/products/internal/artifacts/1/1/229.txt","fabb80d6f51ef713cf72e476de7eee789d3fb02adf7056a8de12c7cf1091c0ca","45"
"runs/phase4-relation-kind-campaign-seed-20261101-20260920_151043_376/provengo_project/products/internal/artifacts/1/1/23.txt","8605b8d6b34f4ed68e0be4b47e7ff58ae8703671aef31721f4e6a9fe03a5b15b","1207"
"runs/phase4-relation-kind-campaign-seed-20261101-20260920_151043_376/provengo_project/products/internal/artifacts/1/1/230.txt","968adb8eaae554877416318e46e1137c977b7bd17e575f29de21aa2408701431","1206"
"runs/phase4-relation-kind-campaign-seed-20261101-20260920_151043_376/provengo_project/products/internal/artifacts/1/1/231.json","93a9b8b4621b362c6c3bb3dffa26df6bbf14a5a74bcfa09ba269e8fc6956bd1f","866"
"runs/phase4-relation-kind-campaign-seed-20261101-20260920_151043_376/provengo_project/products/internal/artifacts/1/1/232.txt","0e4ed9042169244dd3af6fe41dfb1089cd6410df8afea617bfe0d5edba58b56f","45"
"runs/phase4-relation-kind-campaign-seed-20261101-20260920_151043_376/provengo_project/products/internal/artifacts/1/1/233.txt","ef0a559e729aa591cfdc52eec9c464a3d06e343e48d325e70e3b14221a97d490","1207"
"runs/phase4-relation-kind-campaign-seed-20261101-20260920_151043_376/provengo_project/products/internal/artifacts/1/1/234.json","225c7deec22151a58eed9031d823a984b47c5b9c236240e98902cba6115fe43a","867"
"runs/phase4-relation-kind-campaign-seed-20261101-20260920_151043_376/provengo_project/products/internal/artifacts/1/1/235.txt","e515c61b4e5ab833cb9292626fdeb659edcd5ac269445af94584309600f71475","45"
"runs/phase4-relation-kind-campaign-seed-20261101-20260920_151043_376/provengo_project/products/internal/artifacts/1/1/236.txt","11fe1c46a9f5c83fe439f9042d1bffee67d9bbc402e5420327178502bf2b0372","1207"
"runs/phase4-relation-kind-campaign-seed-20261101-20260920_151043_376/provengo_project/products/internal/artifacts/1/1/237.json","1a99b008580bf52be1dc4a15460a4a5157dd01bec2c6f9c3a987c87e62998329","867"
"runs/phase4-relation-kind-campaign-seed-20261101-20260920_151043_376/provengo_project/products/internal/artifacts/1/1/238.txt","67fed3feb1921dcb1dc735106daa95a21d4a079d654d552b13ace710aff60b64","45"
"runs/phase4-relation-kind-campaign-seed-20261101-20260920_151043_376/provengo_project/products/internal/artifacts/1/1/239.txt","48f2053ba53dc3e63feb766a51ca40b52df84bf80d9cbc98914eee02d3b2b970","1206"
"runs/phase4-relation-kind-campaign-seed-20261101-20260920_151043_376/provengo_project/products/internal/artifacts/1/1/24.json","757643053d7d98f00f66ff32a261fb10ea6823aa6f27cbf0a188dfaa727be57b","867"
"runs/phase4-relation-kind-campaign-seed-20261101-20260920_151043_376/provengo_project/products/internal/artifacts/1/1/240.json","ad2daee24aa609508ff703727618414d17a20c824238ddc53a9de0f6e5a1ca98","866"
"runs/phase4-relation-kind-campaign-seed-20261101-20260920_151043_376/provengo_project/products/internal/artifacts/1/1/241.txt","c5119152361e03325c142b280c9c25c36164b7a74cf50d72c87d259f8e766e4c","45"
"runs/phase4-relation-kind-campaign-seed-20261101-20260920_151043_376/provengo_project/products/internal/artifacts/1/1/242.txt","33b91a5727c02a01a3ed743ac06a5d8926996f26ddf219113d263b4c0749366f","1207"
"runs/phase4-relation-kind-campaign-seed-20261101-20260920_151043_376/provengo_project/products/internal/artifacts/1/1/243.json","bc8ec97ce732def72556e18dbc0538783340876e615a5e7f70167dbd78d05e24","867"
"runs/phase4-relation-kind-campaign-seed-20261101-20260920_151043_376/provengo_project/products/internal/artifacts/1/1/244.txt","67071b609b7f8eb01ef7e4c542bebc8277ba339a02b5672bb5f36e36f95845d6","45"
"runs/phase4-relation-kind-campaign-seed-20261101-20260920_151043_376/provengo_project/products/internal/artifacts/1/1/245.txt","7ba2d4d6b173939ec295951b65e3ad97e35d70ba83e83897eddfec1ac9317fe6","1207"
"runs/phase4-relation-kind-campaign-seed-20261101-20260920_151043_376/provengo_project/products/internal/artifacts/1/1/246.json","185aaa3ba1cc748df59e3192b5524a3f124600cb19e6a8865fe0841d9d4855bc","867"
"runs/phase4-relation-kind-campaign-seed-20261101-20260920_151043_376/provengo_project/products/internal/artifacts/1/1/247.txt","0ca0036d9f68678327f976dbd9d55a607efc36f3b3f19f4343862c14f4a0d05f","45"
"runs/phase4-relation-kind-campaign-seed-20261101-20260920_151043_376/provengo_project/products/internal/artifacts/1/1/248.txt","572957118ec79f6b6e490262f7883cc0d671abd4fda80b63085d63614539641a","1206"
"runs/phase4-relation-kind-campaign-seed-20261101-20260920_151043_376/provengo_project/products/internal/artifacts/1/1/249.json","0f7b7c2a142e5eef158d61c3e6a4b18d6397ae0cfc145ff287e6d1c94096c34b","866"
"runs/phase4-relation-kind-campaign-seed-20261101-20260920_151043_376/provengo_project/products/internal/artifacts/1/1/25.txt","f6b98d50aaf8bdd1d9e52214630b0bf90fc1181d916fa859a68a4090ce4c5897","110"
"runs/phase4-relation-kind-campaign-seed-20261101-20260920_151043_376/provengo_project/products/internal/artifacts/1/1/250.txt","c0dfcbca1f9430d1067e65c52e8666f30f60c01329992f60041742c77ef04822","45"
"runs/phase4-relation-kind-campaign-seed-20261101-20260920_151043_376/provengo_project/products/internal/artifacts/1/1/251.txt","21c887c82b1719a163f383e048b585213c0ac9f5f599cd548f24d1689e6c07de","1207"
"runs/phase4-relation-kind-campaign-seed-20261101-20260920_151043_376/provengo_project/products/internal/artifacts/1/1/252.json","6d42d9547a30735a510739eef7aaaf89b030040d24150391951388cd0fbd9846","867"
"runs/phase4-relation-kind-campaign-seed-20261101-20260920_151043_376/provengo_project/products/internal/artifacts/1/1/253.txt","8a0e0439acd6a966782c058d006380a5e58c27d1859b34ec127352dc570158be","45"
"runs/phase4-relation-kind-campaign-seed-20261101-20260920_151043_376/provengo_project/products/internal/artifacts/1/1/254.txt","236f3575a52edc05554c4058cca960ba4b3bb053e6f21c5707348a147b87f6d0","1207"
"runs/phase4-relation-kind-campaign-seed-20261101-20260920_151043_376/provengo_project/products/internal/artifacts/1/1/255.json","5429da32aaf317b726ea80fe012f97b6a7bfd88cb0b89241e814674a9cee5292","867"
"runs/phase4-relation-kind-campaign-seed-20261101-20260920_151043_376/provengo_project/products/internal/artifacts/1/1/256.txt","02be14f3616703fc14cabd287f97fd0868cac91e8722d516efee3b33de22b949","45"
"runs/phase4-relation-kind-campaign-seed-20261101-20260920_151043_376/provengo_project/products/internal/artifacts/1/1/257.txt","d5c8d8f99de8ca70884e843265190e9576bd34bfe8c1b44b3bcb019a3bc78037","1207"
"runs/phase4-relation-kind-campaign-seed-20261101-20260920_151043_376/provengo_project/products/internal/artifacts/1/1/258.json","fa08eced7ffdc5ca85974402aad2d51fafb3cb66e0d840e44bfbbb035369394e","867"
"runs/phase4-relation-kind-campaign-seed-20261101-20260920_151043_376/provengo_project/products/internal/artifacts/1/1/259.txt","e9e3c79c7896212368295725044c167193b86ad76642272d84651d3cf316a6bb","45"
"runs/phase4-relation-kind-campaign-seed-20261101-20260920_151043_376/provengo_project/products/internal/artifacts/1/1/26.txt","99ba15e7dbe3b8259409ae59262c33de5b1e603034c592492f9e6729940ede74","953"
"runs/phase4-relation-kind-campaign-seed-20261101-20260920_151043_376/provengo_project/products/internal/artifacts/1/1/260.txt","492041c02b04d4ed1ff3760a5bab8223677616d5013203038d6b83ea3fa16759","1209"
"runs/phase4-relation-kind-campaign-seed-20261101-20260920_151043_376/provengo_project/products/internal/artifacts/1/1/261.json","22525a53f6fb16759c78774c603d401637c2b2edba8c032804d2d307ab1a9d87","869"
"runs/phase4-relation-kind-campaign-seed-20261101-20260920_151043_376/provengo_project/products/internal/artifacts/1/1/262.txt","53e5de5d2fe19d4d1d761a5bf72f8bbe8e49a8ac9f949182bb100a79a641fb4e","45"
"runs/phase4-relation-kind-campaign-seed-20261101-20260920_151043_376/provengo_project/products/internal/artifacts/1/1/263.txt","cb336676f7600a4d7c3365b14998633b49cd5c6fa9beeb74cc65ef36bc3689c6","1209"
"runs/phase4-relation-kind-campaign-seed-20261101-20260920_151043_376/provengo_project/products/internal/artifacts/1/1/264.json","e8433f72f0bb043ac00f89de329b5db9e6a11d4b9c0b3a9e84f6404b5a0bc573","869"
"runs/phase4-relation-kind-campaign-seed-20261101-20260920_151043_376/provengo_project/products/internal/artifacts/1/1/265.txt","d3761773d22d15bc1bf2ca8fc3250ba1bc3fd686797ea51053816663fff699ca","134"
"runs/phase4-relation-kind-campaign-seed-20261101-20260920_151043_376/provengo_project/products/internal/artifacts/1/1/266.txt","49c2d1d37d186d0b1f702f1c81b49c3c82ab0410db2268668519108ab5f3dd0c","469"
"runs/phase4-relation-kind-campaign-seed-20261101-20260920_151043_376/provengo_project/products/internal/artifacts/1/1/267.json","e7850aa3e3311a78f588c1f8ae5a5e3ad91bbd2b80c7c9d183c258de17e8e09b","225"
"runs/phase4-relation-kind-campaign-seed-20261101-20260920_151043_376/provengo_project/products/internal/artifacts/1/1/268.txt","d0395be7a64385d78dbcc13388e5019538d47f955e72c730bca2d528ed681733","134"
"runs/phase4-relation-kind-campaign-seed-20261101-20260920_151043_376/provengo_project/products/internal/artifacts/1/1/269.txt","7259b6d47647b70033e23e84bb462deef861eef757445c01154fb1b2aacf6325","469"
"runs/phase4-relation-kind-campaign-seed-20261101-20260920_151043_376/provengo_project/products/internal/artifacts/1/1/27.json","4f5ee174157917fbf0569793b8b49c81fdee398b735040973101821379dc14ca","709"
"runs/phase4-relation-kind-campaign-seed-20261101-20260920_151043_376/provengo_project/products/internal/artifacts/1/1/270.json","6f8eb508a085dd906f702132c8452d07bfc24d8c8a1fce1f72a14aff67be31f9","225"
"runs/phase4-relation-kind-campaign-seed-20261101-20260920_151043_376/provengo_project/products/internal/artifacts/1/1/271.txt","4e245f3fc348aff9b8b97656769e03d1d1f13ebd1604ea6bc36f2290cd375745","137"
"runs/phase4-relation-kind-campaign-seed-20261101-20260920_151043_376/provengo_project/products/internal/artifacts/1/1/272.txt","432f69c1663ac4f780eeb18462d93479b3b31a95621beba8a218fd8ec7572a61","472"
"runs/phase4-relation-kind-campaign-seed-20261101-20260920_151043_376/provengo_project/products/internal/artifacts/1/1/273.json","7b2191537e3e80858e6f44fa99cd13d6a743110751a563d6453f356287bf4fd6","228"
"runs/phase4-relation-kind-campaign-seed-20261101-20260920_151043_376/provengo_project/products/internal/artifacts/1/1/274.txt","75a5eb3caff4570aa13a63fafd9139d638e540ecde21aa97f598a5d27298b274","134"
"runs/phase4-relation-kind-campaign-seed-20261101-20260920_151043_376/provengo_project/products/internal/artifacts/1/1/275.txt","6f7a0da4f215f6a8c3a6badf08da5258af026e940b20c9a3dbeccd6e7813a7b9","469"
"runs/phase4-relation-kind-campaign-seed-20261101-20260920_151043_376/provengo_project/products/internal/artifacts/1/1/276.json","3c7ef529c964e7ba0f29d0844af0627b553c52643c71c20023fdf2a1a3a737f3","225"
"runs/phase4-relation-kind-campaign-seed-20261101-20260920_151043_376/provengo_project/products/internal/artifacts/1/1/277.txt","4498ccef37d5ccfaed001eae7929846c9f0f3cbb867b1ae219ba68561c2d68f8","134"
"runs/phase4-relation-kind-campaign-seed-20261101-20260920_151043_376/provengo_project/products/internal/artifacts/1/1/278.txt","43e4a288d8c7a723bea10d7feef411eb08db46d4c4e471cd1775ce2837c64c8f","469"
"runs/phase4-relation-kind-campaign-seed-20261101-20260920_151043_376/provengo_project/products/internal/artifacts/1/1/279.json","b26762f8f72ceae801bcc9c39d0c0d935f3ad13f93f72303e07286c83594c106","225"
"runs/phase4-relation-kind-campaign-seed-20261101-20260920_151043_376/provengo_project/products/internal/artifacts/1/1/28.txt","67fed3feb1921dcb1dc735106daa95a21d4a079d654d552b13ace710aff60b64","45"
"runs/phase4-relation-kind-campaign-seed-20261101-20260920_151043_376/provengo_project/products/internal/artifacts/1/1/280.txt","734945988662f16d564def142220ca6edbaddee3f6005b7a8144dffd6e36995c","135"
"runs/phase4-relation-kind-campaign-seed-20261101-20260920_151043_376/provengo_project/products/internal/artifacts/1/1/281.txt","1ff797a3b2b6f3f198f95e01ed3ed5e9d75679962b78f4924ac455aa947c4c4e","470"
"runs/phase4-relation-kind-campaign-seed-20261101-20260920_151043_376/provengo_project/products/internal/artifacts/1/1/282.json","607ac4f2e03ae78f29a7d519b2e267f68085c537718ee34ce7f304a1df14973e","226"
"runs/phase4-relation-kind-campaign-seed-20261101-20260920_151043_376/provengo_project/products/internal/artifacts/1/1/283.txt","58281b1429f84b6cafc7c6b9c9e806ef1ef1ebe2fcd558e8a570e213984164fb","80"
"runs/phase4-relation-kind-campaign-seed-20261101-20260920_151043_376/provengo_project/products/internal/artifacts/1/1/284.txt","7c9d1302ca384ea270e015d0c4b6d940816bfed9e7d4505963d7340018547d22","210"
"runs/phase4-relation-kind-campaign-seed-20261101-20260920_151043_376/provengo_project/products/internal/artifacts/1/1/285.txt","e3b0c44298fc1c149afbf4c8996fb92427ae41e4649b934ca495991b7852b855","0"
"runs/phase4-relation-kind-campaign-seed-20261101-20260920_151043_376/provengo_project/products/internal/artifacts/1/1/286.txt","fabb80d6f51ef713cf72e476de7eee789d3fb02adf7056a8de12c7cf1091c0ca","45"
"runs/phase4-relation-kind-campaign-seed-20261101-20260920_151043_376/provengo_project/products/internal/artifacts/1/1/287.txt","ef671c83f41d5b9679a50a9effa44f77c5d787783fc5f6f8b967d96447e0b3ec","4194"
"runs/phase4-relation-kind-campaign-seed-20261101-20260920_151043_376/provengo_project/products/internal/artifacts/1/1/288.json","5349ded409ebcbed8b6f2ea159a02db0cfe64e41e748735beac46d3d21ec0993","3853"
"runs/phase4-relation-kind-campaign-seed-20261101-20260920_151043_376/provengo_project/products/internal/artifacts/1/1/289.txt","5babb43a9a1333012fe522fd7e330ebcae2628770ea95cfb5b0e42399686cb69","80"
"runs/phase4-relation-kind-campaign-seed-20261101-20260920_151043_376/provengo_project/products/internal/artifacts/1/1/29.txt","0854cd735d83d05b2dfa2b8d031a4489d88b62b610a03aae758e3220a76d0b12","1207"
"runs/phase4-relation-kind-campaign-seed-20261101-20260920_151043_376/provengo_project/products/internal/artifacts/1/1/290.txt","dcf617da0fed23cf4d358cac97dd0e26b93cc92790683c859b5a58dacc193977","210"
"runs/phase4-relation-kind-campaign-seed-20261101-20260920_151043_376/provengo_project/products/internal/artifacts/1/1/291.txt","e3b0c44298fc1c149afbf4c8996fb92427ae41e4649b934ca495991b7852b855","0"
"runs/phase4-relation-kind-campaign-seed-20261101-20260920_151043_376/provengo_project/products/internal/artifacts/1/1/292.txt","fabb80d6f51ef713cf72e476de7eee789d3fb02adf7056a8de12c7cf1091c0ca","45"
"runs/phase4-relation-kind-campaign-seed-20261101-20260920_151043_376/provengo_project/products/internal/artifacts/1/1/293.txt","85341b7d0b4b3dd07a1d2696db7109e609dd522b685706165b9694e0d5c42889","3598"
"runs/phase4-relation-kind-campaign-seed-20261101-20260920_151043_376/provengo_project/products/internal/artifacts/1/1/294.json","51dfc275b99157a090914c3d3c78b5204de68720b1d4b6c21904284892c3e505","3257"
"runs/phase4-relation-kind-campaign-seed-20261101-20260920_151043_376/provengo_project/products/internal/artifacts/1/1/295.txt","fe7a7965276a751381b678810d00fb325f45663000ee61a7e0f2dd930836061e","80"
"runs/phase4-relation-kind-campaign-seed-20261101-20260920_151043_376/provengo_project/products/internal/artifacts/1/1/296.txt","097ed86e147a28f9fdd106cc41f6c671191a861750092e791c2f42dcb3130aa9","210"
"runs/phase4-relation-kind-campaign-seed-20261101-20260920_151043_376/provengo_project/products/internal/artifacts/1/1/297.txt","e3b0c44298fc1c149afbf4c8996fb92427ae41e4649b934ca495991b7852b855","0"
"runs/phase4-relation-kind-campaign-seed-20261101-20260920_151043_376/provengo_project/products/internal/artifacts/1/1/298.txt","fabb80d6f51ef713cf72e476de7eee789d3fb02adf7056a8de12c7cf1091c0ca","45"
"runs/phase4-relation-kind-campaign-seed-20261101-20260920_151043_376/provengo_project/products/internal/artifacts/1/1/299.txt","76d67b35425d6ed7c6548f339ceefc80446908693f4eec70c5e32932ec611e97","2998"
"runs/phase4-relation-kind-campaign-seed-20261101-20260920_151043_376/provengo_project/products/internal/artifacts/1/1/3.json","a443e6b7e99ea290b48047a83a4878590ac37e2b2ea6e71df5b55eedaa19ee52","1728"
"runs/phase4-relation-kind-campaign-seed-20261101-20260920_151043_376/provengo_project/products/internal/artifacts/1/1/30.json","3575a4026f599972c9da93d10d977178059d5e9002e287512916205c1d939eaa","867"
"runs/phase4-relation-kind-campaign-seed-20261101-20260920_151043_376/provengo_project/products/internal/artifacts/1/1/300.json","cb54c78b92e94040b8dd8370df7c6246964e252bb1cfdfa7301e16b0ee2936db","2657"
"runs/phase4-relation-kind-campaign-seed-20261101-20260920_151043_376/provengo_project/products/internal/artifacts/1/1/301.txt","def6fdcc40283f6fd6285db2267b9b9fc5d89b07a7346fa91d7cff82b61de4d0","80"
"runs/phase4-relation-kind-campaign-seed-20261101-20260920_151043_376/provengo_project/products/internal/artifacts/1/1/302.txt","3d1476f1bf5545fcf0ace9c4040d6b2cdc9ca7349bae3698146cace957242702","210"
"runs/phase4-relation-kind-campaign-seed-20261101-20260920_151043_376/provengo_project/products/internal/artifacts/1/1/303.txt","e3b0c44298fc1c149afbf4c8996fb92427ae41e4649b934ca495991b7852b855","0"
"runs/phase4-relation-kind-campaign-seed-20261101-20260920_151043_376/provengo_project/products/internal/artifacts/1/1/304.txt","fabb80d6f51ef713cf72e476de7eee789d3fb02adf7056a8de12c7cf1091c0ca","45"
"runs/phase4-relation-kind-campaign-seed-20261101-20260920_151043_376/provengo_project/products/internal/artifacts/1/1/305.txt","d764a04841ad5861f356a4b1b934230037b4727e6d8ab622347ce82c53486067","2401"
"runs/phase4-relation-kind-campaign-seed-20261101-20260920_151043_376/provengo_project/products/internal/artifacts/1/1/306.json","ba1121818c3d3443434039c2b9c74d81c9507b6974f9904469f9b2c1f39f4681","2060"
"runs/phase4-relation-kind-campaign-seed-20261101-20260920_151043_376/provengo_project/products/internal/artifacts/1/1/307.txt","c1281ad5b44a076e492d5fa5eeefa6b630c1de2bef4ac6212712f4f08aabd030","80"
"runs/phase4-relation-kind-campaign-seed-20261101-20260920_151043_376/provengo_project/products/internal/artifacts/1/1/308.txt","600c66f38f26a4c907ebd595c6d37ab8a842c8b27aa4f9639d6b05ea7491fe77","210"
"runs/phase4-relation-kind-campaign-seed-20261101-20260920_151043_376/provengo_project/products/internal/artifacts/1/1/309.txt","e3b0c44298fc1c149afbf4c8996fb92427ae41e4649b934ca495991b7852b855","0"
"runs/phase4-relation-kind-campaign-seed-20261101-20260920_151043_376/provengo_project/products/internal/artifacts/1/1/31.txt","2c7d044b92f3f35a370278e6a5f523c48b127a473807fdf983c3d3471f412606","110"
"runs/phase4-relation-kind-campaign-seed-20261101-20260920_151043_376/provengo_project/products/internal/artifacts/1/1/310.txt","fabb80d6f51ef713cf72e476de7eee789d3fb02adf7056a8de12c7cf1091c0ca","45"
"runs/phase4-relation-kind-campaign-seed-20261101-20260920_151043_376/provengo_project/products/internal/artifacts/1/1/311.txt","820dafe189f314314b3dd573ece7335a4fac9b10609442387bd84ecd0a9b1f2c","1805"
"runs/phase4-relation-kind-campaign-seed-20261101-20260920_151043_376/provengo_project/products/internal/artifacts/1/1/312.json","dabdae1f004a4ce8c92e7be3517e7e08e353bffdf44937884d0de54a2dfa5c1a","1464"
"runs/phase4-relation-kind-campaign-seed-20261101-20260920_151043_376/provengo_project/products/internal/artifacts/1/1/313.txt","29cbe559f1d16fe6a2307a3cd2f78166c0938af5e7a762d4ab90465e2b89c9a6","80"
"runs/phase4-relation-kind-campaign-seed-20261101-20260920_151043_376/provengo_project/products/internal/artifacts/1/1/314.txt","86322581cffb21cf8021e11ff39a1ace651f2f215ff38e06974fb9dd604ff46f","210"
"runs/phase4-relation-kind-campaign-seed-20261101-20260920_151043_376/provengo_project/products/internal/artifacts/1/1/315.txt","e3b0c44298fc1c149afbf4c8996fb92427ae41e4649b934ca495991b7852b855","0"
"runs/phase4-relation-kind-campaign-seed-20261101-20260920_151043_376/provengo_project/products/internal/artifacts/1/1/316.txt","fabb80d6f51ef713cf72e476de7eee789d3fb02adf7056a8de12c7cf1091c0ca","45"
"runs/phase4-relation-kind-campaign-seed-20261101-20260920_151043_376/provengo_project/products/internal/artifacts/1/1/317.txt","bcaf0ecf5b3c90c737a9d1631365ce5f67b1931bc0ee89aa8908dafbd4e20e4c","1206"
"runs/phase4-relation-kind-campaign-seed-20261101-20260920_151043_376/provengo_project/products/internal/artifacts/1/1/318.json","5b8731e3142c1172f64eba5b90ab084d505bd981486c86f60081143d0e266235","866"
"runs/phase4-relation-kind-campaign-seed-20261101-20260920_151043_376/provengo_project/products/internal/artifacts/1/1/319.txt","73ed91f4a2e1f3a80dfad0bdaa5cd4e6e9f247799d44d47dedc0c898459e9c70","80"
"runs/phase4-relation-kind-campaign-seed-20261101-20260920_151043_376/provengo_project/products/internal/artifacts/1/1/32.txt","e7d94d719e5cf0ec95c7092f6564df7edf5905534b48cecbac03c1e17d242f8c","953"
"runs/phase4-relation-kind-campaign-seed-20261101-20260920_151043_376/provengo_project/products/internal/artifacts/1/1/320.txt","acbd20e9ef316b81c81a213d3fdd1ae722b87c0a53964263716745234b69fa0f","210"
"runs/phase4-relation-kind-campaign-seed-20261101-20260920_151043_376/provengo_project/products/internal/artifacts/1/1/321.txt","e3b0c44298fc1c149afbf4c8996fb92427ae41e4649b934ca495991b7852b855","0"
"runs/phase4-relation-kind-campaign-seed-20261101-20260920_151043_376/provengo_project/products/internal/artifacts/1/1/322.txt","11ad9f7b5e6fc85830b0ba3f3532e37ca394e5902a0ea0f20a6341135faa401c","80"
"runs/phase4-relation-kind-campaign-seed-20261101-20260920_151043_376/provengo_project/products/internal/artifacts/1/1/323.txt","82126a3b850f6405e46838a097795029ffe83fea3d3fc6c4d3e9b16990b584a1","210"
"runs/phase4-relation-kind-campaign-seed-20261101-20260920_151043_376/provengo_project/products/internal/artifacts/1/1/324.txt","e3b0c44298fc1c149afbf4c8996fb92427ae41e4649b934ca495991b7852b855","0"
"runs/phase4-relation-kind-campaign-seed-20261101-20260920_151043_376/provengo_project/products/internal/artifacts/1/1/325.txt","d13e0b8ece89a7a4009d40c50dbfe49e19b4630a51a721b310d298af76b742b2","80"
"runs/phase4-relation-kind-campaign-seed-20261101-20260920_151043_376/provengo_project/products/internal/artifacts/1/1/326.txt","9d95c7fa9f432aa30a9402596323e7753b5d3a8fb770ed266eb68c889d88110b","210"
"runs/phase4-relation-kind-campaign-seed-20261101-20260920_151043_376/provengo_project/products/internal/artifacts/1/1/327.txt","e3b0c44298fc1c149afbf4c8996fb92427ae41e4649b934ca495991b7852b855","0"
"runs/phase4-relation-kind-campaign-seed-20261101-20260920_151043_376/provengo_project/products/internal/artifacts/1/1/328.txt","1b7e7eaa6dc620d1293ac159902b7615c1a8df135ed3a091a37fc9ba2435a735","80"
"runs/phase4-relation-kind-campaign-seed-20261101-20260920_151043_376/provengo_project/products/internal/artifacts/1/1/329.txt","b0e33b13d7846ecb255230d92fbb9818ccec219b25cfa163baebec40af8337f8","210"
"runs/phase4-relation-kind-campaign-seed-20261101-20260920_151043_376/provengo_project/products/internal/artifacts/1/1/33.json","e1d801753dffc396238fec9fc8f2dd9fbe0cbfdf634c3f1b7a0d5bb540bf9467","709"
"runs/phase4-relation-kind-campaign-seed-20261101-20260920_151043_376/provengo_project/products/internal/artifacts/1/1/330.txt","e3b0c44298fc1c149afbf4c8996fb92427ae41e4649b934ca495991b7852b855","0"
"runs/phase4-relation-kind-campaign-seed-20261101-20260920_151043_376/provengo_project/products/internal/artifacts/1/1/331.txt","faadb1c5431727eca1d9738fd53d0b4f29a7dd724e459c23d75b124fa1ce6afb","80"
"runs/phase4-relation-kind-campaign-seed-20261101-20260920_151043_376/provengo_project/products/internal/artifacts/1/1/332.txt","f03ee114fde6b4181dd94fdbb794ec9682a6c5793bafd8fed759825958bc56d6","210"
"runs/phase4-relation-kind-campaign-seed-20261101-20260920_151043_376/provengo_project/products/internal/artifacts/1/1/333.txt","e3b0c44298fc1c149afbf4c8996fb92427ae41e4649b934ca495991b7852b855","0"
"runs/phase4-relation-kind-campaign-seed-20261101-20260920_151043_376/provengo_project/products/internal/artifacts/1/1/334.txt","8b68dcb9fcb550e58bc0e63381819f120bc8a73a6d55b37534d978017cecc3a7","80"
"runs/phase4-relation-kind-campaign-seed-20261101-20260920_151043_376/provengo_project/products/internal/artifacts/1/1/335.txt","3cb6d404177317b95c2dcd5870c3d6ff0f667f8be0c2bd580d7ef5c6887e79cc","210"
"runs/phase4-relation-kind-campaign-seed-20261101-20260920_151043_376/provengo_project/products/internal/artifacts/1/1/336.txt","e3b0c44298fc1c149afbf4c8996fb92427ae41e4649b934ca495991b7852b855","0"
"runs/phase4-relation-kind-campaign-seed-20261101-20260920_151043_376/provengo_project/products/internal/artifacts/1/1/337.txt","a6f6e0e2c43bad8d17cb76a89e92d532ad9b5690c232f5cca71c928cd7c39b8e","83"
"runs/phase4-relation-kind-campaign-seed-20261101-20260920_151043_376/provengo_project/products/internal/artifacts/1/1/338.txt","d8d28a4f8238d41573768dcb174aefcbaff9b9f591f3ba4d25bc183693db0d72","210"
"runs/phase4-relation-kind-campaign-seed-20261101-20260920_151043_376/provengo_project/products/internal/artifacts/1/1/339.txt","e3b0c44298fc1c149afbf4c8996fb92427ae41e4649b934ca495991b7852b855","0"
"runs/phase4-relation-kind-campaign-seed-20261101-20260920_151043_376/provengo_project/products/internal/artifacts/1/1/34.txt","c5119152361e03325c142b280c9c25c36164b7a74cf50d72c87d259f8e766e4c","45"
"runs/phase4-relation-kind-campaign-seed-20261101-20260920_151043_376/provengo_project/products/internal/artifacts/1/1/35.txt","dbce5f77bf9f574f056546b6052aa066cdff21ceff408929e9d42fa735678c0e","1207"
"runs/phase4-relation-kind-campaign-seed-20261101-20260920_151043_376/provengo_project/products/internal/artifacts/1/1/36.json","ee18d47591f2c444373b4797b9fbba395a73a27a1ebd1b4e5505be1bbb61476f","867"
"runs/phase4-relation-kind-campaign-seed-20261101-20260920_151043_376/provengo_project/products/internal/artifacts/1/1/37.txt","3e52a0ece3c6f0009f25955ad7dbe955255c1f66d84718731029b71cc314db22","110"
"runs/phase4-relation-kind-campaign-seed-20261101-20260920_151043_376/provengo_project/products/internal/artifacts/1/1/38.txt","ba1347dfcd797a7472b4eb6a63bee3420b47b264799e9c6d40c69e7df21b7f1d","952"
"runs/phase4-relation-kind-campaign-seed-20261101-20260920_151043_376/provengo_project/products/internal/artifacts/1/1/39.json","6ba791dc4c8466a01812285444436b0a16ee9b4105d3c2ea32523f414d6de591","708"
"runs/phase4-relation-kind-campaign-seed-20261101-20260920_151043_376/provengo_project/products/internal/artifacts/1/1/4.txt","44fcd308c7e8c5e7c012c694479dc8287dfb41768f5e3f094c6d2ae94116ebe9","80"
"runs/phase4-relation-kind-campaign-seed-20261101-20260920_151043_376/provengo_project/products/internal/artifacts/1/1/40.txt","67071b609b7f8eb01ef7e4c542bebc8277ba339a02b5672bb5f36e36f95845d6","45"
"runs/phase4-relation-kind-campaign-seed-20261101-20260920_151043_376/provengo_project/products/internal/artifacts/1/1/41.txt","185fc0813677a461185088a7a7ca465018405f444a2fb00ad10851e5d1cb5163","1207"
"runs/phase4-relation-kind-campaign-seed-20261101-20260920_151043_376/provengo_project/products/internal/artifacts/1/1/42.json","185aaa3ba1cc748df59e3192b5524a3f124600cb19e6a8865fe0841d9d4855bc","867"
"runs/phase4-relation-kind-campaign-seed-20261101-20260920_151043_376/provengo_project/products/internal/artifacts/1/1/43.txt","df88170f4e35d972b739fb6343dec6d0b13323e84f57d3da8bc51249f15cba5a","110"
"runs/phase4-relation-kind-campaign-seed-20261101-20260920_151043_376/provengo_project/products/internal/artifacts/1/1/44.txt","1f924a05a33a6528bc4e63a964b025e8796538e32183f30f06ceffc79da220a3","953"
"runs/phase4-relation-kind-campaign-seed-20261101-20260920_151043_376/provengo_project/products/internal/artifacts/1/1/45.json","01ffba6f7dbc246642c9421853ab952f7f85f3d4184e892ffe3b9c44c6a3a601","709"
"runs/phase4-relation-kind-campaign-seed-20261101-20260920_151043_376/provengo_project/products/internal/artifacts/1/1/46.txt","0ca0036d9f68678327f976dbd9d55a607efc36f3b3f19f4343862c14f4a0d05f","45"
"runs/phase4-relation-kind-campaign-seed-20261101-20260920_151043_376/provengo_project/products/internal/artifacts/1/1/47.txt","89b40ca223627d020db61dd3cb4ce681061663822e8a31505fb3b21f0df48ab5","1207"
"runs/phase4-relation-kind-campaign-seed-20261101-20260920_151043_376/provengo_project/products/internal/artifacts/1/1/48.json","e598525523149427173e2c4ac25955d3584a0a1a888e3679a0fccf92005c38ae","867"
"runs/phase4-relation-kind-campaign-seed-20261101-20260920_151043_376/provengo_project/products/internal/artifacts/1/1/49.txt","b413b1866051a87d913b26717631671bdbc51013213c241466a72e293b6b1b1b","110"
"runs/phase4-relation-kind-campaign-seed-20261101-20260920_151043_376/provengo_project/products/internal/artifacts/1/1/5.txt","bb0b0f29de02e0d62a1e112cd27bc946d0aff332768f9cd297becf24706880d7","1945"
"runs/phase4-relation-kind-campaign-seed-20261101-20260920_151043_376/provengo_project/products/internal/artifacts/1/1/50.txt","4261f0fd95f31619509d412e5583bdce6c4f7d23cb49b7c0a34f037d6df4f31d","953"
"runs/phase4-relation-kind-campaign-seed-20261101-20260920_151043_376/provengo_project/products/internal/artifacts/1/1/51.json","68504d160b6b658d620d3c65cd108c75bb2b74532c038113ab6880270197f6d9","709"
"runs/phase4-relation-kind-campaign-seed-20261101-20260920_151043_376/provengo_project/products/internal/artifacts/1/1/52.txt","c0dfcbca1f9430d1067e65c52e8666f30f60c01329992f60041742c77ef04822","45"
"runs/phase4-relation-kind-campaign-seed-20261101-20260920_151043_376/provengo_project/products/internal/artifacts/1/1/53.txt","88474bee68bd1b5f41f013b37dfacf0cea110d9fe58849c205da12e4ca3e4399","1207"
"runs/phase4-relation-kind-campaign-seed-20261101-20260920_151043_376/provengo_project/products/internal/artifacts/1/1/54.json","6d42d9547a30735a510739eef7aaaf89b030040d24150391951388cd0fbd9846","867"
"runs/phase4-relation-kind-campaign-seed-20261101-20260920_151043_376/provengo_project/products/internal/artifacts/1/1/55.txt","cf218705fd629935a2c95b73be22443d2197044f46c47a218de08883d485ae9d","110"
"runs/phase4-relation-kind-campaign-seed-20261101-20260920_151043_376/provengo_project/products/internal/artifacts/1/1/56.txt","a03770b40b0c3492a69d75e8beea2420e60b3e525d59f20b57c98495371aae40","953"
"runs/phase4-relation-kind-campaign-seed-20261101-20260920_151043_376/provengo_project/products/internal/artifacts/1/1/57.json","b9091665081d590dbecf273236fed2efb221088d48f520f8b6a51545b9220c19","709"
"runs/phase4-relation-kind-campaign-seed-20261101-20260920_151043_376/provengo_project/products/internal/artifacts/1/1/58.txt","8a0e0439acd6a966782c058d006380a5e58c27d1859b34ec127352dc570158be","45"
"runs/phase4-relation-kind-campaign-seed-20261101-20260920_151043_376/provengo_project/products/internal/artifacts/1/1/59.txt","c69c1e347f10111f765ada0ab05915d4bfa4494b51cb74b9ca00a81bc745016f","1207"
"runs/phase4-relation-kind-campaign-seed-20261101-20260920_151043_376/provengo_project/products/internal/artifacts/1/1/6.json","7ffb464b9fd6ade350f2c8cb3d52ed2cf9c6ffa85066b4d6adf206bf9c2fdab1","1635"
"runs/phase4-relation-kind-campaign-seed-20261101-20260920_151043_376/provengo_project/products/internal/artifacts/1/1/60.json","ec43879394c5cd6345ddf597ead8fd377cedb48b296f645674dba8cedf40656d","867"
"runs/phase4-relation-kind-campaign-seed-20261101-20260920_151043_376/provengo_project/products/internal/artifacts/1/1/61.txt","eee03e88cde013a9ce4410c8977c4564428955a3157a35171859944e3e5a72f9","109"
"runs/phase4-relation-kind-campaign-seed-20261101-20260920_151043_376/provengo_project/products/internal/artifacts/1/1/62.txt","0930a1c04846b1abd106c218fc4159d390372bca146aae729f74cac8d60a847e","954"
"runs/phase4-relation-kind-campaign-seed-20261101-20260920_151043_376/provengo_project/products/internal/artifacts/1/1/63.json","e42d3bd85a85366da7b1e396fd854e6e208180a74f6ca27e9cef21f83cc365dd","710"
"runs/phase4-relation-kind-campaign-seed-20261101-20260920_151043_376/provengo_project/products/internal/artifacts/1/1/64.txt","02be14f3616703fc14cabd287f97fd0868cac91e8722d516efee3b33de22b949","45"
"runs/phase4-relation-kind-campaign-seed-20261101-20260920_151043_376/provengo_project/products/internal/artifacts/1/1/65.txt","d69ef1fd80ba03bc2b50e53236d80d06cb9c7d2c2603834223134c0068175366","1208"
"runs/phase4-relation-kind-campaign-seed-20261101-20260920_151043_376/provengo_project/products/internal/artifacts/1/1/66.json","3b340fbcc6c6e4c2cfbfa7fdb245488c84e41c9eeb69a78e17d8d85c77c58422","868"
"runs/phase4-relation-kind-campaign-seed-20261101-20260920_151043_376/provengo_project/products/internal/artifacts/1/1/67.txt","32d084c70cf3a2e1a17c6e739837dd65aa4cd70c34d597ffa84c0c15142ee7ae","110"
"runs/phase4-relation-kind-campaign-seed-20261101-20260920_151043_376/provengo_project/products/internal/artifacts/1/1/68.txt","a548d01e3fb9d2ccafc277689834300a6c34f0aeae4edb6adb0db51d33d8dbe1","955"
"runs/phase4-relation-kind-campaign-seed-20261101-20260920_151043_376/provengo_project/products/internal/artifacts/1/1/69.json","a2cc20150deb41e10354230aae198151676028ec8f9cc5177f5189db1eb80544","711"
"runs/phase4-relation-kind-campaign-seed-20261101-20260920_151043_376/provengo_project/products/internal/artifacts/1/1/7.txt","4f0d20177de619a8f7d2746fdcfe0791886171adf9b6989025cc66258a3c6249","110"
"runs/phase4-relation-kind-campaign-seed-20261101-20260920_151043_376/provengo_project/products/internal/artifacts/1/1/70.txt","e9e3c79c7896212368295725044c167193b86ad76642272d84651d3cf316a6bb","45"
"runs/phase4-relation-kind-campaign-seed-20261101-20260920_151043_376/provengo_project/products/internal/artifacts/1/1/71.txt","3c38cf232f4e6fe59cf40b6fb7084094956e6f1e2ef025dfb85d9e32c122c11a","1209"
"runs/phase4-relation-kind-campaign-seed-20261101-20260920_151043_376/provengo_project/products/internal/artifacts/1/1/72.json","c9d532afc42a55210d91c66417b57cbc932f84e7ad8510e06140bd144dbc05f5","869"
"runs/phase4-relation-kind-campaign-seed-20261101-20260920_151043_376/provengo_project/products/internal/artifacts/1/1/73.txt","1301d0ff6430ad3c6b70ec2b33b3dfce085642b69c38c0302b6c0973cbf96c4c","110"
"runs/phase4-relation-kind-campaign-seed-20261101-20260920_151043_376/provengo_project/products/internal/artifacts/1/1/74.txt","0af3713062400eda7b81c66d05a194cb0296918358697002b513756d8dade698","954"
"runs/phase4-relation-kind-campaign-seed-20261101-20260920_151043_376/provengo_project/products/internal/artifacts/1/1/75.json","bb1e6cd8d3e295f2be326c5c97797ba7e0132f87025d06d3f534bdf4153518d6","710"
"runs/phase4-relation-kind-campaign-seed-20261101-20260920_151043_376/provengo_project/products/internal/artifacts/1/1/76.txt","53e5de5d2fe19d4d1d761a5bf72f8bbe8e49a8ac9f949182bb100a79a641fb4e","45"
"runs/phase4-relation-kind-campaign-seed-20261101-20260920_151043_376/provengo_project/products/internal/artifacts/1/1/77.txt","185b542298be1b9e3bc19d5026a5c9b2216f2257c1c07c83d6ba15ad6c4e2fae","1209"
"runs/phase4-relation-kind-campaign-seed-20261101-20260920_151043_376/provengo_project/products/internal/artifacts/1/1/78.json","e8433f72f0bb043ac00f89de329b5db9e6a11d4b9c0b3a9e84f6404b5a0bc573","869"
"runs/phase4-relation-kind-campaign-seed-20261101-20260920_151043_376/provengo_project/products/internal/artifacts/1/1/79.txt","d3761773d22d15bc1bf2ca8fc3250ba1bc3fd686797ea51053816663fff699ca","134"
"runs/phase4-relation-kind-campaign-seed-20261101-20260920_151043_376/provengo_project/products/internal/artifacts/1/1/8.txt","089a3be58b636498d058fb100796ccbcdbac5bf477ff8bc97485aaebfa6a050d","953"
"runs/phase4-relation-kind-campaign-seed-20261101-20260920_151043_376/provengo_project/products/internal/artifacts/1/1/80.txt","970dd8ebf53fafe1009d34460dda222b7879833414626868425d1cdd90a78d68","469"
"runs/phase4-relation-kind-campaign-seed-20261101-20260920_151043_376/provengo_project/products/internal/artifacts/1/1/81.json","5a566d5674cec0106d5584101922debc1af926de871390e2c90518cf733fb3fb","225"
"runs/phase4-relation-kind-campaign-seed-20261101-20260920_151043_376/provengo_project/products/internal/artifacts/1/1/82.txt","8000bff9749e9082f38e23e62af3d790759cf0bcf546e6f7ae4babf7baa27170","137"
"runs/phase4-relation-kind-campaign-seed-20261101-20260920_151043_376/provengo_project/products/internal/artifacts/1/1/83.txt","fee51334cbe7362aa915626ca96481d92f58b13978b2425a7b31ecb0a80ff854","472"
"runs/phase4-relation-kind-campaign-seed-20261101-20260920_151043_376/provengo_project/products/internal/artifacts/1/1/84.json","39b9ec75d298ac449b681d0d9a26cfef57de358e9622d09dfadc58592735c073","228"
"runs/phase4-relation-kind-campaign-seed-20261101-20260920_151043_376/provengo_project/products/internal/artifacts/1/1/85.txt","d0395be7a64385d78dbcc13388e5019538d47f955e72c730bca2d528ed681733","134"
"runs/phase4-relation-kind-campaign-seed-20261101-20260920_151043_376/provengo_project/products/internal/artifacts/1/1/86.txt","68073bed0b1620b5c35b48ce715c718f7149a3d73f537981f60a0ea605e065a3","469"
"runs/phase4-relation-kind-campaign-seed-20261101-20260920_151043_376/provengo_project/products/internal/artifacts/1/1/87.json","ce64f9101c81ac6feca644e552111e74c6ca24bd31a8754a34296dfdc31fc410","225"
"runs/phase4-relation-kind-campaign-seed-20261101-20260920_151043_376/provengo_project/products/internal/artifacts/1/1/88.txt","b6e816fd50a91cd15f7d3f1622cf747f50db4e9886f98a967c1d12c8afcaabc3","138"
"runs/phase4-relation-kind-campaign-seed-20261101-20260920_151043_376/provengo_project/products/internal/artifacts/1/1/89.txt","daccd28310a80291b0579f90ddce578683e08cd88b2f1ae87e8712ae27ed7acc","473"
"runs/phase4-relation-kind-campaign-seed-20261101-20260920_151043_376/provengo_project/products/internal/artifacts/1/1/9.json","6e6c089a5ae28d3b30594626304e032c71650c794e4f5d006ee644d31b7f5535","709"
"runs/phase4-relation-kind-campaign-seed-20261101-20260920_151043_376/provengo_project/products/internal/artifacts/1/1/90.json","7e0c645fdcc2414d929f5e1a126aefd9806f6dd56ffa61c2e4e25d6cf4e9a95f","229"
"runs/phase4-relation-kind-campaign-seed-20261101-20260920_151043_376/provengo_project/products/internal/artifacts/1/1/91.txt","4e245f3fc348aff9b8b97656769e03d1d1f13ebd1604ea6bc36f2290cd375745","137"
"runs/phase4-relation-kind-campaign-seed-20261101-20260920_151043_376/provengo_project/products/internal/artifacts/1/1/92.txt","cc6682ff212c9dde52e994153b4bdb8c8c1281b6da7caa27ea78e0dd6b991a96","472"
"runs/phase4-relation-kind-campaign-seed-20261101-20260920_151043_376/provengo_project/products/internal/artifacts/1/1/93.json","b658d2a03f6c1415263903338e169a42fdb7e35e267f409fb761b71e3adf61e3","228"
"runs/phase4-relation-kind-campaign-seed-20261101-20260920_151043_376/provengo_project/products/internal/artifacts/1/1/94.txt","63369bad11478872197efba8051f0bef75d9fbb328cb71b44368e8443fe1ada0","135"
"runs/phase4-relation-kind-campaign-seed-20261101-20260920_151043_376/provengo_project/products/internal/artifacts/1/1/95.txt","8f5bc0f81623f249113cc243a15c953d57feb1a6a77e10160ef07c89c084dd58","469"
"runs/phase4-relation-kind-campaign-seed-20261101-20260920_151043_376/provengo_project/products/internal/artifacts/1/1/96.json","f2cd1800cdb7cae4e3275d98d5e0e41fa7351796ec172caab75afae38c77d1c8","225"
"runs/phase4-relation-kind-campaign-seed-20261101-20260920_151043_376/provengo_project/products/internal/artifacts/1/1/97.txt","75a5eb3caff4570aa13a63fafd9139d638e540ecde21aa97f598a5d27298b274","134"
"runs/phase4-relation-kind-campaign-seed-20261101-20260920_151043_376/provengo_project/products/internal/artifacts/1/1/98.txt","e21e6baa994a9837a2f6b736eefb5fcdedda12cc44adbcaa1bedadd27af70d91","468"
"runs/phase4-relation-kind-campaign-seed-20261101-20260920_151043_376/provengo_project/products/internal/artifacts/1/1/99.json","27de842f620c19558f550a46235c3d8ede0936666e0645f7e4d4921752632ed7","224"
"runs/phase4-relation-kind-campaign-seed-20261101-20260920_151043_376/provengo_project/products/internal/runs-db.db","1b6320cb26cfc54277bb7063e6ec50b956fb393ed0a286b083931ef524d7226b","46530560"
"runs/phase4-relation-kind-campaign-seed-20261101-20260920_151043_376/provengo_project/README.md","a29845c9ed6f63a18185b7d123bc6389e1948f7742914f9983fa6ddb85a5aeb8","4041"
"runs/phase4-relation-kind-campaign-seed-20261101-20260920_151043_376/provengo_project/spec/js/disabled/hello-world.js","86253af6bc213bec40e9dc0f3c6d03134a32c1b31c0a618d77afbe9ad15b8cdd","1383"
"runs/phase4-relation-kind-campaign-seed-20261101-20260920_151043_376/provengo_project/spec/js/interfaces.vikunja.js","db759926b95b633393175e0472a59bef6da85184ab4f6cce510c59a26ee0e803","56359"
"runs/phase4-relation-kind-campaign-seed-20261101-20260920_151043_376/provengo_project/spec/js/stories.vikunja.js","11f63c9012f38746fab1d0faa773cd5f7d830f23487dbd453a36069898adadce","49383"
"runs/phase4-relation-kind-campaign-seed-20261101-20260920_151043_376/provengo-create.log","fed7af2779602c5db58378bed7fff31a96f25e1a211d294461cd6d76bef71d66","1234"
"runs/phase4-relation-kind-campaign-seed-20261101-20260920_151043_376/provengo-run.log","94004b0731259e4258398b2029d8fd51802b2960fc3e8d83360bdba5de0dc817","181314"
"runs/phase4-relation-kind-campaign-seed-20261101-20260920_151043_376/proxy.stderr.log","e3b0c44298fc1c149afbf4c8996fb92427ae41e4649b934ca495991b7852b855","0"
"runs/phase4-relation-kind-campaign-seed-20261101-20260920_151043_376/proxy.stdout.log","3e9637744efb4ab698c24160de5114f08dad58e2ed8ca2d3342c0306f2754d3c","84"
"runs/phase4-relation-kind-campaign-seed-20261101-20260920_151043_376/run-metadata.json","5a3f0393a648ed1d2c42a47c321e8aee1a3e82b960add3c3819792e0ec1b84bb","705"
"runs/phase4-relation-kind-campaign-seed-20261102-20260920_151213_721/http-trace.jsonl","c6cb737b3c3dec62979369ed89f776d6b78afe9ceb8694241c21af6b82771561","137343"
"runs/phase4-relation-kind-campaign-seed-20261102-20260920_151213_721/phase4-relation-kind-evaluation.json","db39670bd2e75ef30d054ac353b7c5ffbdae73d1140c39cc2198177f239825a0","1500"
"runs/phase4-relation-kind-campaign-seed-20261102-20260920_151213_721/post-delete-probe.json","7e9dca7810fb6d703433c662452c7385333a98f3d7489c27bcdbb9b0077f6dea","529"
"runs/phase4-relation-kind-campaign-seed-20261102-20260920_151213_721/provengo_project/.gitignore","f09e023c25978720ed9122360581f2fca50cb612504daed3337ab662e7106366","32"
"runs/phase4-relation-kind-campaign-seed-20261102-20260920_151213_721/provengo_project/.vscode/mcp.json","6e0a0c795dc197f1d4e07744a4e361e7cf92d6a2f5d276d0f1d5ce31f35169fb","143"
"runs/phase4-relation-kind-campaign-seed-20261102-20260920_151213_721/provengo_project/config/provengo.yml","172d59431475ba56c192df94b270f8d71e618b53c62c45beace120ee769cd8a3","1260"
"runs/phase4-relation-kind-campaign-seed-20261102-20260920_151213_721/provengo_project/data/data.js","55e30a0929c59d9578c5695169b772d147c20b0ad8a7d556eb38c4defd8404b7","131"
"runs/phase4-relation-kind-campaign-seed-20261102-20260920_151213_721/provengo_project/meta-spec/book-writer.js","977303cc03f87fd6561e4435e4cbbb34c85559a94b7aacefdbe9c71b0cb5ac42","3926"
"runs/phase4-relation-kind-campaign-seed-20261102-20260920_151213_721/provengo_project/meta-spec/ensemble-code.js","7e9e842a753bf38111af0cbfbf1bdaf8b88602fd620ff5fdd919fe8d23f45ab5","2692"
"runs/phase4-relation-kind-campaign-seed-20261102-20260920_151213_721/provengo_project/meta-spec/scenario-metadata.js","53f129542f1903bf3f7c2ef55914c0df227d58111a71c7c6053d40792b79cd65","479"
"runs/phase4-relation-kind-campaign-seed-20261102-20260920_151213_721/provengo_project/meta-spec/script-writer.js","f197d272e5524bd0b4ab1f59289b300232c7a8ebc060f8ffeba993fc7eaae0f9","3034"
"runs/phase4-relation-kind-campaign-seed-20261102-20260920_151213_721/provengo_project/products/internal/artifacts/1/1/1.txt","2799ead5f54e296dbbdd72d6805ae378f0855293c2a8835efc9b724be38b2cb8","101"
"runs/phase4-relation-kind-campaign-seed-20261102-20260920_151213_721/provengo_project/products/internal/artifacts/1/1/10.txt","ecd4ce4f60db8b7d8dde7a78dc481846b77cde91a21a294186d7309a2e8793ee","45"
"runs/phase4-relation-kind-campaign-seed-20261102-20260920_151213_721/provengo_project/products/internal/artifacts/1/1/100.txt","58ce4dcf12d1dc3bd39b7cd1351ae14449084fdbb6db72e0ca1401eb35b3b26d","135"
"runs/phase4-relation-kind-campaign-seed-20261102-20260920_151213_721/provengo_project/products/internal/artifacts/1/1/101.txt","8b341a8d85e72708131e77de018b4fb9164c9eb1fec1aa27ab9e0a9bccde50f7","470"
"runs/phase4-relation-kind-campaign-seed-20261102-20260920_151213_721/provengo_project/products/internal/artifacts/1/1/102.json","c0014686cbdbb6b71d0783f0405da17d48b6fd0d409d169ca4c6e65a351ab051","226"
"runs/phase4-relation-kind-campaign-seed-20261102-20260920_151213_721/provengo_project/products/internal/artifacts/1/1/103.txt","ae99fdac3e73e23c498458b2619c4af8d620427cbcaf9471c9467d4c10490df2","134"
"runs/phase4-relation-kind-campaign-seed-20261102-20260920_151213_721/provengo_project/products/internal/artifacts/1/1/104.txt","3e383e351dc06079838ab65b0ff8cf31ea787dd7b0cc42d39984b70d412728b1","469"
"runs/phase4-relation-kind-campaign-seed-20261102-20260920_151213_721/provengo_project/products/internal/artifacts/1/1/105.json","aa0ab266dae21e49b0783a4962ece75055ce571d4d13a50db6d802c752b3b7c0","225"
"runs/phase4-relation-kind-campaign-seed-20261102-20260920_151213_721/provengo_project/products/internal/artifacts/1/1/106.txt","a51eeb699973b96025baf0f089bb6e386b984764247999c773ea02fd1045679f","137"
"runs/phase4-relation-kind-campaign-seed-20261102-20260920_151213_721/provengo_project/products/internal/artifacts/1/1/107.txt","c9def735d3958d26779a4a42f215b237f547dde7b81803dc551c8a0e73e78604","472"
"runs/phase4-relation-kind-campaign-seed-20261102-20260920_151213_721/provengo_project/products/internal/artifacts/1/1/108.json","dd7ebaf3b10dfe50766958588e7430951d19f2c4338c56d0f563a0078ddc2d15","228"
"runs/phase4-relation-kind-campaign-seed-20261102-20260920_151213_721/provengo_project/products/internal/artifacts/1/1/109.txt","dd9caa6f2be9a052e1f6adf0706aad64215d142ee95bbca3334fd58ec1b5da83","135"
"runs/phase4-relation-kind-campaign-seed-20261102-20260920_151213_721/provengo_project/products/internal/artifacts/1/1/11.txt","f84f4adfdee5b36f688972eb5268cae0612959a675354520b7da88e555a7618d","1207"
"runs/phase4-relation-kind-campaign-seed-20261102-20260920_151213_721/provengo_project/products/internal/artifacts/1/1/110.txt","eb210702814a0e762aff696166acc73f0b981d460438cc898130e0b9083c5ce2","470"
"runs/phase4-relation-kind-campaign-seed-20261102-20260920_151213_721/provengo_project/products/internal/artifacts/1/1/111.json","83c49fdb825e4ff0f878d1bd10e10daf1d4e287403ace89f97a3db896bb4c461","226"
"runs/phase4-relation-kind-campaign-seed-20261102-20260920_151213_721/provengo_project/products/internal/artifacts/1/1/112.txt","ecd4ce4f60db8b7d8dde7a78dc481846b77cde91a21a294186d7309a2e8793ee","45"
"runs/phase4-relation-kind-campaign-seed-20261102-20260920_151213_721/provengo_project/products/internal/artifacts/1/1/113.txt","ecb3ebd37785444adde07bd5a075817f698104ee09208bdbf9eb3e29d9152645","7792"
"runs/phase4-relation-kind-campaign-seed-20261102-20260920_151213_721/provengo_project/products/internal/artifacts/1/1/114.json","b27dd16bfdbf5987d34d234bd2d13fa02bd25fee1be87e8227bdc462939906b7","7451"
"runs/phase4-relation-kind-campaign-seed-20261102-20260920_151213_721/provengo_project/products/internal/artifacts/1/1/115.txt","bb76d17e9b37bf0f21a935b582c5f34554f452ef28c2a2b03fc6b82e11eab9f5","45"
"runs/phase4-relation-kind-campaign-seed-20261102-20260920_151213_721/provengo_project/products/internal/artifacts/1/1/116.txt","a88974fed2b2944d7946ceb7e2dc553f723c56f81ed69cb204b13a64a9d608e3","1807"
"runs/phase4-relation-kind-campaign-seed-20261102-20260920_151213_721/provengo_project/products/internal/artifacts/1/1/117.json","d55b24f19690cf54c0bf2252e384c2eade881b6026363974b31d3fa9e60a5732","1466"
"runs/phase4-relation-kind-campaign-seed-20261102-20260920_151213_721/provengo_project/products/internal/artifacts/1/1/118.txt","83292c0344ee3e0028662a04fb8e58a7ea05dc680aabe38c7a3ca6bac518e962","45"
"runs/phase4-relation-kind-campaign-seed-20261102-20260920_151213_721/provengo_project/products/internal/artifacts/1/1/119.txt","720d3b60129568aae3d2f66bf026161c2200cd3c00b4599ea4c421e16dc98d61","1804"
"runs/phase4-relation-kind-campaign-seed-20261102-20260920_151213_721/provengo_project/products/internal/artifacts/1/1/12.json","97655d21eb3bcc64c90dfcc6cfad3664a0fa392d3cb98bc58278fd922d3d0c74","867"
"runs/phase4-relation-kind-campaign-seed-20261102-20260920_151213_721/provengo_project/products/internal/artifacts/1/1/120.json","e4574f96c5446fa6fca9a351e02efcd8321344f9a1863cfea6c70a2591a2d766","1463"
"runs/phase4-relation-kind-campaign-seed-20261102-20260920_151213_721/provengo_project/products/internal/artifacts/1/1/121.txt","a647d0c9d1293696350b36de62a82fa8cf5f98c606cbb64eea3f7f2d0a4dd69a","45"
"runs/phase4-relation-kind-campaign-seed-20261102-20260920_151213_721/provengo_project/products/internal/artifacts/1/1/122.txt","21aed3dc92d47984ff780d371328c641e25b336ae511474b1da4df155dfb21a4","1804"
"runs/phase4-relation-kind-campaign-seed-20261102-20260920_151213_721/provengo_project/products/internal/artifacts/1/1/123.json","1c5412dd960c154fc034c88eaae1ddfcbbd472c672d0c60e1e4df7d7624174be","1463"
"runs/phase4-relation-kind-campaign-seed-20261102-20260920_151213_721/provengo_project/products/internal/artifacts/1/1/124.txt","5aec080d334e7c2953f88373e4e6b0ffe464eb803b7ab97f8fb9a22fb2cf457b","45"
"runs/phase4-relation-kind-campaign-seed-20261102-20260920_151213_721/provengo_project/products/internal/artifacts/1/1/125.txt","2be4a8d107989a24d1537dca4015c398535e059df1041d3a1a5aa44d46b7c133","1807"
"runs/phase4-relation-kind-campaign-seed-20261102-20260920_151213_721/provengo_project/products/internal/artifacts/1/1/126.json","2f18b887933bf711d28074bb85a2546c7e3d8fdccfa0cec85dc985d318a57d11","1466"
"runs/phase4-relation-kind-campaign-seed-20261102-20260920_151213_721/provengo_project/products/internal/artifacts/1/1/127.txt","74b273f91d2a062d71f91d84ee5a2504731cc1bc96f8eadb97ed1ace24042240","45"
"runs/phase4-relation-kind-campaign-seed-20261102-20260920_151213_721/provengo_project/products/internal/artifacts/1/1/128.txt","ec08f5c196ff5fd3231c903fb8d3d3a3c12936b2acc5fcb72a537bb689717a94","1808"
"runs/phase4-relation-kind-campaign-seed-20261102-20260920_151213_721/provengo_project/products/internal/artifacts/1/1/129.json","414e2620203189bc5aa2e1534aa863d15e70bcf35cf9377713c77ff7b190f689","1467"
"runs/phase4-relation-kind-campaign-seed-20261102-20260920_151213_721/provengo_project/products/internal/artifacts/1/1/13.txt","c7a7a52fce74b096e3ff794ca1e863a4a6d140ee8598b9e5d9e319b7614f51ab","110"
"runs/phase4-relation-kind-campaign-seed-20261102-20260920_151213_721/provengo_project/products/internal/artifacts/1/1/130.txt","ec65efa8d1121cd2c3d99f3e580598ba82507dd62e32f7a0a4f33ae4a76405fa","45"
"runs/phase4-relation-kind-campaign-seed-20261102-20260920_151213_721/provengo_project/products/internal/artifacts/1/1/131.txt","a8025e62f35e228090160b3a39a869480a0570f44c3baaa5e1c6717d205886e8","1804"
"runs/phase4-relation-kind-campaign-seed-20261102-20260920_151213_721/provengo_project/products/internal/artifacts/1/1/132.json","50f917345ba0758d6e36380ed342b844e2ca583c51331122d2f4c49b7f77bb50","1463"
"runs/phase4-relation-kind-campaign-seed-20261102-20260920_151213_721/provengo_project/products/internal/artifacts/1/1/133.txt","df283c9d080cc493da780c5b356db8ea46bbb97ff42f838d6a43177fb1edcb0a","45"
"runs/phase4-relation-kind-campaign-seed-20261102-20260920_151213_721/provengo_project/products/internal/artifacts/1/1/134.txt","d648d67bf71903924ae2873843e68ec05ed5b2de56d2e9498f1f5f15badf3beb","1805"
"runs/phase4-relation-kind-campaign-seed-20261102-20260920_151213_721/provengo_project/products/internal/artifacts/1/1/135.json","fd36555484f5c3551fa2114da5e942856b15c11c1a3bb4a7ded34349fe903586","1464"
"runs/phase4-relation-kind-campaign-seed-20261102-20260920_151213_721/provengo_project/products/internal/artifacts/1/1/136.txt","5a45ab63d96a24c09acd0a54e02e1ca318ffa1787f8dd341cffac508e75648f2","45"
"runs/phase4-relation-kind-campaign-seed-20261102-20260920_151213_721/provengo_project/products/internal/artifacts/1/1/137.txt","0b5c7bd2b09be68d0fe2ea419049860fadee74197423a724569a663fc4e70080","1804"
"runs/phase4-relation-kind-campaign-seed-20261102-20260920_151213_721/provengo_project/products/internal/artifacts/1/1/138.json","ad6e7814c50ac3a160a095d51598f4e0240a2ce6126d54c407cbf160899d12fc","1463"
"runs/phase4-relation-kind-campaign-seed-20261102-20260920_151213_721/provengo_project/products/internal/artifacts/1/1/139.txt","f42758a1b94d2acb2f416b538239c1963e35fb8587dbfe63aa9fd9e128346fe6","45"
"runs/phase4-relation-kind-campaign-seed-20261102-20260920_151213_721/provengo_project/products/internal/artifacts/1/1/14.txt","d48d22b84d414d9f5a296b57f44b16714a98f665aa42a56ec9fa94314a47cce8","953"
"runs/phase4-relation-kind-campaign-seed-20261102-20260920_151213_721/provengo_project/products/internal/artifacts/1/1/140.txt","4494890c37e43b268faba124dd881edde29412cde72d6bafe07e7f49125e5198","1806"
"runs/phase4-relation-kind-campaign-seed-20261102-20260920_151213_721/provengo_project/products/internal/artifacts/1/1/141.json","29f779bcf681256a777e75853d515090bb1ee6cd187b107dffd5d3afde5f3fb0","1465"
"runs/phase4-relation-kind-campaign-seed-20261102-20260920_151213_721/provengo_project/products/internal/artifacts/1/1/142.txt","c6e27255b8fd41d574f3549ddbf5f44b04c890436fbadd5535dc9ee4cb5e99fe","45"
"runs/phase4-relation-kind-campaign-seed-20261102-20260920_151213_721/provengo_project/products/internal/artifacts/1/1/143.txt","e7d04bc21963cfa693405581d0a45e33d1d20ca90db4b904b04367cc859fc3e1","1807"
"runs/phase4-relation-kind-campaign-seed-20261102-20260920_151213_721/provengo_project/products/internal/artifacts/1/1/144.json","d7c90b4612cdd16cdbe0bb9234df6706c19a8768f83f325f8aa9c90739b97505","1466"
"runs/phase4-relation-kind-campaign-seed-20261102-20260920_151213_721/provengo_project/products/internal/artifacts/1/1/145.txt","239f18e99625e5e343d34c8bb068a695cc9ce6a959e840723b6eadd1ff761bfe","45"
"runs/phase4-relation-kind-campaign-seed-20261102-20260920_151213_721/provengo_project/products/internal/artifacts/1/1/146.txt","d3e066eb7f97597766c96ba7d43ab55d8e1f5ae8d03efb8e360e3c51c95d2d1e","1809"
"runs/phase4-relation-kind-campaign-seed-20261102-20260920_151213_721/provengo_project/products/internal/artifacts/1/1/147.json","2c4e50ccfb1b579b390cb57ce59d8e1e309fdfed7ba4a2523984db07971a15ce","1468"
"runs/phase4-relation-kind-campaign-seed-20261102-20260920_151213_721/provengo_project/products/internal/artifacts/1/1/148.txt","dd9ad63eaea1dcba24251d5d5e18430a0a9a0499fa70a80a7569e7f4b235dc3a","112"
"runs/phase4-relation-kind-campaign-seed-20261102-20260920_151213_721/provengo_project/products/internal/artifacts/1/1/149.txt","b2e35d6bbbb48cef00f975521ecc3120ac3c48ca5fc1586a98d3a907cbcaccce","836"
"runs/phase4-relation-kind-campaign-seed-20261102-20260920_151213_721/provengo_project/products/internal/artifacts/1/1/15.json","eecbfe0e1d3b14ecfb11bb1d38b2c293a169b0635421442cd332bb3cbc1633b6","709"
"runs/phase4-relation-kind-campaign-seed-20261102-20260920_151213_721/provengo_project/products/internal/artifacts/1/1/150.json","39e64c092b78717d1e7e32df46959ebfb91394de7573ed7fb57436abf0d2cb0e","592"
"runs/phase4-relation-kind-campaign-seed-20261102-20260920_151213_721/provengo_project/products/internal/artifacts/1/1/151.txt","d59ca7cefa3838b7c7c8dc5cf8c54f6a6f58b8bd50da1ddd5d04bb47ac645153","112"
"runs/phase4-relation-kind-campaign-seed-20261102-20260920_151213_721/provengo_project/products/internal/artifacts/1/1/152.txt","ccbcee6e3f3e4146ea1e559195e1a62235647c982e1f8b99131a9f75b423a668","836"
"runs/phase4-relation-kind-campaign-seed-20261102-20260920_151213_721/provengo_project/products/internal/artifacts/1/1/153.json","6cc923a802c3242707c39b41a292af75b0d455de327fb09b244d3b8e604e3bef","592"
"runs/phase4-relation-kind-campaign-seed-20261102-20260920_151213_721/provengo_project/products/internal/artifacts/1/1/154.txt","074f8d29f23eff297cb004c79824c8bb3c19827778660c538ade6b2271b627fb","112"
"runs/phase4-relation-kind-campaign-seed-20261102-20260920_151213_721/provengo_project/products/internal/artifacts/1/1/155.txt","781069e2ee54fbc8c3910a3b87548441fcbbcd177fe2fc7104611cc2096e0696","836"
"runs/phase4-relation-kind-campaign-seed-20261102-20260920_151213_721/provengo_project/products/internal/artifacts/1/1/156.json","a36549fff4de2b24adf786365064c82b0283156ef71433ca0a5a682139f6bbc4","592"
"runs/phase4-relation-kind-campaign-seed-20261102-20260920_151213_721/provengo_project/products/internal/artifacts/1/1/157.txt","7d5dc5f5f48992adaf323644a4c5409376de1b3d89af881b8be5d995ebd9d52f","111"
"runs/phase4-relation-kind-campaign-seed-20261102-20260920_151213_721/provengo_project/products/internal/artifacts/1/1/158.txt","115eb7b2690b79513268b4147e7d60e774bbcc26fe187d194260837d51844219","836"
"runs/phase4-relation-kind-campaign-seed-20261102-20260920_151213_721/provengo_project/products/internal/artifacts/1/1/159.json","b73ad17201510434df2df2326f542fd82fde800ebb83a5a20d07b3a199498183","592"
"runs/phase4-relation-kind-campaign-seed-20261102-20260920_151213_721/provengo_project/products/internal/artifacts/1/1/16.txt","bb76d17e9b37bf0f21a935b582c5f34554f452ef28c2a2b03fc6b82e11eab9f5","45"
"runs/phase4-relation-kind-campaign-seed-20261102-20260920_151213_721/provengo_project/products/internal/artifacts/1/1/160.txt","ecd4ce4f60db8b7d8dde7a78dc481846b77cde91a21a294186d7309a2e8793ee","45"
"runs/phase4-relation-kind-campaign-seed-20261102-20260920_151213_721/provengo_project/products/internal/artifacts/1/1/161.txt","640b52c817b937a8788f2fdf67db827a8876081904aa3415f38365213455d27d","7788"
"runs/phase4-relation-kind-campaign-seed-20261102-20260920_151213_721/provengo_project/products/internal/artifacts/1/1/162.json","50dc6c09603360cb21a3739f418a62ddd228942cc7c7f1348d971e87f55d73a8","7447"
"runs/phase4-relation-kind-campaign-seed-20261102-20260920_151213_721/provengo_project/products/internal/artifacts/1/1/163.txt","bb76d17e9b37bf0f21a935b582c5f34554f452ef28c2a2b03fc6b82e11eab9f5","45"
"runs/phase4-relation-kind-campaign-seed-20261102-20260920_151213_721/provengo_project/products/internal/artifacts/1/1/164.txt","a67549b4a0cb8c10fdbf136b436cb33b29bae0178894f38ec0360ce661246e57","1806"
"runs/phase4-relation-kind-campaign-seed-20261102-20260920_151213_721/provengo_project/products/internal/artifacts/1/1/165.json","d21432e66a1ffc7fe20bc8a6932786b0525e38047440f501920e26a65df4b362","1465"
"runs/phase4-relation-kind-campaign-seed-20261102-20260920_151213_721/provengo_project/products/internal/artifacts/1/1/166.txt","83292c0344ee3e0028662a04fb8e58a7ea05dc680aabe38c7a3ca6bac518e962","45"
"runs/phase4-relation-kind-campaign-seed-20261102-20260920_151213_721/provengo_project/products/internal/artifacts/1/1/167.txt","98aa9afc829174c0809ad023755fe002f2378a8f700acacb513707e2d91bd644","1803"
"runs/phase4-relation-kind-campaign-seed-20261102-20260920_151213_721/provengo_project/products/internal/artifacts/1/1/168.json","072ad1a54d13ad426efe95c4bfc8d77d8d14c7d98d66169efeea5288a69fec58","1462"
"runs/phase4-relation-kind-campaign-seed-20261102-20260920_151213_721/provengo_project/products/internal/artifacts/1/1/169.txt","a647d0c9d1293696350b36de62a82fa8cf5f98c606cbb64eea3f7f2d0a4dd69a","45"
"runs/phase4-relation-kind-campaign-seed-20261102-20260920_151213_721/provengo_project/products/internal/artifacts/1/1/17.txt","8cb2e62abb93759e13a7083b36bf06d8be4c4b8bd6e40a383486160f5a531013","1207"
"runs/phase4-relation-kind-campaign-seed-20261102-20260920_151213_721/provengo_project/products/internal/artifacts/1/1/170.txt","ed3d5a8673d121a433d814e9bfcb577244c1c0899f548b6a9264ae1771777aee","1802"
"runs/phase4-relation-kind-campaign-seed-20261102-20260920_151213_721/provengo_project/products/internal/artifacts/1/1/171.json","271b797ceb694220b0bf5a7fd095b2ac8ccaae220eacd13e2ec5db25ab430cfe","1461"
"runs/phase4-relation-kind-campaign-seed-20261102-20260920_151213_721/provengo_project/products/internal/artifacts/1/1/172.txt","5aec080d334e7c2953f88373e4e6b0ffe464eb803b7ab97f8fb9a22fb2cf457b","45"
"runs/phase4-relation-kind-campaign-seed-20261102-20260920_151213_721/provengo_project/products/internal/artifacts/1/1/173.txt","eb0f073b7d5dc52aa135ad4f1662e4c05acf54ab4a0bf03d7730a8ccde7d2239","1806"
"runs/phase4-relation-kind-campaign-seed-20261102-20260920_151213_721/provengo_project/products/internal/artifacts/1/1/174.json","b624afd45f2c902b0292409b794a54952a926733e8dfd99113024c7e9b3f8ee4","1465"
"runs/phase4-relation-kind-campaign-seed-20261102-20260920_151213_721/provengo_project/products/internal/artifacts/1/1/175.txt","74b273f91d2a062d71f91d84ee5a2504731cc1bc96f8eadb97ed1ace24042240","45"
"runs/phase4-relation-kind-campaign-seed-20261102-20260920_151213_721/provengo_project/products/internal/artifacts/1/1/176.txt","426ce5817dba8f8126d2f7e6b77a7ee863b803f85ffccc89d4a9c447d376a37d","1807"
"runs/phase4-relation-kind-campaign-seed-20261102-20260920_151213_721/provengo_project/products/internal/artifacts/1/1/177.json","a710a98be9039a2b5773f67d9db4d86fff4cfc2e8ca922329eda5d4ea0c1885c","1466"
"runs/phase4-relation-kind-campaign-seed-20261102-20260920_151213_721/provengo_project/products/internal/artifacts/1/1/178.txt","ec65efa8d1121cd2c3d99f3e580598ba82507dd62e32f7a0a4f33ae4a76405fa","45"
"runs/phase4-relation-kind-campaign-seed-20261102-20260920_151213_721/provengo_project/products/internal/artifacts/1/1/179.txt","2ccdd7f407f7a50bd11bd8acbedef76f94bf0605cb3cf3e292b54356bba4b2b4","1802"
"runs/phase4-relation-kind-campaign-seed-20261102-20260920_151213_721/provengo_project/products/internal/artifacts/1/1/18.json","41c12489cd6bb24e04bb63375a1fbd7d97268b9afb15c60c0e8f2bff006ef027","867"
"runs/phase4-relation-kind-campaign-seed-20261102-20260920_151213_721/provengo_project/products/internal/artifacts/1/1/180.json","018e97f27a0fcec78a151980012c17b87af6ea7e907b26eb961b10c63fa332be","1461"
"runs/phase4-relation-kind-campaign-seed-20261102-20260920_151213_721/provengo_project/products/internal/artifacts/1/1/181.txt","df283c9d080cc493da780c5b356db8ea46bbb97ff42f838d6a43177fb1edcb0a","45"
"runs/phase4-relation-kind-campaign-seed-20261102-20260920_151213_721/provengo_project/products/internal/artifacts/1/1/182.txt","232b26172aa1606aab352f46080355faaa76ea10d3071ac0055f3569317bfa2c","1804"
"runs/phase4-relation-kind-campaign-seed-20261102-20260920_151213_721/provengo_project/products/internal/artifacts/1/1/183.json","7f80bc80ffbad30263ab9289e45ce0f607fa46320853ddb1c459a425a030887d","1463"
"runs/phase4-relation-kind-campaign-seed-20261102-20260920_151213_721/provengo_project/products/internal/artifacts/1/1/184.txt","5a45ab63d96a24c09acd0a54e02e1ca318ffa1787f8dd341cffac508e75648f2","45"
"runs/phase4-relation-kind-campaign-seed-20261102-20260920_151213_721/provengo_project/products/internal/artifacts/1/1/185.txt","62c9036009d3cd4ac44667cf0688fef542dcc47e39d00762e9c5a83fc06235fe","1803"
"runs/phase4-relation-kind-campaign-seed-20261102-20260920_151213_721/provengo_project/products/internal/artifacts/1/1/186.json","67eb743aedd34ae336e83e6aea4ed54aa0d5ac5bd1df1d635a38da6637922906","1462"
"runs/phase4-relation-kind-campaign-seed-20261102-20260920_151213_721/provengo_project/products/internal/artifacts/1/1/187.txt","f42758a1b94d2acb2f416b538239c1963e35fb8587dbfe63aa9fd9e128346fe6","45"
"runs/phase4-relation-kind-campaign-seed-20261102-20260920_151213_721/provengo_project/products/internal/artifacts/1/1/188.txt","ba3536fc7084ce756925055ae6e45cedc0745641f21ea39ad5d7eb65c486e734","1804"
"runs/phase4-relation-kind-campaign-seed-20261102-20260920_151213_721/provengo_project/products/internal/artifacts/1/1/189.json","d0b7df001e23d0d4283061ef0c82d45c08ac1d33c00592968dcefeed7aa5780b","1463"
"runs/phase4-relation-kind-campaign-seed-20261102-20260920_151213_721/provengo_project/products/internal/artifacts/1/1/19.txt","39442da9ada62da48c699cf4ca58d9d235533e3b58aa77c03f91b38669013aad","110"
"runs/phase4-relation-kind-campaign-seed-20261102-20260920_151213_721/provengo_project/products/internal/artifacts/1/1/190.txt","c6e27255b8fd41d574f3549ddbf5f44b04c890436fbadd5535dc9ee4cb5e99fe","45"
"runs/phase4-relation-kind-campaign-seed-20261102-20260920_151213_721/provengo_project/products/internal/artifacts/1/1/191.txt","fd96cb093d4b959b06e0055ae0510f43faad0f2419c1d968bddda169a59bc2c7","1806"
"runs/phase4-relation-kind-campaign-seed-20261102-20260920_151213_721/provengo_project/products/internal/artifacts/1/1/192.json","d36499b6261bf27ceacccf3d4caa5434ddacc6a7fddde7c64911d10d428ffbeb","1465"
"runs/phase4-relation-kind-campaign-seed-20261102-20260920_151213_721/provengo_project/products/internal/artifacts/1/1/193.txt","239f18e99625e5e343d34c8bb068a695cc9ce6a959e840723b6eadd1ff761bfe","45"
"runs/phase4-relation-kind-campaign-seed-20261102-20260920_151213_721/provengo_project/products/internal/artifacts/1/1/194.txt","59cab787a77624b7306a8144f3222e001fe453714403c6bd03d9951d40dcf5c8","1808"
"runs/phase4-relation-kind-campaign-seed-20261102-20260920_151213_721/provengo_project/products/internal/artifacts/1/1/195.json","49b31c89d34e821d6a51892b955e5bf5319ff364bf36149a87ca1d128c65bccc","1467"
"runs/phase4-relation-kind-campaign-seed-20261102-20260920_151213_721/provengo_project/products/internal/artifacts/1/1/196.txt","4ce7fbc0026ffa306ca9000427809cf3c0d4aaf902f9d32b3b7a4c593ec05b57","101"
"runs/phase4-relation-kind-campaign-seed-20261102-20260920_151213_721/provengo_project/products/internal/artifacts/1/1/197.txt","66913e1b25d3a5b6f88db87942605aa8397fc454ab6bb8b34ce2e3d1b52df097","210"
"runs/phase4-relation-kind-campaign-seed-20261102-20260920_151213_721/provengo_project/products/internal/artifacts/1/1/198.txt","e3b0c44298fc1c149afbf4c8996fb92427ae41e4649b934ca495991b7852b855","0"
"runs/phase4-relation-kind-campaign-seed-20261102-20260920_151213_721/provengo_project/products/internal/artifacts/1/1/199.txt","4206e2749c7be8fc4f277dad9e6141e0431174a960ca7b5e36208660ef5b5fa1","101"
"runs/phase4-relation-kind-campaign-seed-20261102-20260920_151213_721/provengo_project/products/internal/artifacts/1/1/2.txt","86e475883554eaab814d85f9e6e4303794ff19364bb2cbbe256423336c1e80c8","2030"
"runs/phase4-relation-kind-campaign-seed-20261102-20260920_151213_721/provengo_project/products/internal/artifacts/1/1/20.txt","35f6b1ca3a2c4a506bb55a40a59fec77a46cb223e71c0c1468ea10ef0ff149ea","953"
"runs/phase4-relation-kind-campaign-seed-20261102-20260920_151213_721/provengo_project/products/internal/artifacts/1/1/200.txt","5cfa26e4644eb2eb80c4abd27c492146bea6180f9d7f1b5ad0ac67a25b38d967","210"
"runs/phase4-relation-kind-campaign-seed-20261102-20260920_151213_721/provengo_project/products/internal/artifacts/1/1/201.txt","e3b0c44298fc1c149afbf4c8996fb92427ae41e4649b934ca495991b7852b855","0"
"runs/phase4-relation-kind-campaign-seed-20261102-20260920_151213_721/provengo_project/products/internal/artifacts/1/1/202.txt","3d4011e398255500e8873894b503f7ed89743e5cd4946936066dcf64529b9750","101"
"runs/phase4-relation-kind-campaign-seed-20261102-20260920_151213_721/provengo_project/products/internal/artifacts/1/1/203.txt","a6f9459ce46149a48ba4e17e985f330dd28ce3ea564e682c71275ba98bb57619","210"
"runs/phase4-relation-kind-campaign-seed-20261102-20260920_151213_721/provengo_project/products/internal/artifacts/1/1/204.txt","e3b0c44298fc1c149afbf4c8996fb92427ae41e4649b934ca495991b7852b855","0"
"runs/phase4-relation-kind-campaign-seed-20261102-20260920_151213_721/provengo_project/products/internal/artifacts/1/1/205.txt","960ef00747e0b6c8c62bfcad0fe01ef7305958f0ef26c21d30fe9475cbfee779","104"
"runs/phase4-relation-kind-campaign-seed-20261102-20260920_151213_721/provengo_project/products/internal/artifacts/1/1/206.txt","eefb0a9501454cb95e47e1ae5b250ca0c9099039cbc822658ba35142cd0e411b","210"
"runs/phase4-relation-kind-campaign-seed-20261102-20260920_151213_721/provengo_project/products/internal/artifacts/1/1/207.txt","e3b0c44298fc1c149afbf4c8996fb92427ae41e4649b934ca495991b7852b855","0"
"runs/phase4-relation-kind-campaign-seed-20261102-20260920_151213_721/provengo_project/products/internal/artifacts/1/1/208.txt","350d4f5a6889ce584dc8a446ecb96a9ffca6df3f2d8ae50f588c8a0649b35ffc","104"
"runs/phase4-relation-kind-campaign-seed-20261102-20260920_151213_721/provengo_project/products/internal/artifacts/1/1/209.txt","6d6caee2a8e41e71033f6d8a9391665668daaf3123df2127e079c52e8d7ff15e","210"
"runs/phase4-relation-kind-campaign-seed-20261102-20260920_151213_721/provengo_project/products/internal/artifacts/1/1/21.json","6fc52866c72b97b12e0a673e93b0557cd5298702ce4d149779a135c84943217d","709"
"runs/phase4-relation-kind-campaign-seed-20261102-20260920_151213_721/provengo_project/products/internal/artifacts/1/1/210.txt","e3b0c44298fc1c149afbf4c8996fb92427ae41e4649b934ca495991b7852b855","0"
"runs/phase4-relation-kind-campaign-seed-20261102-20260920_151213_721/provengo_project/products/internal/artifacts/1/1/211.txt","cd426b1611512207190f5fc0290fa41242db4cf020378a04cb97add2bb203481","101"
"runs/phase4-relation-kind-campaign-seed-20261102-20260920_151213_721/provengo_project/products/internal/artifacts/1/1/212.txt","1e2a3cbc82f59e7d4a63731777eb6dcadd6192dbcfb1b40d06b5038d5ff78c07","210"
"runs/phase4-relation-kind-campaign-seed-20261102-20260920_151213_721/provengo_project/products/internal/artifacts/1/1/213.txt","e3b0c44298fc1c149afbf4c8996fb92427ae41e4649b934ca495991b7852b855","0"
"runs/phase4-relation-kind-campaign-seed-20261102-20260920_151213_721/provengo_project/products/internal/artifacts/1/1/214.txt","d3a8ea2e0341c5b33ee66fe05c6d8cc1c22d2e62bd5659922a61b548fd991bbd","101"
"runs/phase4-relation-kind-campaign-seed-20261102-20260920_151213_721/provengo_project/products/internal/artifacts/1/1/215.txt","05094c4443ff2dadb50d893eb377756feec1956615aa985df232c01cc3d4f1b3","210"
"runs/phase4-relation-kind-campaign-seed-20261102-20260920_151213_721/provengo_project/products/internal/artifacts/1/1/216.txt","e3b0c44298fc1c149afbf4c8996fb92427ae41e4649b934ca495991b7852b855","0"
"runs/phase4-relation-kind-campaign-seed-20261102-20260920_151213_721/provengo_project/products/internal/artifacts/1/1/217.txt","fd624a69f2678e8b804d809731dd4b854798842cad532163128f9e31579e90a9","101"
"runs/phase4-relation-kind-campaign-seed-20261102-20260920_151213_721/provengo_project/products/internal/artifacts/1/1/218.txt","5764034f9390b91d00f309c9657c95dfaedde92b8c6b1ba888dd8d4670794af4","210"
"runs/phase4-relation-kind-campaign-seed-20261102-20260920_151213_721/provengo_project/products/internal/artifacts/1/1/219.txt","e3b0c44298fc1c149afbf4c8996fb92427ae41e4649b934ca495991b7852b855","0"
"runs/phase4-relation-kind-campaign-seed-20261102-20260920_151213_721/provengo_project/products/internal/artifacts/1/1/22.txt","83292c0344ee3e0028662a04fb8e58a7ea05dc680aabe38c7a3ca6bac518e962","45"
"runs/phase4-relation-kind-campaign-seed-20261102-20260920_151213_721/provengo_project/products/internal/artifacts/1/1/220.txt","7c7ab84f74bd985cade96bc7a5805e836e56eec1d5d7a67f83b15587cbbbd4ab","101"
"runs/phase4-relation-kind-campaign-seed-20261102-20260920_151213_721/provengo_project/products/internal/artifacts/1/1/221.txt","d42e9d49c76ee74d563fb0c708b583ab4b5de5fc384ba8266ff33cf03a95ba8a","210"
"runs/phase4-relation-kind-campaign-seed-20261102-20260920_151213_721/provengo_project/products/internal/artifacts/1/1/222.txt","e3b0c44298fc1c149afbf4c8996fb92427ae41e4649b934ca495991b7852b855","0"
"runs/phase4-relation-kind-campaign-seed-20261102-20260920_151213_721/provengo_project/products/internal/artifacts/1/1/223.txt","a21caf05a51277b1c1a2ac9988d1b569b01183f82f451a9dbc59ed446972a0d0","102"
"runs/phase4-relation-kind-campaign-seed-20261102-20260920_151213_721/provengo_project/products/internal/artifacts/1/1/224.txt","3c6b14f6224c89351510258cdfc0cf4a87879d156ba169ab95cefad9547acb5f","210"
"runs/phase4-relation-kind-campaign-seed-20261102-20260920_151213_721/provengo_project/products/internal/artifacts/1/1/225.txt","e3b0c44298fc1c149afbf4c8996fb92427ae41e4649b934ca495991b7852b855","0"
"runs/phase4-relation-kind-campaign-seed-20261102-20260920_151213_721/provengo_project/products/internal/artifacts/1/1/226.txt","c8e706ac13e744a5537bdbf88957487e1139d38e236e885ad94597d3a67f0d9f","102"
"runs/phase4-relation-kind-campaign-seed-20261102-20260920_151213_721/provengo_project/products/internal/artifacts/1/1/227.txt","9e7d7f75d056e8112ba54c31c39a36609273929b133629e4949b99366753de29","210"
"runs/phase4-relation-kind-campaign-seed-20261102-20260920_151213_721/provengo_project/products/internal/artifacts/1/1/228.txt","e3b0c44298fc1c149afbf4c8996fb92427ae41e4649b934ca495991b7852b855","0"
"runs/phase4-relation-kind-campaign-seed-20261102-20260920_151213_721/provengo_project/products/internal/artifacts/1/1/229.txt","ecd4ce4f60db8b7d8dde7a78dc481846b77cde91a21a294186d7309a2e8793ee","45"
"runs/phase4-relation-kind-campaign-seed-20261102-20260920_151213_721/provengo_project/products/internal/artifacts/1/1/23.txt","c74bf80665a347df76dc92174b0bd8f414ea2a20b7f01408f1361a1c5597464e","1207"
"runs/phase4-relation-kind-campaign-seed-20261102-20260920_151213_721/provengo_project/products/internal/artifacts/1/1/230.txt","c2608646ab10ec08e681fb234c15ccf2853a79001702d49e435e9b9514c28736","1206"
"runs/phase4-relation-kind-campaign-seed-20261102-20260920_151213_721/provengo_project/products/internal/artifacts/1/1/231.json","e5227d21fc78a39606357c016d8adb38bb1e2396fde8a73104c1ccce81dcd649","866"
"runs/phase4-relation-kind-campaign-seed-20261102-20260920_151213_721/provengo_project/products/internal/artifacts/1/1/232.txt","bb76d17e9b37bf0f21a935b582c5f34554f452ef28c2a2b03fc6b82e11eab9f5","45"
"runs/phase4-relation-kind-campaign-seed-20261102-20260920_151213_721/provengo_project/products/internal/artifacts/1/1/233.txt","23763bdff76f8a9fa8b7a202511470c24544d4846d3a4eddc62cd61130b5bd7a","1207"
"runs/phase4-relation-kind-campaign-seed-20261102-20260920_151213_721/provengo_project/products/internal/artifacts/1/1/234.json","41c12489cd6bb24e04bb63375a1fbd7d97268b9afb15c60c0e8f2bff006ef027","867"
"runs/phase4-relation-kind-campaign-seed-20261102-20260920_151213_721/provengo_project/products/internal/artifacts/1/1/235.txt","83292c0344ee3e0028662a04fb8e58a7ea05dc680aabe38c7a3ca6bac518e962","45"
"runs/phase4-relation-kind-campaign-seed-20261102-20260920_151213_721/provengo_project/products/internal/artifacts/1/1/236.txt","e06e21d79405ba6f855fbfa8e82eb87dfdd900e36b17534d793cb01a7926fae0","1207"
"runs/phase4-relation-kind-campaign-seed-20261102-20260920_151213_721/provengo_project/products/internal/artifacts/1/1/237.json","9071168f1a65dfc4667d6fe0e7609eaf2149ca46d90abb5b769f6c1d1587bd5c","867"
"runs/phase4-relation-kind-campaign-seed-20261102-20260920_151213_721/provengo_project/products/internal/artifacts/1/1/238.txt","a647d0c9d1293696350b36de62a82fa8cf5f98c606cbb64eea3f7f2d0a4dd69a","45"
"runs/phase4-relation-kind-campaign-seed-20261102-20260920_151213_721/provengo_project/products/internal/artifacts/1/1/239.txt","6bfde8f4348e735552969d3c893f90598f4f4cc478ae7fb3848e15abb2dd294b","1206"
"runs/phase4-relation-kind-campaign-seed-20261102-20260920_151213_721/provengo_project/products/internal/artifacts/1/1/24.json","e65158c616af96cead756c5ae26c977152a2d6bdb011f8e1d1ae9b73727973a2","867"
"runs/phase4-relation-kind-campaign-seed-20261102-20260920_151213_721/provengo_project/products/internal/artifacts/1/1/240.json","a7ce3030fe76417b2a6392c9b30e3877bde5da443b716bfcc3c8f228c27a0a61","866"
"runs/phase4-relation-kind-campaign-seed-20261102-20260920_151213_721/provengo_project/products/internal/artifacts/1/1/241.txt","5aec080d334e7c2953f88373e4e6b0ffe464eb803b7ab97f8fb9a22fb2cf457b","45"
"runs/phase4-relation-kind-campaign-seed-20261102-20260920_151213_721/provengo_project/products/internal/artifacts/1/1/242.txt","bbffde13ca7826d019bd1b01e22377c86c0d95a79d848605d7c9ae35205fa83b","1207"
"runs/phase4-relation-kind-campaign-seed-20261102-20260920_151213_721/provengo_project/products/internal/artifacts/1/1/243.json","c71c6cfa960edad5267bf0cf8e5503ec322e7c7c8bcd3d51507cb5f9ea65b74b","867"
"runs/phase4-relation-kind-campaign-seed-20261102-20260920_151213_721/provengo_project/products/internal/artifacts/1/1/244.txt","74b273f91d2a062d71f91d84ee5a2504731cc1bc96f8eadb97ed1ace24042240","45"
"runs/phase4-relation-kind-campaign-seed-20261102-20260920_151213_721/provengo_project/products/internal/artifacts/1/1/245.txt","40c3edd91afabc2d0de37b609549e812769a6f7791b86f7f59c75ac6fe1c88c4","1207"
"runs/phase4-relation-kind-campaign-seed-20261102-20260920_151213_721/provengo_project/products/internal/artifacts/1/1/246.json","0d12c32678f45f8449e82273281832fdfabb2c049e9c38592bbdf116bedc6cb4","867"
"runs/phase4-relation-kind-campaign-seed-20261102-20260920_151213_721/provengo_project/products/internal/artifacts/1/1/247.txt","ec65efa8d1121cd2c3d99f3e580598ba82507dd62e32f7a0a4f33ae4a76405fa","45"
"runs/phase4-relation-kind-campaign-seed-20261102-20260920_151213_721/provengo_project/products/internal/artifacts/1/1/248.txt","2cefb209338e83d59a9d44a4bf7715ca8a905d687cc02e7c221716f6e6fea796","1206"
"runs/phase4-relation-kind-campaign-seed-20261102-20260920_151213_721/provengo_project/products/internal/artifacts/1/1/249.json","78d847778e8254e558ef7579c96da215c1eb44fb1d6e25db9b83451812bef1eb","866"
"runs/phase4-relation-kind-campaign-seed-20261102-20260920_151213_721/provengo_project/products/internal/artifacts/1/1/25.txt","ec748f0aaac6780d6639d16263f3447169119e3bf26c76da62d318da7d678d63","110"
"runs/phase4-relation-kind-campaign-seed-20261102-20260920_151213_721/provengo_project/products/internal/artifacts/1/1/250.txt","df283c9d080cc493da780c5b356db8ea46bbb97ff42f838d6a43177fb1edcb0a","45"
"runs/phase4-relation-kind-campaign-seed-20261102-20260920_151213_721/provengo_project/products/internal/artifacts/1/1/251.txt","df4a53d17015e919c3cd34cdb69f51c7bea5a604959b0ba787548afb28f2045b","1207"
"runs/phase4-relation-kind-campaign-seed-20261102-20260920_151213_721/provengo_project/products/internal/artifacts/1/1/252.json","5e88b8e5deea155c8726154d25b6335be13285dbba60febe1f9c66d54a09f0a8","867"
"runs/phase4-relation-kind-campaign-seed-20261102-20260920_151213_721/provengo_project/products/internal/artifacts/1/1/253.txt","5a45ab63d96a24c09acd0a54e02e1ca318ffa1787f8dd341cffac508e75648f2","45"
"runs/phase4-relation-kind-campaign-seed-20261102-20260920_151213_721/provengo_project/products/internal/artifacts/1/1/254.txt","f08d53e5c4f8a5c163e6c974a0e72910b54d67b965f2bbc6bee4935ef623090b","1207"
"runs/phase4-relation-kind-campaign-seed-20261102-20260920_151213_721/provengo_project/products/internal/artifacts/1/1/255.json","153d1b4f6b382dc3d7629fc509d25cec43b743adea0c98776ecfb23b28c8e503","867"
"runs/phase4-relation-kind-campaign-seed-20261102-20260920_151213_721/provengo_project/products/internal/artifacts/1/1/256.txt","f42758a1b94d2acb2f416b538239c1963e35fb8587dbfe63aa9fd9e128346fe6","45"
"runs/phase4-relation-kind-campaign-seed-20261102-20260920_151213_721/provengo_project/products/internal/artifacts/1/1/257.txt","d9aa52e21d287d0153a82d49f5a8c0622699a31bea10a20f28b1c6472ef7cb92","1207"
"runs/phase4-relation-kind-campaign-seed-20261102-20260920_151213_721/provengo_project/products/internal/artifacts/1/1/258.json","1f10559416bf9adb65174c6cfd95966224220e67e89d9760d10287140c1140ce","867"
"runs/phase4-relation-kind-campaign-seed-20261102-20260920_151213_721/provengo_project/products/internal/artifacts/1/1/259.txt","c6e27255b8fd41d574f3549ddbf5f44b04c890436fbadd5535dc9ee4cb5e99fe","45"
"runs/phase4-relation-kind-campaign-seed-20261102-20260920_151213_721/provengo_project/products/internal/artifacts/1/1/26.txt","d76f16b9b9bdba9da32644fc25eba9e5cf8cb5b62cdfb1fcf2124390d248d59a","953"
"runs/phase4-relation-kind-campaign-seed-20261102-20260920_151213_721/provengo_project/products/internal/artifacts/1/1/260.txt","68096a2c7a30d420711465c920c3d32450c950384fee0470f22e806a8d925f51","1209"
"runs/phase4-relation-kind-campaign-seed-20261102-20260920_151213_721/provengo_project/products/internal/artifacts/1/1/261.json","de98d1488a14dd353dc19cea52997ef29feced19e158879e2264a8b8dcb0d22b","869"
"runs/phase4-relation-kind-campaign-seed-20261102-20260920_151213_721/provengo_project/products/internal/artifacts/1/1/262.txt","239f18e99625e5e343d34c8bb068a695cc9ce6a959e840723b6eadd1ff761bfe","45"
"runs/phase4-relation-kind-campaign-seed-20261102-20260920_151213_721/provengo_project/products/internal/artifacts/1/1/263.txt","0b0315e1a83f8e7cb821be56b10bb22b54bc0d98f9f8ff7208c46b003322e469","1209"
"runs/phase4-relation-kind-campaign-seed-20261102-20260920_151213_721/provengo_project/products/internal/artifacts/1/1/264.json","33c3c1f8c44d86f7e3991489be5be8cfa4514a4e41ccbdd3aec30e03bf476301","869"
"runs/phase4-relation-kind-campaign-seed-20261102-20260920_151213_721/provengo_project/products/internal/artifacts/1/1/265.txt","d12cc7b57ea022d87417087dd7e4b1323d23d0fae8fdfbf627126265151d71ed","134"
"runs/phase4-relation-kind-campaign-seed-20261102-20260920_151213_721/provengo_project/products/internal/artifacts/1/1/266.txt","6fb90a5fe444aba1517f7399825623a1a86fe24a211ce9b7d4605cb95949c959","469"
"runs/phase4-relation-kind-campaign-seed-20261102-20260920_151213_721/provengo_project/products/internal/artifacts/1/1/267.json","5f64bfd3c8442b1761f19035627bb40a26e6a9dd2886792a1d9bf3139ff35ca3","225"
"runs/phase4-relation-kind-campaign-seed-20261102-20260920_151213_721/provengo_project/products/internal/artifacts/1/1/268.txt","dde90f6581d64321c51e49976f9d6eb1a0ad25546fed7853e673a8bcd3ab9ad9","134"
"runs/phase4-relation-kind-campaign-seed-20261102-20260920_151213_721/provengo_project/products/internal/artifacts/1/1/269.txt","0a8bc01a973d8c2e0d6eae6f4ebb897a0456b395687b0df586b29a0b0431e569","469"
"runs/phase4-relation-kind-campaign-seed-20261102-20260920_151213_721/provengo_project/products/internal/artifacts/1/1/27.json","49e99aa139f8f2a3174629a1c56b91932a8696ba43ebdb5d80c889712dcda2ab","709"
"runs/phase4-relation-kind-campaign-seed-20261102-20260920_151213_721/provengo_project/products/internal/artifacts/1/1/270.json","9d0f6f5446d53a857a6678ce22c18e01e265bd357610cb555a8ac0aa23bfdb03","225"
"runs/phase4-relation-kind-campaign-seed-20261102-20260920_151213_721/provengo_project/products/internal/artifacts/1/1/271.txt","32c3a95120c96f883ec0c3cdc85cfe856679c8495d5c6b66baae874cbee7ae9f","137"
"runs/phase4-relation-kind-campaign-seed-20261102-20260920_151213_721/provengo_project/products/internal/artifacts/1/1/272.txt","b54f2d20885a06520055429e755d6f084cfdf57d510e5474aa961950aed9528b","472"
"runs/phase4-relation-kind-campaign-seed-20261102-20260920_151213_721/provengo_project/products/internal/artifacts/1/1/273.json","32a7c5280eaf539852577cb5472c3206e76acb953dcc0e4e5dd74d89ced0775e","228"
"runs/phase4-relation-kind-campaign-seed-20261102-20260920_151213_721/provengo_project/products/internal/artifacts/1/1/274.txt","8154503741e738c14bde0658919fce61ad4d642e449c2dd0695e0e5e0d12fabd","134"
"runs/phase4-relation-kind-campaign-seed-20261102-20260920_151213_721/provengo_project/products/internal/artifacts/1/1/275.txt","acde5a248d47a1077819666df8a959eea8830a2c434dfd026614611a0c66ffc5","469"
"runs/phase4-relation-kind-campaign-seed-20261102-20260920_151213_721/provengo_project/products/internal/artifacts/1/1/276.json","d94a9971ba387b2cf55d0c3e108e477a18f37f6f291e4681940cf5a87e62300f","225"
"runs/phase4-relation-kind-campaign-seed-20261102-20260920_151213_721/provengo_project/products/internal/artifacts/1/1/277.txt","ae99fdac3e73e23c498458b2619c4af8d620427cbcaf9471c9467d4c10490df2","134"
"runs/phase4-relation-kind-campaign-seed-20261102-20260920_151213_721/provengo_project/products/internal/artifacts/1/1/278.txt","fd511dfe94297f656783af877ace571d7e79179e1abaf971526e1351738e3904","469"
"runs/phase4-relation-kind-campaign-seed-20261102-20260920_151213_721/provengo_project/products/internal/artifacts/1/1/279.json","935593eb88dbe079cdeb1d220a57187523e19ab96a226337b7ac352cada0671f","225"
"runs/phase4-relation-kind-campaign-seed-20261102-20260920_151213_721/provengo_project/products/internal/artifacts/1/1/28.txt","a647d0c9d1293696350b36de62a82fa8cf5f98c606cbb64eea3f7f2d0a4dd69a","45"
"runs/phase4-relation-kind-campaign-seed-20261102-20260920_151213_721/provengo_project/products/internal/artifacts/1/1/280.txt","dd9caa6f2be9a052e1f6adf0706aad64215d142ee95bbca3334fd58ec1b5da83","135"
"runs/phase4-relation-kind-campaign-seed-20261102-20260920_151213_721/provengo_project/products/internal/artifacts/1/1/281.txt","b2ecf538f7f136a687d92b511e599b685db09e9b813f310fe6f2fdf494922ff4","470"
"runs/phase4-relation-kind-campaign-seed-20261102-20260920_151213_721/provengo_project/products/internal/artifacts/1/1/282.json","d4b4f0e83aaf439291d0e432438bc6de94ea4bc9da70cc9deda5804337f6792a","226"
"runs/phase4-relation-kind-campaign-seed-20261102-20260920_151213_721/provengo_project/products/internal/artifacts/1/1/283.txt","3bbf114465ed81a6d22b0d6ba9b48ce96bf3050c0cde6f7bc757083af1073347","80"
"runs/phase4-relation-kind-campaign-seed-20261102-20260920_151213_721/provengo_project/products/internal/artifacts/1/1/284.txt","96c5b283018a74577cbc3786e1b55533f71e9e8e689c657521b9045b06c1a664","210"
"runs/phase4-relation-kind-campaign-seed-20261102-20260920_151213_721/provengo_project/products/internal/artifacts/1/1/285.txt","e3b0c44298fc1c149afbf4c8996fb92427ae41e4649b934ca495991b7852b855","0"
"runs/phase4-relation-kind-campaign-seed-20261102-20260920_151213_721/provengo_project/products/internal/artifacts/1/1/286.txt","ecd4ce4f60db8b7d8dde7a78dc481846b77cde91a21a294186d7309a2e8793ee","45"
"runs/phase4-relation-kind-campaign-seed-20261102-20260920_151213_721/provengo_project/products/internal/artifacts/1/1/287.txt","d432a33075ec35526945b62cf052be2ecd264c65d1b54f4b971fe11e7d5b71ce","4194"
"runs/phase4-relation-kind-campaign-seed-20261102-20260920_151213_721/provengo_project/products/internal/artifacts/1/1/288.json","f033b9e259092bf5f8af17a0382420686ee344ea2b055f516b599244ba712dda","3853"
"runs/phase4-relation-kind-campaign-seed-20261102-20260920_151213_721/provengo_project/products/internal/artifacts/1/1/289.txt","18c3b27af68efa06da367b5f3bda664e85f0e1d323a363819c6f43fe8a28d82c","80"
"runs/phase4-relation-kind-campaign-seed-20261102-20260920_151213_721/provengo_project/products/internal/artifacts/1/1/29.txt","954c2e1fa8b7902abe695a2af96af84a41e969cbef66191f4101327723277335","1207"
"runs/phase4-relation-kind-campaign-seed-20261102-20260920_151213_721/provengo_project/products/internal/artifacts/1/1/290.txt","414ab089706a2ee42f6c5e38a3437215b9feee75207bdef7207165651a368a19","210"
"runs/phase4-relation-kind-campaign-seed-20261102-20260920_151213_721/provengo_project/products/internal/artifacts/1/1/291.txt","e3b0c44298fc1c149afbf4c8996fb92427ae41e4649b934ca495991b7852b855","0"
"runs/phase4-relation-kind-campaign-seed-20261102-20260920_151213_721/provengo_project/products/internal/artifacts/1/1/292.txt","ecd4ce4f60db8b7d8dde7a78dc481846b77cde91a21a294186d7309a2e8793ee","45"
"runs/phase4-relation-kind-campaign-seed-20261102-20260920_151213_721/provengo_project/products/internal/artifacts/1/1/293.txt","2d170a955e127e46abb1f92482ff800b64b284638c75b29445aff25576ae4642","3598"
"runs/phase4-relation-kind-campaign-seed-20261102-20260920_151213_721/provengo_project/products/internal/artifacts/1/1/294.json","a2e18a07263be342146eee3c6986c4519d124575a6a6ecc2f56c73ccd9295c70","3257"
"runs/phase4-relation-kind-campaign-seed-20261102-20260920_151213_721/provengo_project/products/internal/artifacts/1/1/295.txt","b269ef776c3148a9f563aa3363d7b17c03f8a50ea81b4113a5b4d54afca04f19","80"
"runs/phase4-relation-kind-campaign-seed-20261102-20260920_151213_721/provengo_project/products/internal/artifacts/1/1/296.txt","3958cd000fffffc8968e77fc8ab91f9c02a48abfec152e349934af9d2225b601","210"
"runs/phase4-relation-kind-campaign-seed-20261102-20260920_151213_721/provengo_project/products/internal/artifacts/1/1/297.txt","e3b0c44298fc1c149afbf4c8996fb92427ae41e4649b934ca495991b7852b855","0"
"runs/phase4-relation-kind-campaign-seed-20261102-20260920_151213_721/provengo_project/products/internal/artifacts/1/1/298.txt","ecd4ce4f60db8b7d8dde7a78dc481846b77cde91a21a294186d7309a2e8793ee","45"
"runs/phase4-relation-kind-campaign-seed-20261102-20260920_151213_721/provengo_project/products/internal/artifacts/1/1/299.txt","c585a31a394a3c8527eab4fd1691d5477aeed6421256360cc10aa5750ac10a13","2998"
"runs/phase4-relation-kind-campaign-seed-20261102-20260920_151213_721/provengo_project/products/internal/artifacts/1/1/3.json","215eeb291f7b45b09400cc6fc83ab197b41f25e44809092632ef40a537b35b88","1728"
"runs/phase4-relation-kind-campaign-seed-20261102-20260920_151213_721/provengo_project/products/internal/artifacts/1/1/30.json","dbb6ebadddf7ae026c86566fab0e54c309f8e43fdbbdbe3c24b8dd0fd158f056","867"
"runs/phase4-relation-kind-campaign-seed-20261102-20260920_151213_721/provengo_project/products/internal/artifacts/1/1/300.json","a0df9c059bc8139872d73b7155fdedbc45f6557a086d5526625e06a270a7aab2","2657"
"runs/phase4-relation-kind-campaign-seed-20261102-20260920_151213_721/provengo_project/products/internal/artifacts/1/1/301.txt","c690c5cab47f38195437072b7efacfc307261fbafd0eef968d65f8769fad8636","80"
"runs/phase4-relation-kind-campaign-seed-20261102-20260920_151213_721/provengo_project/products/internal/artifacts/1/1/302.txt","c391a209f98e3c88d2e16e560b6a6eeededfdd69111c5b442e5db9e68d86ec76","210"
"runs/phase4-relation-kind-campaign-seed-20261102-20260920_151213_721/provengo_project/products/internal/artifacts/1/1/303.txt","e3b0c44298fc1c149afbf4c8996fb92427ae41e4649b934ca495991b7852b855","0"
"runs/phase4-relation-kind-campaign-seed-20261102-20260920_151213_721/provengo_project/products/internal/artifacts/1/1/304.txt","ecd4ce4f60db8b7d8dde7a78dc481846b77cde91a21a294186d7309a2e8793ee","45"
"runs/phase4-relation-kind-campaign-seed-20261102-20260920_151213_721/provengo_project/products/internal/artifacts/1/1/305.txt","08c7eb8480f232a173f4a7c0e8a623a19180d0daa8ca91890b191c9981b97bc2","2401"
"runs/phase4-relation-kind-campaign-seed-20261102-20260920_151213_721/provengo_project/products/internal/artifacts/1/1/306.json","1d6d2282f7dd17bb4e047d0076681b4883e0d141b9e01cf0d86f4cd6b557c2fe","2060"
"runs/phase4-relation-kind-campaign-seed-20261102-20260920_151213_721/provengo_project/products/internal/artifacts/1/1/307.txt","542f8c43561ce8c6d9cae1cebe5c8564fed35fa96a53b0337c914b5af133e615","80"
"runs/phase4-relation-kind-campaign-seed-20261102-20260920_151213_721/provengo_project/products/internal/artifacts/1/1/308.txt","7060a3aacc24672abd778a5912d5b7256e56a40184f81dd57f8b1e5189c6ee59","210"
"runs/phase4-relation-kind-campaign-seed-20261102-20260920_151213_721/provengo_project/products/internal/artifacts/1/1/309.txt","e3b0c44298fc1c149afbf4c8996fb92427ae41e4649b934ca495991b7852b855","0"
"runs/phase4-relation-kind-campaign-seed-20261102-20260920_151213_721/provengo_project/products/internal/artifacts/1/1/31.txt","34a0471f06fe9bccda0f5a8d721263fa6e6ade6e3bcd2f1eaaeaecbebe306770","110"
"runs/phase4-relation-kind-campaign-seed-20261102-20260920_151213_721/provengo_project/products/internal/artifacts/1/1/310.txt","ecd4ce4f60db8b7d8dde7a78dc481846b77cde91a21a294186d7309a2e8793ee","45"
"runs/phase4-relation-kind-campaign-seed-20261102-20260920_151213_721/provengo_project/products/internal/artifacts/1/1/311.txt","1a6bbec9ccbad431739ada067d98c66fb87550a30b6204a91c6b8bd6d986cc3d","1805"
"runs/phase4-relation-kind-campaign-seed-20261102-20260920_151213_721/provengo_project/products/internal/artifacts/1/1/312.json","0d98101eed7587b5557ce4925d52c4a9e336b659636c303a79fe93d3e9c430cf","1464"
"runs/phase4-relation-kind-campaign-seed-20261102-20260920_151213_721/provengo_project/products/internal/artifacts/1/1/313.txt","b76034ffa45d8bb9cc9bbe2292bf467b4e9cbc16ed1c0af4fa42b7df15083983","80"
"runs/phase4-relation-kind-campaign-seed-20261102-20260920_151213_721/provengo_project/products/internal/artifacts/1/1/314.txt","091e07cb4e1093602e8b8999598bf46f4bf7a6a5aaa06cab816d2cc74aacb69d","210"
"runs/phase4-relation-kind-campaign-seed-20261102-20260920_151213_721/provengo_project/products/internal/artifacts/1/1/315.txt","e3b0c44298fc1c149afbf4c8996fb92427ae41e4649b934ca495991b7852b855","0"
"runs/phase4-relation-kind-campaign-seed-20261102-20260920_151213_721/provengo_project/products/internal/artifacts/1/1/316.txt","ecd4ce4f60db8b7d8dde7a78dc481846b77cde91a21a294186d7309a2e8793ee","45"
"runs/phase4-relation-kind-campaign-seed-20261102-20260920_151213_721/provengo_project/products/internal/artifacts/1/1/317.txt","4f8649ac9f132a178b978e5008aadd8493ed01b54207cf34d2ee47019aadb707","1206"
"runs/phase4-relation-kind-campaign-seed-20261102-20260920_151213_721/provengo_project/products/internal/artifacts/1/1/318.json","9982352efc653ae3669acc176d1d76a0ac5262f6bce34be1bf81016b597cdd10","866"
"runs/phase4-relation-kind-campaign-seed-20261102-20260920_151213_721/provengo_project/products/internal/artifacts/1/1/319.txt","bb58e927c0ac7e5d5529af6256bff21a953284dd17b81f5faae98bc9ecf457d4","80"
"runs/phase4-relation-kind-campaign-seed-20261102-20260920_151213_721/provengo_project/products/internal/artifacts/1/1/32.txt","a7005c6c08c5bd4ee3c4d98edaaa3c3e82cde0700de6b6b44356d7e203994c4b","953"
"runs/phase4-relation-kind-campaign-seed-20261102-20260920_151213_721/provengo_project/products/internal/artifacts/1/1/320.txt","241df37cd280c28a78bc4785aaa33b4bde2b1757f505ac03a3e9b771ac0bf2c9","210"
"runs/phase4-relation-kind-campaign-seed-20261102-20260920_151213_721/provengo_project/products/internal/artifacts/1/1/321.txt","e3b0c44298fc1c149afbf4c8996fb92427ae41e4649b934ca495991b7852b855","0"
"runs/phase4-relation-kind-campaign-seed-20261102-20260920_151213_721/provengo_project/products/internal/artifacts/1/1/322.txt","f72185cdd89d8acadb24d8cea2c8f441ddc0afef99eaa99538c09cb5e29d8514","80"
"runs/phase4-relation-kind-campaign-seed-20261102-20260920_151213_721/provengo_project/products/internal/artifacts/1/1/323.txt","2eb954c68bcd67867653fdc8ea0b3b8436efab2d565c21b6508892ae7f3be182","210"
"runs/phase4-relation-kind-campaign-seed-20261102-20260920_151213_721/provengo_project/products/internal/artifacts/1/1/324.txt","e3b0c44298fc1c149afbf4c8996fb92427ae41e4649b934ca495991b7852b855","0"
"runs/phase4-relation-kind-campaign-seed-20261102-20260920_151213_721/provengo_project/products/internal/artifacts/1/1/325.txt","58f2e352043257dfe93ac4e55123aff99d82e27c52d9d04b82420512df318183","80"
"runs/phase4-relation-kind-campaign-seed-20261102-20260920_151213_721/provengo_project/products/internal/artifacts/1/1/326.txt","882fd8d369dac3677b7f702db5ff615c0a608a0fa400e662e9b26b8b15d0d6dc","210"
"runs/phase4-relation-kind-campaign-seed-20261102-20260920_151213_721/provengo_project/products/internal/artifacts/1/1/327.txt","e3b0c44298fc1c149afbf4c8996fb92427ae41e4649b934ca495991b7852b855","0"
"runs/phase4-relation-kind-campaign-seed-20261102-20260920_151213_721/provengo_project/products/internal/artifacts/1/1/328.txt","b60a93df5ef152efb20bf2e04bc242768e545e5872832e51c2349b454257fe91","80"
"runs/phase4-relation-kind-campaign-seed-20261102-20260920_151213_721/provengo_project/products/internal/artifacts/1/1/329.txt","a191c5338ec156dee188de5e4729409b70d5d96e525b8c5a5fae38d7984d954e","210"
"runs/phase4-relation-kind-campaign-seed-20261102-20260920_151213_721/provengo_project/products/internal/artifacts/1/1/33.json","cf7df676966b818db4845268da67245d4e9bce00b0fa9f89dfc932caddc109a9","709"
"runs/phase4-relation-kind-campaign-seed-20261102-20260920_151213_721/provengo_project/products/internal/artifacts/1/1/330.txt","e3b0c44298fc1c149afbf4c8996fb92427ae41e4649b934ca495991b7852b855","0"
"runs/phase4-relation-kind-campaign-seed-20261102-20260920_151213_721/provengo_project/products/internal/artifacts/1/1/331.txt","b9b5aa69ceddecb816399ac449a91a7e1bcc3ad87d6113d028a5455e75dcd0e6","80"
"runs/phase4-relation-kind-campaign-seed-20261102-20260920_151213_721/provengo_project/products/internal/artifacts/1/1/332.txt","11ce8d048d947d79cbaa5ceea5c70e5e0bbcf58afba87115946a49cb159ef300","210"
"runs/phase4-relation-kind-campaign-seed-20261102-20260920_151213_721/provengo_project/products/internal/artifacts/1/1/333.txt","e3b0c44298fc1c149afbf4c8996fb92427ae41e4649b934ca495991b7852b855","0"
"runs/phase4-relation-kind-campaign-seed-20261102-20260920_151213_721/provengo_project/products/internal/artifacts/1/1/334.txt","bb461b44c2c1a6d84fa36654a1114c427c812118c76da05807afbb3598a56bc4","80"
"runs/phase4-relation-kind-campaign-seed-20261102-20260920_151213_721/provengo_project/products/internal/artifacts/1/1/335.txt","dd47639ef4695468ac1dca0545cc1d70c0f3bb3dd0403feaef9f6fdc87ca7d7f","210"
"runs/phase4-relation-kind-campaign-seed-20261102-20260920_151213_721/provengo_project/products/internal/artifacts/1/1/336.txt","e3b0c44298fc1c149afbf4c8996fb92427ae41e4649b934ca495991b7852b855","0"
"runs/phase4-relation-kind-campaign-seed-20261102-20260920_151213_721/provengo_project/products/internal/artifacts/1/1/337.txt","1ed7038576506723b4726ccc455b31a1db182d7f061c2ae2e378940c04c50ff7","83"
"runs/phase4-relation-kind-campaign-seed-20261102-20260920_151213_721/provengo_project/products/internal/artifacts/1/1/338.txt","3cf0c90dcade35d649f6a921fc0054680e7808b48e7d1cf489e2fb741a15c18d","210"
"runs/phase4-relation-kind-campaign-seed-20261102-20260920_151213_721/provengo_project/products/internal/artifacts/1/1/339.txt","e3b0c44298fc1c149afbf4c8996fb92427ae41e4649b934ca495991b7852b855","0"
"runs/phase4-relation-kind-campaign-seed-20261102-20260920_151213_721/provengo_project/products/internal/artifacts/1/1/34.txt","5aec080d334e7c2953f88373e4e6b0ffe464eb803b7ab97f8fb9a22fb2cf457b","45"
"runs/phase4-relation-kind-campaign-seed-20261102-20260920_151213_721/provengo_project/products/internal/artifacts/1/1/35.txt","5b465ef236dfe863ae6b8ed45d65cef1eb2228bd71c4939884921dd0432fc36a","1207"
"runs/phase4-relation-kind-campaign-seed-20261102-20260920_151213_721/provengo_project/products/internal/artifacts/1/1/36.json","8d0f2af96e40a488cb84d62d547a73ca3d5ca3ce3beee137de3d5253c57c8d56","867"
"runs/phase4-relation-kind-campaign-seed-20261102-20260920_151213_721/provengo_project/products/internal/artifacts/1/1/37.txt","bb0732cb8d5d950f360149be1ae14adcaced06d688f9d6d5bfd493b5a3aed066","110"
"runs/phase4-relation-kind-campaign-seed-20261102-20260920_151213_721/provengo_project/products/internal/artifacts/1/1/38.txt","dc903ab0b38b495952e39b256ee294dc660df4b99a3887daf8c538fcb1433732","953"
"runs/phase4-relation-kind-campaign-seed-20261102-20260920_151213_721/provengo_project/products/internal/artifacts/1/1/39.json","11c5179ca220e7c7e89ed4b14252ff82c25776cf2517e62f46a6bcbc50bff49c","709"
"runs/phase4-relation-kind-campaign-seed-20261102-20260920_151213_721/provengo_project/products/internal/artifacts/1/1/4.txt","ca3ff2e5f23c3539956e21901cfc183dad8c6178813bb142b54368c66be9026d","80"
"runs/phase4-relation-kind-campaign-seed-20261102-20260920_151213_721/provengo_project/products/internal/artifacts/1/1/40.txt","74b273f91d2a062d71f91d84ee5a2504731cc1bc96f8eadb97ed1ace24042240","45"
"runs/phase4-relation-kind-campaign-seed-20261102-20260920_151213_721/provengo_project/products/internal/artifacts/1/1/41.txt","885b82b03a9de60fd078ddf755596114682f2694a76182e5b5b5a9756550116e","1207"
"runs/phase4-relation-kind-campaign-seed-20261102-20260920_151213_721/provengo_project/products/internal/artifacts/1/1/42.json","0d12c32678f45f8449e82273281832fdfabb2c049e9c38592bbdf116bedc6cb4","867"
"runs/phase4-relation-kind-campaign-seed-20261102-20260920_151213_721/provengo_project/products/internal/artifacts/1/1/43.txt","27d31980da7119e64aeac70929573a37fddb2eba28687f5634f2523486f8db79","110"
"runs/phase4-relation-kind-campaign-seed-20261102-20260920_151213_721/provengo_project/products/internal/artifacts/1/1/44.txt","e3e2887e51fed3cbb07ca345fe8ddff301b66c70ce79201c072118712c054ef9","953"
"runs/phase4-relation-kind-campaign-seed-20261102-20260920_151213_721/provengo_project/products/internal/artifacts/1/1/45.json","f22208b36c9b45571f226bf40319016f64b409a6ad440d9a1bbdb5226981c2b2","709"
"runs/phase4-relation-kind-campaign-seed-20261102-20260920_151213_721/provengo_project/products/internal/artifacts/1/1/46.txt","ec65efa8d1121cd2c3d99f3e580598ba82507dd62e32f7a0a4f33ae4a76405fa","45"
"runs/phase4-relation-kind-campaign-seed-20261102-20260920_151213_721/provengo_project/products/internal/artifacts/1/1/47.txt","5d00ef0f68815efc0897cfb106757a9b3605bf39db9a47eb167a66c019ea3f7f","1207"
"runs/phase4-relation-kind-campaign-seed-20261102-20260920_151213_721/provengo_project/products/internal/artifacts/1/1/48.json","e91b587714d30cd454648af1719237721479054f3bff035eb0c60a5dc3224cd3","867"
"runs/phase4-relation-kind-campaign-seed-20261102-20260920_151213_721/provengo_project/products/internal/artifacts/1/1/49.txt","97dc2a91480e09b14c59c48d5a21d686320f7cc599147f672f55bdcceae5f04c","110"
"runs/phase4-relation-kind-campaign-seed-20261102-20260920_151213_721/provengo_project/products/internal/artifacts/1/1/5.txt","64fe205455c9c65a8f0edb2437e6945dc63eb61b260115f1771883527f9b0563","1945"
"runs/phase4-relation-kind-campaign-seed-20261102-20260920_151213_721/provengo_project/products/internal/artifacts/1/1/50.txt","dc44894abc6537750549308976b2d629d83404094e59ad653b29ccc68e601a94","953"
"runs/phase4-relation-kind-campaign-seed-20261102-20260920_151213_721/provengo_project/products/internal/artifacts/1/1/51.json","b9156950f0703f536f65dc3d9ee924884ccd18cf7d4a22fe265125fdd5975fbc","709"
"runs/phase4-relation-kind-campaign-seed-20261102-20260920_151213_721/provengo_project/products/internal/artifacts/1/1/52.txt","df283c9d080cc493da780c5b356db8ea46bbb97ff42f838d6a43177fb1edcb0a","45"
"runs/phase4-relation-kind-campaign-seed-20261102-20260920_151213_721/provengo_project/products/internal/artifacts/1/1/53.txt","761fc12564dac680b939b8621eefa4077cccf40e5d77c219ff1cf07ff8b1f844","1207"
"runs/phase4-relation-kind-campaign-seed-20261102-20260920_151213_721/provengo_project/products/internal/artifacts/1/1/54.json","5e88b8e5deea155c8726154d25b6335be13285dbba60febe1f9c66d54a09f0a8","867"
"runs/phase4-relation-kind-campaign-seed-20261102-20260920_151213_721/provengo_project/products/internal/artifacts/1/1/55.txt","a8f07eada8c083c5556e4fc08224f98417f7b7caeba00a64fdad49493917fc3a","110"
"runs/phase4-relation-kind-campaign-seed-20261102-20260920_151213_721/provengo_project/products/internal/artifacts/1/1/56.txt","73d77ce9a82166966b83cd58ea53e10a7c4ab262c3e46b51a68388ad1906051e","952"
"runs/phase4-relation-kind-campaign-seed-20261102-20260920_151213_721/provengo_project/products/internal/artifacts/1/1/57.json","a7a702dd154f281c03024dcebff7a277bd243041a5eb53fd7d36b12a61c2c5a7","708"
"runs/phase4-relation-kind-campaign-seed-20261102-20260920_151213_721/provengo_project/products/internal/artifacts/1/1/58.txt","5a45ab63d96a24c09acd0a54e02e1ca318ffa1787f8dd341cffac508e75648f2","45"
"runs/phase4-relation-kind-campaign-seed-20261102-20260920_151213_721/provengo_project/products/internal/artifacts/1/1/59.txt","3dcc214976d3d7e10b2808e187f49653db391aaa43c9116d045f85a4a9140e95","1207"
"runs/phase4-relation-kind-campaign-seed-20261102-20260920_151213_721/provengo_project/products/internal/artifacts/1/1/6.json","b1c901e65aab95a39886ce36df6b06738724270d310d82a21104aa6066b74f4e","1635"
"runs/phase4-relation-kind-campaign-seed-20261102-20260920_151213_721/provengo_project/products/internal/artifacts/1/1/60.json","b02bd40b8e3406c8e5a8f837952ca975bf6bf49649e67cfa88b699f532a8be47","867"
"runs/phase4-relation-kind-campaign-seed-20261102-20260920_151213_721/provengo_project/products/internal/artifacts/1/1/61.txt","ac828ef62c342d8693d194d89dee4d0e5ce0023647630560be195bca830662c7","109"
"runs/phase4-relation-kind-campaign-seed-20261102-20260920_151213_721/provengo_project/products/internal/artifacts/1/1/62.txt","c63d021f3da03cf3df6e3d82f5b49df9a8798a0334a3d7a27572009f673d18aa","954"
"runs/phase4-relation-kind-campaign-seed-20261102-20260920_151213_721/provengo_project/products/internal/artifacts/1/1/63.json","72c903151ec89f9c88fde0f2f256330baad2860867863b440552fb34577503eb","710"
"runs/phase4-relation-kind-campaign-seed-20261102-20260920_151213_721/provengo_project/products/internal/artifacts/1/1/64.txt","f42758a1b94d2acb2f416b538239c1963e35fb8587dbfe63aa9fd9e128346fe6","45"
"runs/phase4-relation-kind-campaign-seed-20261102-20260920_151213_721/provengo_project/products/internal/artifacts/1/1/65.txt","8cb3ba465956803a0b4100cb2b41736a6faff7b8d4ab31ac8debf78cf89dddc2","1208"
"runs/phase4-relation-kind-campaign-seed-20261102-20260920_151213_721/provengo_project/products/internal/artifacts/1/1/66.json","00845daa1bfbeb05d1c585e9677fee3da3d519d6119749bbbe56811dfc168c65","868"
"runs/phase4-relation-kind-campaign-seed-20261102-20260920_151213_721/provengo_project/products/internal/artifacts/1/1/67.txt","d519fb889b8d05e350953da8000097f788afdde81950cae9d876ceaf24ba1640","110"
"runs/phase4-relation-kind-campaign-seed-20261102-20260920_151213_721/provengo_project/products/internal/artifacts/1/1/68.txt","6a2d88666b24e7234b3c32e7e58696eee4f1cdd6c20eebfb53f3061525efc2cb","955"
"runs/phase4-relation-kind-campaign-seed-20261102-20260920_151213_721/provengo_project/products/internal/artifacts/1/1/69.json","c7f1d09a6cd5b525af8225485579642214847f7c83f6fc1164a14df863cd146b","711"
"runs/phase4-relation-kind-campaign-seed-20261102-20260920_151213_721/provengo_project/products/internal/artifacts/1/1/7.txt","a3d96febcebda7ec7c4e5ed7591bc76d3100992ddb8ebc42c2c26b1c1bdd8593","110"
"runs/phase4-relation-kind-campaign-seed-20261102-20260920_151213_721/provengo_project/products/internal/artifacts/1/1/70.txt","c6e27255b8fd41d574f3549ddbf5f44b04c890436fbadd5535dc9ee4cb5e99fe","45"
"runs/phase4-relation-kind-campaign-seed-20261102-20260920_151213_721/provengo_project/products/internal/artifacts/1/1/71.txt","d79726c5483211a902f4ebc1dd577e86a4aa42ca0ce64ae7cf00f2b582c5d7dc","1209"
"runs/phase4-relation-kind-campaign-seed-20261102-20260920_151213_721/provengo_project/products/internal/artifacts/1/1/72.json","c629032503ad53b90855e40489cc7d9e98358ffa382d9d35b0d616260feb98dc","869"
"runs/phase4-relation-kind-campaign-seed-20261102-20260920_151213_721/provengo_project/products/internal/artifacts/1/1/73.txt","0485379eb669a63359dbff0fe1d8ee3e7088d2fd8c0a9feec65809a61dbc7587","110"
"runs/phase4-relation-kind-campaign-seed-20261102-20260920_151213_721/provengo_project/products/internal/artifacts/1/1/74.txt","0989ecbcf809821ae9d4618874976e9b2f80c5662bf2949a33f43c2958dbe04f","955"
"runs/phase4-relation-kind-campaign-seed-20261102-20260920_151213_721/provengo_project/products/internal/artifacts/1/1/75.json","4b3bfa5165e82d560f3a6ed1d4ed4b8ddf17051e494fa5375a2dfec06a2dace5","711"
"runs/phase4-relation-kind-campaign-seed-20261102-20260920_151213_721/provengo_project/products/internal/artifacts/1/1/76.txt","239f18e99625e5e343d34c8bb068a695cc9ce6a959e840723b6eadd1ff761bfe","45"
"runs/phase4-relation-kind-campaign-seed-20261102-20260920_151213_721/provengo_project/products/internal/artifacts/1/1/77.txt","21da2fd04f96723e747dc6ce43e6a6ca5a7a6ecc8655173cb7627b1e614d4207","1209"
"runs/phase4-relation-kind-campaign-seed-20261102-20260920_151213_721/provengo_project/products/internal/artifacts/1/1/78.json","33c3c1f8c44d86f7e3991489be5be8cfa4514a4e41ccbdd3aec30e03bf476301","869"
"runs/phase4-relation-kind-campaign-seed-20261102-20260920_151213_721/provengo_project/products/internal/artifacts/1/1/79.txt","d12cc7b57ea022d87417087dd7e4b1323d23d0fae8fdfbf627126265151d71ed","134"
"runs/phase4-relation-kind-campaign-seed-20261102-20260920_151213_721/provengo_project/products/internal/artifacts/1/1/8.txt","301674fceb44cec9b132a9cff241a06abfaa54749b6d01255d9efbc3caf13c92","953"
"runs/phase4-relation-kind-campaign-seed-20261102-20260920_151213_721/provengo_project/products/internal/artifacts/1/1/80.txt","5318621607a814d68dd16473b32348b896cf6d0b2311bd446e26a0907a3c39e9","469"
"runs/phase4-relation-kind-campaign-seed-20261102-20260920_151213_721/provengo_project/products/internal/artifacts/1/1/81.json","20f6c8ab148ea27348e2e234f8b9fe002fa43883e80efc21b499216c9ea280fc","225"
"runs/phase4-relation-kind-campaign-seed-20261102-20260920_151213_721/provengo_project/products/internal/artifacts/1/1/82.txt","acf7110059746bdb980d1cba89f90c5b0ee3a58d314962bc6e6c0d2250c200ef","137"
"runs/phase4-relation-kind-campaign-seed-20261102-20260920_151213_721/provengo_project/products/internal/artifacts/1/1/83.txt","2c90e07b75a653e1afded2493f74795fe15e2c788a7d027576d9595f9ea20834","472"
"runs/phase4-relation-kind-campaign-seed-20261102-20260920_151213_721/provengo_project/products/internal/artifacts/1/1/84.json","938a210ae5bfb326c331be22d9df8132bc415a06ec62f2d25a9978f3623f1568","228"
"runs/phase4-relation-kind-campaign-seed-20261102-20260920_151213_721/provengo_project/products/internal/artifacts/1/1/85.txt","dde90f6581d64321c51e49976f9d6eb1a0ad25546fed7853e673a8bcd3ab9ad9","134"
"runs/phase4-relation-kind-campaign-seed-20261102-20260920_151213_721/provengo_project/products/internal/artifacts/1/1/86.txt","7e94b10f1526c5aaff4bf982fd9901aec0c2c359661e95da390542b1037bb95c","469"
"runs/phase4-relation-kind-campaign-seed-20261102-20260920_151213_721/provengo_project/products/internal/artifacts/1/1/87.json","5379d63fb3d8e02aa30222ff87eeec1b75ddd57bc7c462b0d6fc6e06c8777168","225"
"runs/phase4-relation-kind-campaign-seed-20261102-20260920_151213_721/provengo_project/products/internal/artifacts/1/1/88.txt","14f6ddcb7133138cb4b748abc0b8e22302ce4be8e167ae8de55e3ff30dcd0c0e","138"
"runs/phase4-relation-kind-campaign-seed-20261102-20260920_151213_721/provengo_project/products/internal/artifacts/1/1/89.txt","e4bc148f5fd3a6cd189fb8de74730063616d55677e7e3c2da37fb8dd0ca369dd","473"
"runs/phase4-relation-kind-campaign-seed-20261102-20260920_151213_721/provengo_project/products/internal/artifacts/1/1/9.json","6872b77d075e0b87abf7b4e7af408454c96892d4271484278d9db1d007f6715b","709"
"runs/phase4-relation-kind-campaign-seed-20261102-20260920_151213_721/provengo_project/products/internal/artifacts/1/1/90.json","8de5b809362b4a39f1a5ffbf2172da082f4994de3ce97d0da24d0a121eb729db","229"
"runs/phase4-relation-kind-campaign-seed-20261102-20260920_151213_721/provengo_project/products/internal/artifacts/1/1/91.txt","32c3a95120c96f883ec0c3cdc85cfe856679c8495d5c6b66baae874cbee7ae9f","137"
"runs/phase4-relation-kind-campaign-seed-20261102-20260920_151213_721/provengo_project/products/internal/artifacts/1/1/92.txt","e66612328a7aebc40df94a5d6146d28bdf3c698ab67bed0cb6ab2ce8b5de3598","472"
"runs/phase4-relation-kind-campaign-seed-20261102-20260920_151213_721/provengo_project/products/internal/artifacts/1/1/93.json","01bb6f03679e7e433c0688c565c453fcd119a0c985dc0960cf0829028c927558","228"
"runs/phase4-relation-kind-campaign-seed-20261102-20260920_151213_721/provengo_project/products/internal/artifacts/1/1/94.txt","8c581bcbf8efdae100b4a8d5e9a888b1414a64449461fac97beafe57166da557","135"
"runs/phase4-relation-kind-campaign-seed-20261102-20260920_151213_721/provengo_project/products/internal/artifacts/1/1/95.txt","1650974dffd117ea5d8b88bb7b96c05317033891e715af4b56d68238aa065212","470"
"runs/phase4-relation-kind-campaign-seed-20261102-20260920_151213_721/provengo_project/products/internal/artifacts/1/1/96.json","46d8d8aea761259f86174d8e7084695ab209e0db09c188410c5844d3f91d5966","226"
"runs/phase4-relation-kind-campaign-seed-20261102-20260920_151213_721/provengo_project/products/internal/artifacts/1/1/97.txt","8154503741e738c14bde0658919fce61ad4d642e449c2dd0695e0e5e0d12fabd","134"
"runs/phase4-relation-kind-campaign-seed-20261102-20260920_151213_721/provengo_project/products/internal/artifacts/1/1/98.txt","5035c6800b08fe501c76d39e2c2e64567d39178dfde25db126f9a5a3050ba58a","469"
"runs/phase4-relation-kind-campaign-seed-20261102-20260920_151213_721/provengo_project/products/internal/artifacts/1/1/99.json","c8b03b5e76df039430d86ba6351d652ad2fcdf09c96db7ef860f11ad57cc6453","225"
"runs/phase4-relation-kind-campaign-seed-20261102-20260920_151213_721/provengo_project/products/internal/runs-db.db","8b984d8306f4e85333269c777545e28a34d1c99d92b6f5f73f3da6010a0df72e","46530560"
"runs/phase4-relation-kind-campaign-seed-20261102-20260920_151213_721/provengo_project/README.md","b79b425b2ac12760ce694b8c8a72288ad9e95b48d778dc1108e58269bf9ce276","4041"
"runs/phase4-relation-kind-campaign-seed-20261102-20260920_151213_721/provengo_project/spec/js/disabled/hello-world.js","86253af6bc213bec40e9dc0f3c6d03134a32c1b31c0a618d77afbe9ad15b8cdd","1383"
"runs/phase4-relation-kind-campaign-seed-20261102-20260920_151213_721/provengo_project/spec/js/interfaces.vikunja.js","db759926b95b633393175e0472a59bef6da85184ab4f6cce510c59a26ee0e803","56359"
"runs/phase4-relation-kind-campaign-seed-20261102-20260920_151213_721/provengo_project/spec/js/stories.vikunja.js","11f63c9012f38746fab1d0faa773cd5f7d830f23487dbd453a36069898adadce","49383"
"runs/phase4-relation-kind-campaign-seed-20261102-20260920_151213_721/provengo-create.log","61bcca2f934d4c0bbf00244ea94a71c7aaa2fda38cfecee7cffe59585fefa0a1","1234"
"runs/phase4-relation-kind-campaign-seed-20261102-20260920_151213_721/provengo-run.log","31945169f484ebc8a79f6822204b64f7ff97c81ccb23a8113ea32f29fbf79a01","181326"
"runs/phase4-relation-kind-campaign-seed-20261102-20260920_151213_721/proxy.stderr.log","e3b0c44298fc1c149afbf4c8996fb92427ae41e4649b934ca495991b7852b855","0"
"runs/phase4-relation-kind-campaign-seed-20261102-20260920_151213_721/proxy.stdout.log","3e9637744efb4ab698c24160de5114f08dad58e2ed8ca2d3342c0306f2754d3c","84"
"runs/phase4-relation-kind-campaign-seed-20261102-20260920_151213_721/run-metadata.json","2830b43d33d9e577bab75fe5dfa1649ce6c94fcc61204ae6cc143d2a9a0408ba","705"
"runs/phase4-relation-kind-campaign-seed-20261103-20260920_151237_920/http-trace.jsonl","94352e4f576a247f26057b00cc42b2d4cfa3111d11580fafec1163a7d38bbade","137341"
"runs/phase4-relation-kind-campaign-seed-20261103-20260920_151237_920/phase4-relation-kind-evaluation.json","eb1ad437e36ab0a05d777d112b2a9a5361fb72579a3584d00a02df5ed89788be","1500"
"runs/phase4-relation-kind-campaign-seed-20261103-20260920_151237_920/post-delete-probe.json","108ee7580ce41d4703ff2f932fbf8dbdcbf55311563868fba5509b5dcf474b10","529"
"runs/phase4-relation-kind-campaign-seed-20261103-20260920_151237_920/provengo_project/.gitignore","f09e023c25978720ed9122360581f2fca50cb612504daed3337ab662e7106366","32"
"runs/phase4-relation-kind-campaign-seed-20261103-20260920_151237_920/provengo_project/.vscode/mcp.json","6e0a0c795dc197f1d4e07744a4e361e7cf92d6a2f5d276d0f1d5ce31f35169fb","143"
"runs/phase4-relation-kind-campaign-seed-20261103-20260920_151237_920/provengo_project/config/provengo.yml","172d59431475ba56c192df94b270f8d71e618b53c62c45beace120ee769cd8a3","1260"
"runs/phase4-relation-kind-campaign-seed-20261103-20260920_151237_920/provengo_project/data/data.js","55e30a0929c59d9578c5695169b772d147c20b0ad8a7d556eb38c4defd8404b7","131"
"runs/phase4-relation-kind-campaign-seed-20261103-20260920_151237_920/provengo_project/meta-spec/book-writer.js","977303cc03f87fd6561e4435e4cbbb34c85559a94b7aacefdbe9c71b0cb5ac42","3926"
"runs/phase4-relation-kind-campaign-seed-20261103-20260920_151237_920/provengo_project/meta-spec/ensemble-code.js","7e9e842a753bf38111af0cbfbf1bdaf8b88602fd620ff5fdd919fe8d23f45ab5","2692"
"runs/phase4-relation-kind-campaign-seed-20261103-20260920_151237_920/provengo_project/meta-spec/scenario-metadata.js","53f129542f1903bf3f7c2ef55914c0df227d58111a71c7c6053d40792b79cd65","479"
"runs/phase4-relation-kind-campaign-seed-20261103-20260920_151237_920/provengo_project/meta-spec/script-writer.js","f197d272e5524bd0b4ab1f59289b300232c7a8ebc060f8ffeba993fc7eaae0f9","3034"
"runs/phase4-relation-kind-campaign-seed-20261103-20260920_151237_920/provengo_project/products/internal/artifacts/1/1/1.txt","2799ead5f54e296dbbdd72d6805ae378f0855293c2a8835efc9b724be38b2cb8","101"
"runs/phase4-relation-kind-campaign-seed-20261103-20260920_151237_920/provengo_project/products/internal/artifacts/1/1/10.txt","40cf4951d46adbf9de14b5219ef61b0f30f032acb1836992dbe57b7eeddd6e4d","45"
"runs/phase4-relation-kind-campaign-seed-20261103-20260920_151237_920/provengo_project/products/internal/artifacts/1/1/100.txt","38fb32908f8459309814737650ac4acab0c0963ff4530661e30a4b722327d6ee","135"
"runs/phase4-relation-kind-campaign-seed-20261103-20260920_151237_920/provengo_project/products/internal/artifacts/1/1/101.txt","fd5c20ec6cf94436f74c1aa240d0da47223d61d4f0c7e05f855ef8d9c0a71fde","470"
"runs/phase4-relation-kind-campaign-seed-20261103-20260920_151237_920/provengo_project/products/internal/artifacts/1/1/102.json","08f3ce75df76091c24a51e1fd9ea87f2175e386afd5594f6a23a0553e923d4b7","226"
"runs/phase4-relation-kind-campaign-seed-20261103-20260920_151237_920/provengo_project/products/internal/artifacts/1/1/103.txt","55368d6f2e45255a66da6213445c7eeaabd2dfead40e3be6f7f2af5306ad5a05","134"
"runs/phase4-relation-kind-campaign-seed-20261103-20260920_151237_920/provengo_project/products/internal/artifacts/1/1/104.txt","7956820974b8cfd6e664ba6a176e3be1b76ca4e1494bad3a661a86a2efabcf99","469"
"runs/phase4-relation-kind-campaign-seed-20261103-20260920_151237_920/provengo_project/products/internal/artifacts/1/1/105.json","56985bbb4937c0e9e8b566a4e34da149a729f7b5f812af0f6d5695f5ea1faf07","225"
"runs/phase4-relation-kind-campaign-seed-20261103-20260920_151237_920/provengo_project/products/internal/artifacts/1/1/106.txt","ee37bd2e46fbff150057efa5e438859e5fc9273f496dd592b33a194958658e0e","137"
"runs/phase4-relation-kind-campaign-seed-20261103-20260920_151237_920/provengo_project/products/internal/artifacts/1/1/107.txt","3d66856f982764f7a3b069d72955437f36f4ecb06f88433b1bc424c2cc6918e4","472"
"runs/phase4-relation-kind-campaign-seed-20261103-20260920_151237_920/provengo_project/products/internal/artifacts/1/1/108.json","7b843c765a0101c431b369c779b9b6e814f6f401001dba209d4e58f8a94b09e7","228"
"runs/phase4-relation-kind-campaign-seed-20261103-20260920_151237_920/provengo_project/products/internal/artifacts/1/1/109.txt","57e6464a8d1ab20bad558ad53df969a9d17f5eb65760c4061fa21971db15f48e","135"
"runs/phase4-relation-kind-campaign-seed-20261103-20260920_151237_920/provengo_project/products/internal/artifacts/1/1/11.txt","a9374e8217cc94f0f4baac4716aac85b8bb78022f353f7663c3cf82df2a3e8c8","1207"
"runs/phase4-relation-kind-campaign-seed-20261103-20260920_151237_920/provengo_project/products/internal/artifacts/1/1/110.txt","d524330c037048c6bb298b95bb332897153a4ebe2e2a4048bf2545403e2c3b10","469"
"runs/phase4-relation-kind-campaign-seed-20261103-20260920_151237_920/provengo_project/products/internal/artifacts/1/1/111.json","95f65e133b569ce34b87c778252e409b1d87a5882672177a1bfcf88549c785d8","225"
"runs/phase4-relation-kind-campaign-seed-20261103-20260920_151237_920/provengo_project/products/internal/artifacts/1/1/112.txt","40cf4951d46adbf9de14b5219ef61b0f30f032acb1836992dbe57b7eeddd6e4d","45"
"runs/phase4-relation-kind-campaign-seed-20261103-20260920_151237_920/provengo_project/products/internal/artifacts/1/1/113.txt","191cfd0561ca56404a79583a590f40a57177f24ca572b0be0511b282b27a3590","7792"
"runs/phase4-relation-kind-campaign-seed-20261103-20260920_151237_920/provengo_project/products/internal/artifacts/1/1/114.json","8b9bda783c32941120ac4d5cd1ae9f0bc1f40cc8e603f263755cab9fe2aa16b9","7451"
"runs/phase4-relation-kind-campaign-seed-20261103-20260920_151237_920/provengo_project/products/internal/artifacts/1/1/115.txt","247a7556e67b809c86c183e6b97d8948aa607158c4d302772b756f98853b2385","45"
"runs/phase4-relation-kind-campaign-seed-20261103-20260920_151237_920/provengo_project/products/internal/artifacts/1/1/116.txt","8ffd9e762d63d1c1b4af0de3cee5291babeb14989e6a3a5333e29770765bc6cd","1807"
"runs/phase4-relation-kind-campaign-seed-20261103-20260920_151237_920/provengo_project/products/internal/artifacts/1/1/117.json","386eea66bc61b00fe4487ef4fb13370d7c551dd8645ad1385455c4bf06407ca4","1466"
"runs/phase4-relation-kind-campaign-seed-20261103-20260920_151237_920/provengo_project/products/internal/artifacts/1/1/118.txt","3fa7184fcd10cd74aa08aeabfb5356d59b2a086d56fec35a677d75abe0493247","45"
"runs/phase4-relation-kind-campaign-seed-20261103-20260920_151237_920/provengo_project/products/internal/artifacts/1/1/119.txt","4cee07c8354220900488166cbd184804955bb025c092646cc288d2507edf318c","1804"
"runs/phase4-relation-kind-campaign-seed-20261103-20260920_151237_920/provengo_project/products/internal/artifacts/1/1/12.json","b3d349ab327dc8a77cc542bcad38d363252d7320bfd4d046d7d0f7cbbe70949d","867"
"runs/phase4-relation-kind-campaign-seed-20261103-20260920_151237_920/provengo_project/products/internal/artifacts/1/1/120.json","7d1a70fe24847cdbddab84ecd71eddedbda3ce028bfc3a6ea3a548b78de5329b","1463"
"runs/phase4-relation-kind-campaign-seed-20261103-20260920_151237_920/provengo_project/products/internal/artifacts/1/1/121.txt","747c8cac225202e66f5263e701072d24c040a784593a090cef5496188a48b3b6","45"
"runs/phase4-relation-kind-campaign-seed-20261103-20260920_151237_920/provengo_project/products/internal/artifacts/1/1/122.txt","59598e029b6eeb9b187741e083640e5547832dda95a51d0d7cfcb77eb4f31724","1804"
"runs/phase4-relation-kind-campaign-seed-20261103-20260920_151237_920/provengo_project/products/internal/artifacts/1/1/123.json","9f510a0b6852a67aba054e5b0caa1119922cfe3d3f358e4eef6600b03791b5aa","1463"
"runs/phase4-relation-kind-campaign-seed-20261103-20260920_151237_920/provengo_project/products/internal/artifacts/1/1/124.txt","9d44ea48beb22c65a0a1b66abb27efae0aaaab54e4d599fbefa768d35aa58296","45"
"runs/phase4-relation-kind-campaign-seed-20261103-20260920_151237_920/provengo_project/products/internal/artifacts/1/1/125.txt","da237f903a84be431acdffca8a2e1702801772852ee2335213379ba89b34a5a8","1807"
"runs/phase4-relation-kind-campaign-seed-20261103-20260920_151237_920/provengo_project/products/internal/artifacts/1/1/126.json","60e75010ba4c9d514fa4791542d2222d7038e3315dfadd085d8391217fe2bdd1","1466"
"runs/phase4-relation-kind-campaign-seed-20261103-20260920_151237_920/provengo_project/products/internal/artifacts/1/1/127.txt","259aed3e0640aa2539d89920219a6ff0a5f7612c6b9186a1bd6239d5789f5b9b","45"
"runs/phase4-relation-kind-campaign-seed-20261103-20260920_151237_920/provengo_project/products/internal/artifacts/1/1/128.txt","1c6ffeff0dbbd7192bdccbc2481b763a97a6e98e8b861f662bc00911f7c106c5","1808"
"runs/phase4-relation-kind-campaign-seed-20261103-20260920_151237_920/provengo_project/products/internal/artifacts/1/1/129.json","4144ad2895540694720f3361b41ec8c45ff1d2fb7bb97ecc6930e6bc7557b92e","1467"
"runs/phase4-relation-kind-campaign-seed-20261103-20260920_151237_920/provengo_project/products/internal/artifacts/1/1/13.txt","8cb97b032d28067881950f756dfcabe4216f19161f5fb8bd27cf3ab9e3d495b8","110"
"runs/phase4-relation-kind-campaign-seed-20261103-20260920_151237_920/provengo_project/products/internal/artifacts/1/1/130.txt","b71da87afb566389e00c095123a53ba9fe10f516bc6f3d5b2159bbcb92b181ca","45"
"runs/phase4-relation-kind-campaign-seed-20261103-20260920_151237_920/provengo_project/products/internal/artifacts/1/1/131.txt","9ded6501184bf0e42a16c76bb0efba055b9c36e1c9ff169225b5227a9ad17569","1804"
"runs/phase4-relation-kind-campaign-seed-20261103-20260920_151237_920/provengo_project/products/internal/artifacts/1/1/132.json","3fb5106086073685df03f9288df26511c4560ea8a6ed8bb02365435015bf669b","1463"
"runs/phase4-relation-kind-campaign-seed-20261103-20260920_151237_920/provengo_project/products/internal/artifacts/1/1/133.txt","65d4d0e2a7d3449c1d7f11431efdde541c718eda6c715a0f7c351616bce735c8","45"
"runs/phase4-relation-kind-campaign-seed-20261103-20260920_151237_920/provengo_project/products/internal/artifacts/1/1/134.txt","ebb59c2fada6d1a235d2c40d25c695286e2964dc0ab7b6dd0edac6a210c6c96c","1805"
"runs/phase4-relation-kind-campaign-seed-20261103-20260920_151237_920/provengo_project/products/internal/artifacts/1/1/135.json","2b9e3c8800040ad80f6ef80ece8329966e37397a8c5b791c64670ab047707b20","1464"
"runs/phase4-relation-kind-campaign-seed-20261103-20260920_151237_920/provengo_project/products/internal/artifacts/1/1/136.txt","d446241d1304793f3aa57b944b8899ba9cab79c07cc778c0bbe93b92dd436d35","45"
"runs/phase4-relation-kind-campaign-seed-20261103-20260920_151237_920/provengo_project/products/internal/artifacts/1/1/137.txt","b958acb03e39a342fae5261667a3bed768969915382be7d773fc6e705e5ed1e9","1804"
"runs/phase4-relation-kind-campaign-seed-20261103-20260920_151237_920/provengo_project/products/internal/artifacts/1/1/138.json","c7af8fe14bfd5e1295414b64d3b36ef093bdcb225f32ee6c3543dfd8ed9efd20","1463"
"runs/phase4-relation-kind-campaign-seed-20261103-20260920_151237_920/provengo_project/products/internal/artifacts/1/1/139.txt","1245b2b702e774daabfadaac7a793e64fd95b730797a0289ef57a0f50aba293c","45"
"runs/phase4-relation-kind-campaign-seed-20261103-20260920_151237_920/provengo_project/products/internal/artifacts/1/1/14.txt","3a3373e3f3d6553ddf5cf3bbe3be114a2c40ab4d79ea86d5437287e8f00cc020","952"
"runs/phase4-relation-kind-campaign-seed-20261103-20260920_151237_920/provengo_project/products/internal/artifacts/1/1/140.txt","007a2564e7a130026189fb04d86bb2045609583de1666142a881bc60cee9143f","1806"
"runs/phase4-relation-kind-campaign-seed-20261103-20260920_151237_920/provengo_project/products/internal/artifacts/1/1/141.json","233404c83f9ec10a22eec862537e34daf80fda21e9bfe6f19c363ead9644d264","1465"
"runs/phase4-relation-kind-campaign-seed-20261103-20260920_151237_920/provengo_project/products/internal/artifacts/1/1/142.txt","dea823a6c07e31001f380fb5fedc3a365ffd26ecde9260aff8e11c18dc20556e","45"
"runs/phase4-relation-kind-campaign-seed-20261103-20260920_151237_920/provengo_project/products/internal/artifacts/1/1/143.txt","904a6a9ee2991d936c9ec564f952066f11bcbcad48b020fd06eb8ec18c72a174","1807"
"runs/phase4-relation-kind-campaign-seed-20261103-20260920_151237_920/provengo_project/products/internal/artifacts/1/1/144.json","e68186efbe2ddd73b6c75797dd94431ec780bc835d8771da9488c9cc783c10cc","1466"
"runs/phase4-relation-kind-campaign-seed-20261103-20260920_151237_920/provengo_project/products/internal/artifacts/1/1/145.txt","798c0a9f58a888c6993bd679370cdc9c93e555f3baac45a8c0ad538307525eaf","45"
"runs/phase4-relation-kind-campaign-seed-20261103-20260920_151237_920/provengo_project/products/internal/artifacts/1/1/146.txt","e91283bfe7b1ec7d5b6f2c2e894c189fefea8f881ce73180d5f2b59495b772f7","1809"
"runs/phase4-relation-kind-campaign-seed-20261103-20260920_151237_920/provengo_project/products/internal/artifacts/1/1/147.json","166cac43ad241ef5c0608b640d84c780fe5480ee0e62e2978d4b90abb2b8e219","1468"
"runs/phase4-relation-kind-campaign-seed-20261103-20260920_151237_920/provengo_project/products/internal/artifacts/1/1/148.txt","f2d4c9a12d563a2c81d6bc881af230e8e4fd0c1c9295c926070e69e4eca367dd","112"
"runs/phase4-relation-kind-campaign-seed-20261103-20260920_151237_920/provengo_project/products/internal/artifacts/1/1/149.txt","b02b448facb34d0f6a8559bc05372fae6faf388f8c728e682655ce6e001443e8","836"
"runs/phase4-relation-kind-campaign-seed-20261103-20260920_151237_920/provengo_project/products/internal/artifacts/1/1/15.json","bf5e255ab44f0d86a40eb9519f19dc9bddfbba2d59ffb553be287c294c557e26","708"
"runs/phase4-relation-kind-campaign-seed-20261103-20260920_151237_920/provengo_project/products/internal/artifacts/1/1/150.json","4123e168925564c9707c032b4c12551418db83c09cdab87975cdae2aad215245","592"
"runs/phase4-relation-kind-campaign-seed-20261103-20260920_151237_920/provengo_project/products/internal/artifacts/1/1/151.txt","be82bc1515d8e2ba16b4e5bf373a1f36a06c63c9021dd29066f4b7a452acf602","112"
"runs/phase4-relation-kind-campaign-seed-20261103-20260920_151237_920/provengo_project/products/internal/artifacts/1/1/152.txt","581347b57d7e7c5fd57f8f8a0c5c5b54203c56436fd7c6998879926af1a0b800","836"
"runs/phase4-relation-kind-campaign-seed-20261103-20260920_151237_920/provengo_project/products/internal/artifacts/1/1/153.json","f156b937f70f18f5f0edd0198d1d5f7f1ecb9bc3bc56c6c9b788177b97fda4c9","592"
"runs/phase4-relation-kind-campaign-seed-20261103-20260920_151237_920/provengo_project/products/internal/artifacts/1/1/154.txt","9814f51f22a5b64c0f5c4afa2687c161c9cea00904337408e28418ecfe6457f4","112"
"runs/phase4-relation-kind-campaign-seed-20261103-20260920_151237_920/provengo_project/products/internal/artifacts/1/1/155.txt","2dae38fa84a96ec930c9674046678b0335fd82cda8f5c4f78476bf07b06930dc","836"
"runs/phase4-relation-kind-campaign-seed-20261103-20260920_151237_920/provengo_project/products/internal/artifacts/1/1/156.json","d677357be564a42d30f5c346e579ff7a3fe66f4020384eebd0df488b5ad394d8","592"
"runs/phase4-relation-kind-campaign-seed-20261103-20260920_151237_920/provengo_project/products/internal/artifacts/1/1/157.txt","0cda817356cdef4d06335ed46a52120fdb52e63bb709316070c124b74b17b62d","111"
"runs/phase4-relation-kind-campaign-seed-20261103-20260920_151237_920/provengo_project/products/internal/artifacts/1/1/158.txt","01213d1d94c23e4efaba6a85c676f7225cd78ce4f025748dcbcb72e78cba5dfa","836"
"runs/phase4-relation-kind-campaign-seed-20261103-20260920_151237_920/provengo_project/products/internal/artifacts/1/1/159.json","4bafa50235d7773d804d2879f846ce8503941143bb81613d95f1f2dc0856bf9c","592"
"runs/phase4-relation-kind-campaign-seed-20261103-20260920_151237_920/provengo_project/products/internal/artifacts/1/1/16.txt","247a7556e67b809c86c183e6b97d8948aa607158c4d302772b756f98853b2385","45"
"runs/phase4-relation-kind-campaign-seed-20261103-20260920_151237_920/provengo_project/products/internal/artifacts/1/1/160.txt","40cf4951d46adbf9de14b5219ef61b0f30f032acb1836992dbe57b7eeddd6e4d","45"
"runs/phase4-relation-kind-campaign-seed-20261103-20260920_151237_920/provengo_project/products/internal/artifacts/1/1/161.txt","60c8669944dc7dc05cf31ceb9103ae3b08acef7e98752177d5f207cc8c7b54a0","7788"
"runs/phase4-relation-kind-campaign-seed-20261103-20260920_151237_920/provengo_project/products/internal/artifacts/1/1/162.json","191b11c1db805830ac8f28459cba775595747aa6f0980256afe321384ea1878e","7447"
"runs/phase4-relation-kind-campaign-seed-20261103-20260920_151237_920/provengo_project/products/internal/artifacts/1/1/163.txt","247a7556e67b809c86c183e6b97d8948aa607158c4d302772b756f98853b2385","45"
"runs/phase4-relation-kind-campaign-seed-20261103-20260920_151237_920/provengo_project/products/internal/artifacts/1/1/164.txt","406527932c63a96011c6da0fa055faa79535bc0e9f999f73bf65a6cf16251723","1806"
"runs/phase4-relation-kind-campaign-seed-20261103-20260920_151237_920/provengo_project/products/internal/artifacts/1/1/165.json","56c56461cd47c6afb8534b7e3e2a6ed4f9ad5ec670c80a710f7728ce3ead7f27","1465"
"runs/phase4-relation-kind-campaign-seed-20261103-20260920_151237_920/provengo_project/products/internal/artifacts/1/1/166.txt","3fa7184fcd10cd74aa08aeabfb5356d59b2a086d56fec35a677d75abe0493247","45"
"runs/phase4-relation-kind-campaign-seed-20261103-20260920_151237_920/provengo_project/products/internal/artifacts/1/1/167.txt","3726157163e88ca0f6da2f617cf9176148aac9cabde407a8faf239c171ec361d","1803"
"runs/phase4-relation-kind-campaign-seed-20261103-20260920_151237_920/provengo_project/products/internal/artifacts/1/1/168.json","d16547647b947c32776216e84e23bd616bf08cf4010745990c9e69247a8bfc5c","1462"
"runs/phase4-relation-kind-campaign-seed-20261103-20260920_151237_920/provengo_project/products/internal/artifacts/1/1/169.txt","747c8cac225202e66f5263e701072d24c040a784593a090cef5496188a48b3b6","45"
"runs/phase4-relation-kind-campaign-seed-20261103-20260920_151237_920/provengo_project/products/internal/artifacts/1/1/17.txt","957530f782566b2cb878ba25c0b1de80f4f35888667dc7e0cefe0c0d241ca5f6","1207"
"runs/phase4-relation-kind-campaign-seed-20261103-20260920_151237_920/provengo_project/products/internal/artifacts/1/1/170.txt","2d1e9764fa1b040c1ca1b04c261240af28622e58f6fd860122f6dea36751d3c3","1802"
"runs/phase4-relation-kind-campaign-seed-20261103-20260920_151237_920/provengo_project/products/internal/artifacts/1/1/171.json","7a348c6cd605b4d32e3f4343eaff363ee380c3afe6bb6e778eb9c5e2a8341697","1461"
"runs/phase4-relation-kind-campaign-seed-20261103-20260920_151237_920/provengo_project/products/internal/artifacts/1/1/172.txt","9d44ea48beb22c65a0a1b66abb27efae0aaaab54e4d599fbefa768d35aa58296","45"
"runs/phase4-relation-kind-campaign-seed-20261103-20260920_151237_920/provengo_project/products/internal/artifacts/1/1/173.txt","ad7589648f8d0d9b17d3312542e435e6cab923396cfc8f79cc0a9e42454143a2","1806"
"runs/phase4-relation-kind-campaign-seed-20261103-20260920_151237_920/provengo_project/products/internal/artifacts/1/1/174.json","2d80176cced78553965e9ffd2d6faa198b91abb27f96b1a79f301476dd566151","1465"
"runs/phase4-relation-kind-campaign-seed-20261103-20260920_151237_920/provengo_project/products/internal/artifacts/1/1/175.txt","259aed3e0640aa2539d89920219a6ff0a5f7612c6b9186a1bd6239d5789f5b9b","45"
"runs/phase4-relation-kind-campaign-seed-20261103-20260920_151237_920/provengo_project/products/internal/artifacts/1/1/176.txt","9c2392111c62127f38eff204177a6128ca0cd9c485b6cb525752251c7fb62943","1807"
"runs/phase4-relation-kind-campaign-seed-20261103-20260920_151237_920/provengo_project/products/internal/artifacts/1/1/177.json","3ea7ade41cfc20a8ccc708ddf41492ad6a4535bf4aed324de9209becb255dc18","1466"
"runs/phase4-relation-kind-campaign-seed-20261103-20260920_151237_920/provengo_project/products/internal/artifacts/1/1/178.txt","b71da87afb566389e00c095123a53ba9fe10f516bc6f3d5b2159bbcb92b181ca","45"
"runs/phase4-relation-kind-campaign-seed-20261103-20260920_151237_920/provengo_project/products/internal/artifacts/1/1/179.txt","2fe43e03f5cff8a2516e1df351076f66e078983b3c33e5a869e0c0638e48cebc","1802"
"runs/phase4-relation-kind-campaign-seed-20261103-20260920_151237_920/provengo_project/products/internal/artifacts/1/1/18.json","76807c969933bbf3a22b42a540b3e64e54443894659e4e27eb226aca73bcb0a7","867"
"runs/phase4-relation-kind-campaign-seed-20261103-20260920_151237_920/provengo_project/products/internal/artifacts/1/1/180.json","188e4734cc5da6d0472099cf38116231274171ffd1febe0ae19b907cdc19173c","1461"
"runs/phase4-relation-kind-campaign-seed-20261103-20260920_151237_920/provengo_project/products/internal/artifacts/1/1/181.txt","65d4d0e2a7d3449c1d7f11431efdde541c718eda6c715a0f7c351616bce735c8","45"
"runs/phase4-relation-kind-campaign-seed-20261103-20260920_151237_920/provengo_project/products/internal/artifacts/1/1/182.txt","3ca2ae0b34ae321da03d28894911f11cc2e3d0f70e798c42d1d9c880d57b1262","1804"
"runs/phase4-relation-kind-campaign-seed-20261103-20260920_151237_920/provengo_project/products/internal/artifacts/1/1/183.json","792aafcd61f18910c8bb97a0195fcc5137d715d9131af7ee0be331a334e4eaa6","1463"
"runs/phase4-relation-kind-campaign-seed-20261103-20260920_151237_920/provengo_project/products/internal/artifacts/1/1/184.txt","d446241d1304793f3aa57b944b8899ba9cab79c07cc778c0bbe93b92dd436d35","45"
"runs/phase4-relation-kind-campaign-seed-20261103-20260920_151237_920/provengo_project/products/internal/artifacts/1/1/185.txt","057cce5f47675acade47831747a656c0e6d89126ea6677ed63557efe00ee3d95","1803"
"runs/phase4-relation-kind-campaign-seed-20261103-20260920_151237_920/provengo_project/products/internal/artifacts/1/1/186.json","43e458df123a3fc3756400d07e071b4d1749fb962a5a25ff2bb9fa543e7cf6e7","1462"
"runs/phase4-relation-kind-campaign-seed-20261103-20260920_151237_920/provengo_project/products/internal/artifacts/1/1/187.txt","1245b2b702e774daabfadaac7a793e64fd95b730797a0289ef57a0f50aba293c","45"
"runs/phase4-relation-kind-campaign-seed-20261103-20260920_151237_920/provengo_project/products/internal/artifacts/1/1/188.txt","4a77cf94e515855f99b194cd3a98d873ffadba1081fe4cc813e35665425f8264","1804"
"runs/phase4-relation-kind-campaign-seed-20261103-20260920_151237_920/provengo_project/products/internal/artifacts/1/1/189.json","6ade9b1c5a02f0550617794e68667ea9515769ece6ebf44961cd2ebda031aaa4","1463"
"runs/phase4-relation-kind-campaign-seed-20261103-20260920_151237_920/provengo_project/products/internal/artifacts/1/1/19.txt","65d44cce506279cb238d4e7f40ed947464905ec30afb906bddcc72bbe273b1b6","110"
"runs/phase4-relation-kind-campaign-seed-20261103-20260920_151237_920/provengo_project/products/internal/artifacts/1/1/190.txt","dea823a6c07e31001f380fb5fedc3a365ffd26ecde9260aff8e11c18dc20556e","45"
"runs/phase4-relation-kind-campaign-seed-20261103-20260920_151237_920/provengo_project/products/internal/artifacts/1/1/191.txt","c4b76442f56100042daaa8e24a77b7af450df4e9ac865ee59af846026eaccc31","1806"
"runs/phase4-relation-kind-campaign-seed-20261103-20260920_151237_920/provengo_project/products/internal/artifacts/1/1/192.json","766af7d5112ecabf2b116574b19f37d6a37cef5b4738fa5a919cb8d66b9050aa","1465"
"runs/phase4-relation-kind-campaign-seed-20261103-20260920_151237_920/provengo_project/products/internal/artifacts/1/1/193.txt","798c0a9f58a888c6993bd679370cdc9c93e555f3baac45a8c0ad538307525eaf","45"
"runs/phase4-relation-kind-campaign-seed-20261103-20260920_151237_920/provengo_project/products/internal/artifacts/1/1/194.txt","b8e43393e722418f2a1a3cecc44c907b4a3a09530447d2cead6830b1a1fb4e5c","1808"
"runs/phase4-relation-kind-campaign-seed-20261103-20260920_151237_920/provengo_project/products/internal/artifacts/1/1/195.json","be48ebdb53750bce475c837ef0ec5c8017367207df5ecaaa5d667bdcd8ead87b","1467"
"runs/phase4-relation-kind-campaign-seed-20261103-20260920_151237_920/provengo_project/products/internal/artifacts/1/1/196.txt","8abbd0af58211a776d3ea948c9b22e2e8f3be38e0dc0c0425d674b9aec893251","101"
"runs/phase4-relation-kind-campaign-seed-20261103-20260920_151237_920/provengo_project/products/internal/artifacts/1/1/197.txt","6189e40d2664f04d4dab48091c1ca5eea3a0c81e4cd2114f2b726bd93ceb2dc7","210"
"runs/phase4-relation-kind-campaign-seed-20261103-20260920_151237_920/provengo_project/products/internal/artifacts/1/1/198.txt","e3b0c44298fc1c149afbf4c8996fb92427ae41e4649b934ca495991b7852b855","0"
"runs/phase4-relation-kind-campaign-seed-20261103-20260920_151237_920/provengo_project/products/internal/artifacts/1/1/199.txt","055840222e173372674aaa932fc98e79d30069f7995e3fe24a203ec181d81709","101"
"runs/phase4-relation-kind-campaign-seed-20261103-20260920_151237_920/provengo_project/products/internal/artifacts/1/1/2.txt","1da94db4f7348279ec0a26f7530464be860a97b28984dab2077d60b55d16fd09","2031"
"runs/phase4-relation-kind-campaign-seed-20261103-20260920_151237_920/provengo_project/products/internal/artifacts/1/1/20.txt","6813c379dcdf79ddbb9d2972f13ecd2a5de5ace4c15933f5360a70ebb5e7919e","953"
"runs/phase4-relation-kind-campaign-seed-20261103-20260920_151237_920/provengo_project/products/internal/artifacts/1/1/200.txt","6c429f6a1bab5182437f3f65b611399d6ac7c6747ffa5aa60cd18ddfe8161bb0","210"
"runs/phase4-relation-kind-campaign-seed-20261103-20260920_151237_920/provengo_project/products/internal/artifacts/1/1/201.txt","e3b0c44298fc1c149afbf4c8996fb92427ae41e4649b934ca495991b7852b855","0"
"runs/phase4-relation-kind-campaign-seed-20261103-20260920_151237_920/provengo_project/products/internal/artifacts/1/1/202.txt","b538ec6c596180a83f5a2b3a641ad0bce7f203a165d257223f91ac8283958841","101"
"runs/phase4-relation-kind-campaign-seed-20261103-20260920_151237_920/provengo_project/products/internal/artifacts/1/1/203.txt","63934a679c49c8e57b87977049e8b8e1cff0a10b52c4535919c489ccc919be2b","210"
"runs/phase4-relation-kind-campaign-seed-20261103-20260920_151237_920/provengo_project/products/internal/artifacts/1/1/204.txt","e3b0c44298fc1c149afbf4c8996fb92427ae41e4649b934ca495991b7852b855","0"
"runs/phase4-relation-kind-campaign-seed-20261103-20260920_151237_920/provengo_project/products/internal/artifacts/1/1/205.txt","b96d87e49256a63c5fe5e61efc25a6eda267b7ea19e11695020ae7eaeb8f17ae","104"
"runs/phase4-relation-kind-campaign-seed-20261103-20260920_151237_920/provengo_project/products/internal/artifacts/1/1/206.txt","712f6f4472a9110ff48e0fce7e632b23de0f526e64044f01d37cba332758fefd","210"
"runs/phase4-relation-kind-campaign-seed-20261103-20260920_151237_920/provengo_project/products/internal/artifacts/1/1/207.txt","e3b0c44298fc1c149afbf4c8996fb92427ae41e4649b934ca495991b7852b855","0"
"runs/phase4-relation-kind-campaign-seed-20261103-20260920_151237_920/provengo_project/products/internal/artifacts/1/1/208.txt","b8a1f848071e92a8c3bb5c6f3a232af62b51de17b4d72163c61365b110373077","104"
"runs/phase4-relation-kind-campaign-seed-20261103-20260920_151237_920/provengo_project/products/internal/artifacts/1/1/209.txt","0aed9f240129f42de38e7718cdfb269556bb78e767aa99005d6a449c27c9666e","210"
"runs/phase4-relation-kind-campaign-seed-20261103-20260920_151237_920/provengo_project/products/internal/artifacts/1/1/21.json","047d707a0e304a25bed253e4628227f86ce4245c7c92fffca7502b277aa6fae4","709"
"runs/phase4-relation-kind-campaign-seed-20261103-20260920_151237_920/provengo_project/products/internal/artifacts/1/1/210.txt","e3b0c44298fc1c149afbf4c8996fb92427ae41e4649b934ca495991b7852b855","0"
"runs/phase4-relation-kind-campaign-seed-20261103-20260920_151237_920/provengo_project/products/internal/artifacts/1/1/211.txt","53aa3d4d86b337a05b9d28e41b57366a5b0a035bad1c8d15dfe9e36608dc19a7","101"
"runs/phase4-relation-kind-campaign-seed-20261103-20260920_151237_920/provengo_project/products/internal/artifacts/1/1/212.txt","9495b9d4e5f07d9af374c987007dfd990f89d6d997e37f2e1e15d6523baf6307","210"
"runs/phase4-relation-kind-campaign-seed-20261103-20260920_151237_920/provengo_project/products/internal/artifacts/1/1/213.txt","e3b0c44298fc1c149afbf4c8996fb92427ae41e4649b934ca495991b7852b855","0"
"runs/phase4-relation-kind-campaign-seed-20261103-20260920_151237_920/provengo_project/products/internal/artifacts/1/1/214.txt","28f7e52ea2095881b6b73669786b4db7d75e77da0fc074910995aeaaa1b1f161","101"
"runs/phase4-relation-kind-campaign-seed-20261103-20260920_151237_920/provengo_project/products/internal/artifacts/1/1/215.txt","3b4f4f88259d3871d88d3bb6e00af34651ab00310d8b5be2d192d9b4b3811df2","210"
"runs/phase4-relation-kind-campaign-seed-20261103-20260920_151237_920/provengo_project/products/internal/artifacts/1/1/216.txt","e3b0c44298fc1c149afbf4c8996fb92427ae41e4649b934ca495991b7852b855","0"
"runs/phase4-relation-kind-campaign-seed-20261103-20260920_151237_920/provengo_project/products/internal/artifacts/1/1/217.txt","798ade7e5c93494fc9266d4137a5740c0e191c8b44f7f436f32d792c59496393","101"
"runs/phase4-relation-kind-campaign-seed-20261103-20260920_151237_920/provengo_project/products/internal/artifacts/1/1/218.txt","647a83774cc32b26ca17181be913b9a16653ff21671379a51bfae2404c91c9b5","210"
"runs/phase4-relation-kind-campaign-seed-20261103-20260920_151237_920/provengo_project/products/internal/artifacts/1/1/219.txt","e3b0c44298fc1c149afbf4c8996fb92427ae41e4649b934ca495991b7852b855","0"
"runs/phase4-relation-kind-campaign-seed-20261103-20260920_151237_920/provengo_project/products/internal/artifacts/1/1/22.txt","3fa7184fcd10cd74aa08aeabfb5356d59b2a086d56fec35a677d75abe0493247","45"
"runs/phase4-relation-kind-campaign-seed-20261103-20260920_151237_920/provengo_project/products/internal/artifacts/1/1/220.txt","e0b1cbbc9cd6b51d8797851ba3827fe84cef772259ac22035fc6642c02f04c0c","101"
"runs/phase4-relation-kind-campaign-seed-20261103-20260920_151237_920/provengo_project/products/internal/artifacts/1/1/221.txt","6fd5f9f1d45aa88d9e2439cf5d5d82d1ce69bdd6e51144ce37d2560769ce3461","210"
"runs/phase4-relation-kind-campaign-seed-20261103-20260920_151237_920/provengo_project/products/internal/artifacts/1/1/222.txt","e3b0c44298fc1c149afbf4c8996fb92427ae41e4649b934ca495991b7852b855","0"
"runs/phase4-relation-kind-campaign-seed-20261103-20260920_151237_920/provengo_project/products/internal/artifacts/1/1/223.txt","1c6c85633d4bd1361cd2621a6050817aa318d35cebbc3f7c0a6c282de498a370","102"
"runs/phase4-relation-kind-campaign-seed-20261103-20260920_151237_920/provengo_project/products/internal/artifacts/1/1/224.txt","8eb86a8ddd98927e4701d7ec816bcf2fa1affa4c31e266cf4bec55a57bd98b28","210"
"runs/phase4-relation-kind-campaign-seed-20261103-20260920_151237_920/provengo_project/products/internal/artifacts/1/1/225.txt","e3b0c44298fc1c149afbf4c8996fb92427ae41e4649b934ca495991b7852b855","0"
"runs/phase4-relation-kind-campaign-seed-20261103-20260920_151237_920/provengo_project/products/internal/artifacts/1/1/226.txt","8eabf2347d6a2985ef63ea64facfaa310600a1f9f72ecb9ec57b57e369542a47","102"
"runs/phase4-relation-kind-campaign-seed-20261103-20260920_151237_920/provengo_project/products/internal/artifacts/1/1/227.txt","14d16f39e6fccdcfd5b34cfb2f28cd4e15023f30a25cef79e1f54cfd1ce85dea","210"
"runs/phase4-relation-kind-campaign-seed-20261103-20260920_151237_920/provengo_project/products/internal/artifacts/1/1/228.txt","e3b0c44298fc1c149afbf4c8996fb92427ae41e4649b934ca495991b7852b855","0"
"runs/phase4-relation-kind-campaign-seed-20261103-20260920_151237_920/provengo_project/products/internal/artifacts/1/1/229.txt","40cf4951d46adbf9de14b5219ef61b0f30f032acb1836992dbe57b7eeddd6e4d","45"
"runs/phase4-relation-kind-campaign-seed-20261103-20260920_151237_920/provengo_project/products/internal/artifacts/1/1/23.txt","4873853939ce2ac12c4f66efa361c3b7e019f48cabb9909faf3287d29648301a","1207"
"runs/phase4-relation-kind-campaign-seed-20261103-20260920_151237_920/provengo_project/products/internal/artifacts/1/1/230.txt","9d92151c7b034eda11a31b20a1ffd2dfecb1e53cf8afa1b7f4924a9ad3d83150","1206"
"runs/phase4-relation-kind-campaign-seed-20261103-20260920_151237_920/provengo_project/products/internal/artifacts/1/1/231.json","f239c6940bcb60e41149d632aca867d9b3a6daae8fa43fc2433be522922e5d4f","866"
"runs/phase4-relation-kind-campaign-seed-20261103-20260920_151237_920/provengo_project/products/internal/artifacts/1/1/232.txt","247a7556e67b809c86c183e6b97d8948aa607158c4d302772b756f98853b2385","45"
"runs/phase4-relation-kind-campaign-seed-20261103-20260920_151237_920/provengo_project/products/internal/artifacts/1/1/233.txt","78fc22506fda23c36712a19936fea6d085f75e3d9fa9a1b9fdd2ce8ca19a055c","1207"
"runs/phase4-relation-kind-campaign-seed-20261103-20260920_151237_920/provengo_project/products/internal/artifacts/1/1/234.json","76807c969933bbf3a22b42a540b3e64e54443894659e4e27eb226aca73bcb0a7","867"
"runs/phase4-relation-kind-campaign-seed-20261103-20260920_151237_920/provengo_project/products/internal/artifacts/1/1/235.txt","3fa7184fcd10cd74aa08aeabfb5356d59b2a086d56fec35a677d75abe0493247","45"
"runs/phase4-relation-kind-campaign-seed-20261103-20260920_151237_920/provengo_project/products/internal/artifacts/1/1/236.txt","f78d8a1455ea5f09779c1874bf6fe576a7c91d4238137c3f078d6fc2a4f98381","1207"
"runs/phase4-relation-kind-campaign-seed-20261103-20260920_151237_920/provengo_project/products/internal/artifacts/1/1/237.json","a3f0357ff9409b2579446387cc1afccb49a83be715214d49eac7b2594f208ade","867"
"runs/phase4-relation-kind-campaign-seed-20261103-20260920_151237_920/provengo_project/products/internal/artifacts/1/1/238.txt","747c8cac225202e66f5263e701072d24c040a784593a090cef5496188a48b3b6","45"
"runs/phase4-relation-kind-campaign-seed-20261103-20260920_151237_920/provengo_project/products/internal/artifacts/1/1/239.txt","42711b6410b66bb2ae0d508edad08a4c8e8051f47cfd44c34ea9609ce63562a0","1206"
"runs/phase4-relation-kind-campaign-seed-20261103-20260920_151237_920/provengo_project/products/internal/artifacts/1/1/24.json","9dd10d8b22746177a46946abfa8ed4bf66290cd0cbaf6949784b5ff8587a8ced","867"
"runs/phase4-relation-kind-campaign-seed-20261103-20260920_151237_920/provengo_project/products/internal/artifacts/1/1/240.json","49120cbc991069cdab5c9f6cb94c6a2c58c98d3b83a7837d5f544bcd5e38efec","866"
"runs/phase4-relation-kind-campaign-seed-20261103-20260920_151237_920/provengo_project/products/internal/artifacts/1/1/241.txt","9d44ea48beb22c65a0a1b66abb27efae0aaaab54e4d599fbefa768d35aa58296","45"
"runs/phase4-relation-kind-campaign-seed-20261103-20260920_151237_920/provengo_project/products/internal/artifacts/1/1/242.txt","7b302ea7298468b9140d08dff4ae87de65bdfee515837d596be34dbb6141215e","1207"
"runs/phase4-relation-kind-campaign-seed-20261103-20260920_151237_920/provengo_project/products/internal/artifacts/1/1/243.json","0875222375fbd09488d55dfaaaebf38497156e4a34c153ee4f83339d8865b1d6","867"
"runs/phase4-relation-kind-campaign-seed-20261103-20260920_151237_920/provengo_project/products/internal/artifacts/1/1/244.txt","259aed3e0640aa2539d89920219a6ff0a5f7612c6b9186a1bd6239d5789f5b9b","45"
"runs/phase4-relation-kind-campaign-seed-20261103-20260920_151237_920/provengo_project/products/internal/artifacts/1/1/245.txt","5cd88d2fa9d3c3eec99e654dc186d6c5f2f8aab31c45f42bdca73399c6750de3","1207"
"runs/phase4-relation-kind-campaign-seed-20261103-20260920_151237_920/provengo_project/products/internal/artifacts/1/1/246.json","0aec1c48ae2547656e772cd9ef688a16a3c7106cbb20bfba1a6ca7159cd55890","867"
"runs/phase4-relation-kind-campaign-seed-20261103-20260920_151237_920/provengo_project/products/internal/artifacts/1/1/247.txt","b71da87afb566389e00c095123a53ba9fe10f516bc6f3d5b2159bbcb92b181ca","45"
"runs/phase4-relation-kind-campaign-seed-20261103-20260920_151237_920/provengo_project/products/internal/artifacts/1/1/248.txt","fc3291f62fb4636022711981f826c04e9dad22f5fbbfec3e3658d391dbe6b05d","1206"
"runs/phase4-relation-kind-campaign-seed-20261103-20260920_151237_920/provengo_project/products/internal/artifacts/1/1/249.json","c87e59944a3ffee407d661e1c37ecbdace017f2c3a8422a75ff3dc0128a71519","866"
"runs/phase4-relation-kind-campaign-seed-20261103-20260920_151237_920/provengo_project/products/internal/artifacts/1/1/25.txt","18e8bcebb325be753929c3a4dc3d14b92c319ee7f48572848cab40fe40d0c6e9","110"
"runs/phase4-relation-kind-campaign-seed-20261103-20260920_151237_920/provengo_project/products/internal/artifacts/1/1/250.txt","65d4d0e2a7d3449c1d7f11431efdde541c718eda6c715a0f7c351616bce735c8","45"
"runs/phase4-relation-kind-campaign-seed-20261103-20260920_151237_920/provengo_project/products/internal/artifacts/1/1/251.txt","688ee467f980fcc6c8515dc6fa546bca46ff6474c9408fb55c30d61a032e4314","1207"
"runs/phase4-relation-kind-campaign-seed-20261103-20260920_151237_920/provengo_project/products/internal/artifacts/1/1/252.json","308b8a5336c72737854eca921378f3046a175db4c7c22e717c8f43251f62c5a9","867"
"runs/phase4-relation-kind-campaign-seed-20261103-20260920_151237_920/provengo_project/products/internal/artifacts/1/1/253.txt","d446241d1304793f3aa57b944b8899ba9cab79c07cc778c0bbe93b92dd436d35","45"
"runs/phase4-relation-kind-campaign-seed-20261103-20260920_151237_920/provengo_project/products/internal/artifacts/1/1/254.txt","9446f09e274b2e70430a997b67cf9df0792b0d28a3173a735b586055f1ec82d1","1207"
"runs/phase4-relation-kind-campaign-seed-20261103-20260920_151237_920/provengo_project/products/internal/artifacts/1/1/255.json","7157e32cb3a3448855771f088d2fef609b79cff1b3ee9354e61831ebc4771011","867"
"runs/phase4-relation-kind-campaign-seed-20261103-20260920_151237_920/provengo_project/products/internal/artifacts/1/1/256.txt","1245b2b702e774daabfadaac7a793e64fd95b730797a0289ef57a0f50aba293c","45"
"runs/phase4-relation-kind-campaign-seed-20261103-20260920_151237_920/provengo_project/products/internal/artifacts/1/1/257.txt","3dbf79da5623b71ebc0cb17a0fe62ee28e51efb52843ee482037d450a9f1bfa6","1207"
"runs/phase4-relation-kind-campaign-seed-20261103-20260920_151237_920/provengo_project/products/internal/artifacts/1/1/258.json","6162c52de1fbc91f9f60d6014f77d286285bd02c2f7a85bfde5c84b0a0175ffe","867"
"runs/phase4-relation-kind-campaign-seed-20261103-20260920_151237_920/provengo_project/products/internal/artifacts/1/1/259.txt","dea823a6c07e31001f380fb5fedc3a365ffd26ecde9260aff8e11c18dc20556e","45"
"runs/phase4-relation-kind-campaign-seed-20261103-20260920_151237_920/provengo_project/products/internal/artifacts/1/1/26.txt","0e36c10521bb70a9ab497d089b6bba59167b82080894cb6706c8f5b99f226d92","953"
"runs/phase4-relation-kind-campaign-seed-20261103-20260920_151237_920/provengo_project/products/internal/artifacts/1/1/260.txt","9afab900a4b5fb8bc16d5cbb585029de7bf9f5fbe1957339c7deb80096e0ff02","1209"
"runs/phase4-relation-kind-campaign-seed-20261103-20260920_151237_920/provengo_project/products/internal/artifacts/1/1/261.json","3f4d3d7197817bb87ac0587aca9b253016af102b8c1deba171ba5310cd6dcc03","869"
"runs/phase4-relation-kind-campaign-seed-20261103-20260920_151237_920/provengo_project/products/internal/artifacts/1/1/262.txt","798c0a9f58a888c6993bd679370cdc9c93e555f3baac45a8c0ad538307525eaf","45"
"runs/phase4-relation-kind-campaign-seed-20261103-20260920_151237_920/provengo_project/products/internal/artifacts/1/1/263.txt","0b33e43b266838777c83564a6ee5a1530fda43c34176be92880ae9b6c011f4dd","1209"
"runs/phase4-relation-kind-campaign-seed-20261103-20260920_151237_920/provengo_project/products/internal/artifacts/1/1/264.json","8137693813f08b586ee9a9416cf25077cab841809b2636c107074758c85c2f39","869"
"runs/phase4-relation-kind-campaign-seed-20261103-20260920_151237_920/provengo_project/products/internal/artifacts/1/1/265.txt","dd78bd3fa6fe80c723c7ca20c02561830c6d6f7f20fa5a5816e5be13ade58d2e","134"
"runs/phase4-relation-kind-campaign-seed-20261103-20260920_151237_920/provengo_project/products/internal/artifacts/1/1/266.txt","2233af4b113c025c73f19d456b8736750cec051ac6c11baac8a384caf765ef68","469"
"runs/phase4-relation-kind-campaign-seed-20261103-20260920_151237_920/provengo_project/products/internal/artifacts/1/1/267.json","e15bdc94c4282bd0945d1cc43f55adfa12dcad0b009cd6e082f7ca983794efd5","225"
"runs/phase4-relation-kind-campaign-seed-20261103-20260920_151237_920/provengo_project/products/internal/artifacts/1/1/268.txt","491f29ad9379302c5019c428452619b86f7c15a9fe11b9453508ecc4d59c1d85","134"
"runs/phase4-relation-kind-campaign-seed-20261103-20260920_151237_920/provengo_project/products/internal/artifacts/1/1/269.txt","1e882416d9be984357ff5510f4cc79476cbec8dbfb43025003d7cc0901970a0c","469"
"runs/phase4-relation-kind-campaign-seed-20261103-20260920_151237_920/provengo_project/products/internal/artifacts/1/1/27.json","32772ef3d0b2f75682079d7917febde1e67b406d253f0ad951f8ecfa597b99cf","709"
"runs/phase4-relation-kind-campaign-seed-20261103-20260920_151237_920/provengo_project/products/internal/artifacts/1/1/270.json","1c1ed2aaf90b35dde81275794f321c0f8cce92a31147a1d92cc0330bb242af36","225"
"runs/phase4-relation-kind-campaign-seed-20261103-20260920_151237_920/provengo_project/products/internal/artifacts/1/1/271.txt","301a1620076633e475c3dc6afdc5a26fd04e1abd5bc56b3d6f88f20d6f1d8816","137"
"runs/phase4-relation-kind-campaign-seed-20261103-20260920_151237_920/provengo_project/products/internal/artifacts/1/1/272.txt","410a7a48a552bcc889e9daa2453e2e520e8a30024fab1f6fa1f470da3d4c646e","472"
"runs/phase4-relation-kind-campaign-seed-20261103-20260920_151237_920/provengo_project/products/internal/artifacts/1/1/273.json","815c649973365b49eb7745c381d28a49a8e6f26056852a91b4cef50a94700d24","228"
"runs/phase4-relation-kind-campaign-seed-20261103-20260920_151237_920/provengo_project/products/internal/artifacts/1/1/274.txt","0c7cbf7cee39c20e4b129d6e48902af53760718165df83d0e3d8168b9cf67f7e","134"
"runs/phase4-relation-kind-campaign-seed-20261103-20260920_151237_920/provengo_project/products/internal/artifacts/1/1/275.txt","ac83232e5a8cfa7c0a7d74ba1cb23f7ed440765e3ed84069b7e3b5697a3a96e2","469"
"runs/phase4-relation-kind-campaign-seed-20261103-20260920_151237_920/provengo_project/products/internal/artifacts/1/1/276.json","efabd7aa25d416fc042b5224918b4ae5a9e8d43856620747908b302e6f34b3a0","225"
"runs/phase4-relation-kind-campaign-seed-20261103-20260920_151237_920/provengo_project/products/internal/artifacts/1/1/277.txt","55368d6f2e45255a66da6213445c7eeaabd2dfead40e3be6f7f2af5306ad5a05","134"
"runs/phase4-relation-kind-campaign-seed-20261103-20260920_151237_920/provengo_project/products/internal/artifacts/1/1/278.txt","b475c4531ce3d4769dfa5e571c7f62d1e43de6552156856177f9fab8aad7980d","469"
"runs/phase4-relation-kind-campaign-seed-20261103-20260920_151237_920/provengo_project/products/internal/artifacts/1/1/279.json","b13738d7c696bd397ab9e421ccce117bd86babddcbcf26f5bc8be6339a734791","225"
"runs/phase4-relation-kind-campaign-seed-20261103-20260920_151237_920/provengo_project/products/internal/artifacts/1/1/28.txt","747c8cac225202e66f5263e701072d24c040a784593a090cef5496188a48b3b6","45"
"runs/phase4-relation-kind-campaign-seed-20261103-20260920_151237_920/provengo_project/products/internal/artifacts/1/1/280.txt","57e6464a8d1ab20bad558ad53df969a9d17f5eb65760c4061fa21971db15f48e","135"
"runs/phase4-relation-kind-campaign-seed-20261103-20260920_151237_920/provengo_project/products/internal/artifacts/1/1/281.txt","a911024a4323e8562f1e4f3031bdaa06f5fec04259ab388d0c3640aa67fa0351","470"
"runs/phase4-relation-kind-campaign-seed-20261103-20260920_151237_920/provengo_project/products/internal/artifacts/1/1/282.json","cc1f8c971ccad1822274f6953c0b637925efdd179e0ab6067ccfe08f81fa7fb6","226"
"runs/phase4-relation-kind-campaign-seed-20261103-20260920_151237_920/provengo_project/products/internal/artifacts/1/1/283.txt","7bedc7a63e3358ae83c9d933bee29bc81e81b27e75754639a349f58121c7ccf5","80"
"runs/phase4-relation-kind-campaign-seed-20261103-20260920_151237_920/provengo_project/products/internal/artifacts/1/1/284.txt","c71bed80d7421b4476d128ea95c5f028e848573c8e5ece88d336904ce5e93075","210"
"runs/phase4-relation-kind-campaign-seed-20261103-20260920_151237_920/provengo_project/products/internal/artifacts/1/1/285.txt","e3b0c44298fc1c149afbf4c8996fb92427ae41e4649b934ca495991b7852b855","0"
"runs/phase4-relation-kind-campaign-seed-20261103-20260920_151237_920/provengo_project/products/internal/artifacts/1/1/286.txt","40cf4951d46adbf9de14b5219ef61b0f30f032acb1836992dbe57b7eeddd6e4d","45"
"runs/phase4-relation-kind-campaign-seed-20261103-20260920_151237_920/provengo_project/products/internal/artifacts/1/1/287.txt","c25d8c23be1ee1117a69623e7998d02faab7f28a8d951f9d97a69a953f04f315","4194"
"runs/phase4-relation-kind-campaign-seed-20261103-20260920_151237_920/provengo_project/products/internal/artifacts/1/1/288.json","61a92ae3f16621daa2e02b1f45ce311f74bff4dde86841f85aec1faf7f5ee9cb","3853"
"runs/phase4-relation-kind-campaign-seed-20261103-20260920_151237_920/provengo_project/products/internal/artifacts/1/1/289.txt","1f0180b86a5c5d2ba2cc8a8b976616bc75bdbc3d3b61bba912b6fc115f936f98","80"
"runs/phase4-relation-kind-campaign-seed-20261103-20260920_151237_920/provengo_project/products/internal/artifacts/1/1/29.txt","12c52425b7fb3e5796a13b04db3fbf4c362656ee26f727fae447717f22c20a00","1207"
"runs/phase4-relation-kind-campaign-seed-20261103-20260920_151237_920/provengo_project/products/internal/artifacts/1/1/290.txt","2a6ff894bf24915e4dfab43a49b72fde0e7b57e3b0cd2670c893757ce95c9622","210"
"runs/phase4-relation-kind-campaign-seed-20261103-20260920_151237_920/provengo_project/products/internal/artifacts/1/1/291.txt","e3b0c44298fc1c149afbf4c8996fb92427ae41e4649b934ca495991b7852b855","0"
"runs/phase4-relation-kind-campaign-seed-20261103-20260920_151237_920/provengo_project/products/internal/artifacts/1/1/292.txt","40cf4951d46adbf9de14b5219ef61b0f30f032acb1836992dbe57b7eeddd6e4d","45"
"runs/phase4-relation-kind-campaign-seed-20261103-20260920_151237_920/provengo_project/products/internal/artifacts/1/1/293.txt","f31dd89b8ce8e6992de37dcbb724aedf4d9b28a737d40846fd2b7900c8e1526b","3598"
"runs/phase4-relation-kind-campaign-seed-20261103-20260920_151237_920/provengo_project/products/internal/artifacts/1/1/294.json","46484ea4cc9a836f1a0debe32276d631cc59a25d7dadd55af9e1adf7856d87c3","3257"
"runs/phase4-relation-kind-campaign-seed-20261103-20260920_151237_920/provengo_project/products/internal/artifacts/1/1/295.txt","58221d529bc6513328f4bf6f4acf310594a8c0d91023f90d927bb803c8ffcff4","80"
"runs/phase4-relation-kind-campaign-seed-20261103-20260920_151237_920/provengo_project/products/internal/artifacts/1/1/296.txt","0bfa514b0e6cb2b29c97ad34a06a7c382f0b5aac2484fc2aa9f2003594133df9","210"
"runs/phase4-relation-kind-campaign-seed-20261103-20260920_151237_920/provengo_project/products/internal/artifacts/1/1/297.txt","e3b0c44298fc1c149afbf4c8996fb92427ae41e4649b934ca495991b7852b855","0"
"runs/phase4-relation-kind-campaign-seed-20261103-20260920_151237_920/provengo_project/products/internal/artifacts/1/1/298.txt","40cf4951d46adbf9de14b5219ef61b0f30f032acb1836992dbe57b7eeddd6e4d","45"
"runs/phase4-relation-kind-campaign-seed-20261103-20260920_151237_920/provengo_project/products/internal/artifacts/1/1/299.txt","f3e6fa3cc898dbd569506e34c37f9ea154a8b861a310a23e166dc5d342fcf94e","2998"
"runs/phase4-relation-kind-campaign-seed-20261103-20260920_151237_920/provengo_project/products/internal/artifacts/1/1/3.json","f07d6d087c2898256cdfa85ed8b831bf1f894c5ac0b48c880a4fc5828aa8ebdd","1729"
"runs/phase4-relation-kind-campaign-seed-20261103-20260920_151237_920/provengo_project/products/internal/artifacts/1/1/30.json","6dae6f80dd4e171fb01843781eef521d4ca9edd9de086db82cfa9ef3a297d964","867"
"runs/phase4-relation-kind-campaign-seed-20261103-20260920_151237_920/provengo_project/products/internal/artifacts/1/1/300.json","689abbb883df1d991d576be6e7f1ca2009c1c8fbecbc4fe2d24850a007ebcc55","2657"
"runs/phase4-relation-kind-campaign-seed-20261103-20260920_151237_920/provengo_project/products/internal/artifacts/1/1/301.txt","adb234cb312e3c580cd5d50f073603f7759e4440efc949f31954850a11b153a4","80"
"runs/phase4-relation-kind-campaign-seed-20261103-20260920_151237_920/provengo_project/products/internal/artifacts/1/1/302.txt","a1752b78acb5fce18fde951e7a67225f0b79d8ed8a8331a618648bccfe74df3f","210"
"runs/phase4-relation-kind-campaign-seed-20261103-20260920_151237_920/provengo_project/products/internal/artifacts/1/1/303.txt","e3b0c44298fc1c149afbf4c8996fb92427ae41e4649b934ca495991b7852b855","0"
"runs/phase4-relation-kind-campaign-seed-20261103-20260920_151237_920/provengo_project/products/internal/artifacts/1/1/304.txt","40cf4951d46adbf9de14b5219ef61b0f30f032acb1836992dbe57b7eeddd6e4d","45"
"runs/phase4-relation-kind-campaign-seed-20261103-20260920_151237_920/provengo_project/products/internal/artifacts/1/1/305.txt","d75d29323ef69da7c4307866122316f1d103292d6d3f99add06f5b5ccee578d4","2401"
"runs/phase4-relation-kind-campaign-seed-20261103-20260920_151237_920/provengo_project/products/internal/artifacts/1/1/306.json","2505379e2cbb76dd8584468f7b8435851cda09de796524575fdcc87061980044","2060"
"runs/phase4-relation-kind-campaign-seed-20261103-20260920_151237_920/provengo_project/products/internal/artifacts/1/1/307.txt","09a52f1a56d7b88928339ed117ea68187da5206ec6cce3aff3640c4fb25564ae","80"
"runs/phase4-relation-kind-campaign-seed-20261103-20260920_151237_920/provengo_project/products/internal/artifacts/1/1/308.txt","a164eedb1c96db33c74967df6a8fa6aaba3b86721c00b66dbbbc61fe9bdd95d1","210"
"runs/phase4-relation-kind-campaign-seed-20261103-20260920_151237_920/provengo_project/products/internal/artifacts/1/1/309.txt","e3b0c44298fc1c149afbf4c8996fb92427ae41e4649b934ca495991b7852b855","0"
"runs/phase4-relation-kind-campaign-seed-20261103-20260920_151237_920/provengo_project/products/internal/artifacts/1/1/31.txt","d6c022f572a0e1e1f1de1ede1bb98cd090cda417898f7e946955136161632d8c","110"
"runs/phase4-relation-kind-campaign-seed-20261103-20260920_151237_920/provengo_project/products/internal/artifacts/1/1/310.txt","40cf4951d46adbf9de14b5219ef61b0f30f032acb1836992dbe57b7eeddd6e4d","45"
"runs/phase4-relation-kind-campaign-seed-20261103-20260920_151237_920/provengo_project/products/internal/artifacts/1/1/311.txt","6a1a5af9ffa1591494ee6e3705dd116dc6e997dc57decb31c95fdd9e23fb5ba0","1805"
"runs/phase4-relation-kind-campaign-seed-20261103-20260920_151237_920/provengo_project/products/internal/artifacts/1/1/312.json","fe27a34694dd90d43317b3861ffb8ec37394c17abcbca4ffb57096bcac84c7f9","1464"
"runs/phase4-relation-kind-campaign-seed-20261103-20260920_151237_920/provengo_project/products/internal/artifacts/1/1/313.txt","dd831d64ec6c7ef47f6b6997ece32ae87ec683c7acf275cac463b371421a8473","80"
"runs/phase4-relation-kind-campaign-seed-20261103-20260920_151237_920/provengo_project/products/internal/artifacts/1/1/314.txt","53b0007046b35682e2501d7bf5a9a248854e088772b52f14ad54677775818724","210"
"runs/phase4-relation-kind-campaign-seed-20261103-20260920_151237_920/provengo_project/products/internal/artifacts/1/1/315.txt","e3b0c44298fc1c149afbf4c8996fb92427ae41e4649b934ca495991b7852b855","0"
"runs/phase4-relation-kind-campaign-seed-20261103-20260920_151237_920/provengo_project/products/internal/artifacts/1/1/316.txt","40cf4951d46adbf9de14b5219ef61b0f30f032acb1836992dbe57b7eeddd6e4d","45"
"runs/phase4-relation-kind-campaign-seed-20261103-20260920_151237_920/provengo_project/products/internal/artifacts/1/1/317.txt","c16917ce1c14c368614cadedfa55d2993605ae715a81538850ee5020ba68b00c","1206"
"runs/phase4-relation-kind-campaign-seed-20261103-20260920_151237_920/provengo_project/products/internal/artifacts/1/1/318.json","acdb331a5ef5640c0469bd456d4593fa04e6d5b450dd0162eaed3115c15b34dd","866"
"runs/phase4-relation-kind-campaign-seed-20261103-20260920_151237_920/provengo_project/products/internal/artifacts/1/1/319.txt","000333b7ce029f1e8fa8565aaa6ac2ecfffae4bd8aaf60176652822933b4214a","80"
"runs/phase4-relation-kind-campaign-seed-20261103-20260920_151237_920/provengo_project/products/internal/artifacts/1/1/32.txt","e4e4cac41dd428d5b648d99245a3755129db71cc90ed8af8fe7cbb800af0554e","952"
"runs/phase4-relation-kind-campaign-seed-20261103-20260920_151237_920/provengo_project/products/internal/artifacts/1/1/320.txt","e91ce70970759e3c743a93ac35f94053c2d029718303747bbd59432db2fa0a63","210"
"runs/phase4-relation-kind-campaign-seed-20261103-20260920_151237_920/provengo_project/products/internal/artifacts/1/1/321.txt","e3b0c44298fc1c149afbf4c8996fb92427ae41e4649b934ca495991b7852b855","0"
"runs/phase4-relation-kind-campaign-seed-20261103-20260920_151237_920/provengo_project/products/internal/artifacts/1/1/322.txt","ee04ebac61b16ba3e5b4ba3b8aaa9db983d50a0dcfa00c0f9d654e2d0d27a303","80"
"runs/phase4-relation-kind-campaign-seed-20261103-20260920_151237_920/provengo_project/products/internal/artifacts/1/1/323.txt","f7907702126cfc0f7ba72d71175933c6ac1840553c0f8e7ff041eb2350fe2c69","210"
"runs/phase4-relation-kind-campaign-seed-20261103-20260920_151237_920/provengo_project/products/internal/artifacts/1/1/324.txt","e3b0c44298fc1c149afbf4c8996fb92427ae41e4649b934ca495991b7852b855","0"
"runs/phase4-relation-kind-campaign-seed-20261103-20260920_151237_920/provengo_project/products/internal/artifacts/1/1/325.txt","387c1adc70f94fcd9e2167cb5079bf2178fb156c959afcdf418fe5da63c79a14","80"
"runs/phase4-relation-kind-campaign-seed-20261103-20260920_151237_920/provengo_project/products/internal/artifacts/1/1/326.txt","c1f2e2b1eb444d23a1a82e7c316753bed126150dee304e240dd97b7de6d411c4","210"
"runs/phase4-relation-kind-campaign-seed-20261103-20260920_151237_920/provengo_project/products/internal/artifacts/1/1/327.txt","e3b0c44298fc1c149afbf4c8996fb92427ae41e4649b934ca495991b7852b855","0"
"runs/phase4-relation-kind-campaign-seed-20261103-20260920_151237_920/provengo_project/products/internal/artifacts/1/1/328.txt","9f857b04776b4e86e7be03ae2bb5c07ad0e476217e9fe435725c3683e29045c1","80"
"runs/phase4-relation-kind-campaign-seed-20261103-20260920_151237_920/provengo_project/products/internal/artifacts/1/1/329.txt","ea073e571e34cedf727e6d69619b3c1c242314bedbf32b1052749bc0d00eae66","210"
"runs/phase4-relation-kind-campaign-seed-20261103-20260920_151237_920/provengo_project/products/internal/artifacts/1/1/33.json","41099582f746fcbb46f584b5474e6c294158ff409cd9eac6548e2e867bf25e1d","708"
"runs/phase4-relation-kind-campaign-seed-20261103-20260920_151237_920/provengo_project/products/internal/artifacts/1/1/330.txt","e3b0c44298fc1c149afbf4c8996fb92427ae41e4649b934ca495991b7852b855","0"
"runs/phase4-relation-kind-campaign-seed-20261103-20260920_151237_920/provengo_project/products/internal/artifacts/1/1/331.txt","c3655545e68dafcbad1a50e084570ce11e6ef5dfed85d51f58663fe1eac18119","80"
"runs/phase4-relation-kind-campaign-seed-20261103-20260920_151237_920/provengo_project/products/internal/artifacts/1/1/332.txt","c8f047dd42c127e4ca62824946ce89a0f95ca203a09979a19d6d06ac832d0a8d","210"
"runs/phase4-relation-kind-campaign-seed-20261103-20260920_151237_920/provengo_project/products/internal/artifacts/1/1/333.txt","e3b0c44298fc1c149afbf4c8996fb92427ae41e4649b934ca495991b7852b855","0"
"runs/phase4-relation-kind-campaign-seed-20261103-20260920_151237_920/provengo_project/products/internal/artifacts/1/1/334.txt","6c01401803b7864b2b335b6af5a712de88b76d6f509c79df9b7d8138aa078060","80"
"runs/phase4-relation-kind-campaign-seed-20261103-20260920_151237_920/provengo_project/products/internal/artifacts/1/1/335.txt","e7c5232911f6dc0d6133f2aa67330615ce1c28479039cde3fb0ec8e18bbf5216","210"
"runs/phase4-relation-kind-campaign-seed-20261103-20260920_151237_920/provengo_project/products/internal/artifacts/1/1/336.txt","e3b0c44298fc1c149afbf4c8996fb92427ae41e4649b934ca495991b7852b855","0"
"runs/phase4-relation-kind-campaign-seed-20261103-20260920_151237_920/provengo_project/products/internal/artifacts/1/1/337.txt","97f60ac716d847c3a1102b5aa015def935d2e0e26258bdc979d53e9a1caab307","83"
"runs/phase4-relation-kind-campaign-seed-20261103-20260920_151237_920/provengo_project/products/internal/artifacts/1/1/338.txt","52af9dc4edb3a00bf2da2edd0333858101abcbcc6624c1f408cc37881e338b74","210"
"runs/phase4-relation-kind-campaign-seed-20261103-20260920_151237_920/provengo_project/products/internal/artifacts/1/1/339.txt","e3b0c44298fc1c149afbf4c8996fb92427ae41e4649b934ca495991b7852b855","0"
"runs/phase4-relation-kind-campaign-seed-20261103-20260920_151237_920/provengo_project/products/internal/artifacts/1/1/34.txt","9d44ea48beb22c65a0a1b66abb27efae0aaaab54e4d599fbefa768d35aa58296","45"
"runs/phase4-relation-kind-campaign-seed-20261103-20260920_151237_920/provengo_project/products/internal/artifacts/1/1/35.txt","eafe5505afab4c8a6f6f061d27dbee0e0e72a83bfe21eb0f280b41526b9aba15","1207"
"runs/phase4-relation-kind-campaign-seed-20261103-20260920_151237_920/provengo_project/products/internal/artifacts/1/1/36.json","9a0cb96fa15c514833cf4afb0f24e69fb42b907baef9b6fc95922b1e500ee54b","867"
"runs/phase4-relation-kind-campaign-seed-20261103-20260920_151237_920/provengo_project/products/internal/artifacts/1/1/37.txt","c3b435113fb7df0912312e511f77cab400c777ffb1aa7c0b236bfbe9a62df276","110"
"runs/phase4-relation-kind-campaign-seed-20261103-20260920_151237_920/provengo_project/products/internal/artifacts/1/1/38.txt","08733562eea9a938e124773acee2aaec722f85a3dcf2c868dc54b6d7f7371ff3","953"
"runs/phase4-relation-kind-campaign-seed-20261103-20260920_151237_920/provengo_project/products/internal/artifacts/1/1/39.json","9da07b5ceff43faaf0707bbb53a6cf25c89ea8a58d025940e15e55c9ac6928db","709"
"runs/phase4-relation-kind-campaign-seed-20261103-20260920_151237_920/provengo_project/products/internal/artifacts/1/1/4.txt","f8955e9971334f41ab5f8440e44f1042e8ee90dfcc78b4e3c33e7d2944e4aa4a","80"
"runs/phase4-relation-kind-campaign-seed-20261103-20260920_151237_920/provengo_project/products/internal/artifacts/1/1/40.txt","259aed3e0640aa2539d89920219a6ff0a5f7612c6b9186a1bd6239d5789f5b9b","45"
"runs/phase4-relation-kind-campaign-seed-20261103-20260920_151237_920/provengo_project/products/internal/artifacts/1/1/41.txt","2348f3dd7382494a58449e5bf18f58152b2694770a08d930103224f1faad0338","1207"
"runs/phase4-relation-kind-campaign-seed-20261103-20260920_151237_920/provengo_project/products/internal/artifacts/1/1/42.json","0aec1c48ae2547656e772cd9ef688a16a3c7106cbb20bfba1a6ca7159cd55890","867"
"runs/phase4-relation-kind-campaign-seed-20261103-20260920_151237_920/provengo_project/products/internal/artifacts/1/1/43.txt","ef2ff912cb269a9b6de025ede991961f33db5d67bb6652cecd145235238136d2","110"
"runs/phase4-relation-kind-campaign-seed-20261103-20260920_151237_920/provengo_project/products/internal/artifacts/1/1/44.txt","efeaeb30907e1cc098accb95b2ae0e63864d342b53daea32d2dbb6bd72b94da8","953"
"runs/phase4-relation-kind-campaign-seed-20261103-20260920_151237_920/provengo_project/products/internal/artifacts/1/1/45.json","0c90a301a64a41c39c426d5a879df9bdfe2b1c6f237df5ffe259bbc0f462fa46","709"
"runs/phase4-relation-kind-campaign-seed-20261103-20260920_151237_920/provengo_project/products/internal/artifacts/1/1/46.txt","b71da87afb566389e00c095123a53ba9fe10f516bc6f3d5b2159bbcb92b181ca","45"
"runs/phase4-relation-kind-campaign-seed-20261103-20260920_151237_920/provengo_project/products/internal/artifacts/1/1/47.txt","081134e4592f48f31b9d555295b60aae851e7c4e9c22b261eb8062f491c02b38","1207"
"runs/phase4-relation-kind-campaign-seed-20261103-20260920_151237_920/provengo_project/products/internal/artifacts/1/1/48.json","cfa9dbb5f548a02e562b36a5a0e33879a5451a448b5e5fd524f13f3793a301cc","867"
"runs/phase4-relation-kind-campaign-seed-20261103-20260920_151237_920/provengo_project/products/internal/artifacts/1/1/49.txt","924b58cb65bbad13610554b2317ee067c33377343e985d362ef0d1a66c5b940c","110"
"runs/phase4-relation-kind-campaign-seed-20261103-20260920_151237_920/provengo_project/products/internal/artifacts/1/1/5.txt","70ed32a419753190a900bb345a964272ec595e88566655b0163ec9d5f457789c","1945"
"runs/phase4-relation-kind-campaign-seed-20261103-20260920_151237_920/provengo_project/products/internal/artifacts/1/1/50.txt","1dc0ddf50e6a14c39ba8d3e4ddb72f816db2510de09d63dfcfbb8479f8861613","953"
"runs/phase4-relation-kind-campaign-seed-20261103-20260920_151237_920/provengo_project/products/internal/artifacts/1/1/51.json","7166f5719740afe29b49617fa285c4c26619d16f3ec52797cab2ff462fd85d8f","709"
"runs/phase4-relation-kind-campaign-seed-20261103-20260920_151237_920/provengo_project/products/internal/artifacts/1/1/52.txt","65d4d0e2a7d3449c1d7f11431efdde541c718eda6c715a0f7c351616bce735c8","45"
"runs/phase4-relation-kind-campaign-seed-20261103-20260920_151237_920/provengo_project/products/internal/artifacts/1/1/53.txt","4d394e0395ca5362f6aaede20a0852816442bae839f3ee4e3263b48c8de81456","1207"
"runs/phase4-relation-kind-campaign-seed-20261103-20260920_151237_920/provengo_project/products/internal/artifacts/1/1/54.json","308b8a5336c72737854eca921378f3046a175db4c7c22e717c8f43251f62c5a9","867"
"runs/phase4-relation-kind-campaign-seed-20261103-20260920_151237_920/provengo_project/products/internal/artifacts/1/1/55.txt","347822bf571a77f7ba0c31966edb49f3b313deb184d1309b0352addc5236a7fa","110"
"runs/phase4-relation-kind-campaign-seed-20261103-20260920_151237_920/provengo_project/products/internal/artifacts/1/1/56.txt","a1965605b07ffd90589dff429c78cb1d16f4756dc920798c8a9ff21dbb58b55a","953"
"runs/phase4-relation-kind-campaign-seed-20261103-20260920_151237_920/provengo_project/products/internal/artifacts/1/1/57.json","d1a6d34c9d61fda461dbf96dad32404f826c70d6a4ecec6f89063f59a2adee53","709"
"runs/phase4-relation-kind-campaign-seed-20261103-20260920_151237_920/provengo_project/products/internal/artifacts/1/1/58.txt","d446241d1304793f3aa57b944b8899ba9cab79c07cc778c0bbe93b92dd436d35","45"
"runs/phase4-relation-kind-campaign-seed-20261103-20260920_151237_920/provengo_project/products/internal/artifacts/1/1/59.txt","59b5d0615b2a19b4f6b9d66c9400b7a9689b7f6b40a179a924ab6d2bb6cb8a81","1207"
"runs/phase4-relation-kind-campaign-seed-20261103-20260920_151237_920/provengo_project/products/internal/artifacts/1/1/6.json","957f79318eb7622c5a45e9cf42353b009cfc5d87c701ea2a0c73009f8b0da261","1635"
"runs/phase4-relation-kind-campaign-seed-20261103-20260920_151237_920/provengo_project/products/internal/artifacts/1/1/60.json","80dd7dc781ea04d17cbafbb4ca9b6b366fd3fe4c483ecd2e6fe4ae9cdd1bfa0e","867"
"runs/phase4-relation-kind-campaign-seed-20261103-20260920_151237_920/provengo_project/products/internal/artifacts/1/1/61.txt","81f5ffdd06f91578323a8ed31156d9a55e719e056d8d1702942ab339d6349587","109"
"runs/phase4-relation-kind-campaign-seed-20261103-20260920_151237_920/provengo_project/products/internal/artifacts/1/1/62.txt","65d658b4124d6a630e8ff87d34a3e64a86ef55ba77a030c791985bffaf83dfe5","954"
"runs/phase4-relation-kind-campaign-seed-20261103-20260920_151237_920/provengo_project/products/internal/artifacts/1/1/63.json","ef6b9f5bc3fa0842176c90b3fca99197e9605cda2f120b0ddffcbdd11b5b333c","710"
"runs/phase4-relation-kind-campaign-seed-20261103-20260920_151237_920/provengo_project/products/internal/artifacts/1/1/64.txt","1245b2b702e774daabfadaac7a793e64fd95b730797a0289ef57a0f50aba293c","45"
"runs/phase4-relation-kind-campaign-seed-20261103-20260920_151237_920/provengo_project/products/internal/artifacts/1/1/65.txt","47630f674d66c4ddb721a09f2e66fe7babea64dc030188867883418774de60c8","1208"
"runs/phase4-relation-kind-campaign-seed-20261103-20260920_151237_920/provengo_project/products/internal/artifacts/1/1/66.json","1b03bac82820772d6418c582a87331357f54a2eb172fb4aeb4a465077c0ee9df","868"
"runs/phase4-relation-kind-campaign-seed-20261103-20260920_151237_920/provengo_project/products/internal/artifacts/1/1/67.txt","c6c28d238b494986404cf4b6fd05ec3ed097697e700280983cdbfa718ecd36fd","110"
"runs/phase4-relation-kind-campaign-seed-20261103-20260920_151237_920/provengo_project/products/internal/artifacts/1/1/68.txt","c7ab640b3fced625a8a6fe1d668fdddd63b3668809a69bc515adbb5cee7d726e","955"
"runs/phase4-relation-kind-campaign-seed-20261103-20260920_151237_920/provengo_project/products/internal/artifacts/1/1/69.json","5342ef5655c7613f7f45fb75ec0e9cd9b446e2fcb62b24210b0971ad70ab84e7","711"
"runs/phase4-relation-kind-campaign-seed-20261103-20260920_151237_920/provengo_project/products/internal/artifacts/1/1/7.txt","6bc5db13dd3d07a08d95c73107d8a1670a2be97c41d779ea792db22e111c4d83","110"
"runs/phase4-relation-kind-campaign-seed-20261103-20260920_151237_920/provengo_project/products/internal/artifacts/1/1/70.txt","dea823a6c07e31001f380fb5fedc3a365ffd26ecde9260aff8e11c18dc20556e","45"
"runs/phase4-relation-kind-campaign-seed-20261103-20260920_151237_920/provengo_project/products/internal/artifacts/1/1/71.txt","e880f041b1c282ab1f1f6efd8c0fc6af3331e0484ce04f255529cf10c79149bf","1209"
"runs/phase4-relation-kind-campaign-seed-20261103-20260920_151237_920/provengo_project/products/internal/artifacts/1/1/72.json","3cf1e5e9cb23f096b61e47d3224621fedb1df237a885e43703b3385b122ad113","869"
"runs/phase4-relation-kind-campaign-seed-20261103-20260920_151237_920/provengo_project/products/internal/artifacts/1/1/73.txt","6f454d8af128778c5373a6123a9d3d76a9117049ac6990936d008ac46e5ba720","110"
"runs/phase4-relation-kind-campaign-seed-20261103-20260920_151237_920/provengo_project/products/internal/artifacts/1/1/74.txt","0f82cbfee9639a30632a98945b4b28a5ed47bf708544a3acc58455101b5010c4","955"
"runs/phase4-relation-kind-campaign-seed-20261103-20260920_151237_920/provengo_project/products/internal/artifacts/1/1/75.json","fc42e69d5f6198b9778798a891eb44cbafce7eb99de6be979862574b60ce9397","711"
"runs/phase4-relation-kind-campaign-seed-20261103-20260920_151237_920/provengo_project/products/internal/artifacts/1/1/76.txt","798c0a9f58a888c6993bd679370cdc9c93e555f3baac45a8c0ad538307525eaf","45"
"runs/phase4-relation-kind-campaign-seed-20261103-20260920_151237_920/provengo_project/products/internal/artifacts/1/1/77.txt","ef000f2c197f64bb249e558f5f37a9c5abc6225ed11c35cc0aaaa35d38e40684","1209"
"runs/phase4-relation-kind-campaign-seed-20261103-20260920_151237_920/provengo_project/products/internal/artifacts/1/1/78.json","8137693813f08b586ee9a9416cf25077cab841809b2636c107074758c85c2f39","869"
"runs/phase4-relation-kind-campaign-seed-20261103-20260920_151237_920/provengo_project/products/internal/artifacts/1/1/79.txt","dd78bd3fa6fe80c723c7ca20c02561830c6d6f7f20fa5a5816e5be13ade58d2e","134"
"runs/phase4-relation-kind-campaign-seed-20261103-20260920_151237_920/provengo_project/products/internal/artifacts/1/1/8.txt","79d59e03d58df2b66fbd9f7849284addac193f4e002db66a0b81afb2fdf7011d","953"
"runs/phase4-relation-kind-campaign-seed-20261103-20260920_151237_920/provengo_project/products/internal/artifacts/1/1/80.txt","bc7852e0378b4da76a0dc5771a68cf5848b994fb96bb5211cea99d12be47c875","469"
"runs/phase4-relation-kind-campaign-seed-20261103-20260920_151237_920/provengo_project/products/internal/artifacts/1/1/81.json","c0e2a9be26c16e0b9477fbdc1da03334925f37f528527f5cb9715127f3193ffe","225"
"runs/phase4-relation-kind-campaign-seed-20261103-20260920_151237_920/provengo_project/products/internal/artifacts/1/1/82.txt","8b7835f35631f81bfa16ac7410fb3ebe77f798eaceff9ba9c760e6df5ad7a7c5","137"
"runs/phase4-relation-kind-campaign-seed-20261103-20260920_151237_920/provengo_project/products/internal/artifacts/1/1/83.txt","23b2c26b0239ac02b82171c01c80230e67394d947b876ec6d580bba118c6518d","472"
"runs/phase4-relation-kind-campaign-seed-20261103-20260920_151237_920/provengo_project/products/internal/artifacts/1/1/84.json","cb5abb7dc1f87671ac72666bdb089f5657c1114ee6bac7eb0b4fbd8dedfa90bd","228"
"runs/phase4-relation-kind-campaign-seed-20261103-20260920_151237_920/provengo_project/products/internal/artifacts/1/1/85.txt","491f29ad9379302c5019c428452619b86f7c15a9fe11b9453508ecc4d59c1d85","134"
"runs/phase4-relation-kind-campaign-seed-20261103-20260920_151237_920/provengo_project/products/internal/artifacts/1/1/86.txt","0739e62a73e00295285c6354c84c72445ffe2a3229cb0e04bbe90ada950b259c","468"
"runs/phase4-relation-kind-campaign-seed-20261103-20260920_151237_920/provengo_project/products/internal/artifacts/1/1/87.json","74ecd89cdfbb4e06823171fe1bf92740ea6922277a5e922c5c74057eaea55250","224"
"runs/phase4-relation-kind-campaign-seed-20261103-20260920_151237_920/provengo_project/products/internal/artifacts/1/1/88.txt","c80919f21eb9259fbd3d23fe5587a173eb75af181c1734711e9b88cc2818184d","138"
"runs/phase4-relation-kind-campaign-seed-20261103-20260920_151237_920/provengo_project/products/internal/artifacts/1/1/89.txt","7dfccae6af2672fc3af5036fcb9eca4fabaf61e829bc5e214f26ca4abf0b5671","473"
"runs/phase4-relation-kind-campaign-seed-20261103-20260920_151237_920/provengo_project/products/internal/artifacts/1/1/9.json","fefbe7fb51a622affde7f9b2ec73138bc0e450ba7e1d246cb130d9ad465d3c52","709"
"runs/phase4-relation-kind-campaign-seed-20261103-20260920_151237_920/provengo_project/products/internal/artifacts/1/1/90.json","9fdfd9cbadab953c71a8a781310a772312134aa6863445724d82146e7d616538","229"
"runs/phase4-relation-kind-campaign-seed-20261103-20260920_151237_920/provengo_project/products/internal/artifacts/1/1/91.txt","301a1620076633e475c3dc6afdc5a26fd04e1abd5bc56b3d6f88f20d6f1d8816","137"
"runs/phase4-relation-kind-campaign-seed-20261103-20260920_151237_920/provengo_project/products/internal/artifacts/1/1/92.txt","c913d09aec8f0515295218ac1064f9340aa61b77616c2a76bfb53f95187e6cc6","472"
"runs/phase4-relation-kind-campaign-seed-20261103-20260920_151237_920/provengo_project/products/internal/artifacts/1/1/93.json","259af59318ef2ff2a71ec03617e2eba219b1e330a98e7f9f207e3643cca98e2a","228"
"runs/phase4-relation-kind-campaign-seed-20261103-20260920_151237_920/provengo_project/products/internal/artifacts/1/1/94.txt","f9d6dcb2cec7a6265aea714c1a8d79b1d9c766cdfb75a39c29a137d18798c184","135"
"runs/phase4-relation-kind-campaign-seed-20261103-20260920_151237_920/provengo_project/products/internal/artifacts/1/1/95.txt","ce39d750fd36d511fad5cc6c60a93323baf36e5fa283cff42542d693601d900e","470"
"runs/phase4-relation-kind-campaign-seed-20261103-20260920_151237_920/provengo_project/products/internal/artifacts/1/1/96.json","b49d1e6530b995185e52ff915d8c3fe4d715b832fa987f8d8b1e5ad53b8728be","226"
"runs/phase4-relation-kind-campaign-seed-20261103-20260920_151237_920/provengo_project/products/internal/artifacts/1/1/97.txt","0c7cbf7cee39c20e4b129d6e48902af53760718165df83d0e3d8168b9cf67f7e","134"
"runs/phase4-relation-kind-campaign-seed-20261103-20260920_151237_920/provengo_project/products/internal/artifacts/1/1/98.txt","1faee46f78655167b55e927474d1395a6e66d033758d1fd23f8fc21d964d0b8b","469"
"runs/phase4-relation-kind-campaign-seed-20261103-20260920_151237_920/provengo_project/products/internal/artifacts/1/1/99.json","8db1c7f9a88c43a194e34bda22b8a4004ec5cc35952c5f051b3c008aba1f30d5","225"
"runs/phase4-relation-kind-campaign-seed-20261103-20260920_151237_920/provengo_project/products/internal/runs-db.db","b35e41053d744d83aad4d2984fd58bea80f4a27b65739eed8c5154aa40dd91c4","46530560"
"runs/phase4-relation-kind-campaign-seed-20261103-20260920_151237_920/provengo_project/README.md","b741229ddb42e0ea473a1f4403b236665a9de8f877d5cab368294ef4848aaa3a","4041"
"runs/phase4-relation-kind-campaign-seed-20261103-20260920_151237_920/provengo_project/spec/js/disabled/hello-world.js","86253af6bc213bec40e9dc0f3c6d03134a32c1b31c0a618d77afbe9ad15b8cdd","1383"
"runs/phase4-relation-kind-campaign-seed-20261103-20260920_151237_920/provengo_project/spec/js/interfaces.vikunja.js","db759926b95b633393175e0472a59bef6da85184ab4f6cce510c59a26ee0e803","56359"
"runs/phase4-relation-kind-campaign-seed-20261103-20260920_151237_920/provengo_project/spec/js/stories.vikunja.js","11f63c9012f38746fab1d0faa773cd5f7d830f23487dbd453a36069898adadce","49383"
"runs/phase4-relation-kind-campaign-seed-20261103-20260920_151237_920/provengo-create.log","daf75ce661c1224e4e005ac0a42abcc1ea5c9a0412a22c0af31fd6fba13cdb31","1234"
"runs/phase4-relation-kind-campaign-seed-20261103-20260920_151237_920/provengo-run.log","9f36f59993116d6d379c4b06e1d2c747b7dda962b11ce63035f8f732ea292713","181322"
"runs/phase4-relation-kind-campaign-seed-20261103-20260920_151237_920/proxy.stderr.log","e3b0c44298fc1c149afbf4c8996fb92427ae41e4649b934ca495991b7852b855","0"
"runs/phase4-relation-kind-campaign-seed-20261103-20260920_151237_920/proxy.stdout.log","3e9637744efb4ab698c24160de5114f08dad58e2ed8ca2d3342c0306f2754d3c","84"
"runs/phase4-relation-kind-campaign-seed-20261103-20260920_151237_920/run-metadata.json","a6c4c568def21c67385ad2a6688b65404825dba10550e536f79653c6ffc9fff9","705"
"runs/phase4-relation-kind-campaign-seed-20261104-20260920_151302_943/http-trace.jsonl","5e4b31f039b006338f2fbbb1faefe951b7ad33fbfc25d2bda8723b50950037b5","137338"
"runs/phase4-relation-kind-campaign-seed-20261104-20260920_151302_943/phase4-relation-kind-evaluation.json","3448c04c82e9796ea31832165b088d5a72972c1fb9f36178b95bd63e21703b4a","1500"
"runs/phase4-relation-kind-campaign-seed-20261104-20260920_151302_943/post-delete-probe.json","6da0c567b340a096f63e91d19fadccb9d67f28154b1718918b0b3aa17ed2f554","529"
"runs/phase4-relation-kind-campaign-seed-20261104-20260920_151302_943/provengo_project/.gitignore","f09e023c25978720ed9122360581f2fca50cb612504daed3337ab662e7106366","32"
"runs/phase4-relation-kind-campaign-seed-20261104-20260920_151302_943/provengo_project/.vscode/mcp.json","6e0a0c795dc197f1d4e07744a4e361e7cf92d6a2f5d276d0f1d5ce31f35169fb","143"
"runs/phase4-relation-kind-campaign-seed-20261104-20260920_151302_943/provengo_project/config/provengo.yml","172d59431475ba56c192df94b270f8d71e618b53c62c45beace120ee769cd8a3","1260"
"runs/phase4-relation-kind-campaign-seed-20261104-20260920_151302_943/provengo_project/data/data.js","55e30a0929c59d9578c5695169b772d147c20b0ad8a7d556eb38c4defd8404b7","131"
"runs/phase4-relation-kind-campaign-seed-20261104-20260920_151302_943/provengo_project/meta-spec/book-writer.js","977303cc03f87fd6561e4435e4cbbb34c85559a94b7aacefdbe9c71b0cb5ac42","3926"
"runs/phase4-relation-kind-campaign-seed-20261104-20260920_151302_943/provengo_project/meta-spec/ensemble-code.js","7e9e842a753bf38111af0cbfbf1bdaf8b88602fd620ff5fdd919fe8d23f45ab5","2692"
"runs/phase4-relation-kind-campaign-seed-20261104-20260920_151302_943/provengo_project/meta-spec/scenario-metadata.js","53f129542f1903bf3f7c2ef55914c0df227d58111a71c7c6053d40792b79cd65","479"
"runs/phase4-relation-kind-campaign-seed-20261104-20260920_151302_943/provengo_project/meta-spec/script-writer.js","f197d272e5524bd0b4ab1f59289b300232c7a8ebc060f8ffeba993fc7eaae0f9","3034"
"runs/phase4-relation-kind-campaign-seed-20261104-20260920_151302_943/provengo_project/products/internal/artifacts/1/1/1.txt","2799ead5f54e296dbbdd72d6805ae378f0855293c2a8835efc9b724be38b2cb8","101"
"runs/phase4-relation-kind-campaign-seed-20261104-20260920_151302_943/provengo_project/products/internal/artifacts/1/1/10.txt","d4d74cb4b5d71a7cf9a09f9657138dbf17c32ded687c29dccfd4ffcf0dbe8e0b","45"
"runs/phase4-relation-kind-campaign-seed-20261104-20260920_151302_943/provengo_project/products/internal/artifacts/1/1/100.txt","30e9208bb8581c9674c509878785a9903d8432dc5610033523e832f954a1483e","135"
"runs/phase4-relation-kind-campaign-seed-20261104-20260920_151302_943/provengo_project/products/internal/artifacts/1/1/101.txt","676bbb7164406094c4425a9a72ec18c5c99a8f5419a0c2f9b170d3a3a8627e1c","470"
"runs/phase4-relation-kind-campaign-seed-20261104-20260920_151302_943/provengo_project/products/internal/artifacts/1/1/102.json","7d21296f1bf0ef829801ddc92aeb54f10d7a90bfe0ddfe2ff72662b94af62b58","226"
"runs/phase4-relation-kind-campaign-seed-20261104-20260920_151302_943/provengo_project/products/internal/artifacts/1/1/103.txt","3e50776e96fd3925d6891f9a21f69542d00bd8c4c6c038019b2380f64ea14d47","134"
"runs/phase4-relation-kind-campaign-seed-20261104-20260920_151302_943/provengo_project/products/internal/artifacts/1/1/104.txt","63fe24a4ea27118db97af6fb577ae7fc7f6a2ba3c851ea66093bcd9d45b6b386","469"
"runs/phase4-relation-kind-campaign-seed-20261104-20260920_151302_943/provengo_project/products/internal/artifacts/1/1/105.json","26ab385e5fce5365c7543498580e3d2914fb0fd6cd4400a3ffd466728d818421","225"
"runs/phase4-relation-kind-campaign-seed-20261104-20260920_151302_943/provengo_project/products/internal/artifacts/1/1/106.txt","0c1fea8f6d94793c59d31804a45c6af7e0f2af2d7306abf951433e146f00810c","137"
"runs/phase4-relation-kind-campaign-seed-20261104-20260920_151302_943/provengo_project/products/internal/artifacts/1/1/107.txt","9f4d249e4d547bd89d27073d0f4eaaf49a29a6839c6614374019befdba19f9d6","472"
"runs/phase4-relation-kind-campaign-seed-20261104-20260920_151302_943/provengo_project/products/internal/artifacts/1/1/108.json","19a83acedc8257726c0a73d7ec2ed6d9b7ab88da1e5068b7911189c748526983","228"
"runs/phase4-relation-kind-campaign-seed-20261104-20260920_151302_943/provengo_project/products/internal/artifacts/1/1/109.txt","ff1dd6ec20dd2c08cd3c78107697bf70c96777926b9284b8759fed8cad0aa035","135"
"runs/phase4-relation-kind-campaign-seed-20261104-20260920_151302_943/provengo_project/products/internal/artifacts/1/1/11.txt","75f91f717750da99cd16ec6a396c574c11fb896c1cbe62256b64754329ffb13b","1207"
"runs/phase4-relation-kind-campaign-seed-20261104-20260920_151302_943/provengo_project/products/internal/artifacts/1/1/110.txt","bab2eb957ad8c4c1c3c10c39c32cf7a4b2e6e678bb672ee454c0d92953f16329","470"
"runs/phase4-relation-kind-campaign-seed-20261104-20260920_151302_943/provengo_project/products/internal/artifacts/1/1/111.json","f633bb1374fd09aa2fe303eeb37bb72023c491ebc5f565d23d4e846de6daf500","226"
"runs/phase4-relation-kind-campaign-seed-20261104-20260920_151302_943/provengo_project/products/internal/artifacts/1/1/112.txt","d4d74cb4b5d71a7cf9a09f9657138dbf17c32ded687c29dccfd4ffcf0dbe8e0b","45"
"runs/phase4-relation-kind-campaign-seed-20261104-20260920_151302_943/provengo_project/products/internal/artifacts/1/1/113.txt","ccf7da2585d11d225d988ad58c7a27cff28d1f9c3aa4a919f8a03a4243cf67e0","7792"
"runs/phase4-relation-kind-campaign-seed-20261104-20260920_151302_943/provengo_project/products/internal/artifacts/1/1/114.json","9c61da914713acd1521101274ad0812e3c67adfe5b73ec84d9a28738296c41b5","7451"
"runs/phase4-relation-kind-campaign-seed-20261104-20260920_151302_943/provengo_project/products/internal/artifacts/1/1/115.txt","ff3c4daea6a5392757fbef66f27317b1f94ea7c1b7075bafc58867f75408729f","45"
"runs/phase4-relation-kind-campaign-seed-20261104-20260920_151302_943/provengo_project/products/internal/artifacts/1/1/116.txt","32d3c79c741c1fa10eefac0af6283fe8c306b1b89f7e9f3bcc09eeeff96718d0","1807"
"runs/phase4-relation-kind-campaign-seed-20261104-20260920_151302_943/provengo_project/products/internal/artifacts/1/1/117.json","cf46c453fbe6405323daad9a93a63c9614b2f67dadf679309b4da10f17146994","1466"
"runs/phase4-relation-kind-campaign-seed-20261104-20260920_151302_943/provengo_project/products/internal/artifacts/1/1/118.txt","6b7cc9f83f83c175a27d6329a99392a448f9a782c98745e3c087f49b41a980dc","45"
"runs/phase4-relation-kind-campaign-seed-20261104-20260920_151302_943/provengo_project/products/internal/artifacts/1/1/119.txt","759682862535fd265712b612bf2daf9a0aad5d7728e0b57c857578bf82a94ac3","1804"
"runs/phase4-relation-kind-campaign-seed-20261104-20260920_151302_943/provengo_project/products/internal/artifacts/1/1/12.json","f92058bf5362ab7e9336edbcd331722d7b53ff40ab1e8542bf25a18f21a905c3","867"
"runs/phase4-relation-kind-campaign-seed-20261104-20260920_151302_943/provengo_project/products/internal/artifacts/1/1/120.json","fcc452ce852bf48fc60a180d72f851b94e20aa15c80417b2f58d14cefc24fd11","1463"
"runs/phase4-relation-kind-campaign-seed-20261104-20260920_151302_943/provengo_project/products/internal/artifacts/1/1/121.txt","ff4dcc5a8a853ab7621f0a54211a80385aac05a0909616bfbb059897bd4f5c1a","45"
"runs/phase4-relation-kind-campaign-seed-20261104-20260920_151302_943/provengo_project/products/internal/artifacts/1/1/122.txt","18f6d4fe5aee35cc6f82140a6dc516ece2ce576f08a4914e46a21fae7dc19493","1804"
"runs/phase4-relation-kind-campaign-seed-20261104-20260920_151302_943/provengo_project/products/internal/artifacts/1/1/123.json","75d2b7367e568c6083e576ae9eed6637b0e12fd3fa9504c53ca88e72a8109398","1463"
"runs/phase4-relation-kind-campaign-seed-20261104-20260920_151302_943/provengo_project/products/internal/artifacts/1/1/124.txt","7aa53dbae96efe2517318606e7749f7ef08e5974b9f7dd13aba5dbc521f839cf","45"
"runs/phase4-relation-kind-campaign-seed-20261104-20260920_151302_943/provengo_project/products/internal/artifacts/1/1/125.txt","92529f5a63e1cdce535656a2778430df4959d74347d3e645b3e94657e77f0ffb","1807"
"runs/phase4-relation-kind-campaign-seed-20261104-20260920_151302_943/provengo_project/products/internal/artifacts/1/1/126.json","30fc7016fb36d5fcdafe54adb1a58ac9259e8633fbb6d0c076cb1b05f6d58d10","1466"
"runs/phase4-relation-kind-campaign-seed-20261104-20260920_151302_943/provengo_project/products/internal/artifacts/1/1/127.txt","7e8e63aedfaa4079ec97ba706c4f948090134fb3f705d49c9fb56961d2e130dd","45"
"runs/phase4-relation-kind-campaign-seed-20261104-20260920_151302_943/provengo_project/products/internal/artifacts/1/1/128.txt","75d79ba650389f77caa14c0470aa475a58a850855db48a759ea95af7cf9f3719","1808"
"runs/phase4-relation-kind-campaign-seed-20261104-20260920_151302_943/provengo_project/products/internal/artifacts/1/1/129.json","00e9a5cc23e747273cddbce5f47f62bc04bacfe7703b38926bae0a7bbaee9af0","1467"
"runs/phase4-relation-kind-campaign-seed-20261104-20260920_151302_943/provengo_project/products/internal/artifacts/1/1/13.txt","f08d1fd50a39fefaabc4d410259be0a934eabd147693bbc4eb35b0bb5035f27e","110"
"runs/phase4-relation-kind-campaign-seed-20261104-20260920_151302_943/provengo_project/products/internal/artifacts/1/1/130.txt","bc7b6af79edae3757e37ae256d9964f8d88c0c894212a385fb8f885bbb355eea","45"
"runs/phase4-relation-kind-campaign-seed-20261104-20260920_151302_943/provengo_project/products/internal/artifacts/1/1/131.txt","557ed4a474f77b7c399c826c1c541840e810cfa67726e58283febaa9ba566aba","1804"
"runs/phase4-relation-kind-campaign-seed-20261104-20260920_151302_943/provengo_project/products/internal/artifacts/1/1/132.json","28308e4c8d7b650b5883880206aa2fdc8974bfea53ee7a7f4176f5d4fbd44eb5","1463"
"runs/phase4-relation-kind-campaign-seed-20261104-20260920_151302_943/provengo_project/products/internal/artifacts/1/1/133.txt","a67fcba7e7bdd8b59d780c8e4e445bb7648e13dce587cdf9d19c01aa4afff373","45"
"runs/phase4-relation-kind-campaign-seed-20261104-20260920_151302_943/provengo_project/products/internal/artifacts/1/1/134.txt","e155afaa06bed278960168d31bc57d948d0f0615d44bbbfc61df2fcf2c3e8c69","1805"
"runs/phase4-relation-kind-campaign-seed-20261104-20260920_151302_943/provengo_project/products/internal/artifacts/1/1/135.json","7e3d44ca50fbb2b8a5206a6e3ec2c5d0c9514933b7380e2c550c2b89169e238c","1464"
"runs/phase4-relation-kind-campaign-seed-20261104-20260920_151302_943/provengo_project/products/internal/artifacts/1/1/136.txt","4b0072bdc19b97b954f89887ca379cfb9dd4159f0b9766a24b85d5eb1d3cf9b3","45"
"runs/phase4-relation-kind-campaign-seed-20261104-20260920_151302_943/provengo_project/products/internal/artifacts/1/1/137.txt","3a51526b86ad4dc24d7c6ff25580a80c2c29717c05e25b05dde56501126942af","1804"
"runs/phase4-relation-kind-campaign-seed-20261104-20260920_151302_943/provengo_project/products/internal/artifacts/1/1/138.json","fa675c7e9bb333580e90865286e403a02cd8ee37f4d8eb28e03a1f995776455a","1463"
"runs/phase4-relation-kind-campaign-seed-20261104-20260920_151302_943/provengo_project/products/internal/artifacts/1/1/139.txt","f27a215d19710a8a438fdc13c4e7bb8a9c86d647e9e78ed115a0577fb55c2af4","45"
"runs/phase4-relation-kind-campaign-seed-20261104-20260920_151302_943/provengo_project/products/internal/artifacts/1/1/14.txt","34c04159bfee87f9177de116704ee5705215cf2be214f5ae22544ea45b7dec16","953"
"runs/phase4-relation-kind-campaign-seed-20261104-20260920_151302_943/provengo_project/products/internal/artifacts/1/1/140.txt","249bf2655f083aeb1f1235b2114735568b8c9d4d54eb0d26079948df7e5ad8d5","1806"
"runs/phase4-relation-kind-campaign-seed-20261104-20260920_151302_943/provengo_project/products/internal/artifacts/1/1/141.json","32762995a4df4a2c12ae664efbd403fedad271fd650826c01b16a7ad837bd3c5","1465"
"runs/phase4-relation-kind-campaign-seed-20261104-20260920_151302_943/provengo_project/products/internal/artifacts/1/1/142.txt","1acbc8a46a2eb12dc77212450fb5100d3aeaf7caea1d3432e637011cb3945882","45"
"runs/phase4-relation-kind-campaign-seed-20261104-20260920_151302_943/provengo_project/products/internal/artifacts/1/1/143.txt","fd1726fc09ee8460e7eaf3471849706ef97dcbf7a6a5d12d395491c8f01b89f7","1807"
"runs/phase4-relation-kind-campaign-seed-20261104-20260920_151302_943/provengo_project/products/internal/artifacts/1/1/144.json","11844d75eb74c76526375ea3ba625ef56896227380d25607279b0554e335009a","1466"
"runs/phase4-relation-kind-campaign-seed-20261104-20260920_151302_943/provengo_project/products/internal/artifacts/1/1/145.txt","95fb48225977ab6378fe9c7884b3e884e2b005e6d64e7b54096d586c873a1e1b","45"
"runs/phase4-relation-kind-campaign-seed-20261104-20260920_151302_943/provengo_project/products/internal/artifacts/1/1/146.txt","3b3c0306d4db96056c3ea01f4b9a5910199de6c403882964cc3e346bcc210527","1809"
"runs/phase4-relation-kind-campaign-seed-20261104-20260920_151302_943/provengo_project/products/internal/artifacts/1/1/147.json","90ba81cb52fe2ab868655439008b97eba03c044e51fa6ec6860beaa61d3d34ea","1468"
"runs/phase4-relation-kind-campaign-seed-20261104-20260920_151302_943/provengo_project/products/internal/artifacts/1/1/148.txt","f640d4117eba681fce69f42ef9548ffce1f45b1a71c960694ed452105e595756","112"
"runs/phase4-relation-kind-campaign-seed-20261104-20260920_151302_943/provengo_project/products/internal/artifacts/1/1/149.txt","f6fbfed36cd1ced014a957a87aaef34e989a5ecf4a21bbe04eedaaff3659b32c","836"
"runs/phase4-relation-kind-campaign-seed-20261104-20260920_151302_943/provengo_project/products/internal/artifacts/1/1/15.json","ec92961c28d5f7eb7f91c53d10b547704909c6005999ecde432aa8d800014c20","709"
"runs/phase4-relation-kind-campaign-seed-20261104-20260920_151302_943/provengo_project/products/internal/artifacts/1/1/150.json","57136035b87cd75745db7f57b59f41a6e3e0eba6a7687accb4058ed61a00795d","592"
"runs/phase4-relation-kind-campaign-seed-20261104-20260920_151302_943/provengo_project/products/internal/artifacts/1/1/151.txt","1d36ac2cf871f7642dfe87b10c64990ee554125d748cb691cf2796c7566afb5d","112"
"runs/phase4-relation-kind-campaign-seed-20261104-20260920_151302_943/provengo_project/products/internal/artifacts/1/1/152.txt","06003ff16cc9849ca62c6533c19069a578063be0b2da8dad618d4246119cf0b9","836"
"runs/phase4-relation-kind-campaign-seed-20261104-20260920_151302_943/provengo_project/products/internal/artifacts/1/1/153.json","dd08247c8685e8d2d036d8626da0876a80a6072570e91780a8e1e428aa8d484f","592"
"runs/phase4-relation-kind-campaign-seed-20261104-20260920_151302_943/provengo_project/products/internal/artifacts/1/1/154.txt","f3906b7cb784cb4b8593471f92cfbf6e634c4983e4434a2f39e092740800f46c","112"
"runs/phase4-relation-kind-campaign-seed-20261104-20260920_151302_943/provengo_project/products/internal/artifacts/1/1/155.txt","6936871ee3bd44fbd6593357fb53b76f17ce7186181a8f15cf42c2b3d7b9db92","836"
"runs/phase4-relation-kind-campaign-seed-20261104-20260920_151302_943/provengo_project/products/internal/artifacts/1/1/156.json","964085b8f56f526917c3a1d8ddbc86fdaa0c185a1a65011fe962486f60e37e26","592"
"runs/phase4-relation-kind-campaign-seed-20261104-20260920_151302_943/provengo_project/products/internal/artifacts/1/1/157.txt","e6a49b76302c4551ef69e490721f55890b7e5fc5025c247685d1feff407e8c87","111"
"runs/phase4-relation-kind-campaign-seed-20261104-20260920_151302_943/provengo_project/products/internal/artifacts/1/1/158.txt","b7678374fb64138196046f80c1608cfe60c71c9c1fcc338289595c4270f54875","836"
"runs/phase4-relation-kind-campaign-seed-20261104-20260920_151302_943/provengo_project/products/internal/artifacts/1/1/159.json","c2750b355cf6a53429e34b35af52a2b0b630e5824acf9ef1eef92748cf256c75","592"
"runs/phase4-relation-kind-campaign-seed-20261104-20260920_151302_943/provengo_project/products/internal/artifacts/1/1/16.txt","ff3c4daea6a5392757fbef66f27317b1f94ea7c1b7075bafc58867f75408729f","45"
"runs/phase4-relation-kind-campaign-seed-20261104-20260920_151302_943/provengo_project/products/internal/artifacts/1/1/160.txt","d4d74cb4b5d71a7cf9a09f9657138dbf17c32ded687c29dccfd4ffcf0dbe8e0b","45"
"runs/phase4-relation-kind-campaign-seed-20261104-20260920_151302_943/provengo_project/products/internal/artifacts/1/1/161.txt","5ed97e9fdf6f333a2a632b7a23d66273bbfe1dd1d11603d34781302c9b647cf6","7788"
"runs/phase4-relation-kind-campaign-seed-20261104-20260920_151302_943/provengo_project/products/internal/artifacts/1/1/162.json","02da1742394031d330674a9cb41aab5854671aa68a539165598895c4421f1c87","7447"
"runs/phase4-relation-kind-campaign-seed-20261104-20260920_151302_943/provengo_project/products/internal/artifacts/1/1/163.txt","ff3c4daea6a5392757fbef66f27317b1f94ea7c1b7075bafc58867f75408729f","45"
"runs/phase4-relation-kind-campaign-seed-20261104-20260920_151302_943/provengo_project/products/internal/artifacts/1/1/164.txt","85fcbc7d65493ac1e7d37a13b35dc7e0cb1621de35ab01497f5ffc2f9e2402cb","1806"
"runs/phase4-relation-kind-campaign-seed-20261104-20260920_151302_943/provengo_project/products/internal/artifacts/1/1/165.json","7a22f0253cbf3c6a77eda3e10b6a4d496185a84b36a3af7f4b529ebd6ca34c5e","1465"
"runs/phase4-relation-kind-campaign-seed-20261104-20260920_151302_943/provengo_project/products/internal/artifacts/1/1/166.txt","6b7cc9f83f83c175a27d6329a99392a448f9a782c98745e3c087f49b41a980dc","45"
"runs/phase4-relation-kind-campaign-seed-20261104-20260920_151302_943/provengo_project/products/internal/artifacts/1/1/167.txt","a02ec9ae32e7ddba131ac5d3e1d69b23183ba2cbbbb21e3c97b6b9ffcca3bf64","1803"
"runs/phase4-relation-kind-campaign-seed-20261104-20260920_151302_943/provengo_project/products/internal/artifacts/1/1/168.json","9039d024959328e1875e9104d1a0c311dc545ef5f828e5b77a217602f6e6f34c","1462"
"runs/phase4-relation-kind-campaign-seed-20261104-20260920_151302_943/provengo_project/products/internal/artifacts/1/1/169.txt","ff4dcc5a8a853ab7621f0a54211a80385aac05a0909616bfbb059897bd4f5c1a","45"
"runs/phase4-relation-kind-campaign-seed-20261104-20260920_151302_943/provengo_project/products/internal/artifacts/1/1/17.txt","f66a69cca3a85ce94df577f99afd5930e5e9c9f0a6041508e309ac50d6253422","1207"
"runs/phase4-relation-kind-campaign-seed-20261104-20260920_151302_943/provengo_project/products/internal/artifacts/1/1/170.txt","2ae9f5eaca0a157b3720b6a17ef64bb2ba2118f63c8e2ca510f53a4f010226b2","1802"
"runs/phase4-relation-kind-campaign-seed-20261104-20260920_151302_943/provengo_project/products/internal/artifacts/1/1/171.json","6e235a1c7b795e1eeeb2e34d9e13d1ce55ea66b2022166f12344646358f43a77","1461"
"runs/phase4-relation-kind-campaign-seed-20261104-20260920_151302_943/provengo_project/products/internal/artifacts/1/1/172.txt","7aa53dbae96efe2517318606e7749f7ef08e5974b9f7dd13aba5dbc521f839cf","45"
"runs/phase4-relation-kind-campaign-seed-20261104-20260920_151302_943/provengo_project/products/internal/artifacts/1/1/173.txt","9ab5c981a368426b8078b0bd87b54dcf4d401c1bf839e0387f4564bb18676145","1806"
"runs/phase4-relation-kind-campaign-seed-20261104-20260920_151302_943/provengo_project/products/internal/artifacts/1/1/174.json","e2f5772a2d12c193383349b8278df769732dbc38c172044c2e3f643d2e23e894","1465"
"runs/phase4-relation-kind-campaign-seed-20261104-20260920_151302_943/provengo_project/products/internal/artifacts/1/1/175.txt","7e8e63aedfaa4079ec97ba706c4f948090134fb3f705d49c9fb56961d2e130dd","45"
"runs/phase4-relation-kind-campaign-seed-20261104-20260920_151302_943/provengo_project/products/internal/artifacts/1/1/176.txt","282d2a239bbce6471fa7b227b506375c743604f334b55fd7941ce74cc6cb12a3","1807"
"runs/phase4-relation-kind-campaign-seed-20261104-20260920_151302_943/provengo_project/products/internal/artifacts/1/1/177.json","fc06659bf197daf050d04ac6ccd23449a3f98d6939b76a44ec6731ca33ae3958","1466"
"runs/phase4-relation-kind-campaign-seed-20261104-20260920_151302_943/provengo_project/products/internal/artifacts/1/1/178.txt","bc7b6af79edae3757e37ae256d9964f8d88c0c894212a385fb8f885bbb355eea","45"
"runs/phase4-relation-kind-campaign-seed-20261104-20260920_151302_943/provengo_project/products/internal/artifacts/1/1/179.txt","3c05e6861591853b2ef434d413e3e6cde46194af38c7feb57ecf37c21035e757","1802"
"runs/phase4-relation-kind-campaign-seed-20261104-20260920_151302_943/provengo_project/products/internal/artifacts/1/1/18.json","8451464492c16c0a5bc684d7c24d88b4c95de665c71c8e9f2660be91fbf13752","867"
"runs/phase4-relation-kind-campaign-seed-20261104-20260920_151302_943/provengo_project/products/internal/artifacts/1/1/180.json","0fcbf828b8c823f62d4f203ccbe81a28c66cfb7db23ee751db3453c3ec699745","1461"
"runs/phase4-relation-kind-campaign-seed-20261104-20260920_151302_943/provengo_project/products/internal/artifacts/1/1/181.txt","a67fcba7e7bdd8b59d780c8e4e445bb7648e13dce587cdf9d19c01aa4afff373","45"
"runs/phase4-relation-kind-campaign-seed-20261104-20260920_151302_943/provengo_project/products/internal/artifacts/1/1/182.txt","e0d8ed278baba0eb68198fac97932276dd5580522fc3bab224eae934e2b8f1d0","1804"
"runs/phase4-relation-kind-campaign-seed-20261104-20260920_151302_943/provengo_project/products/internal/artifacts/1/1/183.json","6aea6c877b42ee946f0ad921cfe7b89f08149c49befd54e67a002a7a766e49ae","1463"
"runs/phase4-relation-kind-campaign-seed-20261104-20260920_151302_943/provengo_project/products/internal/artifacts/1/1/184.txt","4b0072bdc19b97b954f89887ca379cfb9dd4159f0b9766a24b85d5eb1d3cf9b3","45"
"runs/phase4-relation-kind-campaign-seed-20261104-20260920_151302_943/provengo_project/products/internal/artifacts/1/1/185.txt","6e1ee680a89deee0464aa333041064b796d18bd8adcd0935aea70f61c2d00de7","1803"
"runs/phase4-relation-kind-campaign-seed-20261104-20260920_151302_943/provengo_project/products/internal/artifacts/1/1/186.json","e04a76300dc4a546393ae66eded71f0f4babefc3edd064a00bc887d270e87e0c","1462"
"runs/phase4-relation-kind-campaign-seed-20261104-20260920_151302_943/provengo_project/products/internal/artifacts/1/1/187.txt","f27a215d19710a8a438fdc13c4e7bb8a9c86d647e9e78ed115a0577fb55c2af4","45"
"runs/phase4-relation-kind-campaign-seed-20261104-20260920_151302_943/provengo_project/products/internal/artifacts/1/1/188.txt","e30011fd5f7f7e07f4564273ccfba1a0b9eb52b2e4d13228c915d51c3e97b4c1","1804"
"runs/phase4-relation-kind-campaign-seed-20261104-20260920_151302_943/provengo_project/products/internal/artifacts/1/1/189.json","8cd3fcb9db149253f16f08a7e012fd48227d434517616af1f5df6df4d939f177","1463"
"runs/phase4-relation-kind-campaign-seed-20261104-20260920_151302_943/provengo_project/products/internal/artifacts/1/1/19.txt","161dac5b6ec411a905bad953c98438b82bb88d62cfc9a3eaad9186ee60aac06a","110"
"runs/phase4-relation-kind-campaign-seed-20261104-20260920_151302_943/provengo_project/products/internal/artifacts/1/1/190.txt","1acbc8a46a2eb12dc77212450fb5100d3aeaf7caea1d3432e637011cb3945882","45"
"runs/phase4-relation-kind-campaign-seed-20261104-20260920_151302_943/provengo_project/products/internal/artifacts/1/1/191.txt","97144559fa28bb57f0842603d3f90c19ed2bdb39f2f46b457812ed897db91242","1806"
"runs/phase4-relation-kind-campaign-seed-20261104-20260920_151302_943/provengo_project/products/internal/artifacts/1/1/192.json","9bd33c2fb35f3770b9ec1efe5c1049e936959d2ae1cb59ddbf885087d322fbbd","1465"
"runs/phase4-relation-kind-campaign-seed-20261104-20260920_151302_943/provengo_project/products/internal/artifacts/1/1/193.txt","95fb48225977ab6378fe9c7884b3e884e2b005e6d64e7b54096d586c873a1e1b","45"
"runs/phase4-relation-kind-campaign-seed-20261104-20260920_151302_943/provengo_project/products/internal/artifacts/1/1/194.txt","58ef1ada82095e6546edf655c880c8f3dfffbba6e1d740971badd3a99442ca64","1808"
"runs/phase4-relation-kind-campaign-seed-20261104-20260920_151302_943/provengo_project/products/internal/artifacts/1/1/195.json","1b9ed0a86db454cb74e0259ebd63b52b527baeb8f4fc110543997cd329636551","1467"
"runs/phase4-relation-kind-campaign-seed-20261104-20260920_151302_943/provengo_project/products/internal/artifacts/1/1/196.txt","b3eb18a2eb3594f7672b3b764f9b80dcc2498b256c9a6ee74699a49c75010b76","101"
"runs/phase4-relation-kind-campaign-seed-20261104-20260920_151302_943/provengo_project/products/internal/artifacts/1/1/197.txt","ef0c4feaaaa1fbcad6d4ebfe7e78ed34f788709850d0b70114a5be1dc4dfc6d2","210"
"runs/phase4-relation-kind-campaign-seed-20261104-20260920_151302_943/provengo_project/products/internal/artifacts/1/1/198.txt","e3b0c44298fc1c149afbf4c8996fb92427ae41e4649b934ca495991b7852b855","0"
"runs/phase4-relation-kind-campaign-seed-20261104-20260920_151302_943/provengo_project/products/internal/artifacts/1/1/199.txt","e6e8a812f96cdb5860c00bc898f334a533715955f32cbfc0994548857d005892","101"
"runs/phase4-relation-kind-campaign-seed-20261104-20260920_151302_943/provengo_project/products/internal/artifacts/1/1/2.txt","963fc2d29c4f9cd08464bb9e386b42e0d5f92c8be6559205147ae142e2526641","2029"
"runs/phase4-relation-kind-campaign-seed-20261104-20260920_151302_943/provengo_project/products/internal/artifacts/1/1/20.txt","9a34eabeac34d31ffe3bc2c02f2276cce488038aca423a0025c1bcb84c8748ef","953"
"runs/phase4-relation-kind-campaign-seed-20261104-20260920_151302_943/provengo_project/products/internal/artifacts/1/1/200.txt","0d786b06c3ef1791d6a0c09e766ba290003694d8857f5b76ff3a06f0c1155883","210"
"runs/phase4-relation-kind-campaign-seed-20261104-20260920_151302_943/provengo_project/products/internal/artifacts/1/1/201.txt","e3b0c44298fc1c149afbf4c8996fb92427ae41e4649b934ca495991b7852b855","0"
"runs/phase4-relation-kind-campaign-seed-20261104-20260920_151302_943/provengo_project/products/internal/artifacts/1/1/202.txt","00cf884f5fa7eeb7805f0e1716572d5f4df26483ddd90d508ca6c6d0bc0d4d09","101"
"runs/phase4-relation-kind-campaign-seed-20261104-20260920_151302_943/provengo_project/products/internal/artifacts/1/1/203.txt","6cff7edda7fdd970679e4e2bd949fc4e798c99b90f3f77d22a83bcc3ce521620","210"
"runs/phase4-relation-kind-campaign-seed-20261104-20260920_151302_943/provengo_project/products/internal/artifacts/1/1/204.txt","e3b0c44298fc1c149afbf4c8996fb92427ae41e4649b934ca495991b7852b855","0"
"runs/phase4-relation-kind-campaign-seed-20261104-20260920_151302_943/provengo_project/products/internal/artifacts/1/1/205.txt","e635eb8916924ba5c87e8ea9a505b397fed0975b004dc2925f7c99101517441e","104"
"runs/phase4-relation-kind-campaign-seed-20261104-20260920_151302_943/provengo_project/products/internal/artifacts/1/1/206.txt","9ca26d57107b6a744a6b80858adbc8dafee0b16f97b249138cf48b5419fd3c2c","210"
"runs/phase4-relation-kind-campaign-seed-20261104-20260920_151302_943/provengo_project/products/internal/artifacts/1/1/207.txt","e3b0c44298fc1c149afbf4c8996fb92427ae41e4649b934ca495991b7852b855","0"
"runs/phase4-relation-kind-campaign-seed-20261104-20260920_151302_943/provengo_project/products/internal/artifacts/1/1/208.txt","bb2ac64a2fd8076a9841968adfff29f15227a2464ed10282fc963555039de413","104"
"runs/phase4-relation-kind-campaign-seed-20261104-20260920_151302_943/provengo_project/products/internal/artifacts/1/1/209.txt","24dd1f40870e369dba9b1b6302c338c9ac4a11f873789b6e2cd27dfbaf562319","210"
"runs/phase4-relation-kind-campaign-seed-20261104-20260920_151302_943/provengo_project/products/internal/artifacts/1/1/21.json","408062286da32aa79934b451fc49674960fbd115f2a081cb2d7cabd84097a9bf","709"
"runs/phase4-relation-kind-campaign-seed-20261104-20260920_151302_943/provengo_project/products/internal/artifacts/1/1/210.txt","e3b0c44298fc1c149afbf4c8996fb92427ae41e4649b934ca495991b7852b855","0"
"runs/phase4-relation-kind-campaign-seed-20261104-20260920_151302_943/provengo_project/products/internal/artifacts/1/1/211.txt","efc5330f40b0b12422940cc799f2f28094d9e94ced6c54821fa0544e2f56f60f","101"
"runs/phase4-relation-kind-campaign-seed-20261104-20260920_151302_943/provengo_project/products/internal/artifacts/1/1/212.txt","546e4f1cfab496b4ae783588936ea6f903a427c9ebed6449022de43162cd57a6","210"
"runs/phase4-relation-kind-campaign-seed-20261104-20260920_151302_943/provengo_project/products/internal/artifacts/1/1/213.txt","e3b0c44298fc1c149afbf4c8996fb92427ae41e4649b934ca495991b7852b855","0"
"runs/phase4-relation-kind-campaign-seed-20261104-20260920_151302_943/provengo_project/products/internal/artifacts/1/1/214.txt","04096a2916990398a027f76a296aabb9b9c051128286e8355046d53592170485","101"
"runs/phase4-relation-kind-campaign-seed-20261104-20260920_151302_943/provengo_project/products/internal/artifacts/1/1/215.txt","8d57a5ca3399d59c52ad779b621fc38fed446d8ceb68b23e46b5ca57fa53acc0","210"
"runs/phase4-relation-kind-campaign-seed-20261104-20260920_151302_943/provengo_project/products/internal/artifacts/1/1/216.txt","e3b0c44298fc1c149afbf4c8996fb92427ae41e4649b934ca495991b7852b855","0"
"runs/phase4-relation-kind-campaign-seed-20261104-20260920_151302_943/provengo_project/products/internal/artifacts/1/1/217.txt","e49890b8a3115388f1becbf2d338d44ee7e12f5bf24782295f18d9fdfd10cc9d","101"
"runs/phase4-relation-kind-campaign-seed-20261104-20260920_151302_943/provengo_project/products/internal/artifacts/1/1/218.txt","a28cca5357b0e74a6907b3f47dd9e21ddcc9bc436004b0f6887f6c3f23044b45","210"
"runs/phase4-relation-kind-campaign-seed-20261104-20260920_151302_943/provengo_project/products/internal/artifacts/1/1/219.txt","e3b0c44298fc1c149afbf4c8996fb92427ae41e4649b934ca495991b7852b855","0"
"runs/phase4-relation-kind-campaign-seed-20261104-20260920_151302_943/provengo_project/products/internal/artifacts/1/1/22.txt","6b7cc9f83f83c175a27d6329a99392a448f9a782c98745e3c087f49b41a980dc","45"
"runs/phase4-relation-kind-campaign-seed-20261104-20260920_151302_943/provengo_project/products/internal/artifacts/1/1/220.txt","c72a3bc1734b0eaf9dc7600166add80134ddc5b008deb92197d5689fe5e42164","101"
"runs/phase4-relation-kind-campaign-seed-20261104-20260920_151302_943/provengo_project/products/internal/artifacts/1/1/221.txt","641c6d8eec62104715956c3276861f842b592efa9d9ca60714a756f6e59f2d28","210"
"runs/phase4-relation-kind-campaign-seed-20261104-20260920_151302_943/provengo_project/products/internal/artifacts/1/1/222.txt","e3b0c44298fc1c149afbf4c8996fb92427ae41e4649b934ca495991b7852b855","0"
"runs/phase4-relation-kind-campaign-seed-20261104-20260920_151302_943/provengo_project/products/internal/artifacts/1/1/223.txt","65aabb43ccb5b60abce15b8d7ffc6c548f739a7c40b1004479e6379d2ca70de4","102"
"runs/phase4-relation-kind-campaign-seed-20261104-20260920_151302_943/provengo_project/products/internal/artifacts/1/1/224.txt","b03f12fc302116ef20efd5e36e53b79316211d3b46e2fae9d96b17cf5acd1086","210"
"runs/phase4-relation-kind-campaign-seed-20261104-20260920_151302_943/provengo_project/products/internal/artifacts/1/1/225.txt","e3b0c44298fc1c149afbf4c8996fb92427ae41e4649b934ca495991b7852b855","0"
"runs/phase4-relation-kind-campaign-seed-20261104-20260920_151302_943/provengo_project/products/internal/artifacts/1/1/226.txt","870256ac3b74a8fd1ddbe6adfaa5a5291580812cb777cde33bca022b05b9bf9a","102"
"runs/phase4-relation-kind-campaign-seed-20261104-20260920_151302_943/provengo_project/products/internal/artifacts/1/1/227.txt","a6ab2db61af7c45903b2bb6a1a09b38aec2267267a4bee75d0ea5a2a27225f1a","210"
"runs/phase4-relation-kind-campaign-seed-20261104-20260920_151302_943/provengo_project/products/internal/artifacts/1/1/228.txt","e3b0c44298fc1c149afbf4c8996fb92427ae41e4649b934ca495991b7852b855","0"
"runs/phase4-relation-kind-campaign-seed-20261104-20260920_151302_943/provengo_project/products/internal/artifacts/1/1/229.txt","d4d74cb4b5d71a7cf9a09f9657138dbf17c32ded687c29dccfd4ffcf0dbe8e0b","45"
"runs/phase4-relation-kind-campaign-seed-20261104-20260920_151302_943/provengo_project/products/internal/artifacts/1/1/23.txt","fb8fb9bf4a63e213c6ad2ac31d5aa4aa548a944a5f465edea94a5efdc6a013f5","1207"
"runs/phase4-relation-kind-campaign-seed-20261104-20260920_151302_943/provengo_project/products/internal/artifacts/1/1/230.txt","bc628de3efa380b49751e140470973a7370bf6a963b3e23e372b87ac91847287","1206"
"runs/phase4-relation-kind-campaign-seed-20261104-20260920_151302_943/provengo_project/products/internal/artifacts/1/1/231.json","75432c441ff427ecfb4621e7736234c481e7d73f1819ce60a7256d0c5377e189","866"
"runs/phase4-relation-kind-campaign-seed-20261104-20260920_151302_943/provengo_project/products/internal/artifacts/1/1/232.txt","ff3c4daea6a5392757fbef66f27317b1f94ea7c1b7075bafc58867f75408729f","45"
"runs/phase4-relation-kind-campaign-seed-20261104-20260920_151302_943/provengo_project/products/internal/artifacts/1/1/233.txt","698bc20c7ff273b1df436e091403b35292d6505df85dcf7edfd383b61a6c5c34","1207"
"runs/phase4-relation-kind-campaign-seed-20261104-20260920_151302_943/provengo_project/products/internal/artifacts/1/1/234.json","8451464492c16c0a5bc684d7c24d88b4c95de665c71c8e9f2660be91fbf13752","867"
"runs/phase4-relation-kind-campaign-seed-20261104-20260920_151302_943/provengo_project/products/internal/artifacts/1/1/235.txt","6b7cc9f83f83c175a27d6329a99392a448f9a782c98745e3c087f49b41a980dc","45"
"runs/phase4-relation-kind-campaign-seed-20261104-20260920_151302_943/provengo_project/products/internal/artifacts/1/1/236.txt","8e020f4992a13bda0610d72abbc61e7ceba01a5dc563cd1adee713f4212d5e7a","1207"
"runs/phase4-relation-kind-campaign-seed-20261104-20260920_151302_943/provengo_project/products/internal/artifacts/1/1/237.json","72ddd5e912eeba761b8ac91a7aa91a81bdb8c5156d0c1209239abbb198608639","867"
"runs/phase4-relation-kind-campaign-seed-20261104-20260920_151302_943/provengo_project/products/internal/artifacts/1/1/238.txt","ff4dcc5a8a853ab7621f0a54211a80385aac05a0909616bfbb059897bd4f5c1a","45"
"runs/phase4-relation-kind-campaign-seed-20261104-20260920_151302_943/provengo_project/products/internal/artifacts/1/1/239.txt","62db45d34817ad00e2f9bf64f393ef6eb1da129118b232b72829aa069986ab4a","1206"
"runs/phase4-relation-kind-campaign-seed-20261104-20260920_151302_943/provengo_project/products/internal/artifacts/1/1/24.json","201ac8c88ed43b929a2b13d0f1f1d87a43b5a39e26ec9751292c68e659850d19","867"
"runs/phase4-relation-kind-campaign-seed-20261104-20260920_151302_943/provengo_project/products/internal/artifacts/1/1/240.json","961ecc6161c5b6d8dfe7131183e76a85bcf789d1db42a8aeb1729defedd3f2c7","866"
"runs/phase4-relation-kind-campaign-seed-20261104-20260920_151302_943/provengo_project/products/internal/artifacts/1/1/241.txt","7aa53dbae96efe2517318606e7749f7ef08e5974b9f7dd13aba5dbc521f839cf","45"
"runs/phase4-relation-kind-campaign-seed-20261104-20260920_151302_943/provengo_project/products/internal/artifacts/1/1/242.txt","d03fc73801ae8b2a902e23686d674f57e3b31473658a3e8f1b9cbd38c8ca06a0","1207"
"runs/phase4-relation-kind-campaign-seed-20261104-20260920_151302_943/provengo_project/products/internal/artifacts/1/1/243.json","d3a9d4c820401bb4949898d1e800bcb4403775ee3f503bc53debbd66755126bb","867"
"runs/phase4-relation-kind-campaign-seed-20261104-20260920_151302_943/provengo_project/products/internal/artifacts/1/1/244.txt","7e8e63aedfaa4079ec97ba706c4f948090134fb3f705d49c9fb56961d2e130dd","45"
"runs/phase4-relation-kind-campaign-seed-20261104-20260920_151302_943/provengo_project/products/internal/artifacts/1/1/245.txt","72f9679543e423739a43f708b745daa5fd7dabfcaa0ebae8646151bb042f6b91","1207"
"runs/phase4-relation-kind-campaign-seed-20261104-20260920_151302_943/provengo_project/products/internal/artifacts/1/1/246.json","c0356aeeafaef657ff98f2e7b5f5f140db8ec762746e14052d4db8167ad1f5ab","867"
"runs/phase4-relation-kind-campaign-seed-20261104-20260920_151302_943/provengo_project/products/internal/artifacts/1/1/247.txt","bc7b6af79edae3757e37ae256d9964f8d88c0c894212a385fb8f885bbb355eea","45"
"runs/phase4-relation-kind-campaign-seed-20261104-20260920_151302_943/provengo_project/products/internal/artifacts/1/1/248.txt","d162c6c5e8550478d695ac9a6cf5475bbec4814e812177a8f4402d89a61ec49f","1206"
"runs/phase4-relation-kind-campaign-seed-20261104-20260920_151302_943/provengo_project/products/internal/artifacts/1/1/249.json","0634ba23cb14e4d852b3d35503ff98ea917670ea0e9d59d97f40a6a1b21cae72","866"
"runs/phase4-relation-kind-campaign-seed-20261104-20260920_151302_943/provengo_project/products/internal/artifacts/1/1/25.txt","17d16f89a66a69430a11255c9efd6b5632d924ca3c15b7b6b350f2457f088dc3","110"
"runs/phase4-relation-kind-campaign-seed-20261104-20260920_151302_943/provengo_project/products/internal/artifacts/1/1/250.txt","a67fcba7e7bdd8b59d780c8e4e445bb7648e13dce587cdf9d19c01aa4afff373","45"
"runs/phase4-relation-kind-campaign-seed-20261104-20260920_151302_943/provengo_project/products/internal/artifacts/1/1/251.txt","2d597dafdc0c6136e6f06242aa32a178362bf9330ca97385b0c285a81ca5ee5b","1207"
"runs/phase4-relation-kind-campaign-seed-20261104-20260920_151302_943/provengo_project/products/internal/artifacts/1/1/252.json","60d14b580bdf90876ab7f2cfb0c69e49375e5afc9084f3d6188f5cb9eb50a9a9","867"
"runs/phase4-relation-kind-campaign-seed-20261104-20260920_151302_943/provengo_project/products/internal/artifacts/1/1/253.txt","4b0072bdc19b97b954f89887ca379cfb9dd4159f0b9766a24b85d5eb1d3cf9b3","45"
"runs/phase4-relation-kind-campaign-seed-20261104-20260920_151302_943/provengo_project/products/internal/artifacts/1/1/254.txt","c6305ccf383affd6381dcb701585e59a4095d4b27182f25c15b21b3a872248ee","1207"
"runs/phase4-relation-kind-campaign-seed-20261104-20260920_151302_943/provengo_project/products/internal/artifacts/1/1/255.json","b54c468c11830c8987276f814b59aefc7e11fc6fa332bb7abdad4e19fe81516b","867"
"runs/phase4-relation-kind-campaign-seed-20261104-20260920_151302_943/provengo_project/products/internal/artifacts/1/1/256.txt","f27a215d19710a8a438fdc13c4e7bb8a9c86d647e9e78ed115a0577fb55c2af4","45"
"runs/phase4-relation-kind-campaign-seed-20261104-20260920_151302_943/provengo_project/products/internal/artifacts/1/1/257.txt","d03ea8ff0852de89b586c9e3a1d11bb95fa7996ff0cc187b9c735db42d483a2a","1207"
"runs/phase4-relation-kind-campaign-seed-20261104-20260920_151302_943/provengo_project/products/internal/artifacts/1/1/258.json","b0c84403192442cddfe1f3cebd31d969adf21ec02ab328f824cc5e6d381b2e18","867"
"runs/phase4-relation-kind-campaign-seed-20261104-20260920_151302_943/provengo_project/products/internal/artifacts/1/1/259.txt","1acbc8a46a2eb12dc77212450fb5100d3aeaf7caea1d3432e637011cb3945882","45"
"runs/phase4-relation-kind-campaign-seed-20261104-20260920_151302_943/provengo_project/products/internal/artifacts/1/1/26.txt","2a3e145e691b37d9cceb2d1956f82f65e8613d2e03b68414da206d131099f092","953"
"runs/phase4-relation-kind-campaign-seed-20261104-20260920_151302_943/provengo_project/products/internal/artifacts/1/1/260.txt","1d199b36e5c8b0617a1a24d08a23ae8c6e6823b278075ae5c2e9fbecb6bff2e7","1209"
"runs/phase4-relation-kind-campaign-seed-20261104-20260920_151302_943/provengo_project/products/internal/artifacts/1/1/261.json","ee4bf3581271a8df03f52490b3a0748efac44124e95fb3e58a1640cf59d10e5b","869"
"runs/phase4-relation-kind-campaign-seed-20261104-20260920_151302_943/provengo_project/products/internal/artifacts/1/1/262.txt","95fb48225977ab6378fe9c7884b3e884e2b005e6d64e7b54096d586c873a1e1b","45"
"runs/phase4-relation-kind-campaign-seed-20261104-20260920_151302_943/provengo_project/products/internal/artifacts/1/1/263.txt","3e7da2b0f44622eca4f1317b17feb66983c0958c3a58ed17dba73b0bbe14d191","1209"
"runs/phase4-relation-kind-campaign-seed-20261104-20260920_151302_943/provengo_project/products/internal/artifacts/1/1/264.json","c01187e760d3473e7e1b46b93e1b67fd64a75d1ce5d61c263d8b920937fdbc06","869"
"runs/phase4-relation-kind-campaign-seed-20261104-20260920_151302_943/provengo_project/products/internal/artifacts/1/1/265.txt","185e40dc59abdf636cff4fe024a2ef9e8fccebc4e1d104e411e9b9a9145c9931","134"
"runs/phase4-relation-kind-campaign-seed-20261104-20260920_151302_943/provengo_project/products/internal/artifacts/1/1/266.txt","2cbd10e3c0382fc7c1415c51bcd43c5e314470e8d87265c2627cfac6c6fc6d65","469"
"runs/phase4-relation-kind-campaign-seed-20261104-20260920_151302_943/provengo_project/products/internal/artifacts/1/1/267.json","8e5dd93987857f085c2c8692ac3e5e4649104d7c244dbb7a0229cb27f3321a7b","225"
"runs/phase4-relation-kind-campaign-seed-20261104-20260920_151302_943/provengo_project/products/internal/artifacts/1/1/268.txt","8eeb7ca168eee58315b881535c449c86abf026e32fb76f857396a0ac00619dad","134"
"runs/phase4-relation-kind-campaign-seed-20261104-20260920_151302_943/provengo_project/products/internal/artifacts/1/1/269.txt","764c2693291d5bb71fc28c0accf173580070439f0f8c56bb2701c45ee547b745","469"
"runs/phase4-relation-kind-campaign-seed-20261104-20260920_151302_943/provengo_project/products/internal/artifacts/1/1/27.json","7d25833ffca2a9daa1448d06545861261b24ea6b2d386bb12d311583543c5822","709"
"runs/phase4-relation-kind-campaign-seed-20261104-20260920_151302_943/provengo_project/products/internal/artifacts/1/1/270.json","be709ddd5da343c779354b80c213f430c69772a55cb159364ef05280467a5915","225"
"runs/phase4-relation-kind-campaign-seed-20261104-20260920_151302_943/provengo_project/products/internal/artifacts/1/1/271.txt","90f99aba61e22c07246499980f50ca8c9da57e7c565dc09532905f2dd46e19af","137"
"runs/phase4-relation-kind-campaign-seed-20261104-20260920_151302_943/provengo_project/products/internal/artifacts/1/1/272.txt","8aebfc1700ee55d43d25dcddf9b57abc0635ff11807da579444bd48b77c75526","472"
"runs/phase4-relation-kind-campaign-seed-20261104-20260920_151302_943/provengo_project/products/internal/artifacts/1/1/273.json","1d050c73dcbaa1ed52f6751e9791fd48abf4265ea7b26c69e85d3c65befa5379","228"
"runs/phase4-relation-kind-campaign-seed-20261104-20260920_151302_943/provengo_project/products/internal/artifacts/1/1/274.txt","856f446aa7aebb56bed25f3bbaf674e3c330d25ca972fe83fd4a35164c117254","134"
"runs/phase4-relation-kind-campaign-seed-20261104-20260920_151302_943/provengo_project/products/internal/artifacts/1/1/275.txt","9d5c5fa1f8ccac0177a612f97d6c3cf8236ded7bcf7cadbf90879639ab66d941","469"
"runs/phase4-relation-kind-campaign-seed-20261104-20260920_151302_943/provengo_project/products/internal/artifacts/1/1/276.json","ae687f8e7556dfc1062d25f5c24966bb706d66d63d4760c0f1c1bb168828e121","225"
"runs/phase4-relation-kind-campaign-seed-20261104-20260920_151302_943/provengo_project/products/internal/artifacts/1/1/277.txt","3e50776e96fd3925d6891f9a21f69542d00bd8c4c6c038019b2380f64ea14d47","134"
"runs/phase4-relation-kind-campaign-seed-20261104-20260920_151302_943/provengo_project/products/internal/artifacts/1/1/278.txt","de016ef8893c4971cfc5da45ffa4dca499ac7d25a3ccbdcb4e09f5bcd43c7c30","469"
"runs/phase4-relation-kind-campaign-seed-20261104-20260920_151302_943/provengo_project/products/internal/artifacts/1/1/279.json","edd3d60d4fdedd1d0f24a2fe03012bc25358233b08bb97d0133a6482d69d674e","225"
"runs/phase4-relation-kind-campaign-seed-20261104-20260920_151302_943/provengo_project/products/internal/artifacts/1/1/28.txt","ff4dcc5a8a853ab7621f0a54211a80385aac05a0909616bfbb059897bd4f5c1a","45"
"runs/phase4-relation-kind-campaign-seed-20261104-20260920_151302_943/provengo_project/products/internal/artifacts/1/1/280.txt","ff1dd6ec20dd2c08cd3c78107697bf70c96777926b9284b8759fed8cad0aa035","135"
"runs/phase4-relation-kind-campaign-seed-20261104-20260920_151302_943/provengo_project/products/internal/artifacts/1/1/281.txt","552c322a28b2be82be31162f3906d71c22323ab6cabb8591a3a09e44a7ec5c0d","470"
"runs/phase4-relation-kind-campaign-seed-20261104-20260920_151302_943/provengo_project/products/internal/artifacts/1/1/282.json","798af0dbcdccb06ddf536424e8d0f90beb8d31535b107e450692f6db7aff2df5","226"
"runs/phase4-relation-kind-campaign-seed-20261104-20260920_151302_943/provengo_project/products/internal/artifacts/1/1/283.txt","72114626a8de532bcb6ce7331b956518326484993600cc98b596bf5523c7dac7","80"
"runs/phase4-relation-kind-campaign-seed-20261104-20260920_151302_943/provengo_project/products/internal/artifacts/1/1/284.txt","53c52ad650905cf93f1009afc893754f0c802c7438572def7775b9a100324974","210"
"runs/phase4-relation-kind-campaign-seed-20261104-20260920_151302_943/provengo_project/products/internal/artifacts/1/1/285.txt","e3b0c44298fc1c149afbf4c8996fb92427ae41e4649b934ca495991b7852b855","0"
"runs/phase4-relation-kind-campaign-seed-20261104-20260920_151302_943/provengo_project/products/internal/artifacts/1/1/286.txt","d4d74cb4b5d71a7cf9a09f9657138dbf17c32ded687c29dccfd4ffcf0dbe8e0b","45"
"runs/phase4-relation-kind-campaign-seed-20261104-20260920_151302_943/provengo_project/products/internal/artifacts/1/1/287.txt","ff638a6f803ff42348a004fe50a032a7de644e175204a1335dbc42b7d7f9143b","4194"
"runs/phase4-relation-kind-campaign-seed-20261104-20260920_151302_943/provengo_project/products/internal/artifacts/1/1/288.json","ee6073be9502bfdb95f17839266dfe2a255405d9f685a34f1bf84b2dea43be97","3853"
"runs/phase4-relation-kind-campaign-seed-20261104-20260920_151302_943/provengo_project/products/internal/artifacts/1/1/289.txt","0577d88971e69107454bf4d1f27f4d1e75b1045557648573ce4cc18b6c494116","80"
"runs/phase4-relation-kind-campaign-seed-20261104-20260920_151302_943/provengo_project/products/internal/artifacts/1/1/29.txt","a7298981f09efadce801ce8a2f5349d9638485cad59b2adeac4bcb464440f0a0","1207"
"runs/phase4-relation-kind-campaign-seed-20261104-20260920_151302_943/provengo_project/products/internal/artifacts/1/1/290.txt","b9c49e6f29e58930153de1a3a93fa1eee4ae382dba72624e778c8d91c4c5526d","210"
"runs/phase4-relation-kind-campaign-seed-20261104-20260920_151302_943/provengo_project/products/internal/artifacts/1/1/291.txt","e3b0c44298fc1c149afbf4c8996fb92427ae41e4649b934ca495991b7852b855","0"
"runs/phase4-relation-kind-campaign-seed-20261104-20260920_151302_943/provengo_project/products/internal/artifacts/1/1/292.txt","d4d74cb4b5d71a7cf9a09f9657138dbf17c32ded687c29dccfd4ffcf0dbe8e0b","45"
"runs/phase4-relation-kind-campaign-seed-20261104-20260920_151302_943/provengo_project/products/internal/artifacts/1/1/293.txt","ec8178d302ae7b78aa569fddc845de25a1343681eed772c8b8b94fe6acf608c7","3598"
"runs/phase4-relation-kind-campaign-seed-20261104-20260920_151302_943/provengo_project/products/internal/artifacts/1/1/294.json","da8d08a6b356285ee17417fab4180f1a16dd19674ccff4002e39cf06d434afed","3257"
"runs/phase4-relation-kind-campaign-seed-20261104-20260920_151302_943/provengo_project/products/internal/artifacts/1/1/295.txt","f9ac38798a2d1002190d71e411c714ed3f3401b711d636bb5777f3b5c3c6dc7d","80"
"runs/phase4-relation-kind-campaign-seed-20261104-20260920_151302_943/provengo_project/products/internal/artifacts/1/1/296.txt","23fae8109282ac6f849b936e0ee22046739484904e3829d16d94d1601c691e71","210"
"runs/phase4-relation-kind-campaign-seed-20261104-20260920_151302_943/provengo_project/products/internal/artifacts/1/1/297.txt","e3b0c44298fc1c149afbf4c8996fb92427ae41e4649b934ca495991b7852b855","0"
"runs/phase4-relation-kind-campaign-seed-20261104-20260920_151302_943/provengo_project/products/internal/artifacts/1/1/298.txt","d4d74cb4b5d71a7cf9a09f9657138dbf17c32ded687c29dccfd4ffcf0dbe8e0b","45"
"runs/phase4-relation-kind-campaign-seed-20261104-20260920_151302_943/provengo_project/products/internal/artifacts/1/1/299.txt","0a21b807b04d4a9e89c54e711b1c71cffbd4735e37a41009ab851235b100e27f","2998"
"runs/phase4-relation-kind-campaign-seed-20261104-20260920_151302_943/provengo_project/products/internal/artifacts/1/1/3.json","40047fdef5b05860d1c2df7ca7965d7c83cc11be09a1b601f45582b1e6bac53a","1727"
"runs/phase4-relation-kind-campaign-seed-20261104-20260920_151302_943/provengo_project/products/internal/artifacts/1/1/30.json","6645011e57d8a970868f25289c87726e72445bf2c6a87e9aea469bacf9b9f1e9","867"
"runs/phase4-relation-kind-campaign-seed-20261104-20260920_151302_943/provengo_project/products/internal/artifacts/1/1/300.json","06ce7d8a06f08f28846c5d2c6697b987fc067b668e69379e64b7d589f07fb69f","2657"
"runs/phase4-relation-kind-campaign-seed-20261104-20260920_151302_943/provengo_project/products/internal/artifacts/1/1/301.txt","8258d07722fa55e2fc6545f4d702ea36159763c8d5b2abee981f5d7417dc5abf","80"
"runs/phase4-relation-kind-campaign-seed-20261104-20260920_151302_943/provengo_project/products/internal/artifacts/1/1/302.txt","fa2d50b614e89c97f498fdd7888a52c5cbeb761e50529596a664e8b4ed2ab1d1","210"
"runs/phase4-relation-kind-campaign-seed-20261104-20260920_151302_943/provengo_project/products/internal/artifacts/1/1/303.txt","e3b0c44298fc1c149afbf4c8996fb92427ae41e4649b934ca495991b7852b855","0"
"runs/phase4-relation-kind-campaign-seed-20261104-20260920_151302_943/provengo_project/products/internal/artifacts/1/1/304.txt","d4d74cb4b5d71a7cf9a09f9657138dbf17c32ded687c29dccfd4ffcf0dbe8e0b","45"
"runs/phase4-relation-kind-campaign-seed-20261104-20260920_151302_943/provengo_project/products/internal/artifacts/1/1/305.txt","5a005c05d8da3abb1995b831088d7aa9206df55deaf71c798d079f23f9970f26","2401"
"runs/phase4-relation-kind-campaign-seed-20261104-20260920_151302_943/provengo_project/products/internal/artifacts/1/1/306.json","a877d50ade9a5bc127b15c5adf9ef71abdf81b46b186d4ba2bfcc9d5d6217356","2060"
"runs/phase4-relation-kind-campaign-seed-20261104-20260920_151302_943/provengo_project/products/internal/artifacts/1/1/307.txt","f2e14961f9db53616b85f043094881a16c132a4407f71d0e533339de7d712f93","80"
"runs/phase4-relation-kind-campaign-seed-20261104-20260920_151302_943/provengo_project/products/internal/artifacts/1/1/308.txt","d883da6a743a3473da87bf4e306cc400346fb7af9e160b83acb90a7e3ce404ff","210"
"runs/phase4-relation-kind-campaign-seed-20261104-20260920_151302_943/provengo_project/products/internal/artifacts/1/1/309.txt","e3b0c44298fc1c149afbf4c8996fb92427ae41e4649b934ca495991b7852b855","0"
"runs/phase4-relation-kind-campaign-seed-20261104-20260920_151302_943/provengo_project/products/internal/artifacts/1/1/31.txt","e289b21ede6660fd456669a3fb4e9327ddc29a23411d2043c246e832b858fff6","110"
"runs/phase4-relation-kind-campaign-seed-20261104-20260920_151302_943/provengo_project/products/internal/artifacts/1/1/310.txt","d4d74cb4b5d71a7cf9a09f9657138dbf17c32ded687c29dccfd4ffcf0dbe8e0b","45"
"runs/phase4-relation-kind-campaign-seed-20261104-20260920_151302_943/provengo_project/products/internal/artifacts/1/1/311.txt","6e3608d60e86794a3fe4eed116af757d2be4e3a399b33a16d3740cbd1bc995f7","1805"
"runs/phase4-relation-kind-campaign-seed-20261104-20260920_151302_943/provengo_project/products/internal/artifacts/1/1/312.json","922d2e03be965114391fb0e9e536def2f5bd0a292ce164642fb2a134b5763967","1464"
"runs/phase4-relation-kind-campaign-seed-20261104-20260920_151302_943/provengo_project/products/internal/artifacts/1/1/313.txt","c36cfa195da9602347416347ed4866f607b0734403c66b4ce4046ebcf9ea0387","80"
"runs/phase4-relation-kind-campaign-seed-20261104-20260920_151302_943/provengo_project/products/internal/artifacts/1/1/314.txt","d5337fee125c3b206ca6156c9a88d5ce7dd0b9b4e5b9fff98705782df0621588","210"
"runs/phase4-relation-kind-campaign-seed-20261104-20260920_151302_943/provengo_project/products/internal/artifacts/1/1/315.txt","e3b0c44298fc1c149afbf4c8996fb92427ae41e4649b934ca495991b7852b855","0"
"runs/phase4-relation-kind-campaign-seed-20261104-20260920_151302_943/provengo_project/products/internal/artifacts/1/1/316.txt","d4d74cb4b5d71a7cf9a09f9657138dbf17c32ded687c29dccfd4ffcf0dbe8e0b","45"
"runs/phase4-relation-kind-campaign-seed-20261104-20260920_151302_943/provengo_project/products/internal/artifacts/1/1/317.txt","2496cbace9eea558047fc80df14439a7e827667246f737fe84c2bb2ece2c122c","1206"
"runs/phase4-relation-kind-campaign-seed-20261104-20260920_151302_943/provengo_project/products/internal/artifacts/1/1/318.json","bd8a98ab274a69123fd2dcd81778794a99de31ca4853e0080c7b9a09adad33ba","866"
"runs/phase4-relation-kind-campaign-seed-20261104-20260920_151302_943/provengo_project/products/internal/artifacts/1/1/319.txt","230dee068e51d50f50b0ba5579da379820a2fa3b139d16ad6208f782fba85391","80"
"runs/phase4-relation-kind-campaign-seed-20261104-20260920_151302_943/provengo_project/products/internal/artifacts/1/1/32.txt","a37eae974acbc34c0d799c7529851412fccb8a85611d8658b19c50d6f19d476e","953"
"runs/phase4-relation-kind-campaign-seed-20261104-20260920_151302_943/provengo_project/products/internal/artifacts/1/1/320.txt","cc89bc8511d02eb6409215b6047acc828d60a29f54a3d1084786488e3a9a489d","210"
"runs/phase4-relation-kind-campaign-seed-20261104-20260920_151302_943/provengo_project/products/internal/artifacts/1/1/321.txt","e3b0c44298fc1c149afbf4c8996fb92427ae41e4649b934ca495991b7852b855","0"
"runs/phase4-relation-kind-campaign-seed-20261104-20260920_151302_943/provengo_project/products/internal/artifacts/1/1/322.txt","2bd609ef6bd2b732c7055cd88a2d3bed36aab1e00af7b0d8e644208aa651cf24","80"
"runs/phase4-relation-kind-campaign-seed-20261104-20260920_151302_943/provengo_project/products/internal/artifacts/1/1/323.txt","3929ba063733266e251629beaf23a53459787dc460bb099dba0701b7da68f855","210"
"runs/phase4-relation-kind-campaign-seed-20261104-20260920_151302_943/provengo_project/products/internal/artifacts/1/1/324.txt","e3b0c44298fc1c149afbf4c8996fb92427ae41e4649b934ca495991b7852b855","0"
"runs/phase4-relation-kind-campaign-seed-20261104-20260920_151302_943/provengo_project/products/internal/artifacts/1/1/325.txt","e07f3ecd16852c9738704b421bf90cf666c6869d379a77185dd2f3fc217acd92","80"
"runs/phase4-relation-kind-campaign-seed-20261104-20260920_151302_943/provengo_project/products/internal/artifacts/1/1/326.txt","f15b2d293538461d0f71366ff4dbc4cf46991aa2b1020cea208d4f5faa515a5c","210"
"runs/phase4-relation-kind-campaign-seed-20261104-20260920_151302_943/provengo_project/products/internal/artifacts/1/1/327.txt","e3b0c44298fc1c149afbf4c8996fb92427ae41e4649b934ca495991b7852b855","0"
"runs/phase4-relation-kind-campaign-seed-20261104-20260920_151302_943/provengo_project/products/internal/artifacts/1/1/328.txt","28c9ed191b51d9910ce71c20500f02750a8323b63754c02ad6560784385ec36f","80"
"runs/phase4-relation-kind-campaign-seed-20261104-20260920_151302_943/provengo_project/products/internal/artifacts/1/1/329.txt","61a5916a8d30243d7fb4a65e519d957961e98272ff78c47aadf39dd86c6e2c9c","210"
"runs/phase4-relation-kind-campaign-seed-20261104-20260920_151302_943/provengo_project/products/internal/artifacts/1/1/33.json","abe2edb273aaa6ba16373f6197f8e60313264fdbee0833dd071dc17f76f4a605","709"
"runs/phase4-relation-kind-campaign-seed-20261104-20260920_151302_943/provengo_project/products/internal/artifacts/1/1/330.txt","e3b0c44298fc1c149afbf4c8996fb92427ae41e4649b934ca495991b7852b855","0"
"runs/phase4-relation-kind-campaign-seed-20261104-20260920_151302_943/provengo_project/products/internal/artifacts/1/1/331.txt","97e1d577741d81f03b6b02bf50cac97ede593422b58ac4a512f31d13bde73e0a","80"
"runs/phase4-relation-kind-campaign-seed-20261104-20260920_151302_943/provengo_project/products/internal/artifacts/1/1/332.txt","e83f67dc9c1b3adf951e027eb112c0827781bef2cc9c1f2c5fe39d97cc83be40","210"
"runs/phase4-relation-kind-campaign-seed-20261104-20260920_151302_943/provengo_project/products/internal/artifacts/1/1/333.txt","e3b0c44298fc1c149afbf4c8996fb92427ae41e4649b934ca495991b7852b855","0"
"runs/phase4-relation-kind-campaign-seed-20261104-20260920_151302_943/provengo_project/products/internal/artifacts/1/1/334.txt","400823d7431ad3a0e34f24535e6eea7ceb834ec359e5ad9bbb0d16ba00002df7","80"
"runs/phase4-relation-kind-campaign-seed-20261104-20260920_151302_943/provengo_project/products/internal/artifacts/1/1/335.txt","a1c1871dc1a043cf972de07d90ed8d7acb261e150f94c21fc185256c6da0c74a","210"
"runs/phase4-relation-kind-campaign-seed-20261104-20260920_151302_943/provengo_project/products/internal/artifacts/1/1/336.txt","e3b0c44298fc1c149afbf4c8996fb92427ae41e4649b934ca495991b7852b855","0"
"runs/phase4-relation-kind-campaign-seed-20261104-20260920_151302_943/provengo_project/products/internal/artifacts/1/1/337.txt","64d21e40ade72d4dd2200da39a626a3d25fdbadd6182e1e5745c47d50517d92e","83"
"runs/phase4-relation-kind-campaign-seed-20261104-20260920_151302_943/provengo_project/products/internal/artifacts/1/1/338.txt","d2464f75abd7159e81c3ca98c07faaea328783c88d41fe43897fa688921b7ae3","210"
"runs/phase4-relation-kind-campaign-seed-20261104-20260920_151302_943/provengo_project/products/internal/artifacts/1/1/339.txt","e3b0c44298fc1c149afbf4c8996fb92427ae41e4649b934ca495991b7852b855","0"
"runs/phase4-relation-kind-campaign-seed-20261104-20260920_151302_943/provengo_project/products/internal/artifacts/1/1/34.txt","7aa53dbae96efe2517318606e7749f7ef08e5974b9f7dd13aba5dbc521f839cf","45"
"runs/phase4-relation-kind-campaign-seed-20261104-20260920_151302_943/provengo_project/products/internal/artifacts/1/1/35.txt","8f8f790539119ec3a53e944c7938f77537c31675da89b80429c835484655d6d5","1207"
"runs/phase4-relation-kind-campaign-seed-20261104-20260920_151302_943/provengo_project/products/internal/artifacts/1/1/36.json","039a562b2d5cc46959a69af9c79cd6c10dcac571580fc794200596bc43c6424c","867"
"runs/phase4-relation-kind-campaign-seed-20261104-20260920_151302_943/provengo_project/products/internal/artifacts/1/1/37.txt","2a0d71faf31f79e5c4143c72634c189f873f9b27cc88bf9e6778d3dc9d66736b","110"
"runs/phase4-relation-kind-campaign-seed-20261104-20260920_151302_943/provengo_project/products/internal/artifacts/1/1/38.txt","b44aab2e068abe90af65a54209d62dc3adc3e30234cc268194f14b23bfea550d","953"
"runs/phase4-relation-kind-campaign-seed-20261104-20260920_151302_943/provengo_project/products/internal/artifacts/1/1/39.json","0ee64bb175483dbbee8cc2d2e92e65501068490fdc07b30aa1f08e9760501e28","709"
"runs/phase4-relation-kind-campaign-seed-20261104-20260920_151302_943/provengo_project/products/internal/artifacts/1/1/4.txt","bcded7bcf6dcee0082789365ebd9e26de4693396a1f0cb61542a8bf069c256e9","80"
"runs/phase4-relation-kind-campaign-seed-20261104-20260920_151302_943/provengo_project/products/internal/artifacts/1/1/40.txt","7e8e63aedfaa4079ec97ba706c4f948090134fb3f705d49c9fb56961d2e130dd","45"
"runs/phase4-relation-kind-campaign-seed-20261104-20260920_151302_943/provengo_project/products/internal/artifacts/1/1/41.txt","d81d74e84f27d68db76b9467e95080bb655ac67d10f9807500a14f83e659573a","1207"
"runs/phase4-relation-kind-campaign-seed-20261104-20260920_151302_943/provengo_project/products/internal/artifacts/1/1/42.json","c0356aeeafaef657ff98f2e7b5f5f140db8ec762746e14052d4db8167ad1f5ab","867"
"runs/phase4-relation-kind-campaign-seed-20261104-20260920_151302_943/provengo_project/products/internal/artifacts/1/1/43.txt","c135dc323b81419fb24e5dd8f331de162745d15a38c6aef011917ce9cf6b79a0","110"
"runs/phase4-relation-kind-campaign-seed-20261104-20260920_151302_943/provengo_project/products/internal/artifacts/1/1/44.txt","f39b42655a5eba693d1c29150c1a932bf695e0ce0b6b00e5d0f0c1d2a785496f","953"
"runs/phase4-relation-kind-campaign-seed-20261104-20260920_151302_943/provengo_project/products/internal/artifacts/1/1/45.json","ffbda8bed52ee62ded45adf71670e1f10ee7dc68ad0b437808688407ce8a06a7","709"
"runs/phase4-relation-kind-campaign-seed-20261104-20260920_151302_943/provengo_project/products/internal/artifacts/1/1/46.txt","bc7b6af79edae3757e37ae256d9964f8d88c0c894212a385fb8f885bbb355eea","45"
"runs/phase4-relation-kind-campaign-seed-20261104-20260920_151302_943/provengo_project/products/internal/artifacts/1/1/47.txt","4567ef4098092f7bfca72935ea3ab762f0b66875e07e8c428fb1cd285ca15fa6","1207"
"runs/phase4-relation-kind-campaign-seed-20261104-20260920_151302_943/provengo_project/products/internal/artifacts/1/1/48.json","75565e5daaf3271a174d38d8cd89c692221e03395ac472c40c6c5ada3b349825","867"
"runs/phase4-relation-kind-campaign-seed-20261104-20260920_151302_943/provengo_project/products/internal/artifacts/1/1/49.txt","0a70134a9159dbcc2c0b3711c475bad7af3471c01ec718bf94a298ab62becd6d","110"
"runs/phase4-relation-kind-campaign-seed-20261104-20260920_151302_943/provengo_project/products/internal/artifacts/1/1/5.txt","9728df0e33b581af1ca9c4f636a749424e203fc90c364ba2a918933083ac8ae5","1945"
"runs/phase4-relation-kind-campaign-seed-20261104-20260920_151302_943/provengo_project/products/internal/artifacts/1/1/50.txt","ece45a366f2533b01d0bd50cec9a48ead463b844d9e77b4afd2289cd4b83eb3e","953"
"runs/phase4-relation-kind-campaign-seed-20261104-20260920_151302_943/provengo_project/products/internal/artifacts/1/1/51.json","814e96dbf5469cb1cc201875b986d051719fd5d95f44e3fe9e5de3f63b2064fe","709"
"runs/phase4-relation-kind-campaign-seed-20261104-20260920_151302_943/provengo_project/products/internal/artifacts/1/1/52.txt","a67fcba7e7bdd8b59d780c8e4e445bb7648e13dce587cdf9d19c01aa4afff373","45"
"runs/phase4-relation-kind-campaign-seed-20261104-20260920_151302_943/provengo_project/products/internal/artifacts/1/1/53.txt","0f2144ccd6ca8143aed4de07ab8fddfc38b6e7738627af4a6b8a6f06c9a45b3d","1207"
"runs/phase4-relation-kind-campaign-seed-20261104-20260920_151302_943/provengo_project/products/internal/artifacts/1/1/54.json","60d14b580bdf90876ab7f2cfb0c69e49375e5afc9084f3d6188f5cb9eb50a9a9","867"
"runs/phase4-relation-kind-campaign-seed-20261104-20260920_151302_943/provengo_project/products/internal/artifacts/1/1/55.txt","b89c901a16e39588f7fc70fb8bb890eb514e4bfcec9a4ca7ff867f168462beb3","110"
"runs/phase4-relation-kind-campaign-seed-20261104-20260920_151302_943/provengo_project/products/internal/artifacts/1/1/56.txt","2693c7f1ba6f38608065a27ae1af3bbd848a04c667c2fd666a52e8e85f087722","953"
"runs/phase4-relation-kind-campaign-seed-20261104-20260920_151302_943/provengo_project/products/internal/artifacts/1/1/57.json","1b1c06e44ff7298003202eec5020095511b03548075f8b5f4f15d351268c6fee","709"
"runs/phase4-relation-kind-campaign-seed-20261104-20260920_151302_943/provengo_project/products/internal/artifacts/1/1/58.txt","4b0072bdc19b97b954f89887ca379cfb9dd4159f0b9766a24b85d5eb1d3cf9b3","45"
"runs/phase4-relation-kind-campaign-seed-20261104-20260920_151302_943/provengo_project/products/internal/artifacts/1/1/59.txt","422609c2ee1a170c3ba533b4ff9f1560605f64d54a65052644f15676d551a9bb","1207"
"runs/phase4-relation-kind-campaign-seed-20261104-20260920_151302_943/provengo_project/products/internal/artifacts/1/1/6.json","18a14df36452751829199004341d6c9d5c4ba2709d07147a08b8db03480f76ec","1635"
"runs/phase4-relation-kind-campaign-seed-20261104-20260920_151302_943/provengo_project/products/internal/artifacts/1/1/60.json","ff39868af3340be943602e90eb635db60b4becfd1af104fd23be27d05616d895","867"
"runs/phase4-relation-kind-campaign-seed-20261104-20260920_151302_943/provengo_project/products/internal/artifacts/1/1/61.txt","caaa01281af34dbb62e4a078411b7dc6221b4b989ccfa8dab016aa4b2fb6a2a7","109"
"runs/phase4-relation-kind-campaign-seed-20261104-20260920_151302_943/provengo_project/products/internal/artifacts/1/1/62.txt","990a3b806206c2d2ef0c866061cae849b5fba0be185541baa9e0baa7e4c57738","952"
"runs/phase4-relation-kind-campaign-seed-20261104-20260920_151302_943/provengo_project/products/internal/artifacts/1/1/63.json","f09d4ec7d90f4ce4256046c9f4e58297bed56013623242e2cec75ecf2d97ae9d","708"
"runs/phase4-relation-kind-campaign-seed-20261104-20260920_151302_943/provengo_project/products/internal/artifacts/1/1/64.txt","f27a215d19710a8a438fdc13c4e7bb8a9c86d647e9e78ed115a0577fb55c2af4","45"
"runs/phase4-relation-kind-campaign-seed-20261104-20260920_151302_943/provengo_project/products/internal/artifacts/1/1/65.txt","01ede23bbcc9147d7720845d03780814d71fddcc6370cf52c26c126bf09635d5","1208"
"runs/phase4-relation-kind-campaign-seed-20261104-20260920_151302_943/provengo_project/products/internal/artifacts/1/1/66.json","2b45dd9991964deb84e9e1dbfb2496014c2657627f573b11fde4495acad86ff9","868"
"runs/phase4-relation-kind-campaign-seed-20261104-20260920_151302_943/provengo_project/products/internal/artifacts/1/1/67.txt","b5a008f869821f77572f1f1de426f84d44f4c5aa3c75733dae8e99e367a93f69","110"
"runs/phase4-relation-kind-campaign-seed-20261104-20260920_151302_943/provengo_project/products/internal/artifacts/1/1/68.txt","a7628a2184ac0f452cafd8538d2e102775ce516bba2fca542cce69467709296e","955"
"runs/phase4-relation-kind-campaign-seed-20261104-20260920_151302_943/provengo_project/products/internal/artifacts/1/1/69.json","76ad476e3125d0689b0003ff9814afade0fb389db380b8a5cfa1fb8cc6bef230","711"
"runs/phase4-relation-kind-campaign-seed-20261104-20260920_151302_943/provengo_project/products/internal/artifacts/1/1/7.txt","4ffc4ba940dfe2fc91d6dd4d4b57b3ade0dd05e27b8b79ed72d4a66c58a4890f","110"
"runs/phase4-relation-kind-campaign-seed-20261104-20260920_151302_943/provengo_project/products/internal/artifacts/1/1/70.txt","1acbc8a46a2eb12dc77212450fb5100d3aeaf7caea1d3432e637011cb3945882","45"
"runs/phase4-relation-kind-campaign-seed-20261104-20260920_151302_943/provengo_project/products/internal/artifacts/1/1/71.txt","20c69084d7499422f168a03933bc4af4ed288087c0731fe1a5176d31335abe5f","1209"
"runs/phase4-relation-kind-campaign-seed-20261104-20260920_151302_943/provengo_project/products/internal/artifacts/1/1/72.json","843928529c0308f1dcd0e30c5e326198de81686041801a15104c3213505f6f2e","869"
"runs/phase4-relation-kind-campaign-seed-20261104-20260920_151302_943/provengo_project/products/internal/artifacts/1/1/73.txt","c712f42146f55388075975725e7a9489e2f14e06a754cbbb7ecdcb0b5506e0a1","110"
"runs/phase4-relation-kind-campaign-seed-20261104-20260920_151302_943/provengo_project/products/internal/artifacts/1/1/74.txt","22aedf6a97656c595601329c6aed9dd803ae2b70d09254e05cdab04c186bf846","954"
"runs/phase4-relation-kind-campaign-seed-20261104-20260920_151302_943/provengo_project/products/internal/artifacts/1/1/75.json","f4a5801686329d566dceba35f74691cde778a866de662330a172a1e1cc0f9bd7","710"
"runs/phase4-relation-kind-campaign-seed-20261104-20260920_151302_943/provengo_project/products/internal/artifacts/1/1/76.txt","95fb48225977ab6378fe9c7884b3e884e2b005e6d64e7b54096d586c873a1e1b","45"
"runs/phase4-relation-kind-campaign-seed-20261104-20260920_151302_943/provengo_project/products/internal/artifacts/1/1/77.txt","29c4d7561c42f68cd98b228b78aee076a8e1468166da251a32ab11bb0190b13c","1209"
"runs/phase4-relation-kind-campaign-seed-20261104-20260920_151302_943/provengo_project/products/internal/artifacts/1/1/78.json","c01187e760d3473e7e1b46b93e1b67fd64a75d1ce5d61c263d8b920937fdbc06","869"
"runs/phase4-relation-kind-campaign-seed-20261104-20260920_151302_943/provengo_project/products/internal/artifacts/1/1/79.txt","185e40dc59abdf636cff4fe024a2ef9e8fccebc4e1d104e411e9b9a9145c9931","134"
"runs/phase4-relation-kind-campaign-seed-20261104-20260920_151302_943/provengo_project/products/internal/artifacts/1/1/8.txt","b2d07ffff5bdac12289e1d23ea827aff33890b375966bfce31c17f829c48ead0","952"
"runs/phase4-relation-kind-campaign-seed-20261104-20260920_151302_943/provengo_project/products/internal/artifacts/1/1/80.txt","293828d3ab452d67e2460cf1304a609fb1b1d8fb8fd5a6a39e037bda62d1fe06","469"
"runs/phase4-relation-kind-campaign-seed-20261104-20260920_151302_943/provengo_project/products/internal/artifacts/1/1/81.json","2c9af51bdd10c0dfa2c8ce76c8bc20e492bd9b171c80179c231920131672046c","225"
"runs/phase4-relation-kind-campaign-seed-20261104-20260920_151302_943/provengo_project/products/internal/artifacts/1/1/82.txt","01c56cb139d0da43d574bad632863a75f3a1c7e5b57fb59584d94b4cafba42bd","137"
"runs/phase4-relation-kind-campaign-seed-20261104-20260920_151302_943/provengo_project/products/internal/artifacts/1/1/83.txt","68fd5c0a23f078726e6dee45c2bd9c48d3e9b27175253ffbf8ff50b4f71b5ad3","472"
"runs/phase4-relation-kind-campaign-seed-20261104-20260920_151302_943/provengo_project/products/internal/artifacts/1/1/84.json","b48eafc4a9abd5374505ff9adf673b70cde7e4eb967a0214957e639cc673d3cb","228"
"runs/phase4-relation-kind-campaign-seed-20261104-20260920_151302_943/provengo_project/products/internal/artifacts/1/1/85.txt","8eeb7ca168eee58315b881535c449c86abf026e32fb76f857396a0ac00619dad","134"
"runs/phase4-relation-kind-campaign-seed-20261104-20260920_151302_943/provengo_project/products/internal/artifacts/1/1/86.txt","c14ba4fc9f0830c824ee7e5fe335a3ad4bad0d64397b096d9150a85c12a318a5","468"
"runs/phase4-relation-kind-campaign-seed-20261104-20260920_151302_943/provengo_project/products/internal/artifacts/1/1/87.json","9c4db7aa40b85581a0396c2478f2b0935bb54473ed608706e2183083bd62b4f7","224"
"runs/phase4-relation-kind-campaign-seed-20261104-20260920_151302_943/provengo_project/products/internal/artifacts/1/1/88.txt","a173f0ad77e4dc60eb6a2fa705624aafeb9aeb698e053eb92fe39da633fb6e0b","138"
"runs/phase4-relation-kind-campaign-seed-20261104-20260920_151302_943/provengo_project/products/internal/artifacts/1/1/89.txt","b99daa9641744181a63b33a557b16fc9d9ac68d03f15f32031368c93fb37bf2f","473"
"runs/phase4-relation-kind-campaign-seed-20261104-20260920_151302_943/provengo_project/products/internal/artifacts/1/1/9.json","d444bbffba2aef97cda951e300638ad26d29781a7374d453705c4e57ce9e2989","708"
"runs/phase4-relation-kind-campaign-seed-20261104-20260920_151302_943/provengo_project/products/internal/artifacts/1/1/90.json","bb489495ed237d6d65c13c551ecf69d1d1f2bcfc6cbd262813f2d66ce7115765","229"
"runs/phase4-relation-kind-campaign-seed-20261104-20260920_151302_943/provengo_project/products/internal/artifacts/1/1/91.txt","90f99aba61e22c07246499980f50ca8c9da57e7c565dc09532905f2dd46e19af","137"
"runs/phase4-relation-kind-campaign-seed-20261104-20260920_151302_943/provengo_project/products/internal/artifacts/1/1/92.txt","27d480ed29f607224fd9c76d2cc85e27fa5ccce1ddebfa58cf6534242dc18a24","472"
"runs/phase4-relation-kind-campaign-seed-20261104-20260920_151302_943/provengo_project/products/internal/artifacts/1/1/93.json","40b35b9b5089169ca31969286699caeebc33c46a5a2b97ed1724465510df5c4c","228"
"runs/phase4-relation-kind-campaign-seed-20261104-20260920_151302_943/provengo_project/products/internal/artifacts/1/1/94.txt","66bd079963b0d2877aad0ae4d5c6b6ae9694ef2f97b051d6a8721ace7af3992f","135"
"runs/phase4-relation-kind-campaign-seed-20261104-20260920_151302_943/provengo_project/products/internal/artifacts/1/1/95.txt","15ef05ec1c57c5b983b0fea7feed563a7695a7c55cb7f66ecf10d16d151f7ec9","470"
"runs/phase4-relation-kind-campaign-seed-20261104-20260920_151302_943/provengo_project/products/internal/artifacts/1/1/96.json","7defd494571a0864670454bb6a6cb0d7571ea7fbdd90eae7eea17f6ad6c7cbb4","226"
"runs/phase4-relation-kind-campaign-seed-20261104-20260920_151302_943/provengo_project/products/internal/artifacts/1/1/97.txt","856f446aa7aebb56bed25f3bbaf674e3c330d25ca972fe83fd4a35164c117254","134"
"runs/phase4-relation-kind-campaign-seed-20261104-20260920_151302_943/provengo_project/products/internal/artifacts/1/1/98.txt","093c487e6f414c6346bf389a6ac4047ac0f1181044a79f7a5fc8bc4aede179f0","469"
"runs/phase4-relation-kind-campaign-seed-20261104-20260920_151302_943/provengo_project/products/internal/artifacts/1/1/99.json","0112649d050edd91c2ed1a730744f31897f1ea6d4426af91d14a1ef4e2d3ab53","225"
"runs/phase4-relation-kind-campaign-seed-20261104-20260920_151302_943/provengo_project/products/internal/runs-db.db","7f4660c507068cd841ec16313164d8b1685a9c46c091a8c02769197de5d46093","46530560"
"runs/phase4-relation-kind-campaign-seed-20261104-20260920_151302_943/provengo_project/README.md","e7617a4ee60c2e1ce8e1efa99ff07e3407641dbc97abd6b5930055c92ac2bb6f","4041"
"runs/phase4-relation-kind-campaign-seed-20261104-20260920_151302_943/provengo_project/spec/js/disabled/hello-world.js","86253af6bc213bec40e9dc0f3c6d03134a32c1b31c0a618d77afbe9ad15b8cdd","1383"
"runs/phase4-relation-kind-campaign-seed-20261104-20260920_151302_943/provengo_project/spec/js/interfaces.vikunja.js","db759926b95b633393175e0472a59bef6da85184ab4f6cce510c59a26ee0e803","56359"
"runs/phase4-relation-kind-campaign-seed-20261104-20260920_151302_943/provengo_project/spec/js/stories.vikunja.js","11f63c9012f38746fab1d0faa773cd5f7d830f23487dbd453a36069898adadce","49383"
"runs/phase4-relation-kind-campaign-seed-20261104-20260920_151302_943/provengo-create.log","7eb722768e78a103c54be028be919a64426e3524ff489a2eb1debc820622f942","1234"
"runs/phase4-relation-kind-campaign-seed-20261104-20260920_151302_943/provengo-run.log","0e4d5a49934eaf6edbba75c3ed4d70715e10c5c961eb8b1f537bb22e696d575b","181316"
"runs/phase4-relation-kind-campaign-seed-20261104-20260920_151302_943/proxy.stderr.log","e3b0c44298fc1c149afbf4c8996fb92427ae41e4649b934ca495991b7852b855","0"
"runs/phase4-relation-kind-campaign-seed-20261104-20260920_151302_943/proxy.stdout.log","3e9637744efb4ab698c24160de5114f08dad58e2ed8ca2d3342c0306f2754d3c","84"
"runs/phase4-relation-kind-campaign-seed-20261104-20260920_151302_943/run-metadata.json","02316cdb0607a6e54ab658076044a9df055f44fedfc39415a3f27d3db6152c61","705"
"tools/evaluate_vikunja_relation_kind_campaign.py","01eb55c5c98bd95d47ce9bc95b7a1183eae661fd300b00d42310809a79d48af1","9112"
"tools/Invoke-Vikunja-Relation-Kind-Campaign.ps1","f8591e057417fbe725d824489d75e26b9216f60e0d80e7b4215d5e3f96583762","5618"
"tools/probe_vikunja_relation_campaign_deletions.py","474ec556674faedf02a01071a3da69948c4e8bd7d49ee7e670dd0c0009bdc385","2034"
"tools/vikunja_research_proxy.py","9a0b1f12ebcff75c71f22d3a8fa79d44a8707dea91adbbfd25dd9ba2d9f286fc","4826"
