"path","size_bytes","sha256"
"adapter.stderr.log","0","e3b0c44298fc1c149afbf4c8996fb92427ae41e4649b934ca495991b7852b855"
"adapter.stdout.log","61","ae7f008acd84e987cdd72774d5ace33cf6eba3354f635dcbf769ec6ed0ac0fc0"
"concurrent-epochs.jsonl","121536","0346cb940393d1b0c035c2d1ed01d870cb58029b659b1c4c68ab3f15ed6bb175"
"evaluator.log","270","14a6cf37ce6895b4bb40dc52af576ee0e30594e4c5853db71b1330a144f3cc2b"
"generated-verifier-evaluation.json","198035","08b5dd86b622010fcc3ebf8541c870d03657ae51a206568ddd3c0a49388069b5"
"http-trace.jsonl","463275","e9cbcfbccd871370909e2fddb0d7cb8615174229728d758f87cdb6d715532f71"
"provengo_project/.gitignore","32","f09e023c25978720ed9122360581f2fca50cb612504daed3337ab662e7106366"
"provengo_project/config/provengo.yml","1194","c9f786e7a9b6c9ef172d545a122d1c77c287abe624abcc96e069ec0a32b7bbc2"
"provengo_project/data/data.js","131","55e30a0929c59d9578c5695169b772d147c20b0ad8a7d556eb38c4defd8404b7"
"provengo_project/meta-spec/book-writer.js","3926","977303cc03f87fd6561e4435e4cbbb34c85559a94b7aacefdbe9c71b0cb5ac42"
"provengo_project/meta-spec/ensemble-code.js","2692","7e9e842a753bf38111af0cbfbf1bdaf8b88602fd620ff5fdd919fe8d23f45ab5"
"provengo_project/meta-spec/scenario-metadata.js","479","53f129542f1903bf3f7c2ef55914c0df227d58111a71c7c6053d40792b79cd65"
"provengo_project/meta-spec/script-writer.js","3034","f197d272e5524bd0b4ab1f59289b300232c7a8ebc060f8ffeba993fc7eaae0f9"
"provengo_project/products/internal/artifacts/1/1/1.txt","95","6d8c3b9f9d59f4a06c7e5e03c0e0755f0105d6f6adebcdc80f39c015d43acd64"
"provengo_project/products/internal/artifacts/1/1/10.txt","97","9a77c5dd0ff1d5a4d8198ffe49dc3e16399c38235e6bb2aa8cb578950d0467b9"
"provengo_project/products/internal/artifacts/1/1/100.txt","117","8a86f66410789e165f36b9c072832681cbfc04bcc2fbc805b552bd97229c61b6"
"provengo_project/products/internal/artifacts/1/1/1000.txt","146","dd31539aeeb37d90955f333ea6905202b32778e2fd3c351faf93a3ad44aa123d"
"provengo_project/products/internal/artifacts/1/1/1001.txt","479","18d31244ca37f3f9726dab56690992a61f801ae1b04e7efac1398766511ee808"
"provengo_project/products/internal/artifacts/1/1/1002","159","1c646950a1f179af12bb9d3328b9e3f6a2491f555954d2bd4a19735fbbfed4f8"
"provengo_project/products/internal/artifacts/1/1/1003.txt","101","47f8f3697f774f768655a98300b5bb5c7ea141ae2829df4f3500fe583536e47b"
"provengo_project/products/internal/artifacts/1/1/1004.txt","479","bf31ae85de605d8926d17dcb2d63d82af45a9161b7dff9b49da6de28d8684677"
"provengo_project/products/internal/artifacts/1/1/1005","159","1c646950a1f179af12bb9d3328b9e3f6a2491f555954d2bd4a19735fbbfed4f8"
"provengo_project/products/internal/artifacts/1/1/1006.txt","615","2bcf3586dc1046102eb5f949d1b4ddef97b7a300077b6a3ea8363cd6320e22ee"
"provengo_project/products/internal/artifacts/1/1/1007.txt","1937","92a9fe3a8203823e7a0f5a3ba127b42495c6da86cef7ec6bcb2cd6e185b316c7"
"provengo_project/products/internal/artifacts/1/1/1008.json","1795","6404304b4152533281a8169e139d13015dceea81f9d6b1480a0b38fd4c7c49a9"
"provengo_project/products/internal/artifacts/1/1/1009.txt","142","24b6f90df449849502d251791d44fd2355d4c84739b7e291ce8cf1bdec4274c2"
"provengo_project/products/internal/artifacts/1/1/101.txt","543","11c945c956961c93150c68442ebaefae379c7f1fec49a300669c91585e246de8"
"provengo_project/products/internal/artifacts/1/1/1010.txt","479","75ae110bc02b93d3ad82bf7eec210a03768d4c66a3c5b8c6c586187716c98ceb"
"provengo_project/products/internal/artifacts/1/1/1011","159","1c646950a1f179af12bb9d3328b9e3f6a2491f555954d2bd4a19735fbbfed4f8"
"provengo_project/products/internal/artifacts/1/1/1012.txt","78","01ff1ea75038291ddfd1c4dea86ae2b0ad61862aedef48f36d5c83a850c92bd1"
"provengo_project/products/internal/artifacts/1/1/1013.txt","480","dc8ac83132d61e5afe0b58668dc4a77e5b326374122e08fcfe321330df344b72"
"provengo_project/products/internal/artifacts/1/1/1014","160","03418983281e402db2edb1cccffe12800027e2b7e9603659058e1d87a472e8df"
"provengo_project/products/internal/artifacts/1/1/1015.txt","230","d8ddff12b4280d81e6d020d8c76f14cb045e20ba31d2b1cbb8ef946c4fde85c9"
"provengo_project/products/internal/artifacts/1/1/1016.txt","475","82dc5f4747480209c6dfd3adf944b506f71d1a4d2cf2fe6188ea5715f2e6c530"
"provengo_project/products/internal/artifacts/1/1/1017","155","018a2e10d67df4d5f06a4a708050086bbd93540031527acfd19fa99ef389b946"
"provengo_project/products/internal/artifacts/1/1/1018.txt","226","35ab65c4871200dda4eceaad4a13ff42934a0bcd913a58a7e154e316ae7cc7eb"
"provengo_project/products/internal/artifacts/1/1/1019.txt","475","a3717349f74a56d60892afefb5cbd83dd2677377eb97b1c41bc610e30aac9522"
"provengo_project/products/internal/artifacts/1/1/102","223","70edcf56e057206c10248e7091c85382f2e5118a9216261611991c1f63c53e64"
"provengo_project/products/internal/artifacts/1/1/1020","155","018a2e10d67df4d5f06a4a708050086bbd93540031527acfd19fa99ef389b946"
"provengo_project/products/internal/artifacts/1/1/1021.txt","142","eecea0040d607b80722458ac7f79e0194aa0ad14fe9a9479f43e001d63da1d4b"
"provengo_project/products/internal/artifacts/1/1/1022.txt","480","d6cd512be8f907bb2696cef295bf9233091908859834df1cd222ae88bc91b4f1"
"provengo_project/products/internal/artifacts/1/1/1023","160","03418983281e402db2edb1cccffe12800027e2b7e9603659058e1d87a472e8df"
"provengo_project/products/internal/artifacts/1/1/1024.txt","94","0fdd99c1afa77571995db0c13e0e2ff3ff02c1442586a2830f6f300fa741f8c6"
"provengo_project/products/internal/artifacts/1/1/1025.txt","475","4316785b303d23892159fd1ade8c158029fefbfb491b0e082d571d5863ad473f"
"provengo_project/products/internal/artifacts/1/1/1026","155","018a2e10d67df4d5f06a4a708050086bbd93540031527acfd19fa99ef389b946"
"provengo_project/products/internal/artifacts/1/1/1027.txt","603","5d4c3fae901aa704cdb14a714bccfe537b36394e0d01b6e371b2993cf230a612"
"provengo_project/products/internal/artifacts/1/1/1028.txt","1894","b76e099ed158a3d3d10095b683728a83328efb08ba48035930695921865e9d14"
"provengo_project/products/internal/artifacts/1/1/1029.json","1752","9ba28dce73e0b3f765732d3ea29e4c02b541f208d9c31fe2a795bdce7b0f73ab"
"provengo_project/products/internal/artifacts/1/1/103.txt","225","24c8892c3aaa7adad2fbe9e26ad0eeb3ec3a41cb2c11d4f0d7ff650ea4254d4e"
"provengo_project/products/internal/artifacts/1/1/1030.txt","138","db1328107374044369c8d11fee983fcce47d7d649550179f969657a2a0b83e72"
"provengo_project/products/internal/artifacts/1/1/1031.txt","480","6ae822da028ade4d50505ac7d2672d6338fe6c5a5379121274f9d61d2b2c5887"
"provengo_project/products/internal/artifacts/1/1/1032","160","03418983281e402db2edb1cccffe12800027e2b7e9603659058e1d87a472e8df"
"provengo_project/products/internal/artifacts/1/1/1033.txt","80","da59b5a71eac6eae5fd7236c86b0ab47228da62ad01529528ea205b5ff591f66"
"provengo_project/products/internal/artifacts/1/1/1034.txt","479","1706bd7e981d38504f37fe7636aae642a8d115f15808f829ed2a69b4b1fb1a4b"
"provengo_project/products/internal/artifacts/1/1/1035","159","1c646950a1f179af12bb9d3328b9e3f6a2491f555954d2bd4a19735fbbfed4f8"
"provengo_project/products/internal/artifacts/1/1/1036.txt","234","c064bd20d458f2222f6c08c18503b50295d1fe51200020bf92cb09b373d7170b"
"provengo_project/products/internal/artifacts/1/1/1037.txt","474","0b756c82f40f8ac1d7e8d48b49b38336c194245bf962b65c484931a238dc1cb9"
"provengo_project/products/internal/artifacts/1/1/1038","154","5814c7690ce103cd9a3fe1ed54c60634acd9df19a457928d404509606b56c3ce"
"provengo_project/products/internal/artifacts/1/1/1039.txt","230","b5dd75e6e03d39b21d4729f7abce3d61d607abae8203381a17b235aa61587987"
"provengo_project/products/internal/artifacts/1/1/104.txt","590","f475b40f307c8c79a85723aa7a8eb6f0eba730fce0ad845abc2f0835c89b8604"
"provengo_project/products/internal/artifacts/1/1/1040.txt","474","5b7d9f3f8628ec8bc4ae9e25ec545d880c76385c312af4e31f78eae310ab9069"
"provengo_project/products/internal/artifacts/1/1/1041","154","5814c7690ce103cd9a3fe1ed54c60634acd9df19a457928d404509606b56c3ce"
"provengo_project/products/internal/artifacts/1/1/1042.txt","146","45818120253bbdb1a3055040c1519588deb0fec342ff285491cde94a33cd3c24"
"provengo_project/products/internal/artifacts/1/1/1043.txt","479","2ced701b48b363b693e479cbdbc2e8c79ced90dadd6f6931b633b2d463c6b5fb"
"provengo_project/products/internal/artifacts/1/1/1044","159","1c646950a1f179af12bb9d3328b9e3f6a2491f555954d2bd4a19735fbbfed4f8"
"provengo_project/products/internal/artifacts/1/1/1045.txt","96","a5637a8d2b76a7ee3971326ef42550635fba705d78410a2ea4108bb37e3d8b4f"
"provengo_project/products/internal/artifacts/1/1/1046.txt","474","e5f82ec5ebf6687638e01f9c07de7e5bc6492e2c0ec9a9e9190454890fd04727"
"provengo_project/products/internal/artifacts/1/1/1047","154","5814c7690ce103cd9a3fe1ed54c60634acd9df19a457928d404509606b56c3ce"
"provengo_project/products/internal/artifacts/1/1/1048.txt","612","8606b90a3d15adab7edefd6e1e4ac7827450467cf528c25ae346b726ffa27554"
"provengo_project/products/internal/artifacts/1/1/1049.txt","1900","541c6417f09d8fe056a0b855627cc672fe6dde784a4a089372b01ddd2f2dc5d4"
"provengo_project/products/internal/artifacts/1/1/105","270","d5722e9509a3917e349c4569f42840ae5fd9cad93b95188a0b71a6bdbc0de620"
"provengo_project/products/internal/artifacts/1/1/1050.json","1758","c0132b6ed1389506d98bb2209c2fafb073a3f6f06a7a9f4efb4b425e94683da0"
"provengo_project/products/internal/artifacts/1/1/1051.txt","142","4006835dad10308e60213de1c5a1ee1c6b0b897b2514c31b8769c0ab132f87ac"
"provengo_project/products/internal/artifacts/1/1/1052.txt","479","f8b3fcb190bea5d8d9bb82dccad9a8b7acc552d194ddd53445a860755e95a861"
"provengo_project/products/internal/artifacts/1/1/1053","159","1c646950a1f179af12bb9d3328b9e3f6a2491f555954d2bd4a19735fbbfed4f8"
"provengo_project/products/internal/artifacts/1/1/1054.txt","77","40fbc1c9da2ed1f590745085871b692469c6a5731839fdf90cbda2027897d033"
"provengo_project/products/internal/artifacts/1/1/1055.txt","475","e886625c69a9efad69f27acd114379a7e8c499cb03f74187f58ff43771bb5364"
"provengo_project/products/internal/artifacts/1/1/1056","155","b1a9dfa04a88b9c372272e62d78d9923e060272a59a7784b37e64650f5542c06"
"provengo_project/products/internal/artifacts/1/1/1057.txt","201","c3bafe8e751c5e2609fe4c7c9d0d9d922c13910aa8388a2b5fe305af6461fcf6"
"provengo_project/products/internal/artifacts/1/1/1058.txt","470","6006303d54c7a9c9576c5b7aa00e7df2df8453e01657bcb89bcc0a5bc6c7e83e"
"provengo_project/products/internal/artifacts/1/1/1059","150","b8a5e6bdf47089e46ea94d31c03cdde849bb24995f9699b9f1ef1700c8ee5c6d"
"provengo_project/products/internal/artifacts/1/1/106.txt","46","17c0695cf4f6a3c6f2fba0fd44b3e7920637656aea8d0a3369d75682140c4287"
"provengo_project/products/internal/artifacts/1/1/1060.txt","225","d31d91a52ecf84e31f579a7cf7725573169dac87af1715822ec0b28e8d709a2a"
"provengo_project/products/internal/artifacts/1/1/1061.txt","470","93aa883c9c7cc010d45e0a50473de12e5d485c652c46f5ccf7644526583da753"
"provengo_project/products/internal/artifacts/1/1/1062","150","b8a5e6bdf47089e46ea94d31c03cdde849bb24995f9699b9f1ef1700c8ee5c6d"
"provengo_project/products/internal/artifacts/1/1/1063.txt","143","ff7a722a6f5065330c3c508315fd6b1cd28767d9da05d69b19e1a3763c33a907"
"provengo_project/products/internal/artifacts/1/1/1064.txt","475","cc3d9a301f34103ff85e067a88dfc1e4cf8e728e58be3b24db1083de224d117a"
"provengo_project/products/internal/artifacts/1/1/1065","155","b1a9dfa04a88b9c372272e62d78d9923e060272a59a7784b37e64650f5542c06"
"provengo_project/products/internal/artifacts/1/1/1066.txt","93","14bded7c1e3a976ddc729c6e23d0e7d7083313af6fbe73d7ff3d00a54408b860"
"provengo_project/products/internal/artifacts/1/1/1067.txt","470","987b678a92430a9796eb1994a796621d85cf4d7c0ede7865f77f4462c5063093"
"provengo_project/products/internal/artifacts/1/1/1068","150","b8a5e6bdf47089e46ea94d31c03cdde849bb24995f9699b9f1ef1700c8ee5c6d"
"provengo_project/products/internal/artifacts/1/1/1069.txt","568","565350d5e4dd13e882763757fd28588dd1bb1fb56b05f9a0948cbf479279976b"
"provengo_project/products/internal/artifacts/1/1/107.txt","683","7cf0eeae10ac4a25c240d905e6ae9ac95f84ab263d4961af5a8f819fc8ea4fc4"
"provengo_project/products/internal/artifacts/1/1/1070.txt","1849","121e9ba049203bbd934e23fe37bf447c6920b446e6076ef8bbc318d86dd40a14"
"provengo_project/products/internal/artifacts/1/1/1071.json","1707","d632096537a779775ff3fffd7be0d1d267f243b7afb73f9fb8223086fe0dcc25"
"provengo_project/products/internal/artifacts/1/1/1072.txt","139","cda29d8b6efd86a243c39c1de3828d8ec48ef752117913e864decf2fa24bbc60"
"provengo_project/products/internal/artifacts/1/1/1073.txt","475","52e5ccb540dded562a1c792c63dc0eb37b61985ab475bb055de4d03edcdedce9"
"provengo_project/products/internal/artifacts/1/1/1074","155","b1a9dfa04a88b9c372272e62d78d9923e060272a59a7784b37e64650f5542c06"
"provengo_project/products/internal/artifacts/1/1/1075.txt","77","40fbc1c9da2ed1f590745085871b692469c6a5731839fdf90cbda2027897d033"
"provengo_project/products/internal/artifacts/1/1/1076.txt","475","a8f3722043dd09ee24304a64f5ab85b1b543de2d0335ef6b71ffcaef0694bdf0"
"provengo_project/products/internal/artifacts/1/1/1077","155","b1a9dfa04a88b9c372272e62d78d9923e060272a59a7784b37e64650f5542c06"
"provengo_project/products/internal/artifacts/1/1/1078.txt","201","29e77ff3b76823bad85cc00ce4ddffd654264330135eb8d1b9e623697330b875"
"provengo_project/products/internal/artifacts/1/1/1079.txt","470","4f271d3d9d7f8ebd80b70d0b332bd65795c317a84f49a2f9273693c0fc01a633"
"provengo_project/products/internal/artifacts/1/1/108.json","344","1baa27288758db6e7ba8e6f58428324b4507ef558ac855b44fc249a0dff62759"
"provengo_project/products/internal/artifacts/1/1/1080","150","b8a5e6bdf47089e46ea94d31c03cdde849bb24995f9699b9f1ef1700c8ee5c6d"
"provengo_project/products/internal/artifacts/1/1/1081.txt","217","fe7cd81d6f9ffe1fbbd90429eff5bcd46ef4b8e996f35f485513fd3a6a113178"
"provengo_project/products/internal/artifacts/1/1/1082.txt","470","18b34d591a7cbff2289f03719a318d0e0d5e666c5ce2d9d0c5597002d9fe07eb"
"provengo_project/products/internal/artifacts/1/1/1083","150","b8a5e6bdf47089e46ea94d31c03cdde849bb24995f9699b9f1ef1700c8ee5c6d"
"provengo_project/products/internal/artifacts/1/1/1084.txt","227","0cde1ae4bda4eaf5aa04191d7f803b7cc82d1ae2ccb64b404da0b976430c51ad"
"provengo_project/products/internal/artifacts/1/1/1085.txt","470","b925889d3994471e28a8f958bcba83c7cbb99f9059b6945d6d24d5089a1acefc"
"provengo_project/products/internal/artifacts/1/1/1086","150","b8a5e6bdf47089e46ea94d31c03cdde849bb24995f9699b9f1ef1700c8ee5c6d"
"provengo_project/products/internal/artifacts/1/1/1087.txt","143","039e8ae5ebedc0eb07445f2204e483912886a80f8e68bbd57097a4e6ebd26da8"
"provengo_project/products/internal/artifacts/1/1/1088.txt","475","8c463f32619c0947d2aa15ffaa1b3c4cdb006e85b9dd6aaa27ce3d7b90b250b4"
"provengo_project/products/internal/artifacts/1/1/1089","155","b1a9dfa04a88b9c372272e62d78d9923e060272a59a7784b37e64650f5542c06"
"provengo_project/products/internal/artifacts/1/1/109.txt","225","53afe3161ba50a183274b5d6036b06e29ad013567ba3060919b776177bacde72"
"provengo_project/products/internal/artifacts/1/1/1090.txt","93","14bded7c1e3a976ddc729c6e23d0e7d7083313af6fbe73d7ff3d00a54408b860"
"provengo_project/products/internal/artifacts/1/1/1091.txt","470","f2c00dfa5a8a99cf699691b20672a22a713a16fb943ef8ee4fc1cc340f5d2b19"
"provengo_project/products/internal/artifacts/1/1/1092","150","b8a5e6bdf47089e46ea94d31c03cdde849bb24995f9699b9f1ef1700c8ee5c6d"
"provengo_project/products/internal/artifacts/1/1/1093.txt","788","afdc66f4ea0411bc03a72038d71f11bf1631147e56af095cf4e0224d403d2ad3"
"provengo_project/products/internal/artifacts/1/1/1094.txt","2583","cc685618d0cb4597bf740faece6e1999c99e5c8fd95af87dabda66152c720e33"
"provengo_project/products/internal/artifacts/1/1/1095.json","2441","7e3ffcb27ec4113e4a7a0686a624780df6b5988feae6cb8e9bbdf992d335eac7"
"provengo_project/products/internal/artifacts/1/1/1096.txt","139","d317a9868896b82cc6e3ad67d63b7a26de533c08ac0bcdb6f807fe10c3eb62c0"
"provengo_project/products/internal/artifacts/1/1/1097.txt","475","9afea98b19926e74ba38d2632a8c6d9bebd3a037151440655403c92e5d7dd056"
"provengo_project/products/internal/artifacts/1/1/1098","155","b1a9dfa04a88b9c372272e62d78d9923e060272a59a7784b37e64650f5542c06"
"provengo_project/products/internal/artifacts/1/1/1099.txt","77","40fbc1c9da2ed1f590745085871b692469c6a5731839fdf90cbda2027897d033"
"provengo_project/products/internal/artifacts/1/1/11.txt","2046","d1bbe86386d6c1a3a0ab13b5fa8b3563351a1a7733b496ba9c2a51c56d76fd31"
"provengo_project/products/internal/artifacts/1/1/110.txt","590","04f024daeff394a465a31d4ba1cb7f2353284c5bc1d53cb02a35e77978dbabc7"
"provengo_project/products/internal/artifacts/1/1/1100.txt","475","5e34c28b8cf435535d681c83bb6ff914ef893a4b3f3ddf6f06925b379ef9a918"
"provengo_project/products/internal/artifacts/1/1/1101","155","b1a9dfa04a88b9c372272e62d78d9923e060272a59a7784b37e64650f5542c06"
"provengo_project/products/internal/artifacts/1/1/1102.txt","201","8d1a057b6883bc26451a7057bc22cfddd6a1187375b263a3c81809d151d155b0"
"provengo_project/products/internal/artifacts/1/1/1103.txt","470","e6c5892a5d3a5266d89010738bc2977d0f7c5c2239249f02025fcc218335ef50"
"provengo_project/products/internal/artifacts/1/1/1104","150","b8a5e6bdf47089e46ea94d31c03cdde849bb24995f9699b9f1ef1700c8ee5c6d"
"provengo_project/products/internal/artifacts/1/1/1105.txt","231","ed448d88da47bbab363c71020ae7dda240131ed2795174f67c037cba390f61bb"
"provengo_project/products/internal/artifacts/1/1/1106.txt","470","05a36fffbb156c5bc45dc267d4f1a3829ac185c055ff83cb1162d6d01eef1018"
"provengo_project/products/internal/artifacts/1/1/1107","150","b8a5e6bdf47089e46ea94d31c03cdde849bb24995f9699b9f1ef1700c8ee5c6d"
"provengo_project/products/internal/artifacts/1/1/1108.txt","143","244978234b067c5e5b14f6aa4eb61c588f0db502dd3e8a7c2d7a562e6d7f8cdb"
"provengo_project/products/internal/artifacts/1/1/1109.txt","475","f8ed42c11aade751e31f40655a6a3ca7ec2052bcfe571d849690b3c4e20473df"
"provengo_project/products/internal/artifacts/1/1/111","270","7d204b7bed404e469ca3c89f78a777e2aacb7eae677b3baddd729dd7acde572a"
"provengo_project/products/internal/artifacts/1/1/1110","155","b1a9dfa04a88b9c372272e62d78d9923e060272a59a7784b37e64650f5542c06"
"provengo_project/products/internal/artifacts/1/1/1111.txt","93","14bded7c1e3a976ddc729c6e23d0e7d7083313af6fbe73d7ff3d00a54408b860"
"provengo_project/products/internal/artifacts/1/1/1112.txt","470","9acfbcf90a742fab2b4ef47c1227e5ef64afa261d5c43e5b3b8e943575d94ca7"
"provengo_project/products/internal/artifacts/1/1/1113","150","b8a5e6bdf47089e46ea94d31c03cdde849bb24995f9699b9f1ef1700c8ee5c6d"
"provengo_project/products/internal/artifacts/1/1/1114.txt","577","8cc8043ee8f93c8f43708f965b840d835558aa730df77ea90cc01c607d680640"
"provengo_project/products/internal/artifacts/1/1/1115.txt","1858","38e9849860ced4f743c3f6cd36559b53700b8c0fb18bd7ad85a30c4eb2d2589b"
"provengo_project/products/internal/artifacts/1/1/1116.json","1716","decc10593a22586041bae0471ed48b9d46c6d6edbc18e15fabae964794d5820a"
"provengo_project/products/internal/artifacts/1/1/1117.txt","139","acd1c1b6c4deb66307a3c0d0704a39db12d5840bcc10396e79bb465f8e2a86d4"
"provengo_project/products/internal/artifacts/1/1/1118.txt","475","c2d1714f7024dead0490bff4b4bcbc0a8d9668eac58a65a700eee30888ea5bcd"
"provengo_project/products/internal/artifacts/1/1/1119","155","b1a9dfa04a88b9c372272e62d78d9923e060272a59a7784b37e64650f5542c06"
"provengo_project/products/internal/artifacts/1/1/112.txt","143","12232c1188173c5a5e0610de3398e519e8e5869ab350c302b9efdf4b1dd8eedc"
"provengo_project/products/internal/artifacts/1/1/1120.txt","78","01ff1ea75038291ddfd1c4dea86ae2b0ad61862aedef48f36d5c83a850c92bd1"
"provengo_project/products/internal/artifacts/1/1/1121.txt","480","7b21d5bb9ada894410ee5e47f076c1232a4f828e00c8587f3fd6af08d8db0cfc"
"provengo_project/products/internal/artifacts/1/1/1122","160","03418983281e402db2edb1cccffe12800027e2b7e9603659058e1d87a472e8df"
"provengo_project/products/internal/artifacts/1/1/1123.txt","230","f51e09be433200ca2222a94eb3d1159c91f2edd8f1e10736ae3f075d264c1abb"
"provengo_project/products/internal/artifacts/1/1/1124.txt","475","58cea5c332f60c06d3f62a441f478ea05f1d150ac77fa8a0e6e308b3d3b6d28b"
"provengo_project/products/internal/artifacts/1/1/1125","155","018a2e10d67df4d5f06a4a708050086bbd93540031527acfd19fa99ef389b946"
"provengo_project/products/internal/artifacts/1/1/1126.txt","226","fbccc7deb39e53fb9eeecd3eae3296986794e2a6938c47cf36f7d91fe98c35a0"
"provengo_project/products/internal/artifacts/1/1/1127.txt","475","429f2b4ddb8a24d6e0af1d9813121e7961c21d4831a5e50fcbe6c1791f841c89"
"provengo_project/products/internal/artifacts/1/1/1128","155","018a2e10d67df4d5f06a4a708050086bbd93540031527acfd19fa99ef389b946"
"provengo_project/products/internal/artifacts/1/1/1129.txt","218","ca0daaca58790b0dddd1faf2a176d4e6098a4d513949e37dcbd75428c0986f53"
"provengo_project/products/internal/artifacts/1/1/113.txt","1216","fa2b08a0f820b153656e81fea4453354cc52bc55c8132cc083f63e26d3273c74"
"provengo_project/products/internal/artifacts/1/1/1130.txt","475","e5dd73712a8179fb3ca41c82acbe6f303408a5c738f0c8d45e58bf6323fe6cca"
"provengo_project/products/internal/artifacts/1/1/1131","155","018a2e10d67df4d5f06a4a708050086bbd93540031527acfd19fa99ef389b946"
"provengo_project/products/internal/artifacts/1/1/1132.txt","142","b5bfcf5400e454e39a8720e418a6fbe026566b3ae1ce2182b601b002e18b9992"
"provengo_project/products/internal/artifacts/1/1/1133.txt","480","5802b2b3a7d750dfb70ff5a504b72db1de01b97c601a6d45da9790be85611f50"
"provengo_project/products/internal/artifacts/1/1/1134","160","03418983281e402db2edb1cccffe12800027e2b7e9603659058e1d87a472e8df"
"provengo_project/products/internal/artifacts/1/1/1135.txt","113","ef115cae1454ba97e08bba01b48bfa9cd3b41505ef63b2fe496bd3c04137fe50"
"provengo_project/products/internal/artifacts/1/1/1136.txt","475","65185547207cbebd1bd7881d3da2f19ee21c8068b31f4ae1aaded6e203a3d4de"
"provengo_project/products/internal/artifacts/1/1/1137","155","018a2e10d67df4d5f06a4a708050086bbd93540031527acfd19fa99ef389b946"
"provengo_project/products/internal/artifacts/1/1/1138.txt","802","3083bf44600cbbdb0d50d19c3d1db4097c84dc72c829c1cc3e43de66b824df95"
"provengo_project/products/internal/artifacts/1/1/1139.txt","2613","ef652a164a80be3ea1a13ac458364666bb71fe4f55e70d146897d7b7ec09e6bd"
"provengo_project/products/internal/artifacts/1/1/114.json","875","0c4b9deb18730045f3bd5115ce257c5b495b30cd925ee1e3e219fcc0d26419b6"
"provengo_project/products/internal/artifacts/1/1/1140.json","2471","f09d1538c31ebc39f63c8f6fa089c96b8b4cfcaa47d9e6d2cc14cab4edf206ae"
"provengo_project/products/internal/artifacts/1/1/1141.txt","138","b1305e949eec911329bc764120804aba82efecc4c32613a60b0c3e09926a8dfc"
"provengo_project/products/internal/artifacts/1/1/1142.txt","480","5304df6af99a571bd2bc4672728099b3f0a2a77a8c380d2d016cf6b08443a426"
"provengo_project/products/internal/artifacts/1/1/1143","160","03418983281e402db2edb1cccffe12800027e2b7e9603659058e1d87a472e8df"
"provengo_project/products/internal/artifacts/1/1/1144.txt","78","01ff1ea75038291ddfd1c4dea86ae2b0ad61862aedef48f36d5c83a850c92bd1"
"provengo_project/products/internal/artifacts/1/1/1145.txt","480","67d48361e345228d6dfd7b2a95c59419a0544bb6f0e01da7f17c250e1007bcba"
"provengo_project/products/internal/artifacts/1/1/1146","160","03418983281e402db2edb1cccffe12800027e2b7e9603659058e1d87a472e8df"
"provengo_project/products/internal/artifacts/1/1/1147.txt","218","38a63942cbc230cb681fdb20d65437b79268110263431ea59f31dbd52d77d9a1"
"provengo_project/products/internal/artifacts/1/1/1148.txt","475","cb058a8e56e62e3384eb4958796c7375efcdedacecba36cfded29363d2d9cede"
"provengo_project/products/internal/artifacts/1/1/1149","155","018a2e10d67df4d5f06a4a708050086bbd93540031527acfd19fa99ef389b946"
"provengo_project/products/internal/artifacts/1/1/115.txt","126","ccf6713167406642f581b2970bb39d25d6327ff70f1253a1578e444bf1421a1f"
"provengo_project/products/internal/artifacts/1/1/1150.txt","218","b5390f58cb1da392ef0dbc3f5422d731f32c1c95b0a869bdd52ab4c6e2089341"
"provengo_project/products/internal/artifacts/1/1/1151.txt","475","13a318fbd86f8c0bbea890eebd3c8374d6aea59054f25b5abe3d406ee30a4644"
"provengo_project/products/internal/artifacts/1/1/1152","155","018a2e10d67df4d5f06a4a708050086bbd93540031527acfd19fa99ef389b946"
"provengo_project/products/internal/artifacts/1/1/1153.txt","142","01280f8c7c90a72183301c9fdc648bd21487ed25a53fe71df30ac7bcd27faa21"
"provengo_project/products/internal/artifacts/1/1/1154.txt","480","6dbedccd43d66db43d79c08ae2a2e957471e41b1e46d54f97ac8b9b48d773114"
"provengo_project/products/internal/artifacts/1/1/1155","160","03418983281e402db2edb1cccffe12800027e2b7e9603659058e1d87a472e8df"
"provengo_project/products/internal/artifacts/1/1/1156.txt","113","ef115cae1454ba97e08bba01b48bfa9cd3b41505ef63b2fe496bd3c04137fe50"
"provengo_project/products/internal/artifacts/1/1/1157.txt","475","59dec5de1fb79f91b885cb3870e2f716945c0976fe9fa5d3d302a20364f1a087"
"provengo_project/products/internal/artifacts/1/1/1158","155","018a2e10d67df4d5f06a4a708050086bbd93540031527acfd19fa99ef389b946"
"provengo_project/products/internal/artifacts/1/1/1159.txt","568","2ecb864dfb64e6c4980cf8ea273ba65a6d4dd5342dd9742d2dde3efff7983cc7"
"provengo_project/products/internal/artifacts/1/1/116.txt","211","1de6414a7f013ba62eb388d63d4c4e1fc3ba5eee99acd0502bd52df1281057c6"
"provengo_project/products/internal/artifacts/1/1/1160.txt","1859","796df0d7764287327a6c882cbe94779e31fc2aa4534dd5b9b518db639cbb0758"
"provengo_project/products/internal/artifacts/1/1/1161.json","1717","378eb70967690eca80bb407eff9c8f67442ce19f27a1fe3deafa7b6bdc1b42dd"
"provengo_project/products/internal/artifacts/1/1/1162.txt","138","bd37f354272e17d9049fdcabb214aba623ec4a1e16fb8a0cc58f53170186f904"
"provengo_project/products/internal/artifacts/1/1/1163.txt","480","0b175db9540c955462c4190c6bd9262729d2cf1e70cbe5408082a29e94c0c5d6"
"provengo_project/products/internal/artifacts/1/1/1164","160","03418983281e402db2edb1cccffe12800027e2b7e9603659058e1d87a472e8df"
"provengo_project/products/internal/artifacts/1/1/1165.txt","80","da59b5a71eac6eae5fd7236c86b0ab47228da62ad01529528ea205b5ff591f66"
"provengo_project/products/internal/artifacts/1/1/1166.txt","479","ec497f71f30a8180d331cad298e564a4cfed9862150f22d8b6e8e85c96d33358"
"provengo_project/products/internal/artifacts/1/1/1167","159","1c646950a1f179af12bb9d3328b9e3f6a2491f555954d2bd4a19735fbbfed4f8"
"provengo_project/products/internal/artifacts/1/1/1168.txt","234","a8fc685e9c2842d7190030193d30ce94347ea5b4951bed66d94e18fc2495bad0"
"provengo_project/products/internal/artifacts/1/1/1169.txt","474","c6c7afec92ba50293f138e3974634f2e8f0a936d1568a4651f2e5ec6c08ca01c"
"provengo_project/products/internal/artifacts/1/1/117.txt","0","e3b0c44298fc1c149afbf4c8996fb92427ae41e4649b934ca495991b7852b855"
"provengo_project/products/internal/artifacts/1/1/1170","154","5814c7690ce103cd9a3fe1ed54c60634acd9df19a457928d404509606b56c3ce"
"provengo_project/products/internal/artifacts/1/1/1171.txt","210","d2998b939a2c90025111cb1f7bb1e0e9b9588a0cc45254e8ec170beb9e607002"
"provengo_project/products/internal/artifacts/1/1/1172.txt","474","d3141f1ebdb52290b7b7a12995068e44e2c967acffcd89f7ce8921585375b56b"
"provengo_project/products/internal/artifacts/1/1/1173","154","5814c7690ce103cd9a3fe1ed54c60634acd9df19a457928d404509606b56c3ce"
"provengo_project/products/internal/artifacts/1/1/1174.txt","146","fa1b8d95e6a02f4604bf8fc546fc8cf189a26f0e9595b06a117d33f7e7902350"
"provengo_project/products/internal/artifacts/1/1/1175.txt","479","f8d294a4bb1e5edb2c133436bd55471eba20dc8335baab101dd18ef562078608"
"provengo_project/products/internal/artifacts/1/1/1176","159","1c646950a1f179af12bb9d3328b9e3f6a2491f555954d2bd4a19735fbbfed4f8"
"provengo_project/products/internal/artifacts/1/1/1177.txt","96","a5637a8d2b76a7ee3971326ef42550635fba705d78410a2ea4108bb37e3d8b4f"
"provengo_project/products/internal/artifacts/1/1/1178.txt","474","31d609350defcaa32f982551fb424521ded3775c119325f0cb17d6379cc6ae44"
"provengo_project/products/internal/artifacts/1/1/1179","154","5814c7690ce103cd9a3fe1ed54c60634acd9df19a457928d404509606b56c3ce"
"provengo_project/products/internal/artifacts/1/1/118.txt","80","fe7a7965276a751381b678810d00fb325f45663000ee61a7e0f2dd930836061e"
"provengo_project/products/internal/artifacts/1/1/1180.txt","594","444c2d44b01e228de2ab3a9f5457f0cf67a424cdb2a67f5a7ac91b1569a66930"
"provengo_project/products/internal/artifacts/1/1/1181.txt","1883","5677031fa8edb87b22356e89212dfb7837162877e3b59196781c255738189bc7"
"provengo_project/products/internal/artifacts/1/1/1182.json","1741","971c220d7739f5979f2814a6db30410d582744e3acd6c95d5c3fda399c9fa721"
"provengo_project/products/internal/artifacts/1/1/1183.txt","142","7301b20be5ba5b12147c4684dfdd18e3de7ac0ffce72fd748453ef9a78131e98"
"provengo_project/products/internal/artifacts/1/1/1184.txt","479","96cf973240f703320a4c091c8b164374c20f440603b55efb0aa480ed721bda53"
"provengo_project/products/internal/artifacts/1/1/1185","159","1c646950a1f179af12bb9d3328b9e3f6a2491f555954d2bd4a19735fbbfed4f8"
"provengo_project/products/internal/artifacts/1/1/1186.txt","77","40fbc1c9da2ed1f590745085871b692469c6a5731839fdf90cbda2027897d033"
"provengo_project/products/internal/artifacts/1/1/1187.txt","475","5fc704997b89054d311357416fc6e4ff52ee46a3db1fb894e2cc32cbe2c4fa3b"
"provengo_project/products/internal/artifacts/1/1/1188","155","b1a9dfa04a88b9c372272e62d78d9923e060272a59a7784b37e64650f5542c06"
"provengo_project/products/internal/artifacts/1/1/1189.txt","201","935dce2aa3104c4d864926c0425cd65cc9dd0490c6fd5ea732480e16e1d7d312"
"provengo_project/products/internal/artifacts/1/1/119.txt","533","7102130152634423ff36eaa9f2e9ec72ff9c97044de304c4eea060a5f39bbbbf"
"provengo_project/products/internal/artifacts/1/1/1190.txt","470","4fd5b5d3b64f8a3e4493a04de2e88064df9dab56860dabee2c2fb7a30d173d5a"
"provengo_project/products/internal/artifacts/1/1/1191","150","b8a5e6bdf47089e46ea94d31c03cdde849bb24995f9699b9f1ef1700c8ee5c6d"
"provengo_project/products/internal/artifacts/1/1/1192.txt","217","4eafc05a6e390388eac574dcc779424e27068f7402fc369f01300c12b2cc3fd0"
"provengo_project/products/internal/artifacts/1/1/1193.txt","470","674938453915af2c9f0ff853d3927c9a8259859b72eec0a1ba634c6f2ac78302"
"provengo_project/products/internal/artifacts/1/1/1194","150","b8a5e6bdf47089e46ea94d31c03cdde849bb24995f9699b9f1ef1700c8ee5c6d"
"provengo_project/products/internal/artifacts/1/1/1195.txt","225","ff5ef1bb62a8342ec802688d2dcc264025ba184c1f826ab5e268057d92ee61c0"
"provengo_project/products/internal/artifacts/1/1/1196.txt","470","b841f3fecafd4d2587683ae126bf7782982eb2a327714ac8ac92baee408a25a4"
"provengo_project/products/internal/artifacts/1/1/1197","150","b8a5e6bdf47089e46ea94d31c03cdde849bb24995f9699b9f1ef1700c8ee5c6d"
"provengo_project/products/internal/artifacts/1/1/1198.txt","143","db2156035b75724a746c0985f6515c000001b31492d4ce65b8b6fc22f2a302d3"
"provengo_project/products/internal/artifacts/1/1/1199.txt","475","6fe6aabd7d372b8bdcfece2ccc23469973d00b7867203a32c27f943c8ab724e5"
"provengo_project/products/internal/artifacts/1/1/12.json","1743","6597d200095cc3cdb5bf2f73ec17cc228ccdb50d863e1e263dcdc425531a9d2e"
"provengo_project/products/internal/artifacts/1/1/120","213","3ebc80bad85a7ac33b435a5a70369eca12110b72f4e2109f2224df9416078821"
"provengo_project/products/internal/artifacts/1/1/1200","155","b1a9dfa04a88b9c372272e62d78d9923e060272a59a7784b37e64650f5542c06"
"provengo_project/products/internal/artifacts/1/1/1201.txt","93","14bded7c1e3a976ddc729c6e23d0e7d7083313af6fbe73d7ff3d00a54408b860"
"provengo_project/products/internal/artifacts/1/1/1202.txt","470","71281885593dda2b41ab02a8141d02c9fca9153c1d10612882ac995a00e459f8"
"provengo_project/products/internal/artifacts/1/1/1203","150","b8a5e6bdf47089e46ea94d31c03cdde849bb24995f9699b9f1ef1700c8ee5c6d"
"provengo_project/products/internal/artifacts/1/1/1204.txt","785","9bc270941fe899fdb2b300c64e0d8c8e590aad9343a648bd2b7a3ea5cb5e0980"
"provengo_project/products/internal/artifacts/1/1/1205.txt","2580","9d8d5ade50adf3c14e9e179e1283ad9abafed1eb0d4736f4834dfedcaf3f8533"
"provengo_project/products/internal/artifacts/1/1/1206.json","2438","10ea630b1e56db3b9156ec9ef3baf0e6977cc8c670eff921a1dcd97dbb746593"
"provengo_project/products/internal/artifacts/1/1/1207.txt","139","ccf32483dc23d2b839dbbf369c20fa9c94aa2fb3308af4c5a059d223eafe7dac"
"provengo_project/products/internal/artifacts/1/1/1208.txt","475","d92fe1068332aac50e8555f678f87e78ce0794c2b609ac3a1ac1dd99a99f512c"
"provengo_project/products/internal/artifacts/1/1/1209","155","b1a9dfa04a88b9c372272e62d78d9923e060272a59a7784b37e64650f5542c06"
"provengo_project/products/internal/artifacts/1/1/121.txt","583","1fab9ee97a91b6a399fe427a74d140dba4f9e9b0ef25680f6de3442459535264"
"provengo_project/products/internal/artifacts/1/1/1210.txt","80","da59b5a71eac6eae5fd7236c86b0ab47228da62ad01529528ea205b5ff591f66"
"provengo_project/products/internal/artifacts/1/1/1211.txt","479","218448273b96df40d5bca3b43da6f782efda508336968d7d07f1f5a76d9b1295"
"provengo_project/products/internal/artifacts/1/1/1212","159","1c646950a1f179af12bb9d3328b9e3f6a2491f555954d2bd4a19735fbbfed4f8"
"provengo_project/products/internal/artifacts/1/1/1213.txt","236","687257c27e81a0104231ffa12f5cbab5b3dec02d040971b75901c9dfe204165e"
"provengo_project/products/internal/artifacts/1/1/1214.txt","577","d8816677cd395063b0f958b7e4e1d2855a35ab88e386125bdb1bd3046d8e7c2b"
"provengo_project/products/internal/artifacts/1/1/1215","257","081d654cffd2643469d691caf3756edf8d15befeb50db7665a1554db4db41b8d"
"provengo_project/products/internal/artifacts/1/1/1216.txt","236","15082202a3d3f92b8598c28775d6f482ac46cbf87ac442543dba7f1225302b41"
"provengo_project/products/internal/artifacts/1/1/1217.txt","577","38c951fe201b2fc7fd78fd0cefc6842ccecd0f1491081cc2798e2616f98d408d"
"provengo_project/products/internal/artifacts/1/1/1218","257","2de9b63e9a1118643835eda2451e3c8dec48f0ffa97338c9958bb01aa4b101d6"
"provengo_project/products/internal/artifacts/1/1/1219.txt","146","07d9847067a9d2782d3fd874b78f88a59439fa6646e6d7ab3eefc7248e781f34"
"provengo_project/products/internal/artifacts/1/1/122.txt","2104","9f0b367e8f49baa255d9fba4359d5ca1a51d45fe804e165ebb775666284de58b"
"provengo_project/products/internal/artifacts/1/1/1220.txt","479","342676f895418e17f79a0598d43c88b9088eb27b057f4674b9b3b37c68514238"
"provengo_project/products/internal/artifacts/1/1/1221","159","1c646950a1f179af12bb9d3328b9e3f6a2491f555954d2bd4a19735fbbfed4f8"
"provengo_project/products/internal/artifacts/1/1/1222.txt","101","47f8f3697f774f768655a98300b5bb5c7ea141ae2829df4f3500fe583536e47b"
"provengo_project/products/internal/artifacts/1/1/1223.txt","479","c09fd66d94c89748aaf9fb096b3f484fbe054809a813308b25e60650c49ce305"
"provengo_project/products/internal/artifacts/1/1/1224","159","1c646950a1f179af12bb9d3328b9e3f6a2491f555954d2bd4a19735fbbfed4f8"
"provengo_project/products/internal/artifacts/1/1/1225.txt","605","f864e8769c5031d67fdf51dfebef30ed5f5283566c61498ba2a91bab3eaea2ce"
"provengo_project/products/internal/artifacts/1/1/1226.txt","2124","cb7be3f647a1c47dded27339b577895e845c5c2b458019fb8e231caebd6cebb3"
"provengo_project/products/internal/artifacts/1/1/1227.json","1982","d9fa5671e95b1ecfb9c778ebfe09077d105653c0da1a62c818cc6dd844a7b445"
"provengo_project/products/internal/artifacts/1/1/1228.txt","142","6d3b8bed2ffbfd1540141a9c736654d9bfcae5dad1d56278d14fcc401a2d0757"
"provengo_project/products/internal/artifacts/1/1/1229.txt","479","e2169fe1fe7ff3f734cbf7487a95587ac3d15128f41a147cb975fb5759f7b080"
"provengo_project/products/internal/artifacts/1/1/123.json","1962","1090117f11465dc67c125ea6fc23557858b76f23bc16ca6e1bd49efe45457e80"
"provengo_project/products/internal/artifacts/1/1/1230","159","1c646950a1f179af12bb9d3328b9e3f6a2491f555954d2bd4a19735fbbfed4f8"
"provengo_project/products/internal/artifacts/1/1/1231.txt","77","40fbc1c9da2ed1f590745085871b692469c6a5731839fdf90cbda2027897d033"
"provengo_project/products/internal/artifacts/1/1/1232.txt","475","802196a59c0f5f9410b0e66c21807aaa3d866205fe712c3c7e85af214d7ea2f4"
"provengo_project/products/internal/artifacts/1/1/1233","155","b1a9dfa04a88b9c372272e62d78d9923e060272a59a7784b37e64650f5542c06"
"provengo_project/products/internal/artifacts/1/1/1234.txt","225","0a5df6cd46fd79ef0723c0157e21c250a98d9415a81f3e488ec84dc6ad6f3885"
"provengo_project/products/internal/artifacts/1/1/1235.txt","470","d914359d081018c30fcf8260b5130fcb51cebbd009ae9b3afde305516c0ebaa3"
"provengo_project/products/internal/artifacts/1/1/1236","150","b8a5e6bdf47089e46ea94d31c03cdde849bb24995f9699b9f1ef1700c8ee5c6d"
"provengo_project/products/internal/artifacts/1/1/1237.txt","225","5de5f5bb48e2c5cd0bd89c3593faa3d24a08a06db366a59fa7e85a364e01f164"
"provengo_project/products/internal/artifacts/1/1/1238.txt","470","0f80c6fd599700fe0769547c63f135851d0260abf42d047cd5acc15ce31d721f"
"provengo_project/products/internal/artifacts/1/1/1239","150","b8a5e6bdf47089e46ea94d31c03cdde849bb24995f9699b9f1ef1700c8ee5c6d"
"provengo_project/products/internal/artifacts/1/1/124.txt","80","d13e0b8ece89a7a4009d40c50dbfe49e19b4630a51a721b310d298af76b742b2"
"provengo_project/products/internal/artifacts/1/1/1240.txt","143","acc18dc67248100cbe52b96277a020d44c51dd0d4d3a6cf716d7025c68cde8e0"
"provengo_project/products/internal/artifacts/1/1/1241.txt","475","62b057ec413181cfbedfcd966606e93b477ee61bcf93ce41532a98f80f43d40a"
"provengo_project/products/internal/artifacts/1/1/1242","155","b1a9dfa04a88b9c372272e62d78d9923e060272a59a7784b37e64650f5542c06"
"provengo_project/products/internal/artifacts/1/1/1243.txt","93","14bded7c1e3a976ddc729c6e23d0e7d7083313af6fbe73d7ff3d00a54408b860"
"provengo_project/products/internal/artifacts/1/1/1244.txt","470","b498b2a8453c0a7f797eceefed0aff1ef8b2084319237ca23c3412e44b9f1d1e"
"provengo_project/products/internal/artifacts/1/1/1245","150","b8a5e6bdf47089e46ea94d31c03cdde849bb24995f9699b9f1ef1700c8ee5c6d"
"provengo_project/products/internal/artifacts/1/1/1246.txt","583","c51da6b0db39ea7a22fd4d2f33a94a374661798b6bb9d6810bae9fe070809117"
"provengo_project/products/internal/artifacts/1/1/1247.txt","1865","a2276a89e3d61fbc268498e24cc9d5e664f99cbfa4e4db285d62fc57b7445535"
"provengo_project/products/internal/artifacts/1/1/1248.json","1723","dfc40dc51ebb718e1c25320af245dfbe73133805aa3e27d1626bf713c1253a66"
"provengo_project/products/internal/artifacts/1/1/1249.txt","139","be1153891f0ee0609427b2b26fbcdd86031f82b5c4239d4136efd9bf93b47ff9"
"provengo_project/products/internal/artifacts/1/1/125.txt","211","675f591376bc7a1be0ad2247af7374afb6ea2bc5bbd582287257169ec27bd444"
"provengo_project/products/internal/artifacts/1/1/1250.txt","475","b3ab46c0f857ab722b81d42bd2e545896f720c6dcdc7096c38227fdd01b59771"
"provengo_project/products/internal/artifacts/1/1/1251","155","b1a9dfa04a88b9c372272e62d78d9923e060272a59a7784b37e64650f5542c06"
"provengo_project/products/internal/artifacts/1/1/1252.txt","78","01ff1ea75038291ddfd1c4dea86ae2b0ad61862aedef48f36d5c83a850c92bd1"
"provengo_project/products/internal/artifacts/1/1/1253.txt","480","5b25102bf80d1fc3d338f85df9b9752a3eb6d0b9b122d6795960652e0230be3b"
"provengo_project/products/internal/artifacts/1/1/1254","160","03418983281e402db2edb1cccffe12800027e2b7e9603659058e1d87a472e8df"
"provengo_project/products/internal/artifacts/1/1/1255.txt","232","94b1093efbbff4d26817fc79868020fa7764b9b148d227e5a2ebe2773d89f34a"
"provengo_project/products/internal/artifacts/1/1/1256.txt","577","f1d13e5779696745d63f3d8445727b3a597aec81eb4cb46ae5b4bf1b35d8f976"
"provengo_project/products/internal/artifacts/1/1/1257","257","081d654cffd2643469d691caf3756edf8d15befeb50db7665a1554db4db41b8d"
"provengo_project/products/internal/artifacts/1/1/1258.txt","232","3ef6bc808230ca056b2ff76c40a2805c8a78b7d7834f0e9f2a30842186eaee1f"
"provengo_project/products/internal/artifacts/1/1/1259.txt","577","9e9909a18e16ce8342b8d3b08a2d06d65e496256e1fd627b6dd63220bdde81ac"
"provengo_project/products/internal/artifacts/1/1/126.txt","0","e3b0c44298fc1c149afbf4c8996fb92427ae41e4649b934ca495991b7852b855"
"provengo_project/products/internal/artifacts/1/1/1260","257","2de9b63e9a1118643835eda2451e3c8dec48f0ffa97338c9958bb01aa4b101d6"
"provengo_project/products/internal/artifacts/1/1/1261.txt","142","d7d6d56671548a4aeb7f12ae67f4612880d6cb62bacd41c25c00930799956c1a"
"provengo_project/products/internal/artifacts/1/1/1262.txt","480","fd0359684926f57a962775c800e8b1ebd9bc5e314b80a44ef2d576c515055f20"
"provengo_project/products/internal/artifacts/1/1/1263","160","03418983281e402db2edb1cccffe12800027e2b7e9603659058e1d87a472e8df"
"provengo_project/products/internal/artifacts/1/1/1264.txt","99","48fe089ee23910c42cbfe77f81d337ed412e3fc6369a0340d908280d3d665d9b"
"provengo_project/products/internal/artifacts/1/1/1265.txt","477","32c475d6715a178f11c43c7c670017108f409de5bd0ae70d6e19b419bb238eea"
"provengo_project/products/internal/artifacts/1/1/1266","157","c080362778e624a89c6e157c03dcc7b8d2045e5c9dd07616ab58b240aaaaee07"
"provengo_project/products/internal/artifacts/1/1/1267.txt","596","cfe05ce5f7ecf53a0a2fba7716815aff834d736b108bc35958635b03eff9165f"
"provengo_project/products/internal/artifacts/1/1/1268.txt","2113","f6479ca1fe8bebec5618d5a52d8a6bea0546c2244866e77716c441e95895f13a"
"provengo_project/products/internal/artifacts/1/1/1269.json","1971","0976d09a4908b7e77a827b02f2f117639141a282be45da5cf5438f6adf2662e3"
"provengo_project/products/internal/artifacts/1/1/127.txt","83","f98a8fbfd307e4522c025698b845c27e6ac2c3934d1c29f08179e25a22747de9"
"provengo_project/products/internal/artifacts/1/1/1270.txt","138","18b509080ed9d18ddf4f08f7dff76f43bbca93acd0afddf6d34f254134fcb6e1"
"provengo_project/products/internal/artifacts/1/1/1271.txt","480","02f5a55c2a2a72e39c4b1a7ddd0487ec890999f36483233a5f4b81aab7cfdd1e"
"provengo_project/products/internal/artifacts/1/1/1272","160","03418983281e402db2edb1cccffe12800027e2b7e9603659058e1d87a472e8df"
"provengo_project/products/internal/artifacts/1/1/1273.txt","77","40fbc1c9da2ed1f590745085871b692469c6a5731839fdf90cbda2027897d033"
"provengo_project/products/internal/artifacts/1/1/1274.txt","475","aef270cde564bcd0f7c87908a794c48ce4515ef1d99c73e54d39086bf4329ca2"
"provengo_project/products/internal/artifacts/1/1/1275","155","b1a9dfa04a88b9c372272e62d78d9923e060272a59a7784b37e64650f5542c06"
"provengo_project/products/internal/artifacts/1/1/1276.txt","201","e5d77ff0126d9905cef3ea6ffb00cfb0b87d85e3295e715dede55d017d739196"
"provengo_project/products/internal/artifacts/1/1/1277.txt","470","f987112c299ffc9d31deb78f1558aa508a90dd69d019a42d7efade05db3680bf"
"provengo_project/products/internal/artifacts/1/1/1278","150","b8a5e6bdf47089e46ea94d31c03cdde849bb24995f9699b9f1ef1700c8ee5c6d"
"provengo_project/products/internal/artifacts/1/1/1279.txt","225","cc98e3d8291bee41b38cfc6d376532e5287f0724a5094256e657a2d479d44883"
"provengo_project/products/internal/artifacts/1/1/128.txt","211","47f40c3d3a13c3454038693279aa9c9781c1e2a71974ea3b9b8efc01019c5892"
"provengo_project/products/internal/artifacts/1/1/1280.txt","470","7079967cce6904c8234934195f676beaba2d61c5698bef6113397ca288028e0e"
"provengo_project/products/internal/artifacts/1/1/1281","150","b8a5e6bdf47089e46ea94d31c03cdde849bb24995f9699b9f1ef1700c8ee5c6d"
"provengo_project/products/internal/artifacts/1/1/1282.txt","143","a1d82ff1d6b5d4650862e25121a0f37950fc4e87a41a632ec8d160580de46a4d"
"provengo_project/products/internal/artifacts/1/1/1283.txt","475","2041bc4adb7f7a6283ad1dd699eb710ea10cd804623291a961fadafddca90bc9"
"provengo_project/products/internal/artifacts/1/1/1284","155","b1a9dfa04a88b9c372272e62d78d9923e060272a59a7784b37e64650f5542c06"
"provengo_project/products/internal/artifacts/1/1/1285.txt","93","14bded7c1e3a976ddc729c6e23d0e7d7083313af6fbe73d7ff3d00a54408b860"
"provengo_project/products/internal/artifacts/1/1/1286.txt","470","4b276b1477b0a11b9dc8f7731e9f7675de37979a3657521eb8b612e4bd2e7bb1"
"provengo_project/products/internal/artifacts/1/1/1287","150","b8a5e6bdf47089e46ea94d31c03cdde849bb24995f9699b9f1ef1700c8ee5c6d"
"provengo_project/products/internal/artifacts/1/1/1288.txt","568","fc938db72ed2d0362f028634afc0b4a2020074eb3141d540ac267f16f1e6cead"
"provengo_project/products/internal/artifacts/1/1/1289.txt","1849","f528644b3947221eb150309a8a475d123afd081b4547a07206f80fcf767a90b9"
"provengo_project/products/internal/artifacts/1/1/129.txt","0","e3b0c44298fc1c149afbf4c8996fb92427ae41e4649b934ca495991b7852b855"
"provengo_project/products/internal/artifacts/1/1/1290.json","1707","0938980776df1e949abbe85eee1823dad9fe739161f520e8bd67edfbe930cc92"
"provengo_project/products/internal/artifacts/1/1/1291.txt","139","b10279a3c1024ac5e29256d67f3f4228efe92919ad5d773601bfc4d0ee644477"
"provengo_project/products/internal/artifacts/1/1/1292.txt","475","f466ff356c9d9432de9d662806f88fb5924772dae137b65b214912bc03eda593"
"provengo_project/products/internal/artifacts/1/1/1293","155","b1a9dfa04a88b9c372272e62d78d9923e060272a59a7784b37e64650f5542c06"
"provengo_project/products/internal/artifacts/1/1/1294.txt","80","da59b5a71eac6eae5fd7236c86b0ab47228da62ad01529528ea205b5ff591f66"
"provengo_project/products/internal/artifacts/1/1/1295.txt","479","712a8eaf84ef9152464a58389b335ee66e493fd289d2192e9d86191d6686921c"
"provengo_project/products/internal/artifacts/1/1/1296","159","1c646950a1f179af12bb9d3328b9e3f6a2491f555954d2bd4a19735fbbfed4f8"
"provengo_project/products/internal/artifacts/1/1/1297.txt","238","fc3ce6543813f22eba9883f30de0cfcf8815af42e971015d5e0e814452da03b1"
"provengo_project/products/internal/artifacts/1/1/1298.txt","580","eafb3aae1d5e80b88cca82badf8292f4cd10ec5e4b90f609ac28715f18e53364"
"provengo_project/products/internal/artifacts/1/1/1299","260","e7f4e076c688789cbbfc98b71c74fa27d4640c7d53557e77966c4e40db5db79c"
"provengo_project/products/internal/artifacts/1/1/13.txt","106","1b6fe630d4a4193bea9919acceb8ea140b14dfb38132d180fb0d79b11c78adab"
"provengo_project/products/internal/artifacts/1/1/130.txt","139","ee2f9540cb3928ca90c10fc40279e91ce935abb396682b45069f5bdff2001573"
"provengo_project/products/internal/artifacts/1/1/1300.txt","238","636e3fbcfa659eaa0dad1872f3351b9f8688fc288a6a49adaf33e15e8a2220d5"
"provengo_project/products/internal/artifacts/1/1/1301.txt","580","36df47a920a196b7958ba4c47ae22cc2053e4c86d603c921443ae713debfad17"
"provengo_project/products/internal/artifacts/1/1/1302","260","3c66b16c9730893e4823cc040b2dcfb69bfef7fb41e1a354a3539eb33ea74e92"
"provengo_project/products/internal/artifacts/1/1/1303.txt","146","a2cc9c29613cca0ad49ae5e3be7cd1a0e0cc6d0595d04754bacc90f18566c4bc"
"provengo_project/products/internal/artifacts/1/1/1304.txt","479","58bfc97884e66b04b5b21056cfa4c485ed9e9d3a9a1ef7df6134fb6852f5a717"
"provengo_project/products/internal/artifacts/1/1/1305","159","1c646950a1f179af12bb9d3328b9e3f6a2491f555954d2bd4a19735fbbfed4f8"
"provengo_project/products/internal/artifacts/1/1/1306.txt","101","47f8f3697f774f768655a98300b5bb5c7ea141ae2829df4f3500fe583536e47b"
"provengo_project/products/internal/artifacts/1/1/1307.txt","479","ab3260619510b031425931017cc8cc18cda4c490d9a36622b2094043660f2028"
"provengo_project/products/internal/artifacts/1/1/1308","159","1c646950a1f179af12bb9d3328b9e3f6a2491f555954d2bd4a19735fbbfed4f8"
"provengo_project/products/internal/artifacts/1/1/1309.txt","610","0cad1a502bae5e89b9cb4f0b7d102329145cdcec618940ec7d323c5af4e65e93"
"provengo_project/products/internal/artifacts/1/1/131.txt","475","c1bd01a5ce8c7e470eed16883fe7426e0d738793f37e853885cd3dc25d6da0ca"
"provengo_project/products/internal/artifacts/1/1/1310.txt","2135","641815388709674a96e04bc82a219513e9156930cb930fe098fa639438eabe4f"
"provengo_project/products/internal/artifacts/1/1/1311.json","1993","77b5dccd94268d5650263ee30f8e432be4cee513ccc423bf50abcdad22c502fa"
"provengo_project/products/internal/artifacts/1/1/1312.txt","142","7141128c6cd9497d899c152838503990a8a0fab7a71ab7d4807b60f45e6d11b9"
"provengo_project/products/internal/artifacts/1/1/1313.txt","479","333e1b3ff62f14de3bf52f407e889571b1f7c28a0ed520554b6807f8cd88b3d2"
"provengo_project/products/internal/artifacts/1/1/1314","159","1c646950a1f179af12bb9d3328b9e3f6a2491f555954d2bd4a19735fbbfed4f8"
"provengo_project/products/internal/artifacts/1/1/1315.txt","77","40fbc1c9da2ed1f590745085871b692469c6a5731839fdf90cbda2027897d033"
"provengo_project/products/internal/artifacts/1/1/1316.txt","475","ff4f02ea54e20f4dcd1fbac755c1536fa63cca0c8cdce9267f0ed3ac3af8368b"
"provengo_project/products/internal/artifacts/1/1/1317","155","b1a9dfa04a88b9c372272e62d78d9923e060272a59a7784b37e64650f5542c06"
"provengo_project/products/internal/artifacts/1/1/1318.txt","231","d480ac35f2b0f3e7223b71806a0697e3c55cb29b95ae3494e829259d7c298a01"
"provengo_project/products/internal/artifacts/1/1/1319.txt","595","5ce708048d059ec7ae4dd574f456389e9921ead959c94e5397a1917af71832e8"
"provengo_project/products/internal/artifacts/1/1/132","155","b1a9dfa04a88b9c372272e62d78d9923e060272a59a7784b37e64650f5542c06"
"provengo_project/products/internal/artifacts/1/1/1320","275","9bc50c09f60fab212a154bb66e5c5698b3bd984c68d0faefdb557cc7feff829d"
"provengo_project/products/internal/artifacts/1/1/1321.txt","231","046f1ec714ade2897b6d9d6c91121296033fd1c34821e6186f328910a463854c"
"provengo_project/products/internal/artifacts/1/1/1322.txt","595","6c7b7dee6c237526556a1e98ced94c71f05e33e4b22fe210ab75b3a3001658f7"
"provengo_project/products/internal/artifacts/1/1/1323","275","88d67642bbc009a4581d88dc9ce051bfa3aa48b884207cbd2570e0cf592cfdc1"
"provengo_project/products/internal/artifacts/1/1/1324.txt","143","01a45e2f4bbd4d0bddff6dc42c019e388927da25938be290ebe76c2d220d9515"
"provengo_project/products/internal/artifacts/1/1/1325.txt","475","6e4f299468222fac7c22654f74090a20d64b5928e762d1b12c946c24e89f4326"
"provengo_project/products/internal/artifacts/1/1/1326","155","b1a9dfa04a88b9c372272e62d78d9923e060272a59a7784b37e64650f5542c06"
"provengo_project/products/internal/artifacts/1/1/1327.txt","98","3047e99b798822619a871fe6a23d8c1352dc6b9f8b90a0ce1d154bee3f028c6f"
"provengo_project/products/internal/artifacts/1/1/1328.txt","475","8beeb1ed96613d3a4dd295fd103896ea5b2062d1285c72b40f410a42d2cb251f"
"provengo_project/products/internal/artifacts/1/1/1329","155","b1a9dfa04a88b9c372272e62d78d9923e060272a59a7784b37e64650f5542c06"
"provengo_project/products/internal/artifacts/1/1/133.txt","83","6feffc0b3dd7a7a6d133dbf563aead81d9042d39d5bd4b3472cd39b1119a363d"
"provengo_project/products/internal/artifacts/1/1/1330.txt","591","95cfa4a27299d531e81c627aced8e84b214f62ec4cc2b73f35c1cf85af44aadf"
"provengo_project/products/internal/artifacts/1/1/1331.txt","2144","9cf1d016088d9506e71cf4facbf1bc7d5bcfc0fd70ad54af54db10c79ee403f3"
"provengo_project/products/internal/artifacts/1/1/1332.json","2002","ddb4d41d7cc7c804443b2ce938caaddeea24d2476eb6fb121d5a58cab781d8e9"
"provengo_project/products/internal/artifacts/1/1/1333.txt","139","bfac2f12c40414f1a9162173c92c6651e7af14846c3909fd277652980869084e"
"provengo_project/products/internal/artifacts/1/1/1334.txt","475","e796478eaa7150166bb157df22af0e7c304c2f265632635067877f66a30e2fbf"
"provengo_project/products/internal/artifacts/1/1/1335","155","b1a9dfa04a88b9c372272e62d78d9923e060272a59a7784b37e64650f5542c06"
"provengo_project/products/internal/artifacts/1/1/1336.txt","77","40fbc1c9da2ed1f590745085871b692469c6a5731839fdf90cbda2027897d033"
"provengo_project/products/internal/artifacts/1/1/1337.txt","475","212063b06a7901caa782ece0f1793f34d9e789402e27090b3ac3c45ac7cdf049"
"provengo_project/products/internal/artifacts/1/1/1338","155","b1a9dfa04a88b9c372272e62d78d9923e060272a59a7784b37e64650f5542c06"
"provengo_project/products/internal/artifacts/1/1/1339.txt","231","89e81e1a1f1d922b6ca3ebdc373c53f9fa9303c46817420ba375f9e213162d66"
"provengo_project/products/internal/artifacts/1/1/134.txt","211","24aba28e91053634cd5f6f8acaaa56f2c5e56d0e77314a4d16349bc651250bf2"
"provengo_project/products/internal/artifacts/1/1/1340.txt","470","abef896e665a9d8c8a4342b0f837293e20d6450a6f0ee4791eaeb758b8919a20"
"provengo_project/products/internal/artifacts/1/1/1341","150","b8a5e6bdf47089e46ea94d31c03cdde849bb24995f9699b9f1ef1700c8ee5c6d"
"provengo_project/products/internal/artifacts/1/1/1342.txt","231","898482e2898e0077e1c9b2a22bbeb42cbe9201a2b79e53717db683824dbd80e2"
"provengo_project/products/internal/artifacts/1/1/1343.txt","470","004e49fa9e9a36b71c6fed1246bdc1954e0b3e32546e6a3797f63f9fe395a6cd"
"provengo_project/products/internal/artifacts/1/1/1344","150","b8a5e6bdf47089e46ea94d31c03cdde849bb24995f9699b9f1ef1700c8ee5c6d"
"provengo_project/products/internal/artifacts/1/1/1345.txt","143","eef45a078fe0f2efa0ef20b8876caee203db3eceace47759dab7dac21b2422b3"
"provengo_project/products/internal/artifacts/1/1/1346.txt","475","d812f711b2ad2847ab43f1089e6a9113f3f9811ba8af21fea9d1da2101d0f2e4"
"provengo_project/products/internal/artifacts/1/1/1347","155","b1a9dfa04a88b9c372272e62d78d9923e060272a59a7784b37e64650f5542c06"
"provengo_project/products/internal/artifacts/1/1/1348.txt","93","14bded7c1e3a976ddc729c6e23d0e7d7083313af6fbe73d7ff3d00a54408b860"
"provengo_project/products/internal/artifacts/1/1/1349.txt","470","ad6322696534ced18b8243dad5008bccdf31c177f13e02a78b25272d91bedcdd"
"provengo_project/products/internal/artifacts/1/1/135.txt","0","e3b0c44298fc1c149afbf4c8996fb92427ae41e4649b934ca495991b7852b855"
"provengo_project/products/internal/artifacts/1/1/1350","150","b8a5e6bdf47089e46ea94d31c03cdde849bb24995f9699b9f1ef1700c8ee5c6d"
"provengo_project/products/internal/artifacts/1/1/1351.txt","598","8b38ef76952feff697a8ff63e66b8915cd1f3b5beea5e7e7b9369b6f117e3ab0"
"provengo_project/products/internal/artifacts/1/1/1352.txt","1879","d22f0cda9f28f33883dcb33094814b71c86e85f5b6026e4a02192ccbb1c2e302"
"provengo_project/products/internal/artifacts/1/1/1353.json","1737","51a64a70a68948d8a72d31beb2984594ee2de1b781bb0f73213720eb1965c8da"
"provengo_project/products/internal/artifacts/1/1/1354.txt","139","66c852f7821d8909af3fcf73cbe299e41786270bf73901f28ed608ca326ddda7"
"provengo_project/products/internal/artifacts/1/1/1355.txt","475","465157f562dbb0c366226799bd4aa94b20c17f5b5cc73af1759cbe3becff9ac9"
"provengo_project/products/internal/artifacts/1/1/1356","155","b1a9dfa04a88b9c372272e62d78d9923e060272a59a7784b37e64650f5542c06"
"provengo_project/products/internal/artifacts/1/1/136.txt","80","da59b5a71eac6eae5fd7236c86b0ab47228da62ad01529528ea205b5ff591f66"
"provengo_project/products/internal/artifacts/1/1/137.txt","479","ea56d2fdb5e7c8f0d3b505da9a89c92faf256e3ea93afc87a39e7dbc5c3e93e4"
"provengo_project/products/internal/artifacts/1/1/138","159","1c646950a1f179af12bb9d3328b9e3f6a2491f555954d2bd4a19735fbbfed4f8"
"provengo_project/products/internal/artifacts/1/1/139.txt","81","cb7307dff493676d21d9fbce4d6aae4949d9db81bdee4a0717366357c9bc08a8"
"provengo_project/products/internal/artifacts/1/1/14.txt","962","9817edcce4e1679e04bbbd1a0d1b5db84036cfc2e4971017a7c158d1697590f3"
"provengo_project/products/internal/artifacts/1/1/140.txt","211","3c1ed55d045ca851071364363e75bc2f7955b0a7313d6ddc4d6a7605a52a610d"
"provengo_project/products/internal/artifacts/1/1/141.txt","0","e3b0c44298fc1c149afbf4c8996fb92427ae41e4649b934ca495991b7852b855"
"provengo_project/products/internal/artifacts/1/1/142.txt","218","d1e78eac600d34d87f15413a5539020b42abf203c62138aa6c0fdf58312f7823"
"provengo_project/products/internal/artifacts/1/1/143.txt","479","813b11bd006c70e0c005fdaadc625034a1663229bf9bfe782582730b52b79d4c"
"provengo_project/products/internal/artifacts/1/1/144","159","1c646950a1f179af12bb9d3328b9e3f6a2491f555954d2bd4a19735fbbfed4f8"
"provengo_project/products/internal/artifacts/1/1/145.txt","218","d6ce5a3bb6c1da37fa8aa526efb840e0839bc574f81279dbdd1f61471dd7ce21"
"provengo_project/products/internal/artifacts/1/1/146.txt","479","db287a2e107bcfb4c0715a5f535a948fca698c427fd2bd21fda6128d1cc54afe"
"provengo_project/products/internal/artifacts/1/1/147","159","1c646950a1f179af12bb9d3328b9e3f6a2491f555954d2bd4a19735fbbfed4f8"
"provengo_project/products/internal/artifacts/1/1/148.txt","81","b9c7dc910764d1a6269538f4db88b1961d25198957eecfa0411c8623c1e70a73"
"provengo_project/products/internal/artifacts/1/1/149.txt","211","13e742d296d2b3578c928d1833d82eaf9c4e61c38bba0fe9409d14dc9c66a31b"
"provengo_project/products/internal/artifacts/1/1/15.json","717","451206c413ff797a89368e6456af9fd0390d0cd0d11b26033625e8671f6f6e30"
"provengo_project/products/internal/artifacts/1/1/150.txt","0","e3b0c44298fc1c149afbf4c8996fb92427ae41e4649b934ca495991b7852b855"
"provengo_project/products/internal/artifacts/1/1/151.txt","146","e465948d2ccd061bebf7c8caffdeb80116f8f3a752a9f4ad1df333f6e237fa61"
"provengo_project/products/internal/artifacts/1/1/152.txt","479","dbbac567b256b0ca4be861284c1a9b805f65666f3e8a67c3024545945a95e028"
"provengo_project/products/internal/artifacts/1/1/153","159","1c646950a1f179af12bb9d3328b9e3f6a2491f555954d2bd4a19735fbbfed4f8"
"provengo_project/products/internal/artifacts/1/1/154.txt","101","47f8f3697f774f768655a98300b5bb5c7ea141ae2829df4f3500fe583536e47b"
"provengo_project/products/internal/artifacts/1/1/155.txt","479","a914320632a3776b82846f60ab3c1e51242b6a03c09edd6c3102b77ca7490a37"
"provengo_project/products/internal/artifacts/1/1/156","159","1c646950a1f179af12bb9d3328b9e3f6a2491f555954d2bd4a19735fbbfed4f8"
"provengo_project/products/internal/artifacts/1/1/157.txt","577","e59da1c48fd248be253542b1b2b093bfc5eb1e2a95b5bb86f3d9900807d72402"
"provengo_project/products/internal/artifacts/1/1/158.txt","1900","32fa2ac1b9f44c5adac7a45f9b8d570ce0b3453ccae97869f490711513919dd4"
"provengo_project/products/internal/artifacts/1/1/159.json","1758","5f4900cd414cfa7d3e0d48147d45999dd9d2b676cb63cae43333e9df2f5211fa"
"provengo_project/products/internal/artifacts/1/1/16.txt","95","c31c7b842499b800f0982ae5f5221485f2b30d2b3bb50a30e1bea1e52dbdc09b"
"provengo_project/products/internal/artifacts/1/1/160.txt","142","3bb48d254706994622560222def0cdeeff4336272e873d109f85e5bab10442de"
"provengo_project/products/internal/artifacts/1/1/161.txt","479","9964f32aeeaef2989948296fd44cb7d29c90c65bf2e11fae93dcf9a58649bbda"
"provengo_project/products/internal/artifacts/1/1/162","159","1c646950a1f179af12bb9d3328b9e3f6a2491f555954d2bd4a19735fbbfed4f8"
"provengo_project/products/internal/artifacts/1/1/163.txt","80","da59b5a71eac6eae5fd7236c86b0ab47228da62ad01529528ea205b5ff591f66"
"provengo_project/products/internal/artifacts/1/1/164.txt","479","e6b39f0230d2969062906853096eec46452af21f62c67e527c7de82cd9b0f6fd"
"provengo_project/products/internal/artifacts/1/1/165","159","1c646950a1f179af12bb9d3328b9e3f6a2491f555954d2bd4a19735fbbfed4f8"
"provengo_project/products/internal/artifacts/1/1/166.txt","230","d767970a2ba9d1e8cd5180544f956b0c056f31d23a3e4b47c053b7d19ac1c752"
"provengo_project/products/internal/artifacts/1/1/167.txt","474","2b073b42e3791176a55ac49ac652de95f0449cd6ca981bdd226713c6dcfc2198"
"provengo_project/products/internal/artifacts/1/1/168","154","5814c7690ce103cd9a3fe1ed54c60634acd9df19a457928d404509606b56c3ce"
"provengo_project/products/internal/artifacts/1/1/169.txt","230","4458c17f45ed051e7fe8cf0f7c0cb2605aa287227b330bec7aaad281a9dbe2ff"
"provengo_project/products/internal/artifacts/1/1/17.txt","525","1505a64e0e5610e46391299cf08a967eec78a59abadcfc7eac0b0745a0c03405"
"provengo_project/products/internal/artifacts/1/1/170.txt","474","73182ee95b7ae4fd81318381734f7eedcb511d67f95c98b824332992b71d37f0"
"provengo_project/products/internal/artifacts/1/1/171","154","5814c7690ce103cd9a3fe1ed54c60634acd9df19a457928d404509606b56c3ce"
"provengo_project/products/internal/artifacts/1/1/172.txt","146","d206e7f61b30cdd8d829d9db3c2c0c8d909d562642b57b9761e076367896e44c"
"provengo_project/products/internal/artifacts/1/1/173.txt","479","50838bf2bb33aca065a5db5e7c18d36366b456f4b3a88731f8f9dd99f2ce5be8"
"provengo_project/products/internal/artifacts/1/1/174","159","1c646950a1f179af12bb9d3328b9e3f6a2491f555954d2bd4a19735fbbfed4f8"
"provengo_project/products/internal/artifacts/1/1/175.txt","96","a5637a8d2b76a7ee3971326ef42550635fba705d78410a2ea4108bb37e3d8b4f"
"provengo_project/products/internal/artifacts/1/1/176.txt","474","e2ba3777a2da3e63121b12fc8f8de1d824bf192e5b236a0c32ad51c3f27e4cea"
"provengo_project/products/internal/artifacts/1/1/177","154","5814c7690ce103cd9a3fe1ed54c60634acd9df19a457928d404509606b56c3ce"
"provengo_project/products/internal/artifacts/1/1/178.txt","597","f67bc2bd9a8b3fd532c26a30b1094f4cfd2d3a72443e3b8a999e200a0aa5f7f4"
"provengo_project/products/internal/artifacts/1/1/179.txt","1886","f209584f8ae7f793540731aaac1ffa7f4d02cfea33cf816882b3c83f998c3215"
"provengo_project/products/internal/artifacts/1/1/18.json","280","2ad2acb7d601ccb6ab4025e581eaae302fece4aa8e488d4501abdda359ccbeb0"
"provengo_project/products/internal/artifacts/1/1/180.json","1744","32b47d1ce7bf908d0fcd9868b5415e65a1eeb665df87d481be41f3071aff57fd"
"provengo_project/products/internal/artifacts/1/1/181.txt","142","dec8974e68090821b134ae9c328c699c05f372d9e783492f5cc97014dfa05030"
"provengo_project/products/internal/artifacts/1/1/182.txt","479","27d7b59a53c625a2555fb54575990133bdfbb837826f71ef5ab9eb8210a0c4fe"
"provengo_project/products/internal/artifacts/1/1/183","159","1c646950a1f179af12bb9d3328b9e3f6a2491f555954d2bd4a19735fbbfed4f8"
"provengo_project/products/internal/artifacts/1/1/184.txt","80","da59b5a71eac6eae5fd7236c86b0ab47228da62ad01529528ea205b5ff591f66"
"provengo_project/products/internal/artifacts/1/1/185.txt","479","480d599c46de32b020b537c626bce9755ececd1727980c635dbda74ac5e2474d"
"provengo_project/products/internal/artifacts/1/1/186","159","1c646950a1f179af12bb9d3328b9e3f6a2491f555954d2bd4a19735fbbfed4f8"
"provengo_project/products/internal/artifacts/1/1/187.txt","234","ff8105956c7b9f1367f5698c4e105cb473333307055f9ccdb59958e2beb53e03"
"provengo_project/products/internal/artifacts/1/1/188.txt","474","4b2c5080f7c8e864087d1cc78ace98913c49cce7b7fea1f4c85b216b8ce09ffc"
"provengo_project/products/internal/artifacts/1/1/189","154","5814c7690ce103cd9a3fe1ed54c60634acd9df19a457928d404509606b56c3ce"
"provengo_project/products/internal/artifacts/1/1/19.txt","80","930f731205879404d6880eafb0af040e51d23f0c28a6c12da043470cdb1d3686"
"provengo_project/products/internal/artifacts/1/1/190.txt","230","4b57a18d02880c733c1bba57e4fb328c49bb9ec4577be218c27198f10bf94cdb"
"provengo_project/products/internal/artifacts/1/1/191.txt","474","53d433466e2c7df4586b9e207f999c761b787f0c7cd135c9156669e978a14203"
"provengo_project/products/internal/artifacts/1/1/192","154","5814c7690ce103cd9a3fe1ed54c60634acd9df19a457928d404509606b56c3ce"
"provengo_project/products/internal/artifacts/1/1/193.txt","222","4b92755520384524b5bdb6f3fed2f3f08ba9e76e9b52833773b70a52a1b4b61f"
"provengo_project/products/internal/artifacts/1/1/194.txt","474","909e4b5fcf0530ef195cf643871b2009330be8c62d17ed24de69e84c51f4e65e"
"provengo_project/products/internal/artifacts/1/1/195","154","5814c7690ce103cd9a3fe1ed54c60634acd9df19a457928d404509606b56c3ce"
"provengo_project/products/internal/artifacts/1/1/196.txt","146","6170b17ea78d03140b2f3b79f5efd5f9d2494486294dbbbe15fcd0d6e8efd261"
"provengo_project/products/internal/artifacts/1/1/197.txt","479","ead52c63416252545ed27566a2cea27c72dd7bed445b4cea165e13f99f512839"
"provengo_project/products/internal/artifacts/1/1/198","159","1c646950a1f179af12bb9d3328b9e3f6a2491f555954d2bd4a19735fbbfed4f8"
"provengo_project/products/internal/artifacts/1/1/199.txt","115","cb4576ce304181b2b1438a461e01abe211793af3f7c7f1981e79c4d7bcae5b3c"
"provengo_project/products/internal/artifacts/1/1/2.txt","524","72c5ac638e2e91b22e2240f8d323e75ffdd286374ba4bfaeb6c147308bdec114"
"provengo_project/products/internal/artifacts/1/1/20.txt","1960","dc097bb238830448a4c405396106ce76dab733e07cd0600376a635366e9eee9f"
"provengo_project/products/internal/artifacts/1/1/200.txt","474","4456daab2b19e2572358947a9488470c42264df228068c669f89f128d3498d65"
"provengo_project/products/internal/artifacts/1/1/201","154","5814c7690ce103cd9a3fe1ed54c60634acd9df19a457928d404509606b56c3ce"
"provengo_project/products/internal/artifacts/1/1/202.txt","814","0a627c2acaaf6397ecd4dc30fb8512b1b25d65be900ab94af1c5b7204f9ac438"
"provengo_project/products/internal/artifacts/1/1/203.txt","2621","9f3d84a43088c2ed887792417fd735a960864414c7281d13d45313cb5fd9c26a"
"provengo_project/products/internal/artifacts/1/1/204.json","2479","a01a56dcbdb9c87d6bfe948d6226cd21ffe981efc946a4ecd82ec0a71011067f"
"provengo_project/products/internal/artifacts/1/1/205.txt","142","96a9eb63c292f0a753ae8fcf3d8a9b6728f1dff7a98960627abe0668408e2f23"
"provengo_project/products/internal/artifacts/1/1/206.txt","479","2e317d3e7a23e7f8a4b54e6c1bfe5b093d27baccba74ff63bba580619ea3019b"
"provengo_project/products/internal/artifacts/1/1/207","159","1c646950a1f179af12bb9d3328b9e3f6a2491f555954d2bd4a19735fbbfed4f8"
"provengo_project/products/internal/artifacts/1/1/208.txt","80","da59b5a71eac6eae5fd7236c86b0ab47228da62ad01529528ea205b5ff591f66"
"provengo_project/products/internal/artifacts/1/1/209.txt","479","f7ac37686e663d85eec6b439b0610d93befd559ec858dde19ea92b02373a656c"
"provengo_project/products/internal/artifacts/1/1/21.json","1649","eb7c8b292b8e76b8f94bb05947ada2cd7e14d6c913bdd0d6e3316e17cec05746"
"provengo_project/products/internal/artifacts/1/1/210","159","1c646950a1f179af12bb9d3328b9e3f6a2491f555954d2bd4a19735fbbfed4f8"
"provengo_project/products/internal/artifacts/1/1/211.txt","209","e9da1bd2a2d1c2a101bc75090546e38992804b6b89cc5d8f5e1c86e522ff4e44"
"provengo_project/products/internal/artifacts/1/1/212.txt","474","b728c83defa38fb7acc9d4aba54a2a6eb7956f608b3657234fc6bd04abaafe0d"
"provengo_project/products/internal/artifacts/1/1/213","154","5814c7690ce103cd9a3fe1ed54c60634acd9df19a457928d404509606b56c3ce"
"provengo_project/products/internal/artifacts/1/1/214.txt","210","7785880d5a605eb830a36c15dbc135a141eb0064e33f5ec807f4fe5a08a6f10b"
"provengo_project/products/internal/artifacts/1/1/215.txt","474","81d49052a0c7b07b64e65c8f6807eba717abc75bdc98dfc855f6b75a934cb6cf"
"provengo_project/products/internal/artifacts/1/1/216","154","5814c7690ce103cd9a3fe1ed54c60634acd9df19a457928d404509606b56c3ce"
"provengo_project/products/internal/artifacts/1/1/217.txt","146","a5e07492520dbeb62f17a6aca425f2b9f96d210111e1a411b372e1d4619135f2"
"provengo_project/products/internal/artifacts/1/1/218.txt","479","d9703bd0ef5870ca24bbc50a1788849ce207d7a425b2d91cb543b6e4087101b3"
"provengo_project/products/internal/artifacts/1/1/219","159","1c646950a1f179af12bb9d3328b9e3f6a2491f555954d2bd4a19735fbbfed4f8"
"provengo_project/products/internal/artifacts/1/1/22.txt","80","da59b5a71eac6eae5fd7236c86b0ab47228da62ad01529528ea205b5ff591f66"
"provengo_project/products/internal/artifacts/1/1/220.txt","96","a5637a8d2b76a7ee3971326ef42550635fba705d78410a2ea4108bb37e3d8b4f"
"provengo_project/products/internal/artifacts/1/1/221.txt","474","3a6bfc9c2b229c34fc005c6ac28b0b06d478f9f796241b51edbaa7d8dedb0a4b"
"provengo_project/products/internal/artifacts/1/1/222","154","5814c7690ce103cd9a3fe1ed54c60634acd9df19a457928d404509606b56c3ce"
"provengo_project/products/internal/artifacts/1/1/223.txt","558","6b7b130b242cfc52a794452fdc4da5a9bb8e138e9cfe28a6733b7192f024b99d"
"provengo_project/products/internal/artifacts/1/1/224.txt","1847","46088804c1a21a46d4fb060f2bd38ffa203f0c5b0bef9f683f44df299d32288e"
"provengo_project/products/internal/artifacts/1/1/225.json","1705","6e872a7eb503d19b89325d6c2eb03bb4ade16e32ab28e490426f97d50e4c252b"
"provengo_project/products/internal/artifacts/1/1/226.txt","142","aea20f0d710b0a2e073bb9ea376c96e9777e025cae6a1f58bc4bde953825ae26"
"provengo_project/products/internal/artifacts/1/1/227.txt","479","e0a20ae1c3c7fd30b4e3c1efc05ff91c1335fd3650199b8f97e99ed049ec074a"
"provengo_project/products/internal/artifacts/1/1/228","159","1c646950a1f179af12bb9d3328b9e3f6a2491f555954d2bd4a19735fbbfed4f8"
"provengo_project/products/internal/artifacts/1/1/229.txt","80","da59b5a71eac6eae5fd7236c86b0ab47228da62ad01529528ea205b5ff591f66"
"provengo_project/products/internal/artifacts/1/1/23.txt","1958","3c97942f3f1e8753e6c0d91aeffc0e3fb93f4e08a25d88921c0337febc48cece"
"provengo_project/products/internal/artifacts/1/1/230.txt","479","5f75db525d28836e1383bb97a758f7f149cff0d6faef9987bb4454ea5e6bb7be"
"provengo_project/products/internal/artifacts/1/1/231","159","1c646950a1f179af12bb9d3328b9e3f6a2491f555954d2bd4a19735fbbfed4f8"
"provengo_project/products/internal/artifacts/1/1/232.txt","234","1a6f529153994921972ebce5a0d3a5b09c0bc22b4110973e36e6de60ad8c54e9"
"provengo_project/products/internal/artifacts/1/1/233.txt","474","10d0a5f29fb15428aa968f011061d68a8a55a4d7a7c06d6f3904c36e4bf88f9e"
"provengo_project/products/internal/artifacts/1/1/234","154","5814c7690ce103cd9a3fe1ed54c60634acd9df19a457928d404509606b56c3ce"
"provengo_project/products/internal/artifacts/1/1/235.txt","230","ce4d65ba417529a3289739886dfe8366eb63ce73badf68d97f0dacc04222457d"
"provengo_project/products/internal/artifacts/1/1/236.txt","474","a2b2bb3fb3820dbb50fc24fe65a510643066d324a63fd2814e32119b1d8c5d3b"
"provengo_project/products/internal/artifacts/1/1/237","154","5814c7690ce103cd9a3fe1ed54c60634acd9df19a457928d404509606b56c3ce"
"provengo_project/products/internal/artifacts/1/1/238.txt","203","216eda5e10f70560e917df48d3c750fa19f9cb03a4895743c4fee1313caf7c7d"
"provengo_project/products/internal/artifacts/1/1/239.txt","474","ea314ddb1c84173fa472d78c171750b2f36dfb5d7b0dc39b62f6c2c0b2ad9a32"
"provengo_project/products/internal/artifacts/1/1/24.json","1647","b8d61ec800d6a1dfe6097dd484093f7d6cc37a77bd4dc52e749a525be0d1ef2a"
"provengo_project/products/internal/artifacts/1/1/240","154","5814c7690ce103cd9a3fe1ed54c60634acd9df19a457928d404509606b56c3ce"
"provengo_project/products/internal/artifacts/1/1/241.txt","146","6c8cb1bdac4d791a9c1450358678dcddd1849f7ad8713053bff2823d4bd89bea"
"provengo_project/products/internal/artifacts/1/1/242.txt","479","afb88c44560b7889a014216886c942977427619cc77c895331c1ad09b7c6359b"
"provengo_project/products/internal/artifacts/1/1/243","159","1c646950a1f179af12bb9d3328b9e3f6a2491f555954d2bd4a19735fbbfed4f8"
"provengo_project/products/internal/artifacts/1/1/244.txt","96","a5637a8d2b76a7ee3971326ef42550635fba705d78410a2ea4108bb37e3d8b4f"
"provengo_project/products/internal/artifacts/1/1/245.txt","474","b1d4aba22611ab97f45b947946acc428d1ab5cad45edb92747ba4ddb9dc0ff7e"
"provengo_project/products/internal/artifacts/1/1/246","154","5814c7690ce103cd9a3fe1ed54c60634acd9df19a457928d404509606b56c3ce"
"provengo_project/products/internal/artifacts/1/1/247.txt","798","be8ae9c432ee20048544026829b83db6858e0f5f43cf0c3d528b038c08c4c32c"
"provengo_project/products/internal/artifacts/1/1/248.txt","2605","6eb5038b39f899baabe58a8755f51bfb4d6de761e03826fc766754106877b1e7"
"provengo_project/products/internal/artifacts/1/1/249.json","2463","65dec84831f0040088e0dde923ed210c4d27c201fee60cee3d7410c8c9318bcc"
"provengo_project/products/internal/artifacts/1/1/25.txt","46","64a628b603b46616f27259ebbc6d71e7463ce01a7546a677abc5091d42ea7682"
"provengo_project/products/internal/artifacts/1/1/250.txt","142","4ba20918738f4fd032aade2856b87f82433148a0cc9bc040c572e51cac68485e"
"provengo_project/products/internal/artifacts/1/1/251.txt","479","c5b23aadbc752d6e69b209f809131c77492760c4de248cc5f29742da6ec9324a"
"provengo_project/products/internal/artifacts/1/1/252","159","1c646950a1f179af12bb9d3328b9e3f6a2491f555954d2bd4a19735fbbfed4f8"
"provengo_project/products/internal/artifacts/1/1/253.txt","80","da59b5a71eac6eae5fd7236c86b0ab47228da62ad01529528ea205b5ff591f66"
"provengo_project/products/internal/artifacts/1/1/254.txt","479","a3b15123e31c7eeaf917f6dd24de30255315a90b428cbfe1d784ccb93218d091"
"provengo_project/products/internal/artifacts/1/1/255","159","1c646950a1f179af12bb9d3328b9e3f6a2491f555954d2bd4a19735fbbfed4f8"
"provengo_project/products/internal/artifacts/1/1/256.txt","234","9af57dde31d6f20441340c26c45feae96777b4e3f3751cfb81e738a5157c5998"
"provengo_project/products/internal/artifacts/1/1/257.txt","474","395bb7ae5984af219bed31f6a10e05011f8062b9f85bf41ff62bbc77f1a66cc4"
"provengo_project/products/internal/artifacts/1/1/258","154","5814c7690ce103cd9a3fe1ed54c60634acd9df19a457928d404509606b56c3ce"
"provengo_project/products/internal/artifacts/1/1/259.txt","203","70b7b0711dfb86a3c9c9218a3cc2d9edba09912eba3a20128d2214523f45b454"
"provengo_project/products/internal/artifacts/1/1/26.txt","686","789bc2f50107b359fed0355ddcbcb77a21a2c46311681563a389aa41f15e3af9"
"provengo_project/products/internal/artifacts/1/1/260.txt","474","fe6011d902244f0f2fdae076280eeeb202fda31415d7f199d3a2ccc4380e1172"
"provengo_project/products/internal/artifacts/1/1/261","154","5814c7690ce103cd9a3fe1ed54c60634acd9df19a457928d404509606b56c3ce"
"provengo_project/products/internal/artifacts/1/1/262.txt","146","5ca3440ea0339e0c395ec3fcf6a57da88a78543f35cfe66b483ee7ba51987399"
"provengo_project/products/internal/artifacts/1/1/263.txt","479","c5a85d2f880389016ea48305abaa7b1f36c355b7e71435bd928486f0e81f43c1"
"provengo_project/products/internal/artifacts/1/1/264","159","1c646950a1f179af12bb9d3328b9e3f6a2491f555954d2bd4a19735fbbfed4f8"
"provengo_project/products/internal/artifacts/1/1/265.txt","96","a5637a8d2b76a7ee3971326ef42550635fba705d78410a2ea4108bb37e3d8b4f"
"provengo_project/products/internal/artifacts/1/1/266.txt","474","ec829ec498db1eb4a6a3efeaee5c82915c783f1504b8565e8075b6a0993a448e"
"provengo_project/products/internal/artifacts/1/1/267","154","5814c7690ce103cd9a3fe1ed54c60634acd9df19a457928d404509606b56c3ce"
"provengo_project/products/internal/artifacts/1/1/268.txt","584","5bd8543b80fe641bdb8d68311917404b68c329b2e9c6aed46cedd95ccab79e2c"
"provengo_project/products/internal/artifacts/1/1/269.txt","1872","a4ea54a24208fc6185293a0d04be5479afe2ad29b0af5c6a5a15906e0bb4759c"
"provengo_project/products/internal/artifacts/1/1/27.json","347","305160ba7de553b76bd86bf19487bafa9476b80681905e4bf88fdfef0e17ce6b"
"provengo_project/products/internal/artifacts/1/1/270.json","1730","40d4a3466dd0926651a366d67ced09aeec3375efee74f51f5248e4c70153f75e"
"provengo_project/products/internal/artifacts/1/1/271.txt","142","5e8117c5b09d6b39ede7d1552e450e6f560bf648a40840786e92e1ce6d62faab"
"provengo_project/products/internal/artifacts/1/1/272.txt","479","cefa6666e1e6bc0799c69a0a5ab63a6f911622d91e33c145248a8620911cdb7b"
"provengo_project/products/internal/artifacts/1/1/273","159","1c646950a1f179af12bb9d3328b9e3f6a2491f555954d2bd4a19735fbbfed4f8"
"provengo_project/products/internal/artifacts/1/1/274.txt","80","da59b5a71eac6eae5fd7236c86b0ab47228da62ad01529528ea205b5ff591f66"
"provengo_project/products/internal/artifacts/1/1/275.txt","479","30b6142b145604a30423321f0af1cfca38e05c87abf2751f9b72ce870cd5f6fa"
"provengo_project/products/internal/artifacts/1/1/276","159","1c646950a1f179af12bb9d3328b9e3f6a2491f555954d2bd4a19735fbbfed4f8"
"provengo_project/products/internal/artifacts/1/1/277.txt","215","be5a935414de8cefc7158cafe4f54f894ddf2a4cfe6e64ab7b99efe6ff879a20"
"provengo_project/products/internal/artifacts/1/1/278.txt","479","3329f4f99693047dab5ee5011b8295f4333a9fbab6bd72f8973580afd1361228"
"provengo_project/products/internal/artifacts/1/1/279","159","1c646950a1f179af12bb9d3328b9e3f6a2491f555954d2bd4a19735fbbfed4f8"
"provengo_project/products/internal/artifacts/1/1/28.txt","209","ad4de9829f7b8b579041b0c61f328f31ae48939f439db69dfe169fdf5e9376a9"
"provengo_project/products/internal/artifacts/1/1/280.txt","216","7b16c932c9303ca902c5b23dd24e2700b37b31c7d87e5e4e5b2fdeeadeb6e867"
"provengo_project/products/internal/artifacts/1/1/281.txt","479","c934df07cd363fd29a6c4c8fdfe9e4651e997319689dadc504f4f477b6df2039"
"provengo_project/products/internal/artifacts/1/1/282","159","1c646950a1f179af12bb9d3328b9e3f6a2491f555954d2bd4a19735fbbfed4f8"
"provengo_project/products/internal/artifacts/1/1/283.txt","146","23d4d8425edae79ae904756ba53fda5a3ab3fbb4e7cff59290e176dc74a8ea80"
"provengo_project/products/internal/artifacts/1/1/284.txt","479","9a5b49adacfeb17e9b0a16fda933ba57147cecfc30044b0afe851a2b16750376"
"provengo_project/products/internal/artifacts/1/1/285","159","1c646950a1f179af12bb9d3328b9e3f6a2491f555954d2bd4a19735fbbfed4f8"
"provengo_project/products/internal/artifacts/1/1/286.txt","101","47f8f3697f774f768655a98300b5bb5c7ea141ae2829df4f3500fe583536e47b"
"provengo_project/products/internal/artifacts/1/1/287.txt","479","932bcf46c72a31e921339383ebc7aba5c9e4c721a24e2c003ab20383cc25b3b2"
"provengo_project/products/internal/artifacts/1/1/288","159","1c646950a1f179af12bb9d3328b9e3f6a2491f555954d2bd4a19735fbbfed4f8"
"provengo_project/products/internal/artifacts/1/1/289.txt","566","32cfe59b561ce5518f4c3d3a3e3b42e346569212fdd56baefd5d1d658eba0943"
"provengo_project/products/internal/artifacts/1/1/29.txt","1939","359b2e63c3859c7dc62a4511158af8a8267c2f92133d09dc66564de87eb7887d"
"provengo_project/products/internal/artifacts/1/1/290.txt","1889","49ff2f6c10156d426b74c76e765fb606db6b44d0cacfac5688538e8d2c6570cd"
"provengo_project/products/internal/artifacts/1/1/291.json","1747","b74e3141926aa0733c383445d06e2fd9cf1659ac3216de77dbb77965473c1f3a"
"provengo_project/products/internal/artifacts/1/1/292.txt","142","5c7cb6e5032370fd80f1ea2ad3f57a4732f7700e57bcbc5a93241802da8b33f2"
"provengo_project/products/internal/artifacts/1/1/293.txt","479","15d3a8c4f67426e8a13f5401a2a68d681ab2ae3694a0e98dc0820cf303ed6773"
"provengo_project/products/internal/artifacts/1/1/294","159","1c646950a1f179af12bb9d3328b9e3f6a2491f555954d2bd4a19735fbbfed4f8"
"provengo_project/products/internal/artifacts/1/1/295.txt","77","40fbc1c9da2ed1f590745085871b692469c6a5731839fdf90cbda2027897d033"
"provengo_project/products/internal/artifacts/1/1/296.txt","475","20280c91c89f03d5acbdf1ee817d0053971379544e0b3e9ce3d57636ed3983af"
"provengo_project/products/internal/artifacts/1/1/297","155","b1a9dfa04a88b9c372272e62d78d9923e060272a59a7784b37e64650f5542c06"
"provengo_project/products/internal/artifacts/1/1/298.txt","201","1c4f96499332267ab38ec16682acc659fd2fe60533aa5389e1556e52d534125f"
"provengo_project/products/internal/artifacts/1/1/299.txt","470","685689783bccbc51706c84d265d240adb21b9f1b167a1f10c7426adfcd69bafe"
"provengo_project/products/internal/artifacts/1/1/3.json","279","bfe10afc28793eff0e0f5b7b1d4ffde1a319c54e74320f123b9a8c002b9902ef"
"provengo_project/products/internal/artifacts/1/1/30.json","1636","ac1924bd1bc8245ba767ce83aa5baa0e4a5671c91d1fc4351a471031e7e25a49"
"provengo_project/products/internal/artifacts/1/1/300","150","b8a5e6bdf47089e46ea94d31c03cdde849bb24995f9699b9f1ef1700c8ee5c6d"
"provengo_project/products/internal/artifacts/1/1/301.txt","217","6d2c7fd061fb539942c1e6f127da540360343ac31f5c44767f71385f62d72199"
"provengo_project/products/internal/artifacts/1/1/302.txt","470","1b95cb3fa18a0206ef703be663fac739bc2592f99079e9af7bc99bec8a3000d9"
"provengo_project/products/internal/artifacts/1/1/303","150","b8a5e6bdf47089e46ea94d31c03cdde849bb24995f9699b9f1ef1700c8ee5c6d"
"provengo_project/products/internal/artifacts/1/1/304.txt","200","bd250c5849ddf2f475db707c7ca8eac68de0697b2760a65101509838f79956cb"
"provengo_project/products/internal/artifacts/1/1/305.txt","470","df75002d8fdd825c285ad8d3ba652303d06cf02942b5028c695163aa835160b5"
"provengo_project/products/internal/artifacts/1/1/306","150","b8a5e6bdf47089e46ea94d31c03cdde849bb24995f9699b9f1ef1700c8ee5c6d"
"provengo_project/products/internal/artifacts/1/1/307.txt","143","bad1adea22d97ffbababf9a668a0413187aa02b74ce9d69883aa76c0f2b18960"
"provengo_project/products/internal/artifacts/1/1/308.txt","475","d665e9a3154ebf53f035e266162ef39755a8ca3ce5af29a4cebe2fc01e6f450b"
"provengo_project/products/internal/artifacts/1/1/309","155","b1a9dfa04a88b9c372272e62d78d9923e060272a59a7784b37e64650f5542c06"
"provengo_project/products/internal/artifacts/1/1/31.txt","101","4122a2c69c21e05f6d9ada8c0dec4a81f1c52fc204e5de077f9ec6fc91c10647"
"provengo_project/products/internal/artifacts/1/1/310.txt","93","14bded7c1e3a976ddc729c6e23d0e7d7083313af6fbe73d7ff3d00a54408b860"
"provengo_project/products/internal/artifacts/1/1/311.txt","470","83ca91aeb94981bbcb64234fbc613a32dd9e6c4755f4b5dc1abcfaa5060951be"
"provengo_project/products/internal/artifacts/1/1/312","150","b8a5e6bdf47089e46ea94d31c03cdde849bb24995f9699b9f1ef1700c8ee5c6d"
"provengo_project/products/internal/artifacts/1/1/313.txt","756","bf102ed51bfce7649ceb2e55905f323f8b32a01a98065b8968afa7a267516e5e"
"provengo_project/products/internal/artifacts/1/1/314.txt","2550","f28714dbd8d6cb19191c6f7ab131d72f55c3dd00230f3106ae835cf08c0653e8"
"provengo_project/products/internal/artifacts/1/1/315.json","2408","6d5f53d7cfc4eb3005b62c948e969cdf23e69c1eae1182b629e1fd0375bb64ee"
"provengo_project/products/internal/artifacts/1/1/316.txt","139","0ff9578c0a59fdfb8b3d3a997c0804851ddfba427419b4863e8e7cc68f1a5859"
"provengo_project/products/internal/artifacts/1/1/317.txt","475","e8180138f52dd94309dd5aae2b7b0ea4053dcf3c980acfb97b78d930d9bc2184"
"provengo_project/products/internal/artifacts/1/1/318","155","b1a9dfa04a88b9c372272e62d78d9923e060272a59a7784b37e64650f5542c06"
"provengo_project/products/internal/artifacts/1/1/319.txt","80","da59b5a71eac6eae5fd7236c86b0ab47228da62ad01529528ea205b5ff591f66"
"provengo_project/products/internal/artifacts/1/1/32.txt","566","4de3158f2573611def8b65f13facc67354ec0bdbd5010ea017befa39e2668922"
"provengo_project/products/internal/artifacts/1/1/320.txt","479","3ef48eb50db90e9633a75f0e8c034732046da40f400bef5bb132cea9ae1527b3"
"provengo_project/products/internal/artifacts/1/1/321","159","1c646950a1f179af12bb9d3328b9e3f6a2491f555954d2bd4a19735fbbfed4f8"
"provengo_project/products/internal/artifacts/1/1/322.txt","234","31836ee1336e9d41842a57acad3c480d4b4048897176ab7011c94a66e2342ecb"
"provengo_project/products/internal/artifacts/1/1/323.txt","474","c6121e65b213a0e22510502e7d4b01d5e7c90a8268133ae2418736c4823f6da1"
"provengo_project/products/internal/artifacts/1/1/324","154","5814c7690ce103cd9a3fe1ed54c60634acd9df19a457928d404509606b56c3ce"
"provengo_project/products/internal/artifacts/1/1/325.txt","210","ca169c2145000b2c3dd30f997d0c755ade0dc63f2c4191d91c8e6b42cfc6e48f"
"provengo_project/products/internal/artifacts/1/1/326.txt","474","a70f328ea48bcb439754968c6fba7061bec2d37df1e4343f9d3acaae1f12dac8"
"provengo_project/products/internal/artifacts/1/1/327","154","5814c7690ce103cd9a3fe1ed54c60634acd9df19a457928d404509606b56c3ce"
"provengo_project/products/internal/artifacts/1/1/328.txt","146","9c2d434b6a25bacd0c70212a05164d262fb891d729cec4506b06aae13bf528e7"
"provengo_project/products/internal/artifacts/1/1/329.txt","479","7a4d10dd417b36fa0e7bf85ea9dbfa04fe9c45b11a001252a27d0567f07e920b"
"provengo_project/products/internal/artifacts/1/1/33","246","7827bc8f16f23d13ad879062febcfc0058a92493e5141384f3183a3469404fe7"
"provengo_project/products/internal/artifacts/1/1/330","159","1c646950a1f179af12bb9d3328b9e3f6a2491f555954d2bd4a19735fbbfed4f8"
"provengo_project/products/internal/artifacts/1/1/331.txt","96","a5637a8d2b76a7ee3971326ef42550635fba705d78410a2ea4108bb37e3d8b4f"
"provengo_project/products/internal/artifacts/1/1/332.txt","474","6c5c7b18938b422145d8ae400fe6f5b01d91b481eb5676e320b809c7029fd7e4"
"provengo_project/products/internal/artifacts/1/1/333","154","5814c7690ce103cd9a3fe1ed54c60634acd9df19a457928d404509606b56c3ce"
"provengo_project/products/internal/artifacts/1/1/334.txt","594","d7cbcf27d0d18fc04f9527ff205b7247b8dfd6846d6fd0cc9781f5c64f2698af"
"provengo_project/products/internal/artifacts/1/1/335.txt","1881","51e256796f74bea6204314ffce9f877dfdd8003d047c7de20804960479a5b723"
"provengo_project/products/internal/artifacts/1/1/336.json","1739","00e595f3aebc74442e49feb6e502af70d8c6770d1a541c5fcc4a822ceeb651d0"
"provengo_project/products/internal/artifacts/1/1/337.txt","142","becb41553916c53e7a4668316642af5996da03b58d3d53b31fe91aea3a069560"
"provengo_project/products/internal/artifacts/1/1/338.txt","479","ce93031efe493a1f445bf66df77b3ca2b52c90e67f0f97809f8b3f2be72128e8"
"provengo_project/products/internal/artifacts/1/1/339","159","1c646950a1f179af12bb9d3328b9e3f6a2491f555954d2bd4a19735fbbfed4f8"
"provengo_project/products/internal/artifacts/1/1/34.txt","210","5af70be84d05855414baa8e5bedb4857996f23651aa697dff9757c39a05fd39e"
"provengo_project/products/internal/artifacts/1/1/340.txt","77","40fbc1c9da2ed1f590745085871b692469c6a5731839fdf90cbda2027897d033"
"provengo_project/products/internal/artifacts/1/1/341.txt","475","e69e050522d6c77bf05bcde0adda7dca39e19e8f9eaabd490bd15dd0e28bffde"
"provengo_project/products/internal/artifacts/1/1/342","155","b1a9dfa04a88b9c372272e62d78d9923e060272a59a7784b37e64650f5542c06"
"provengo_project/products/internal/artifacts/1/1/343.txt","201","de577b7cd04b92f416618863dacf1acbb50a316d0e8d303ca5f72a54b3fbe5d8"
"provengo_project/products/internal/artifacts/1/1/344.txt","470","8e5e9f11ec1c9dac6b605116eb10e13c05b22055759f7a617990ee3efe644530"
"provengo_project/products/internal/artifacts/1/1/345","150","b8a5e6bdf47089e46ea94d31c03cdde849bb24995f9699b9f1ef1700c8ee5c6d"
"provengo_project/products/internal/artifacts/1/1/346.txt","217","4829d0a5b4fb411ad4dab5a66973fd2daae306dad8e1f34278eb7068e5e8a9d5"
"provengo_project/products/internal/artifacts/1/1/347.txt","470","5b52c39c1f2c710b5a0805df878d37fa931842729a1937031a9a5f8584494a3b"
"provengo_project/products/internal/artifacts/1/1/348","150","b8a5e6bdf47089e46ea94d31c03cdde849bb24995f9699b9f1ef1700c8ee5c6d"
"provengo_project/products/internal/artifacts/1/1/349.txt","207","651b1859879ffaa91f21f12aef790677da30cd846e05d41df099f354a45d2378"
"provengo_project/products/internal/artifacts/1/1/35.txt","1940","aaa39e70ef1f1ae260daf4a2b93a28c3bbdf8c70bdfdf63dc918bc1d5d8604a8"
"provengo_project/products/internal/artifacts/1/1/350.txt","470","e91d93a6f269a1c4ffd98c80471ba4520aa8bf377e4b33ca1cfbf10886234b62"
"provengo_project/products/internal/artifacts/1/1/351","150","b8a5e6bdf47089e46ea94d31c03cdde849bb24995f9699b9f1ef1700c8ee5c6d"
"provengo_project/products/internal/artifacts/1/1/352.txt","143","5c744c054ba3e94aac89cd820e74b0255a9d881874ac20ebee752b73e3d23291"
"provengo_project/products/internal/artifacts/1/1/353.txt","475","e56d59d5b8863274b345afabcbb802fb9a886b22a3dc1c0a9ba1279371fd3bc2"
"provengo_project/products/internal/artifacts/1/1/354","155","b1a9dfa04a88b9c372272e62d78d9923e060272a59a7784b37e64650f5542c06"
"provengo_project/products/internal/artifacts/1/1/355.txt","93","14bded7c1e3a976ddc729c6e23d0e7d7083313af6fbe73d7ff3d00a54408b860"
"provengo_project/products/internal/artifacts/1/1/356.txt","470","fcb931580b3a8f427346bf39e8bedbc18bf5c51445a0b512852e67cb10530b16"
"provengo_project/products/internal/artifacts/1/1/357","150","b8a5e6bdf47089e46ea94d31c03cdde849bb24995f9699b9f1ef1700c8ee5c6d"
"provengo_project/products/internal/artifacts/1/1/358.txt","770","ac6c39eacd6ac62786301629aa881216c3729ea3d34114544b535ef1c47130ff"
"provengo_project/products/internal/artifacts/1/1/359.txt","2564","e8021d98510c5a8f37df5295a78628e1b2da3bf021afbe8c73a80bc0af312ebc"
"provengo_project/products/internal/artifacts/1/1/36.json","1637","7339ff4cad4a2d5b7c65a82f95801d7ed06f6defd0bad1ac67aa98e013f4d4fb"
"provengo_project/products/internal/artifacts/1/1/360.json","2422","8efcbc7c58dd2feb128f669cab48414f4a3af0759a56bad70c9464539eaa9d53"
"provengo_project/products/internal/artifacts/1/1/361.txt","139","a5b52c67aed3f7d18ad527741aa4ca3f4ddedb77d3403b462d709eacc344d3df"
"provengo_project/products/internal/artifacts/1/1/362.txt","475","773e129bdff3d313be43b0dadbb5237b20da04aeaea8470d896a8ca5f2353340"
"provengo_project/products/internal/artifacts/1/1/363","155","b1a9dfa04a88b9c372272e62d78d9923e060272a59a7784b37e64650f5542c06"
"provengo_project/products/internal/artifacts/1/1/364.txt","78","01ff1ea75038291ddfd1c4dea86ae2b0ad61862aedef48f36d5c83a850c92bd1"
"provengo_project/products/internal/artifacts/1/1/365.txt","480","1a7d372b38ba11f75fb9288c9414673f373dbe038dbb8338ebcd854408d5dc14"
"provengo_project/products/internal/artifacts/1/1/366","160","03418983281e402db2edb1cccffe12800027e2b7e9603659058e1d87a472e8df"
"provengo_project/products/internal/artifacts/1/1/367.txt","236","231890b6487d7777c67c413008f953d7aee4acd4429e46ad9ac978147cabcf8d"
"provengo_project/products/internal/artifacts/1/1/368.txt","477","773eefa1c3b41f1e907e4e9da3cedaa7504bb52b20d3351aab70769139ca471c"
"provengo_project/products/internal/artifacts/1/1/369","157","c080362778e624a89c6e157c03dcc7b8d2045e5c9dd07616ab58b240aaaaee07"
"provengo_project/products/internal/artifacts/1/1/37.txt","146","915f6586afb559f41e7fd517d045df897e75dba08e6eee6a29d8658b2645d4f2"
"provengo_project/products/internal/artifacts/1/1/370.txt","236","1f20a1c767c46100387784de91f9878e72a941904bca4b211b5acbec53b4114c"
"provengo_project/products/internal/artifacts/1/1/371.txt","477","bb69891ff2c336e067e9abdad67e02247788c817006af0255ac45677be2927bc"
"provengo_project/products/internal/artifacts/1/1/372","157","c080362778e624a89c6e157c03dcc7b8d2045e5c9dd07616ab58b240aaaaee07"
"provengo_project/products/internal/artifacts/1/1/373.txt","142","dd7be4bb778a1698f59195a832c48347c1725322d0c8a650e2664004079fdf2d"
"provengo_project/products/internal/artifacts/1/1/374.txt","480","3e5e9372101ab9239f5b248549803677723c40cce0a461a8218997580c757eb8"
"provengo_project/products/internal/artifacts/1/1/375","160","03418983281e402db2edb1cccffe12800027e2b7e9603659058e1d87a472e8df"
"provengo_project/products/internal/artifacts/1/1/376.txt","99","48fe089ee23910c42cbfe77f81d337ed412e3fc6369a0340d908280d3d665d9b"
"provengo_project/products/internal/artifacts/1/1/377.txt","477","0d92e911d34b72eca637211cf5e559f70b0bdc627dacc84084f3b2b18a2d71bd"
"provengo_project/products/internal/artifacts/1/1/378","157","c080362778e624a89c6e157c03dcc7b8d2045e5c9dd07616ab58b240aaaaee07"
"provengo_project/products/internal/artifacts/1/1/379.txt","606","eda1bc22ce2b56307bdd0fd04007c9f2d86729827c3ea1235c81b0c5bf1dff5e"
"provengo_project/products/internal/artifacts/1/1/38.txt","1958","6c7e047807a84c60770d3d0284f5530d30dfdeb0a991c516b826e464678a2502"
"provengo_project/products/internal/artifacts/1/1/380.txt","1925","a7b38fb3d7790019c5e080f1c168299c8251b99f3b9616d24502c53f591b81ff"
"provengo_project/products/internal/artifacts/1/1/381.json","1783","b552c08d1bde97231af1e26e932b85bd76c0511be037fe1b532e2d58646cbbef"
"provengo_project/products/internal/artifacts/1/1/382.txt","138","bc91fbeb12639ad7ac7a061ed74ffc4ff4f0a7bad776a7072d4efe61baefa230"
"provengo_project/products/internal/artifacts/1/1/383.txt","480","8e59cef37d67bfc09cd0186b737c49bf90325dee3c749a3e65d948815f219cd1"
"provengo_project/products/internal/artifacts/1/1/384","160","03418983281e402db2edb1cccffe12800027e2b7e9603659058e1d87a472e8df"
"provengo_project/products/internal/artifacts/1/1/385.txt","80","da59b5a71eac6eae5fd7236c86b0ab47228da62ad01529528ea205b5ff591f66"
"provengo_project/products/internal/artifacts/1/1/386.txt","479","24a81b00560ad3717a452032bb8161c5c3f0e61727e52a42a540a20a70effb32"
"provengo_project/products/internal/artifacts/1/1/387","159","1c646950a1f179af12bb9d3328b9e3f6a2491f555954d2bd4a19735fbbfed4f8"
"provengo_project/products/internal/artifacts/1/1/388.txt","212","ad5d4dca749c72f394bfb4a0e527541649c370051b18eae762e0aab0a781bf70"
"provengo_project/products/internal/artifacts/1/1/389.txt","474","7a2dc9f393d6ba82924799b9bc62b82453ea2b48b749f7ef2d9d32f20f1fd82e"
"provengo_project/products/internal/artifacts/1/1/39.json","1647","cd5803a4a865b97f8380696fe9b2439843704d56a9a04d4ceb682abeb7964535"
"provengo_project/products/internal/artifacts/1/1/390","154","5814c7690ce103cd9a3fe1ed54c60634acd9df19a457928d404509606b56c3ce"
"provengo_project/products/internal/artifacts/1/1/391.txt","212","ffc29ab127d2a8237e524d6b1482e51e6098052deda88ccbc4aaf407ff52e16e"
"provengo_project/products/internal/artifacts/1/1/392.txt","474","c052978a8e046e56c860bf1e07d22943aa62b966e530afcc84c4ae9e1f461c59"
"provengo_project/products/internal/artifacts/1/1/393","154","5814c7690ce103cd9a3fe1ed54c60634acd9df19a457928d404509606b56c3ce"
"provengo_project/products/internal/artifacts/1/1/394.txt","146","35ad9f442b879627a1c5fa1fe2ffc188dbd32bc23a744b978dc13d6525a1a8db"
"provengo_project/products/internal/artifacts/1/1/395.txt","479","b17333ff0ea8e7de8516aa971fba8b3bcbc33903bd0f021549bd88a68c83a6fb"
"provengo_project/products/internal/artifacts/1/1/396","159","1c646950a1f179af12bb9d3328b9e3f6a2491f555954d2bd4a19735fbbfed4f8"
"provengo_project/products/internal/artifacts/1/1/397.txt","96","a5637a8d2b76a7ee3971326ef42550635fba705d78410a2ea4108bb37e3d8b4f"
"provengo_project/products/internal/artifacts/1/1/398.txt","474","64d5703fdb2722029e6a42f73c5bf5c3d1aa1fd6b13cf59734edc0af2e81457e"
"provengo_project/products/internal/artifacts/1/1/399","154","5814c7690ce103cd9a3fe1ed54c60634acd9df19a457928d404509606b56c3ce"
"provengo_project/products/internal/artifacts/1/1/4.txt","97","9b52475d514858749042fc70cf6eba87d002fb5209024f7e5ead9460e96bc880"
"provengo_project/products/internal/artifacts/1/1/40.txt","45","67071b609b7f8eb01ef7e4c542bebc8277ba339a02b5672bb5f36e36f95845d6"
"provengo_project/products/internal/artifacts/1/1/400.txt","569","9b6d13e5fba01779c89dd1c1fea6c51a76e139ed9f0fc43da6f7161129be2568"
"provengo_project/products/internal/artifacts/1/1/401.txt","1855","8217fd070016beaf4030a94f930a72301c6e563ad6204daa7881499fd35fd822"
"provengo_project/products/internal/artifacts/1/1/402.json","1713","0c47b223b652a6b633d3970e8fb3debc75c91a3b86b9c5ac7cb3d02356eeed35"
"provengo_project/products/internal/artifacts/1/1/403.txt","142","e94efb73d908d19e5a2ee55a2093fbc081e2d0f4f3907ebdd47b7be880c2ac70"
"provengo_project/products/internal/artifacts/1/1/404.txt","479","4b40a03d69ca71c9de00cc9c25691b4f6e8bd00f5740c17b48a495b6861fd8b6"
"provengo_project/products/internal/artifacts/1/1/405","159","1c646950a1f179af12bb9d3328b9e3f6a2491f555954d2bd4a19735fbbfed4f8"
"provengo_project/products/internal/artifacts/1/1/406.txt","80","da59b5a71eac6eae5fd7236c86b0ab47228da62ad01529528ea205b5ff591f66"
"provengo_project/products/internal/artifacts/1/1/407.txt","479","e04bc66e1338d897886f1b7ab5c0b8eadc8c5d4a30e0377540c7f6c568ca91a4"
"provengo_project/products/internal/artifacts/1/1/408","159","1c646950a1f179af12bb9d3328b9e3f6a2491f555954d2bd4a19735fbbfed4f8"
"provengo_project/products/internal/artifacts/1/1/409.txt","234","0f88e36d553506f4b3c1799463f181fb50fa20525c850372b04298b348aa42f1"
"provengo_project/products/internal/artifacts/1/1/41.txt","1216","77fd6bba87efb503f2ac8400d62069da81a13905a3e2ab202bac7e95ca694bad"
"provengo_project/products/internal/artifacts/1/1/410.txt","474","257b87346214e82188a66c9fc680b455995146d8d946ae4f7327c8fa37b69187"
"provengo_project/products/internal/artifacts/1/1/411","154","5814c7690ce103cd9a3fe1ed54c60634acd9df19a457928d404509606b56c3ce"
"provengo_project/products/internal/artifacts/1/1/412.txt","230","e078b5f870adc26c49601e6980638275d6cf7d80ce7f305f98cc4b384e5aafc9"
"provengo_project/products/internal/artifacts/1/1/413.txt","474","7bcd708ff85b7500c008d7c63274c234df4e34c22bb2e4a746c1ab9b91cda65a"
"provengo_project/products/internal/artifacts/1/1/414","154","5814c7690ce103cd9a3fe1ed54c60634acd9df19a457928d404509606b56c3ce"
"provengo_project/products/internal/artifacts/1/1/415.txt","210","ca162e9d2633fceca442170d9d733f4a42efdef8b4336a02fa307e0e21ae3f9b"
"provengo_project/products/internal/artifacts/1/1/416.txt","474","071bb069e0935f8907a739297845d18c22a56334a21d185c55e0d195f5086533"
"provengo_project/products/internal/artifacts/1/1/417","154","5814c7690ce103cd9a3fe1ed54c60634acd9df19a457928d404509606b56c3ce"
"provengo_project/products/internal/artifacts/1/1/418.txt","146","21cd794e17d59b4c26a651c37697b910af25831a0fa899f93bc125c2f820a293"
"provengo_project/products/internal/artifacts/1/1/419.txt","479","e74adb6ee7e8e65c516a07c3c20516cc35379b601a47164e9d24fb5001363534"
"provengo_project/products/internal/artifacts/1/1/42.json","875","8b31cc95e70535f538bc920f27acd7eb70c085f161ff650cddeed41c765c82ee"
"provengo_project/products/internal/artifacts/1/1/420","159","1c646950a1f179af12bb9d3328b9e3f6a2491f555954d2bd4a19735fbbfed4f8"
"provengo_project/products/internal/artifacts/1/1/421.txt","96","a5637a8d2b76a7ee3971326ef42550635fba705d78410a2ea4108bb37e3d8b4f"
"provengo_project/products/internal/artifacts/1/1/422.txt","474","e0e9828bdf827aa24969f4c1503b855ebc6ecf17fbfe8b1d4f788552b1d9a051"
"provengo_project/products/internal/artifacts/1/1/423","154","5814c7690ce103cd9a3fe1ed54c60634acd9df19a457928d404509606b56c3ce"
"provengo_project/products/internal/artifacts/1/1/424.txt","808","9707be6065df94c5222fef93d1350efbd32e117272d5d479602fa5d52b29f352"
"provengo_project/products/internal/artifacts/1/1/425.txt","2616","e084e5000fe071d26314dd8789a54ff71198cb57fb67fff8270c0b88c279661c"
"provengo_project/products/internal/artifacts/1/1/426.json","2474","b1ba653c2290ceeca3c1b149187715a42cd40ce660fb7754dd42ffeb1033ab70"
"provengo_project/products/internal/artifacts/1/1/427.txt","142","73bff5894af1db49e84a1dd0cd393c1aba761f290fd030149160125c42ccfb13"
"provengo_project/products/internal/artifacts/1/1/428.txt","479","a6944ce4cc38e7bd5b14a7388e5c26b10c38743440209c1106b3c6cfc80f198b"
"provengo_project/products/internal/artifacts/1/1/429","159","1c646950a1f179af12bb9d3328b9e3f6a2491f555954d2bd4a19735fbbfed4f8"
"provengo_project/products/internal/artifacts/1/1/43.txt","558","94bae5dff9a6e8d8de5401d5d34445699c759b286521eab6215bfbbdbc1c52c4"
"provengo_project/products/internal/artifacts/1/1/430.txt","77","40fbc1c9da2ed1f590745085871b692469c6a5731839fdf90cbda2027897d033"
"provengo_project/products/internal/artifacts/1/1/431.txt","475","acb901178830f9865f1862e5f711270bcb3567839be0aa0212a4f392dc4a32c2"
"provengo_project/products/internal/artifacts/1/1/432","155","b1a9dfa04a88b9c372272e62d78d9923e060272a59a7784b37e64650f5542c06"
"provengo_project/products/internal/artifacts/1/1/433.txt","217","0b37f8689e3a55bbcaeda629c2ecdede2300d02ded6bbd217550cfdc585420d1"
"provengo_project/products/internal/artifacts/1/1/434.txt","470","609c59831dc0bc80b36ecf2c3f7a66abfc38576d25f5751e82d4a93421373e3d"
"provengo_project/products/internal/artifacts/1/1/435","150","b8a5e6bdf47089e46ea94d31c03cdde849bb24995f9699b9f1ef1700c8ee5c6d"
"provengo_project/products/internal/artifacts/1/1/436.txt","217","40e7bc960b7085f14b66ba77a5d3d2579004150cc43db2a51d2ed0a1defacdf0"
"provengo_project/products/internal/artifacts/1/1/437.txt","470","122b8e75efb022de54609620cbe11c2bd8c534961d84257c02df9ff30e1fa59d"
"provengo_project/products/internal/artifacts/1/1/438","150","b8a5e6bdf47089e46ea94d31c03cdde849bb24995f9699b9f1ef1700c8ee5c6d"
"provengo_project/products/internal/artifacts/1/1/439.txt","143","6ead2e37e104c1d5d136a5484667dcd1af1b454b2a7eaecef5a9ac6fe8b5dae8"
"provengo_project/products/internal/artifacts/1/1/44.txt","4812","f47a543649bf5e692a2350a6a8bfa69067930d6c1cb53255467a6c4afba4b0eb"
"provengo_project/products/internal/artifacts/1/1/440.txt","475","da9e1f051a5117e8d8f39742b914993298fec2c5c3ad5baf3edbc607bb8fdd68"
"provengo_project/products/internal/artifacts/1/1/441","155","b1a9dfa04a88b9c372272e62d78d9923e060272a59a7784b37e64650f5542c06"
"provengo_project/products/internal/artifacts/1/1/442.txt","93","14bded7c1e3a976ddc729c6e23d0e7d7083313af6fbe73d7ff3d00a54408b860"
"provengo_project/products/internal/artifacts/1/1/443.txt","470","2233070c656ca8f3108c4133964fd44aa517820b624642b49f9074d699039187"
"provengo_project/products/internal/artifacts/1/1/444","150","b8a5e6bdf47089e46ea94d31c03cdde849bb24995f9699b9f1ef1700c8ee5c6d"
"provengo_project/products/internal/artifacts/1/1/445.txt","584","aeab88005f0dd39a9d9b82bc3f6ef97d6778b52921aec0115a0aafa8c24f8728"
"provengo_project/products/internal/artifacts/1/1/446.txt","1865","db8be3dc8e7b39a5b15ad49dc3639fb43333ecb7ad2c6ff43cebafaac97c6e9a"
"provengo_project/products/internal/artifacts/1/1/447.json","1723","e24056dc4f8f8724d727f53d931012fdb1a181810e8fb1cdee6e6b8721d359c4"
"provengo_project/products/internal/artifacts/1/1/448.txt","139","b8a335bc67eeeb8de218e7e46bf3843cd6e1262bcf1264765d75684f2b7cd2c5"
"provengo_project/products/internal/artifacts/1/1/449.txt","475","5b519e87f3feeb7368dd8ed9207f86ba25db9918bd6b010a0e789cf857fde2e2"
"provengo_project/products/internal/artifacts/1/1/45.json","4670","96e770345ad48af142259cc654ebb59f9436fe3c2b2d25c0227f9c88f749cee6"
"provengo_project/products/internal/artifacts/1/1/450","155","b1a9dfa04a88b9c372272e62d78d9923e060272a59a7784b37e64650f5542c06"
"provengo_project/products/internal/artifacts/1/1/451.txt","77","40fbc1c9da2ed1f590745085871b692469c6a5731839fdf90cbda2027897d033"
"provengo_project/products/internal/artifacts/1/1/452.txt","475","d01a777cb1e367cfe1c22734c66a3b6f63e85a7c9e5dabe7b7b38e96c07cece2"
"provengo_project/products/internal/artifacts/1/1/453","155","b1a9dfa04a88b9c372272e62d78d9923e060272a59a7784b37e64650f5542c06"
"provengo_project/products/internal/artifacts/1/1/454.txt","201","77d850f828a6958f386f1da94c1ca0f8aef3192d9786ab7b4e1e4f7fcb9dffec"
"provengo_project/products/internal/artifacts/1/1/455.txt","470","0fad7e56f8b2920d9ac0ca8128d52f3e1baa905f668327a74f78e3b2e1df204d"
"provengo_project/products/internal/artifacts/1/1/456","150","b8a5e6bdf47089e46ea94d31c03cdde849bb24995f9699b9f1ef1700c8ee5c6d"
"provengo_project/products/internal/artifacts/1/1/457.txt","227","3d00a5bd003e4d0fc7ff282061dd43040d14a19a263df23ab90d4d4655ebe583"
"provengo_project/products/internal/artifacts/1/1/458.txt","470","e8e19ce1f139603c1f3c7f92b200a8f78cf994ee8bef1d5a3f9e2e4ba17c4579"
"provengo_project/products/internal/artifacts/1/1/459","150","b8a5e6bdf47089e46ea94d31c03cdde849bb24995f9699b9f1ef1700c8ee5c6d"
"provengo_project/products/internal/artifacts/1/1/46.txt","86","4ef407ff6a42bc0fdcd9b16eaec14cfe48ed3a2c914c678a581ce5e168dc9d6c"
"provengo_project/products/internal/artifacts/1/1/460.txt","143","e85053b90d11826eb4b4828e6db6f524c3b27559adffb56f5c9ad8bf4660b200"
"provengo_project/products/internal/artifacts/1/1/461.txt","475","9c88945d4576a4d3474f271e7bd6c86b2babbcf0293bacb9fb1e2678c56904b8"
"provengo_project/products/internal/artifacts/1/1/462","155","b1a9dfa04a88b9c372272e62d78d9923e060272a59a7784b37e64650f5542c06"
"provengo_project/products/internal/artifacts/1/1/463.txt","93","14bded7c1e3a976ddc729c6e23d0e7d7083313af6fbe73d7ff3d00a54408b860"
"provengo_project/products/internal/artifacts/1/1/464.txt","470","a1cba67bbc3392d8f1b6045c2e6787c6b944312cf83055402669f00151b187c7"
"provengo_project/products/internal/artifacts/1/1/465","150","b8a5e6bdf47089e46ea94d31c03cdde849bb24995f9699b9f1ef1700c8ee5c6d"
"provengo_project/products/internal/artifacts/1/1/466.txt","571","c29bdb10a8a4a66bf27e82e1b8c19293bb3304f94e7486fca35c48f64def8618"
"provengo_project/products/internal/artifacts/1/1/467.txt","1852","e493589fe7ca92a8f041a3a0dd991b5cc9cc9c8301e6e063c9eda5241c4a2161"
"provengo_project/products/internal/artifacts/1/1/468.json","1710","503f0d6a393a032dec9048895100efc69ec394abb209126407861d2cffc38f66"
"provengo_project/products/internal/artifacts/1/1/469.txt","139","dc3510df9acbc5a18e980850aee3f5c6204f7e0cd8f5492a9cba878a820606af"
"provengo_project/products/internal/artifacts/1/1/47.txt","452","ee91b683100b22b9f492feb1d4867ff81fdbbf6bdcad2e4b514e4aff9972f1e6"
"provengo_project/products/internal/artifacts/1/1/470.txt","475","1ce264bb8d38ed02ddc0e856abaff01c3c52fd3facb5249af884fa7690109c59"
"provengo_project/products/internal/artifacts/1/1/471","155","b1a9dfa04a88b9c372272e62d78d9923e060272a59a7784b37e64650f5542c06"
"provengo_project/products/internal/artifacts/1/1/472.txt","80","da59b5a71eac6eae5fd7236c86b0ab47228da62ad01529528ea205b5ff591f66"
"provengo_project/products/internal/artifacts/1/1/473.txt","479","1290d8df71d7788ac94ca40457de0459a79062c6471ac97f27f917715ff1dfcd"
"provengo_project/products/internal/artifacts/1/1/474","159","1c646950a1f179af12bb9d3328b9e3f6a2491f555954d2bd4a19735fbbfed4f8"
"provengo_project/products/internal/artifacts/1/1/475.txt","232","e08d028ea864c9622c2707304068aef7a4da93cdd898f1e855c147a822bd2b00"
"provengo_project/products/internal/artifacts/1/1/476.txt","474","0da4aecb5df63e8c80640d32fa73755f301fbd5e359767d84660f03c6b91a394"
"provengo_project/products/internal/artifacts/1/1/477","154","5814c7690ce103cd9a3fe1ed54c60634acd9df19a457928d404509606b56c3ce"
"provengo_project/products/internal/artifacts/1/1/478.txt","232","c7f486b26e5f5c8d06340821639612462cf6816c2bcaf383c744c114b4cad792"
"provengo_project/products/internal/artifacts/1/1/479.txt","474","49064af8a849727b1c56fb6d8a5b09b9029bcb098120e255b3622af0c0558469"
"provengo_project/products/internal/artifacts/1/1/48.json","137","12805efc285620656c0225bcc5e0dbd91b7f66d7200fbead97058f4fd1dadded"
"provengo_project/products/internal/artifacts/1/1/480","154","5814c7690ce103cd9a3fe1ed54c60634acd9df19a457928d404509606b56c3ce"
"provengo_project/products/internal/artifacts/1/1/481.txt","146","9743dd87e0d5069b7e5d4ba386ce36b78b2b46340296f323c311aeb0583a50c5"
"provengo_project/products/internal/artifacts/1/1/482.txt","479","365169bd7f09a038ecb8926f236b9fef3b72e39aaa99da8625392ec60ad05ec8"
"provengo_project/products/internal/artifacts/1/1/483","159","1c646950a1f179af12bb9d3328b9e3f6a2491f555954d2bd4a19735fbbfed4f8"
"provengo_project/products/internal/artifacts/1/1/484.txt","96","a5637a8d2b76a7ee3971326ef42550635fba705d78410a2ea4108bb37e3d8b4f"
"provengo_project/products/internal/artifacts/1/1/485.txt","474","52489513937894a4425fb3f587be13fb537c858aeb5c3e26eeeb26d44d41c6d6"
"provengo_project/products/internal/artifacts/1/1/486","154","5814c7690ce103cd9a3fe1ed54c60634acd9df19a457928d404509606b56c3ce"
"provengo_project/products/internal/artifacts/1/1/487.txt","602","a85fbf52281fa3dd5300e6d94a1a260517ba0e317c184a7babaa0f12d7918bea"
"provengo_project/products/internal/artifacts/1/1/488.txt","1891","e752a63680405cccc529def6c465ba868b2b87c96af29a4f8d22ec93ad7f3351"
"provengo_project/products/internal/artifacts/1/1/489.json","1749","0931c1e6ac95a135ec93e88cfb593ba5eba276dd81e32d224686fb0b02333aca"
"provengo_project/products/internal/artifacts/1/1/49.txt","106","453dae794314cac7217572eaf85f1413cad5fbf7cab1a1cc4be4d9d961d2fd57"
"provengo_project/products/internal/artifacts/1/1/490.txt","142","db37240cbbd3b2cb56e83ba9e8d778d392beff6c7772a35e8c2f5ab0b8e335ac"
"provengo_project/products/internal/artifacts/1/1/491.txt","479","cb818c1b540a45cee5a721c3b6989878295f21b54249045358258fb448119c82"
"provengo_project/products/internal/artifacts/1/1/492","159","1c646950a1f179af12bb9d3328b9e3f6a2491f555954d2bd4a19735fbbfed4f8"
"provengo_project/products/internal/artifacts/1/1/493.txt","80","da59b5a71eac6eae5fd7236c86b0ab47228da62ad01529528ea205b5ff591f66"
"provengo_project/products/internal/artifacts/1/1/494.txt","479","18b28e0b6ddeb834c12b55dadcb6798d2483c23f07d205076ea70e794737fff7"
"provengo_project/products/internal/artifacts/1/1/495","159","1c646950a1f179af12bb9d3328b9e3f6a2491f555954d2bd4a19735fbbfed4f8"
"provengo_project/products/internal/artifacts/1/1/496.txt","234","be1897455c5f6c872d8a5b92e937214adb006bebec75d0136d86ff6d40c0c343"
"provengo_project/products/internal/artifacts/1/1/497.txt","474","6f287844344a29f2b8e13b304aaea863baf578a94e5d3387ba920c55f132e597"
"provengo_project/products/internal/artifacts/1/1/498","154","5814c7690ce103cd9a3fe1ed54c60634acd9df19a457928d404509606b56c3ce"
"provengo_project/products/internal/artifacts/1/1/499.txt","230","957013d74a3390a51145d869c90f6fa1e120a88a272bfd75c0801c7d1280969d"
"provengo_project/products/internal/artifacts/1/1/5.txt","2042","fe53dfd850dc7d84d58c0fd003b62fa4e4af0521421eb1e5ff1eb7d2d33e0ed1"
"provengo_project/products/internal/artifacts/1/1/50.txt","962","bcb011c02f00e1b8260305426dc2238b661772feda141177b504988b737d4573"
"provengo_project/products/internal/artifacts/1/1/500.txt","474","1bcf6f6df499028d2e64fb0a9e57828d5c8237322f72d66ec5f033db31dc68b7"
"provengo_project/products/internal/artifacts/1/1/501","154","5814c7690ce103cd9a3fe1ed54c60634acd9df19a457928d404509606b56c3ce"
"provengo_project/products/internal/artifacts/1/1/502.txt","232","f06afd0d7cdd6e9d8a1719c2eedc75b5b194097bb8d4289f10701ddeb9f7e99b"
"provengo_project/products/internal/artifacts/1/1/503.txt","474","cc8e1e45d26f7909736b1cc68f613a58a32943f4227a07b472774a3a7d2b18ba"
"provengo_project/products/internal/artifacts/1/1/504","154","5814c7690ce103cd9a3fe1ed54c60634acd9df19a457928d404509606b56c3ce"
"provengo_project/products/internal/artifacts/1/1/505.txt","146","fd8411cbdffd7e4b18fca3bdb5f8861085088c833567999b9fb2621b90e9b09b"
"provengo_project/products/internal/artifacts/1/1/506.txt","479","2dd1e50cc44ac94520caef2a401a4ec99ed741f4cbbe96faeb41b9e64de4dd21"
"provengo_project/products/internal/artifacts/1/1/507","159","1c646950a1f179af12bb9d3328b9e3f6a2491f555954d2bd4a19735fbbfed4f8"
"provengo_project/products/internal/artifacts/1/1/508.txt","96","a5637a8d2b76a7ee3971326ef42550635fba705d78410a2ea4108bb37e3d8b4f"
"provengo_project/products/internal/artifacts/1/1/509.txt","474","61f9139735d617e8defbb3505c5bbbd156de5005306b6d9812ace5e5bff712bb"
"provengo_project/products/internal/artifacts/1/1/51.json","717","975baef01ae0c1bf0979b17b772b8d90144a21eed5531a8c1124c60aed99f3e4"
"provengo_project/products/internal/artifacts/1/1/510","154","5814c7690ce103cd9a3fe1ed54c60634acd9df19a457928d404509606b56c3ce"
"provengo_project/products/internal/artifacts/1/1/511.txt","829","d35181de70a5a4263f5bf1c4d7f188babc026b29cd5a570ffc7214023440e4fd"
"provengo_project/products/internal/artifacts/1/1/512.txt","2634","f3e660face5cd7bed18b986de568e746c6a49b0f23de614c7622fae27c358261"
"provengo_project/products/internal/artifacts/1/1/513.json","2492","558037bca01bdec7184deea30c6e5d8f7f26adc9e5fc71ad57ae0b2a0bf0bdff"
"provengo_project/products/internal/artifacts/1/1/514.txt","142","f19d88fd6688a195423990a881867bd95311a0f0d7064bca6b13bf090984564c"
"provengo_project/products/internal/artifacts/1/1/515.txt","479","96807da582c8afd7a6f1aada69f89ed1006a32ba575ca391f1d6201614435ce5"
"provengo_project/products/internal/artifacts/1/1/516","159","1c646950a1f179af12bb9d3328b9e3f6a2491f555954d2bd4a19735fbbfed4f8"
"provengo_project/products/internal/artifacts/1/1/517.txt","77","40fbc1c9da2ed1f590745085871b692469c6a5731839fdf90cbda2027897d033"
"provengo_project/products/internal/artifacts/1/1/518.txt","475","e8a444d54934104163992e6c539190c6ac5b34ff3ec2f786951d3ad77c332785"
"provengo_project/products/internal/artifacts/1/1/519","155","b1a9dfa04a88b9c372272e62d78d9923e060272a59a7784b37e64650f5542c06"
"provengo_project/products/internal/artifacts/1/1/52.txt","87","12f96125df8f5f2d588b8fb082f608f9096575bc83cc7c5c2d7f04a42005fc7c"
"provengo_project/products/internal/artifacts/1/1/520.txt","231","bc8781849e0ec00e1f1c4074a107d7718924a0e4c0ebdb4e22c6f4ae4925361d"
"provengo_project/products/internal/artifacts/1/1/521.txt","595","ad1685027ce2f11c221bea56eba04eb0f65f166bf3d47b7d88398e84b566f34a"
"provengo_project/products/internal/artifacts/1/1/522","275","8e211fa5ae9364f3fee99115b2d91fd089c54eaa111991909d03764ec994a3ba"
"provengo_project/products/internal/artifacts/1/1/523.txt","231","4903260b22c2a8bc0bbe708e587d54f4529f1830c836d00adac1bcb728d417cc"
"provengo_project/products/internal/artifacts/1/1/524.txt","595","cabe3eda478629f59ec49e7665beb17035d87130646ce71822974bee6199cbab"
"provengo_project/products/internal/artifacts/1/1/525","275","8235803c06046b741ca6aeec0b16c9f20066e546dc5de12dee84f0c89bb72da5"
"provengo_project/products/internal/artifacts/1/1/526.txt","143","51a199704c42b12dead3e1778d73d8d8b3bb376537d3ac2fb129c6c33edc8dea"
"provengo_project/products/internal/artifacts/1/1/527.txt","475","6d41ed57f194d820d359bc6a36f90252ca39657c06db1a2e0b20a42994373821"
"provengo_project/products/internal/artifacts/1/1/528","155","b1a9dfa04a88b9c372272e62d78d9923e060272a59a7784b37e64650f5542c06"
"provengo_project/products/internal/artifacts/1/1/529.txt","98","3047e99b798822619a871fe6a23d8c1352dc6b9f8b90a0ce1d154bee3f028c6f"
"provengo_project/products/internal/artifacts/1/1/53.txt","448","eea33ba4626e66cc22a39070319c9c4938a4dbd8598df3ee6cb1ef216c86667f"
"provengo_project/products/internal/artifacts/1/1/530.txt","475","f7766fbb3e48910d9805fd03dfa0819222a2e341a02e91b289071bc22059e340"
"provengo_project/products/internal/artifacts/1/1/531","155","b1a9dfa04a88b9c372272e62d78d9923e060272a59a7784b37e64650f5542c06"
"provengo_project/products/internal/artifacts/1/1/532.txt","591","439a2c7af1e157570b37d03301f575c921ef8c87498cdbddaf7dc012a52caf52"
"provengo_project/products/internal/artifacts/1/1/533.txt","2146","08f4a25ed969b91b54749074c5c7f34995d66192d02d77fd12104ed52747f129"
"provengo_project/products/internal/artifacts/1/1/534.json","2004","0227a9dd342417519e2731eb73958f411f0337a10fb4b30879fce7eecb706dc3"
"provengo_project/products/internal/artifacts/1/1/535.txt","139","615efbad87eb9299331941f453bd5840757708377282b66e9d1cf3e22f5fde89"
"provengo_project/products/internal/artifacts/1/1/536.txt","475","f5207fc735651f56b551591ff256550d694044d732d2a318845e80217ecbd831"
"provengo_project/products/internal/artifacts/1/1/537","155","b1a9dfa04a88b9c372272e62d78d9923e060272a59a7784b37e64650f5542c06"
"provengo_project/products/internal/artifacts/1/1/538.txt","77","40fbc1c9da2ed1f590745085871b692469c6a5731839fdf90cbda2027897d033"
"provengo_project/products/internal/artifacts/1/1/539.txt","475","d1cbbaed9d519c819a9defad11e519f387763f37f0992cfbdefff105abc527df"
"provengo_project/products/internal/artifacts/1/1/54","128","ff2af6dba2fe3bcb4ab4c283e4e949d7b0583f13436dc69e186ef8cb3333ef1d"
"provengo_project/products/internal/artifacts/1/1/540","155","b1a9dfa04a88b9c372272e62d78d9923e060272a59a7784b37e64650f5542c06"
"provengo_project/products/internal/artifacts/1/1/541.txt","237","3e7e083d542dbe8fbc55a9017de099871c80bcd699f361c44ece54e1bb02f8c7"
"provengo_project/products/internal/artifacts/1/1/542.txt","475","b751fc7acb0421ffc6e6873d815c945172d8a01e0f60fd94a03146f99b5d92b2"
"provengo_project/products/internal/artifacts/1/1/543","155","b1a9dfa04a88b9c372272e62d78d9923e060272a59a7784b37e64650f5542c06"
"provengo_project/products/internal/artifacts/1/1/544.txt","237","2a7718beb095d203bb9f4db142e2c754e101d9f9b18c48cf1db9e61709cfd795"
"provengo_project/products/internal/artifacts/1/1/545.txt","475","1d0525e3b9a4bd27d4012063fdaf2224ead8e0c6c802528ad4996414244ec488"
"provengo_project/products/internal/artifacts/1/1/546","155","b1a9dfa04a88b9c372272e62d78d9923e060272a59a7784b37e64650f5542c06"
"provengo_project/products/internal/artifacts/1/1/547.txt","143","690840a6c7be0c454185bad2024f94a9c870628559507d18eec4612ddaa78cda"
"provengo_project/products/internal/artifacts/1/1/548.txt","475","2f2c2ab9424b95b9630861f2b51303541a16d0ae5b0a7afbbad66099bd28b02f"
"provengo_project/products/internal/artifacts/1/1/549","155","b1a9dfa04a88b9c372272e62d78d9923e060272a59a7784b37e64650f5542c06"
"provengo_project/products/internal/artifacts/1/1/55.txt","45","67071b609b7f8eb01ef7e4c542bebc8277ba339a02b5672bb5f36e36f95845d6"
"provengo_project/products/internal/artifacts/1/1/550.txt","98","3047e99b798822619a871fe6a23d8c1352dc6b9f8b90a0ce1d154bee3f028c6f"
"provengo_project/products/internal/artifacts/1/1/551.txt","475","dd97c499214318338ed536dbc43ff7a595a4d619956c4a02a50e2e3cf61e4f4f"
"provengo_project/products/internal/artifacts/1/1/552","155","b1a9dfa04a88b9c372272e62d78d9923e060272a59a7784b37e64650f5542c06"
"provengo_project/products/internal/artifacts/1/1/553.txt","606","0b83ee9376f904b7d339baadab40701409e7250b490d6bacc0f1669df0290472"
"provengo_project/products/internal/artifacts/1/1/554.txt","1921","0b0cdc2a77fdfd8df96b37315fb6091243bd09285c38878d132ff17cb0f0cd2a"
"provengo_project/products/internal/artifacts/1/1/555.json","1779","f628518d026d7c1aa670a07e6abae0ee375a9d1b1ef0f6dc094dde8205956f5d"
"provengo_project/products/internal/artifacts/1/1/556.txt","139","df1b016afcdfb15c832973cbfaae0f98653bb625ecc06bb850e57eba4da851a5"
"provengo_project/products/internal/artifacts/1/1/557.txt","475","dab8f77d27b0063dd215de72f9b2464cb8a231cf830b678f289f6276743f82cf"
"provengo_project/products/internal/artifacts/1/1/558","155","b1a9dfa04a88b9c372272e62d78d9923e060272a59a7784b37e64650f5542c06"
"provengo_project/products/internal/artifacts/1/1/559.txt","77","40fbc1c9da2ed1f590745085871b692469c6a5731839fdf90cbda2027897d033"
"provengo_project/products/internal/artifacts/1/1/56.txt","1216","54e54dd5059e0bdbb285b3a93338787d6bc9c3b9fa4d17f754a1c1d92a23797e"
"provengo_project/products/internal/artifacts/1/1/560.txt","475","47ef38d63d50b3b1020d1f86f991102b50dbe9a353a830495bd83dd14845edcf"
"provengo_project/products/internal/artifacts/1/1/561","155","b1a9dfa04a88b9c372272e62d78d9923e060272a59a7784b37e64650f5542c06"
"provengo_project/products/internal/artifacts/1/1/562.txt","199","928f72a285a212b97de90f3c9ace3ef4d96c8fe4dfff7f8b2dc040e6f7216953"
"provengo_project/products/internal/artifacts/1/1/563.txt","470","1f8c5741b2e0f2fb2302c26ed69d4bb8acfac6e4bb318466e9cdb4b160f5fe93"
"provengo_project/products/internal/artifacts/1/1/564","150","b8a5e6bdf47089e46ea94d31c03cdde849bb24995f9699b9f1ef1700c8ee5c6d"
"provengo_project/products/internal/artifacts/1/1/565.txt","200","cb8bac23b1742c4855275ee47b2ae19555616a416ce37e38e4f200159e61e153"
"provengo_project/products/internal/artifacts/1/1/566.txt","470","07a468da44a11037ccc1dca8cf398ac8394c70c6847b49742a5408518622c78d"
"provengo_project/products/internal/artifacts/1/1/567","150","b8a5e6bdf47089e46ea94d31c03cdde849bb24995f9699b9f1ef1700c8ee5c6d"
"provengo_project/products/internal/artifacts/1/1/568.txt","143","70df6e7645b5fa6f2bce364ae45e1b3a2e9ec20dd0e48420b07fe459fc6e54a0"
"provengo_project/products/internal/artifacts/1/1/569.txt","475","6bac9a07d87fe665454960323b0320db7fee9e31da90532265d2e20feca49f1c"
"provengo_project/products/internal/artifacts/1/1/57.json","875","8b31cc95e70535f538bc920f27acd7eb70c085f161ff650cddeed41c765c82ee"
"provengo_project/products/internal/artifacts/1/1/570","155","b1a9dfa04a88b9c372272e62d78d9923e060272a59a7784b37e64650f5542c06"
"provengo_project/products/internal/artifacts/1/1/571.txt","93","14bded7c1e3a976ddc729c6e23d0e7d7083313af6fbe73d7ff3d00a54408b860"
"provengo_project/products/internal/artifacts/1/1/572.txt","470","a0d18bedc6991451dbff3248224c15d854f5c5e17753f11cb61328eff39b1ed5"
"provengo_project/products/internal/artifacts/1/1/573","150","b8a5e6bdf47089e46ea94d31c03cdde849bb24995f9699b9f1ef1700c8ee5c6d"
"provengo_project/products/internal/artifacts/1/1/574.txt","528","77010aa93055abf8996ed497b73e2c8f61301525f4fbec29e6e8ae0adb539ce0"
"provengo_project/products/internal/artifacts/1/1/575.txt","1807","0ff9a3bde3fdf0ff44a7992a811f03716a49afd73c1fe0fdc38677acbccbfcb2"
"provengo_project/products/internal/artifacts/1/1/576.json","1665","8ba610464238cec3ca2df3e4d07a1265c23f5fc23d7449b7be19acaa69fe393f"
"provengo_project/products/internal/artifacts/1/1/577.txt","139","2007dc8bfa28eedb405f18785c7f224d63b0ad7c720e1f8be8c7688e4532ef8e"
"provengo_project/products/internal/artifacts/1/1/578.txt","475","5ad30e4910a9d68827f617161761a1a38a6bfd01066ebafd6765b83d517671dc"
"provengo_project/products/internal/artifacts/1/1/579","155","b1a9dfa04a88b9c372272e62d78d9923e060272a59a7784b37e64650f5542c06"
"provengo_project/products/internal/artifacts/1/1/58.txt","108","e6ad9004c547dad66fa95524fbaa18b79994a527a7820c8b491912e781ecd799"
"provengo_project/products/internal/artifacts/1/1/580.txt","78","01ff1ea75038291ddfd1c4dea86ae2b0ad61862aedef48f36d5c83a850c92bd1"
"provengo_project/products/internal/artifacts/1/1/581.txt","480","3b65adfe93895f79311385e7a6ad8e3636be33854217ef9790c9473f325b11ee"
"provengo_project/products/internal/artifacts/1/1/582","160","03418983281e402db2edb1cccffe12800027e2b7e9603659058e1d87a472e8df"
"provengo_project/products/internal/artifacts/1/1/583.txt","230","f0d7897cad103e94d9528dbaa434eeef4d5326c02b2bfa338f0cc9762b886900"
"provengo_project/products/internal/artifacts/1/1/584.txt","475","cb860eb592da2d9e3ac3c11db4c2dd47a3f56c3ee4c53470ca86057f0362aa63"
"provengo_project/products/internal/artifacts/1/1/585","155","018a2e10d67df4d5f06a4a708050086bbd93540031527acfd19fa99ef389b946"
"provengo_project/products/internal/artifacts/1/1/586.txt","218","36316d20a666a0bcbb257b67ef819ea217815ab36513950c5cccb78d4abfcddf"
"provengo_project/products/internal/artifacts/1/1/587.txt","475","1a459f0199551ac8c18bd7b239438e77c5e59df853551b39986d1bf6251c9f78"
"provengo_project/products/internal/artifacts/1/1/588","155","018a2e10d67df4d5f06a4a708050086bbd93540031527acfd19fa99ef389b946"
"provengo_project/products/internal/artifacts/1/1/589.txt","142","2e7279dabe578bb839bcc13f4c2dda653bbd170c58bbbb897fa3f220f4c214f3"
"provengo_project/products/internal/artifacts/1/1/59.txt","507","a82ffbb7d636dba28b57afa178f3f5faf985f7caaf13e974e36751f0293f23fa"
"provengo_project/products/internal/artifacts/1/1/590.txt","480","60160ed0729796bd70dccbc4668d908717c7ebe63ab4931ab93b4c9b94da3666"
"provengo_project/products/internal/artifacts/1/1/591","160","03418983281e402db2edb1cccffe12800027e2b7e9603659058e1d87a472e8df"
"provengo_project/products/internal/artifacts/1/1/592.txt","113","ef115cae1454ba97e08bba01b48bfa9cd3b41505ef63b2fe496bd3c04137fe50"
"provengo_project/products/internal/artifacts/1/1/593.txt","475","88bca5dc72bf8a249d90761f591f6b0d73423300c5687402cc87593936385364"
"provengo_project/products/internal/artifacts/1/1/594","155","018a2e10d67df4d5f06a4a708050086bbd93540031527acfd19fa99ef389b946"
"provengo_project/products/internal/artifacts/1/1/595.txt","591","92bf0a01726e188e3dc896a866c893f3a1f7c1758f4e35f8f4ccce993216fe0a"
"provengo_project/products/internal/artifacts/1/1/596.txt","1880","89c06dd09d6364fe34e311137dc8f5e8c4579a871c25869ca43aaaecd108bd9a"
"provengo_project/products/internal/artifacts/1/1/597.json","1738","227a8310d6ec89b438af92896fa53012a24fca9e0f6fb0b2720d8d627d56d582"
"provengo_project/products/internal/artifacts/1/1/598.txt","138","dcb270762cc26ae485acfb4f14be18677ba5fb0ac32decfe72d6b7c29a6b7e2a"
"provengo_project/products/internal/artifacts/1/1/599.txt","480","46fb1b6b13d053bf5ff0b2e82d4652866945414d01b36f44ee09b702a9efb5fd"
"provengo_project/products/internal/artifacts/1/1/6.json","1739","6db2dc2a5279824a9bfd7343cdf9175dc7b6ae43a1798741fff5d1f9debd410c"
"provengo_project/products/internal/artifacts/1/1/60.json","262","db9fbf16e997b145a72e33674040ec391d33ed2b71a29fee67209ed7fa1e5e4f"
"provengo_project/products/internal/artifacts/1/1/600","160","03418983281e402db2edb1cccffe12800027e2b7e9603659058e1d87a472e8df"
"provengo_project/products/internal/artifacts/1/1/601.txt","77","40fbc1c9da2ed1f590745085871b692469c6a5731839fdf90cbda2027897d033"
"provengo_project/products/internal/artifacts/1/1/602.txt","475","ffd4d80603405ae3391b48f732b17f9420e98743a5fad527d1cd349eac6068d1"
"provengo_project/products/internal/artifacts/1/1/603","155","b1a9dfa04a88b9c372272e62d78d9923e060272a59a7784b37e64650f5542c06"
"provengo_project/products/internal/artifacts/1/1/604.txt","201","6b8893bfe9603e9778d22dafe796d653c37d8fedba8a51c4297243ff3fee4102"
"provengo_project/products/internal/artifacts/1/1/605.txt","470","a4b36c5d58ab06e482c8a3d2e23a887f80d248950035d3cfa78f2cbee4918c08"
"provengo_project/products/internal/artifacts/1/1/606","150","b8a5e6bdf47089e46ea94d31c03cdde849bb24995f9699b9f1ef1700c8ee5c6d"
"provengo_project/products/internal/artifacts/1/1/607.txt","217","e7c1793ae19f89c26b8adea4534682bd6913284b77969bb087b98cba5cf43c14"
"provengo_project/products/internal/artifacts/1/1/608.txt","470","d79affae4e3e43ee822c091786b2b4425ebaf1fed3de1aa2be7674c601e2dbf2"
"provengo_project/products/internal/artifacts/1/1/609","150","b8a5e6bdf47089e46ea94d31c03cdde849bb24995f9699b9f1ef1700c8ee5c6d"
"provengo_project/products/internal/artifacts/1/1/61.txt","116","644de5caa27fcb0e52eae0510bc8e2a8727e1c29f41a467bd9c1c305f75e493b"
"provengo_project/products/internal/artifacts/1/1/610.txt","143","c86964d1777acc717aa41db61d3a323ed9436883c6cd5d59df1be857ca835b3d"
"provengo_project/products/internal/artifacts/1/1/611.txt","475","0101141194df44b17a05d4077671bb9a7e8ede05b73e762adb1c5213586ab3b7"
"provengo_project/products/internal/artifacts/1/1/612","155","b1a9dfa04a88b9c372272e62d78d9923e060272a59a7784b37e64650f5542c06"
"provengo_project/products/internal/artifacts/1/1/613.txt","93","14bded7c1e3a976ddc729c6e23d0e7d7083313af6fbe73d7ff3d00a54408b860"
"provengo_project/products/internal/artifacts/1/1/614.txt","470","77c21253ddac875b342431fe755ab213b192a193caa3356b669e9dd3d41c5920"
"provengo_project/products/internal/artifacts/1/1/615","150","b8a5e6bdf47089e46ea94d31c03cdde849bb24995f9699b9f1ef1700c8ee5c6d"
"provengo_project/products/internal/artifacts/1/1/616.txt","577","a10b53e656e97481f3860c19d437c23d53095e54770ef0cb37642e1366271dc6"
"provengo_project/products/internal/artifacts/1/1/617.txt","1858","9784b25d0e117a768c30c796cbd2db8244d02682c8230f486f725664aa9a8fe1"
"provengo_project/products/internal/artifacts/1/1/618.json","1716","9a3c49cc0d7f5db59b324d4fb7e41fbca668f9fe5a3aa11bdc99e07680aed1d6"
"provengo_project/products/internal/artifacts/1/1/619.txt","139","3103ef2081f2c26bd78631cda65172d79a93b8541fd4073e6aaa387ea2e217a5"
"provengo_project/products/internal/artifacts/1/1/62.txt","475","af3b84dcaa490365fbe6f91c39f02457f8ed2e28cc37fbc22c0694bad5d776c2"
"provengo_project/products/internal/artifacts/1/1/620.txt","475","b24c43626d1a7c8133cfc4489d93c4479d390bc6c53b3cea46404e8f6ade4847"
"provengo_project/products/internal/artifacts/1/1/621","155","b1a9dfa04a88b9c372272e62d78d9923e060272a59a7784b37e64650f5542c06"
"provengo_project/products/internal/artifacts/1/1/622.txt","78","01ff1ea75038291ddfd1c4dea86ae2b0ad61862aedef48f36d5c83a850c92bd1"
"provengo_project/products/internal/artifacts/1/1/623.txt","480","eda0cdfe46fecca32d48b52beec6e9bc73fb59cb7172aee7fb531048ef09c291"
"provengo_project/products/internal/artifacts/1/1/624","160","03418983281e402db2edb1cccffe12800027e2b7e9603659058e1d87a472e8df"
"provengo_project/products/internal/artifacts/1/1/625.txt","226","ce62096ff20228e4cfa94c213613dc194bee0933fb0bf243e29e70c65b928125"
"provengo_project/products/internal/artifacts/1/1/626.txt","475","16bed404a5d48f55fa1aa811f7716d4d9d04c9e0da40a60a42ba72d15a2597a6"
"provengo_project/products/internal/artifacts/1/1/627","155","018a2e10d67df4d5f06a4a708050086bbd93540031527acfd19fa99ef389b946"
"provengo_project/products/internal/artifacts/1/1/628.txt","226","b85050040db35043f323e98d11dafee5796dff32e1b9a106cc92192d8e864af8"
"provengo_project/products/internal/artifacts/1/1/629.txt","475","e9557cfa614cc9e369b84236667b73826c0e2f1558b97b4dfff49966eea6dee1"
"provengo_project/products/internal/artifacts/1/1/63","155","b1a9dfa04a88b9c372272e62d78d9923e060272a59a7784b37e64650f5542c06"
"provengo_project/products/internal/artifacts/1/1/630","155","018a2e10d67df4d5f06a4a708050086bbd93540031527acfd19fa99ef389b946"
"provengo_project/products/internal/artifacts/1/1/631.txt","142","b514dba2d3e017f405d115f0e3ed0a98269209c40934f0584bcb5c83bcf54718"
"provengo_project/products/internal/artifacts/1/1/632.txt","480","530caff20cbe351d48cbe06af706921537a6852df784b57d33ac2065aa8cd40c"
"provengo_project/products/internal/artifacts/1/1/633","160","03418983281e402db2edb1cccffe12800027e2b7e9603659058e1d87a472e8df"
"provengo_project/products/internal/artifacts/1/1/634.txt","94","0fdd99c1afa77571995db0c13e0e2ff3ff02c1442586a2830f6f300fa741f8c6"
"provengo_project/products/internal/artifacts/1/1/635.txt","475","1ff721b830fe410ced3d0885952fa6a3273b856bdd91e10c821f80c6a09680ec"
"provengo_project/products/internal/artifacts/1/1/636","155","018a2e10d67df4d5f06a4a708050086bbd93540031527acfd19fa99ef389b946"
"provengo_project/products/internal/artifacts/1/1/637.txt","588","ddba5d6e5a05c38892d470a858813c07d666e65fa04f2dd69b0f585af92382f0"
"provengo_project/products/internal/artifacts/1/1/638.txt","1879","48f77a9301d075aebc1c0b0a48f53a3cac0ee5c9b7e9080cd02444b8a063b293"
"provengo_project/products/internal/artifacts/1/1/639.json","1737","073becb441f45a02160718e6aa4d2bf49a6e53b049511846067e2cb5b5f2b813"
"provengo_project/products/internal/artifacts/1/1/64.txt","142","f7579226c91b50a01419c3606ac7a4a3acd8add355d0c1762fe23052b29d61b4"
"provengo_project/products/internal/artifacts/1/1/640.txt","138","f1642d26eb34ed760cf2651d1def4b5dc286254f86a9175e4a8c977de4b16554"
"provengo_project/products/internal/artifacts/1/1/641.txt","480","133a3dfcd66cbc78c540cd69313a2bb090bf7b146892507868bebd4d9569ded2"
"provengo_project/products/internal/artifacts/1/1/642","160","03418983281e402db2edb1cccffe12800027e2b7e9603659058e1d87a472e8df"
"provengo_project/products/internal/artifacts/1/1/643.txt","77","40fbc1c9da2ed1f590745085871b692469c6a5731839fdf90cbda2027897d033"
"provengo_project/products/internal/artifacts/1/1/644.txt","475","24f680b1989ac49e26f4adeab41844552c0def218935a90a9c8e16e308e06b8c"
"provengo_project/products/internal/artifacts/1/1/645","155","b1a9dfa04a88b9c372272e62d78d9923e060272a59a7784b37e64650f5542c06"
"provengo_project/products/internal/artifacts/1/1/646.txt","201","a2a933f42f19b6f6d8e6bb3e7e6a7418090ae28527891ce1543e76655bb2ba79"
"provengo_project/products/internal/artifacts/1/1/647.txt","470","b29d0b89412359cc6de9ada441a5cc6b20a187467a8bc9d354039e782fa98106"
"provengo_project/products/internal/artifacts/1/1/648","150","b8a5e6bdf47089e46ea94d31c03cdde849bb24995f9699b9f1ef1700c8ee5c6d"
"provengo_project/products/internal/artifacts/1/1/649.txt","217","8dc218771a05befd0691af9e7bcec7a643f6c7be35370c048e281c51c8fdc4dd"
"provengo_project/products/internal/artifacts/1/1/65.txt","1958","a3cec5afcc21caf22c784228f16b2880772bc551df41f3edfd3679a78706fb0b"
"provengo_project/products/internal/artifacts/1/1/650.txt","470","2c6d2dbb0c5882de0bc8f901e6a483463d94a73633f674f6093f4c0183b0c390"
"provengo_project/products/internal/artifacts/1/1/651","150","b8a5e6bdf47089e46ea94d31c03cdde849bb24995f9699b9f1ef1700c8ee5c6d"
"provengo_project/products/internal/artifacts/1/1/652.txt","231","e07ac6b09dcf85f715c9e336ed926538cf8b5110588b83f48b27d35f2c8e9d59"
"provengo_project/products/internal/artifacts/1/1/653.txt","470","5d25707001b5bacf0e0a32f4f36ea197a16958da9453e35c94710852253902ac"
"provengo_project/products/internal/artifacts/1/1/654","150","b8a5e6bdf47089e46ea94d31c03cdde849bb24995f9699b9f1ef1700c8ee5c6d"
"provengo_project/products/internal/artifacts/1/1/655.txt","143","24fbcaffffab0c6258caf70e4f1aee6c524fd18de05fb7daed9199b52b243310"
"provengo_project/products/internal/artifacts/1/1/656.txt","475","b5705d9e230d93f841afd53faae7587a77a63570babdfbde101d63812ecbaa29"
"provengo_project/products/internal/artifacts/1/1/657","155","b1a9dfa04a88b9c372272e62d78d9923e060272a59a7784b37e64650f5542c06"
"provengo_project/products/internal/artifacts/1/1/658.txt","93","14bded7c1e3a976ddc729c6e23d0e7d7083313af6fbe73d7ff3d00a54408b860"
"provengo_project/products/internal/artifacts/1/1/659.txt","470","84a51d95c9cffdfb88c6ed077bc3164dd0f3803532d3aa06b47cd9c253a32f67"
"provengo_project/products/internal/artifacts/1/1/66.json","1647","c67fc177a41cf7a22c3b886ccf33398e3b0a670557d5be4969a46cc827ca44ec"
"provengo_project/products/internal/artifacts/1/1/660","150","b8a5e6bdf47089e46ea94d31c03cdde849bb24995f9699b9f1ef1700c8ee5c6d"
"provengo_project/products/internal/artifacts/1/1/661.txt","794","c770925dcbbecd7023fc3b1447c5404c6c965e7160d38644ca10b335a62d69e5"
"provengo_project/products/internal/artifacts/1/1/662.txt","2590","3e1b1428d3338d48dfe3040fc1283a83e47eb5d1cb5bf14173622b3febddf574"
"provengo_project/products/internal/artifacts/1/1/663.json","2448","7dd368c427aba40a14382b889779bb80501e900316d45c16f74332df78b1235c"
"provengo_project/products/internal/artifacts/1/1/664.txt","139","a10f95833209c3d214c1ba441107a6312361fb8021becc60e5089d44732833e1"
"provengo_project/products/internal/artifacts/1/1/665.txt","475","b4cb617016c1617c339a6d9d720cb77769817427b646bca1f02a6796293a65d1"
"provengo_project/products/internal/artifacts/1/1/666","155","b1a9dfa04a88b9c372272e62d78d9923e060272a59a7784b37e64650f5542c06"
"provengo_project/products/internal/artifacts/1/1/667.txt","80","da59b5a71eac6eae5fd7236c86b0ab47228da62ad01529528ea205b5ff591f66"
"provengo_project/products/internal/artifacts/1/1/668.txt","479","61b49890f6c2fe925bfb475f0d1e7f41aad66ab72188385d748e5e34652802b4"
"provengo_project/products/internal/artifacts/1/1/669","159","1c646950a1f179af12bb9d3328b9e3f6a2491f555954d2bd4a19735fbbfed4f8"
"provengo_project/products/internal/artifacts/1/1/67.txt","114","c8bc13b856661da82bc7ba326c89b8da13a00cad5802eba472d59ca980324b03"
"provengo_project/products/internal/artifacts/1/1/670.txt","234","619a3129891caee4a4ae15e143c13e961238ac903d99d89cb55b9238953615b8"
"provengo_project/products/internal/artifacts/1/1/671.txt","474","3e8f08144fa337ce0eb376692fb5c9aec50448fbb6e9e328b38e849d207c9978"
"provengo_project/products/internal/artifacts/1/1/672","154","5814c7690ce103cd9a3fe1ed54c60634acd9df19a457928d404509606b56c3ce"
"provengo_project/products/internal/artifacts/1/1/673.txt","234","c02e853c4f7c51b81c09dd20745359870a76b388c1159eccb8b343cfa48f1f67"
"provengo_project/products/internal/artifacts/1/1/674.txt","474","474b15f121aabf07c35b9095e7a1b1efc797a87b84b57a572477acb69f75a1ef"
"provengo_project/products/internal/artifacts/1/1/675","154","5814c7690ce103cd9a3fe1ed54c60634acd9df19a457928d404509606b56c3ce"
"provengo_project/products/internal/artifacts/1/1/676.txt","146","09d0273d31acb5b1fcc991bfa702b8c838b1b787735a317999ad07dd7ee2c7c2"
"provengo_project/products/internal/artifacts/1/1/677.txt","479","5e08e55109b09e2ee8db697920a444f08af0a360d05dfb1a18c6fc9ae2aa5937"
"provengo_project/products/internal/artifacts/1/1/678","159","1c646950a1f179af12bb9d3328b9e3f6a2491f555954d2bd4a19735fbbfed4f8"
"provengo_project/products/internal/artifacts/1/1/679.txt","96","a5637a8d2b76a7ee3971326ef42550635fba705d78410a2ea4108bb37e3d8b4f"
"provengo_project/products/internal/artifacts/1/1/68.txt","1939","f7444503f4cdeeea3f46cf9c591098f77b466a2cfcf06a10f421218c0f5a099c"
"provengo_project/products/internal/artifacts/1/1/680.txt","474","4a82c05101c6ffb097757a4fe5da0865ec90f9c6aaad89426e50c8adb3003190"
"provengo_project/products/internal/artifacts/1/1/681","154","5814c7690ce103cd9a3fe1ed54c60634acd9df19a457928d404509606b56c3ce"
"provengo_project/products/internal/artifacts/1/1/682.txt","607","d3e366878d1c38ffe22250c6bcfbaaf900e173366a6fc9762135ee75be93bb4b"
"provengo_project/products/internal/artifacts/1/1/683.txt","1894","272ebb8d0ab6b9961d9a65eabf18138e12b6c242e613eacc63b1f88dec23caf6"
"provengo_project/products/internal/artifacts/1/1/684.json","1752","e7017c3f1b6c760561a617e77976cb557a50b42431fe2508d667d45030e02768"
"provengo_project/products/internal/artifacts/1/1/685.txt","142","4c4864463c930ea46b96853f83f5b64ec717fd1f6eae90a88fcb14ba2ded360f"
"provengo_project/products/internal/artifacts/1/1/686.txt","479","73bc56844bcc567602c2869f46da6e0bd7a295433d5ae4cc61b8a62cb43e6f4b"
"provengo_project/products/internal/artifacts/1/1/687","159","1c646950a1f179af12bb9d3328b9e3f6a2491f555954d2bd4a19735fbbfed4f8"
"provengo_project/products/internal/artifacts/1/1/688.txt","80","da59b5a71eac6eae5fd7236c86b0ab47228da62ad01529528ea205b5ff591f66"
"provengo_project/products/internal/artifacts/1/1/689.txt","479","2a0026d0fa03aa88141c9fdc827c51c128e74a262957c1d523dce267a9c9c6e8"
"provengo_project/products/internal/artifacts/1/1/69.json","1636","aa192e5662a4587e028470dba976f5fba3f19ee0f1c819da6060f74723ec4dda"
"provengo_project/products/internal/artifacts/1/1/690","159","1c646950a1f179af12bb9d3328b9e3f6a2491f555954d2bd4a19735fbbfed4f8"
"provengo_project/products/internal/artifacts/1/1/691.txt","215","95bfe7287ba20003716e27607f0c635775f5906fe2c49c1956e26e2a14ee7c8c"
"provengo_project/products/internal/artifacts/1/1/692.txt","479","e8c1e17840728b31e070abf1dc12744dc44eeccdf655d2cc1d513e558a309a4b"
"provengo_project/products/internal/artifacts/1/1/693","159","1c646950a1f179af12bb9d3328b9e3f6a2491f555954d2bd4a19735fbbfed4f8"
"provengo_project/products/internal/artifacts/1/1/694.txt","216","29fdf6cc14320b0f4b4636897a72415ce2fcc273b4a01739949d4dcaf5346a2d"
"provengo_project/products/internal/artifacts/1/1/695.txt","479","3a6d207818fe46ec230b47adc994639968acfff60afada8f65a4056c03be88a8"
"provengo_project/products/internal/artifacts/1/1/696","159","1c646950a1f179af12bb9d3328b9e3f6a2491f555954d2bd4a19735fbbfed4f8"
"provengo_project/products/internal/artifacts/1/1/697.txt","146","832711a89e4698daa8584421ec4de6bd989953815977ae829857b847b53b0982"
"provengo_project/products/internal/artifacts/1/1/698.txt","479","700c9d48e1581e1d5849a08a0dd0a199e99cb4f42b247eda6d63258d9e7549fb"
"provengo_project/products/internal/artifacts/1/1/699","159","1c646950a1f179af12bb9d3328b9e3f6a2491f555954d2bd4a19735fbbfed4f8"
"provengo_project/products/internal/artifacts/1/1/7.txt","80","da59b5a71eac6eae5fd7236c86b0ab47228da62ad01529528ea205b5ff591f66"
"provengo_project/products/internal/artifacts/1/1/70.txt","46","17c0695cf4f6a3c6f2fba0fd44b3e7920637656aea8d0a3369d75682140c4287"
"provengo_project/products/internal/artifacts/1/1/700.txt","101","47f8f3697f774f768655a98300b5bb5c7ea141ae2829df4f3500fe583536e47b"
"provengo_project/products/internal/artifacts/1/1/701.txt","479","7fa81428d466029d713157ef70fc5dc2d33f709b2a79e49f6c87e4986836bcd1"
"provengo_project/products/internal/artifacts/1/1/702","159","1c646950a1f179af12bb9d3328b9e3f6a2491f555954d2bd4a19735fbbfed4f8"
"provengo_project/products/internal/artifacts/1/1/703.txt","566","0e599d8c7e472350b18ccb0c5f36a01ca2014b1a813cc02e4919aaf96c4a6279"
"provengo_project/products/internal/artifacts/1/1/704.txt","1887","db3dae44902cfded24ba13dad95f40a07c6c8b3c5d48616ef0732257c19fdd60"
"provengo_project/products/internal/artifacts/1/1/705.json","1745","bd51ab8a5fcff07aa1b8e2bf2ed221562afe4822483461b1acc37886533456c7"
"provengo_project/products/internal/artifacts/1/1/706.txt","142","c5b4f9de3705f2ded0c979b57051953c6829361aa432580bb80d8e5d7544b0ff"
"provengo_project/products/internal/artifacts/1/1/707.txt","479","12ef2b882f02965264c02d1c63db5469c0e5c7f679bc0bfdd767afb2c67a6c14"
"provengo_project/products/internal/artifacts/1/1/708","159","1c646950a1f179af12bb9d3328b9e3f6a2491f555954d2bd4a19735fbbfed4f8"
"provengo_project/products/internal/artifacts/1/1/709.txt","77","40fbc1c9da2ed1f590745085871b692469c6a5731839fdf90cbda2027897d033"
"provengo_project/products/internal/artifacts/1/1/71.txt","686","ad70d98094b76b90eb585f33c68e8f418afa1d23a3e0092d7e6e04b302f16a49"
"provengo_project/products/internal/artifacts/1/1/710.txt","475","133c637d3766b5deb717e6ee9a5e154987f3dd135529eab1c51d54a5a5a94773"
"provengo_project/products/internal/artifacts/1/1/711","155","b1a9dfa04a88b9c372272e62d78d9923e060272a59a7784b37e64650f5542c06"
"provengo_project/products/internal/artifacts/1/1/712.txt","205","2474818f9b068eb60710a97e3112c2ffc2c71cfd0700c316ab694cda69538180"
"provengo_project/products/internal/artifacts/1/1/713.txt","475","4ff9a74ca5a7a6d3aa3484af17efcb46fd581708b96e6895580d5e92b7689976"
"provengo_project/products/internal/artifacts/1/1/714","155","b1a9dfa04a88b9c372272e62d78d9923e060272a59a7784b37e64650f5542c06"
"provengo_project/products/internal/artifacts/1/1/715.txt","206","ceda7a02e4ca460cd1814fae03e64d5bf19088037c38db21389421a6c14e1fe0"
"provengo_project/products/internal/artifacts/1/1/716.txt","475","8eb8b58eb4ea76c9db1ed6cedd9be1f7b789acbad8f28abca4bd23ee331280bd"
"provengo_project/products/internal/artifacts/1/1/717","155","b1a9dfa04a88b9c372272e62d78d9923e060272a59a7784b37e64650f5542c06"
"provengo_project/products/internal/artifacts/1/1/718.txt","143","5e797c4ffe03d53cdb66e64e7fa51b23168cf54aa8c3491eae8d8e57530001bb"
"provengo_project/products/internal/artifacts/1/1/719.txt","475","4fa0ce08cf33d54453cddf64d91683a1fa6f1045a6da134323b0d5622e57e315"
"provengo_project/products/internal/artifacts/1/1/72.json","347","9bdf36ab5d69ebf89c8c6831931238017b0d35e7e0ab7e5b07077a820ed05505"
"provengo_project/products/internal/artifacts/1/1/720","155","b1a9dfa04a88b9c372272e62d78d9923e060272a59a7784b37e64650f5542c06"
"provengo_project/products/internal/artifacts/1/1/721.txt","98","3047e99b798822619a871fe6a23d8c1352dc6b9f8b90a0ce1d154bee3f028c6f"
"provengo_project/products/internal/artifacts/1/1/722.txt","475","01147e19c4416fbe2801e6b9be309b923490676f0e102ec79566f8bed23baca3"
"provengo_project/products/internal/artifacts/1/1/723","155","b1a9dfa04a88b9c372272e62d78d9923e060272a59a7784b37e64650f5542c06"
"provengo_project/products/internal/artifacts/1/1/724.txt","536","91163cf366d57ebe84e0b5a46849959fb3406348c8c6705c9ea5dd11433916d6"
"provengo_project/products/internal/artifacts/1/1/725.txt","1851","d6bd53811817fdaa8439d8be82772688e7e334d939dfd3ca23d24d1069fd38ab"
"provengo_project/products/internal/artifacts/1/1/726.json","1709","f015ac5bea7f966215472453d19f2e90812bc6d29fda66db5d2bebbe68efae49"
"provengo_project/products/internal/artifacts/1/1/727.txt","139","1243e1c68949f3f962bdbc363dcbf75ef6ca38e31cb4f77e46d48c0e7197161d"
"provengo_project/products/internal/artifacts/1/1/728.txt","475","7eb89b534b78d3f88e6f13aaa896305d3a0f6cd2cf6dd5b92418dd41d6ea5ada"
"provengo_project/products/internal/artifacts/1/1/729","155","b1a9dfa04a88b9c372272e62d78d9923e060272a59a7784b37e64650f5542c06"
"provengo_project/products/internal/artifacts/1/1/73.txt","104","f019a31087d20211d5004ff26c5a76ac4480352ec166d897e5206b571f30c533"
"provengo_project/products/internal/artifacts/1/1/730.txt","78","01ff1ea75038291ddfd1c4dea86ae2b0ad61862aedef48f36d5c83a850c92bd1"
"provengo_project/products/internal/artifacts/1/1/731.txt","480","b8dbd21bb5e0ff0939b9c1b2394bdc93615b0ab266e2487b98609b8ff0178c98"
"provengo_project/products/internal/artifacts/1/1/732","160","03418983281e402db2edb1cccffe12800027e2b7e9603659058e1d87a472e8df"
"provengo_project/products/internal/artifacts/1/1/733.txt","230","154eabd4e03d0f59d1ea1d2679b09ac6ae70ab5de669928c21691123ff910343"
"provengo_project/products/internal/artifacts/1/1/734.txt","475","2b78bbbeeada1fa459c271c3a84beef19fad9b0b25141d5acd825f2b24444861"
"provengo_project/products/internal/artifacts/1/1/735","155","018a2e10d67df4d5f06a4a708050086bbd93540031527acfd19fa99ef389b946"
"provengo_project/products/internal/artifacts/1/1/736.txt","230","9321d1da524919189f3aaefa61de762790b09b61c4253ab836504c2d450a61bb"
"provengo_project/products/internal/artifacts/1/1/737.txt","475","c097429265eeaaec96e4b03f0fb8240cf15b98340967daacec7f43112c2441a0"
"provengo_project/products/internal/artifacts/1/1/738","155","018a2e10d67df4d5f06a4a708050086bbd93540031527acfd19fa99ef389b946"
"provengo_project/products/internal/artifacts/1/1/739.txt","142","4618968d8770ff183cee8ba587b0938881f7334527284eb432abec77048ef53e"
"provengo_project/products/internal/artifacts/1/1/74.txt","528","2739dd2a1c969a516ec6fb222d74acbd5ab18b0370543864e96caa404a5500dc"
"provengo_project/products/internal/artifacts/1/1/740.txt","480","7d6283499f243a50e0e8b5691e3b2686aa435bbbe8e7b4b73917de3da832510d"
"provengo_project/products/internal/artifacts/1/1/741","160","03418983281e402db2edb1cccffe12800027e2b7e9603659058e1d87a472e8df"
"provengo_project/products/internal/artifacts/1/1/742.txt","94","0fdd99c1afa77571995db0c13e0e2ff3ff02c1442586a2830f6f300fa741f8c6"
"provengo_project/products/internal/artifacts/1/1/743.txt","475","76a7b717dd1db0fd1a3bf8d435a7c6ce1a3c44a676636a63fd053b9bf5a1707d"
"provengo_project/products/internal/artifacts/1/1/744","155","018a2e10d67df4d5f06a4a708050086bbd93540031527acfd19fa99ef389b946"
"provengo_project/products/internal/artifacts/1/1/745.txt","598","e5746afc267483caae7c3ef0eb502f61ceb4333110228f029077aa626a935b27"
"provengo_project/products/internal/artifacts/1/1/746.txt","1889","21b1be6cad6d1b4f686674fc2966bcc20271bc8d38f1d47e94a01acc58d6b3b0"
"provengo_project/products/internal/artifacts/1/1/747.json","1747","92b66cb1bbdfb0f0372d4cc5921fdca0399efee8399aab8e4e519f7c4bec0e6d"
"provengo_project/products/internal/artifacts/1/1/748.txt","138","2743fcbb9dbc6be74ad678b7f42318180d0ca1c04c6597f0d260f069c0225a6c"
"provengo_project/products/internal/artifacts/1/1/749.txt","480","5b42d947c2d3f36e5ae27e9b58500e1aa75582ca174b262cc43dd57ea2999e63"
"provengo_project/products/internal/artifacts/1/1/75","208","cb34f89bf754e5ed8428c7beefce6e6ddbf1daebe87f2ac8e979ce3748a9e6cb"
"provengo_project/products/internal/artifacts/1/1/750","160","03418983281e402db2edb1cccffe12800027e2b7e9603659058e1d87a472e8df"
"provengo_project/products/internal/artifacts/1/1/751.txt","77","40fbc1c9da2ed1f590745085871b692469c6a5731839fdf90cbda2027897d033"
"provengo_project/products/internal/artifacts/1/1/752.txt","475","78d2a7d886d9b27febb91338265ab9ede38d2624faacb060482a374965a9a545"
"provengo_project/products/internal/artifacts/1/1/753","155","b1a9dfa04a88b9c372272e62d78d9923e060272a59a7784b37e64650f5542c06"
"provengo_project/products/internal/artifacts/1/1/754.txt","201","4eb39a5cb5c7c7257e54f08d7cdfec52525836893985dc88f8d3afb909b76d27"
"provengo_project/products/internal/artifacts/1/1/755.txt","470","f491d3246f5a9fd06dc8dce30d043abbf28d026890843bd2f360fd3160c8cc3d"
"provengo_project/products/internal/artifacts/1/1/756","150","b8a5e6bdf47089e46ea94d31c03cdde849bb24995f9699b9f1ef1700c8ee5c6d"
"provengo_project/products/internal/artifacts/1/1/757.txt","200","90e845076c691c9cc932bd1c53690870ff8f3953f28ecaba2c58dd38b1add8d7"
"provengo_project/products/internal/artifacts/1/1/758.txt","470","a3b96d272670775e7754df668d34527976ebf1dd34706faa48d32fb06676e30c"
"provengo_project/products/internal/artifacts/1/1/759","150","b8a5e6bdf47089e46ea94d31c03cdde849bb24995f9699b9f1ef1700c8ee5c6d"
"provengo_project/products/internal/artifacts/1/1/76.txt","45","0ca0036d9f68678327f976dbd9d55a607efc36f3b3f19f4343862c14f4a0d05f"
"provengo_project/products/internal/artifacts/1/1/760.txt","143","a2de8818fe5b6dec38c280e9fefc1214e38258d772cfa6d9143a931388f4eaf2"
"provengo_project/products/internal/artifacts/1/1/761.txt","475","0d46f97cf3f2726d17ba1b5ff27c028fd32f79043a9943f99f1fbf4cf5a5bcdc"
"provengo_project/products/internal/artifacts/1/1/762","155","b1a9dfa04a88b9c372272e62d78d9923e060272a59a7784b37e64650f5542c06"
"provengo_project/products/internal/artifacts/1/1/763.txt","93","14bded7c1e3a976ddc729c6e23d0e7d7083313af6fbe73d7ff3d00a54408b860"
"provengo_project/products/internal/artifacts/1/1/764.txt","470","bb5a70090c9faba8c68a868f5f258d6404bcecbc7aec8564dc32a47c24f34904"
"provengo_project/products/internal/artifacts/1/1/765","150","b8a5e6bdf47089e46ea94d31c03cdde849bb24995f9699b9f1ef1700c8ee5c6d"
"provengo_project/products/internal/artifacts/1/1/766.txt","539","04a03b6f69d3b6eda3e04e58d045b6672ec9f871e1ec3609b9388f175d2f26d1"
"provengo_project/products/internal/artifacts/1/1/767.txt","1819","1e0b680c745cf91f840cb856fd9ee7faf7d5ce1d4f0863f010171a66cb888f8a"
"provengo_project/products/internal/artifacts/1/1/768.json","1677","a15f90d756f730b3472f8fb28ac5038d41aed88bcf130808771df680932fb57e"
"provengo_project/products/internal/artifacts/1/1/769.txt","139","1e12c33112837d11c6651bced2887d6e3d46a05e7bf7e2bdbd8b08e5da2cdce4"
"provengo_project/products/internal/artifacts/1/1/77.txt","1216","cd1eb67c51da9dbcd45a213976ef5c391559c631a0735742f2a99dcef48f95ab"
"provengo_project/products/internal/artifacts/1/1/770.txt","475","ccd3bff6e14b8ee774909d058048cfe5e1e476bd93a76ee4a6a2d3e1728f980f"
"provengo_project/products/internal/artifacts/1/1/771","155","b1a9dfa04a88b9c372272e62d78d9923e060272a59a7784b37e64650f5542c06"
"provengo_project/products/internal/artifacts/1/1/772.txt","80","da59b5a71eac6eae5fd7236c86b0ab47228da62ad01529528ea205b5ff591f66"
"provengo_project/products/internal/artifacts/1/1/773.txt","479","39d9a888671ab3f87e0b604bd4571ddff2e3d9f27a260d8da9118b56aedebcd1"
"provengo_project/products/internal/artifacts/1/1/774","159","1c646950a1f179af12bb9d3328b9e3f6a2491f555954d2bd4a19735fbbfed4f8"
"provengo_project/products/internal/artifacts/1/1/775.txt","234","a219e042d674f9a8a21dd14b1bd26cf493772b4e2b915af6eaf0478dd18a5f52"
"provengo_project/products/internal/artifacts/1/1/776.txt","474","c71c41030f4adb350de6b534b2f77b81c718e2f3f7897589b545a75e37bf014f"
"provengo_project/products/internal/artifacts/1/1/777","154","5814c7690ce103cd9a3fe1ed54c60634acd9df19a457928d404509606b56c3ce"
"provengo_project/products/internal/artifacts/1/1/778.txt","230","158f2509e882f551f597f2f3603b76bbc144f95908479a152e0fdc673d450f4b"
"provengo_project/products/internal/artifacts/1/1/779.txt","474","312e46c18007ded4e6d1287589b69cd7b4a46bc4365be546ff3a152fe7c60ece"
"provengo_project/products/internal/artifacts/1/1/78.json","875","3f3c346f7742553ed3faab99f1617b32114fd8363e1e4ed3c1924427f61c1c59"
"provengo_project/products/internal/artifacts/1/1/780","154","5814c7690ce103cd9a3fe1ed54c60634acd9df19a457928d404509606b56c3ce"
"provengo_project/products/internal/artifacts/1/1/781.txt","212","67a4777a29ea7309127f490c62d8c1d955a618e392e011efcf2a85ad44c44373"
"provengo_project/products/internal/artifacts/1/1/782.txt","474","2af0829943bc4e5e1a973adaa6f081eae19726d09c0f46afe7e6a85ffaaff2e3"
"provengo_project/products/internal/artifacts/1/1/783","154","5814c7690ce103cd9a3fe1ed54c60634acd9df19a457928d404509606b56c3ce"
"provengo_project/products/internal/artifacts/1/1/784.txt","146","f35d5d2529af5b97e1fc561fdb3f2b225f5b4f3709a4af39dc2e8fb4ff811524"
"provengo_project/products/internal/artifacts/1/1/785.txt","479","9fe3e47d357f4093fee2974b1b7fcdfd5b2864535b12e4ffd86399cdc022448d"
"provengo_project/products/internal/artifacts/1/1/786","159","1c646950a1f179af12bb9d3328b9e3f6a2491f555954d2bd4a19735fbbfed4f8"
"provengo_project/products/internal/artifacts/1/1/787.txt","96","a5637a8d2b76a7ee3971326ef42550635fba705d78410a2ea4108bb37e3d8b4f"
"provengo_project/products/internal/artifacts/1/1/788.txt","474","c528cf770e72c0449053210b55a534643661c890771b437ce357dcc95a455cb5"
"provengo_project/products/internal/artifacts/1/1/789","154","5814c7690ce103cd9a3fe1ed54c60634acd9df19a457928d404509606b56c3ce"
"provengo_project/products/internal/artifacts/1/1/79.txt","90","a9442cce6c8d3652106960d87f08fffbc64b77b135a7270cc454ae82c5abd5ae"
"provengo_project/products/internal/artifacts/1/1/790.txt","816","63931bf8af97136900c5cbacb85bafbd35df171034bbca9974564eef932ccd13"
"provengo_project/products/internal/artifacts/1/1/791.txt","2623","29ca7984c36f8a810b6e98e322155b0fb1da81412eb8e6fdaca1301237464da7"
"provengo_project/products/internal/artifacts/1/1/792.json","2481","5086f5a6261035063b83b0bf73752cb302ea8dbed5559aac66119d55355eaca1"
"provengo_project/products/internal/artifacts/1/1/793.txt","142","323d3d6f2a204419507c03d66893000b237b0874605da8d915258e8a4d69d07c"
"provengo_project/products/internal/artifacts/1/1/794.txt","479","dc635e0097d9b7d06f80f7c6838c30818b9298e25ee48dc339cafff5769355c6"
"provengo_project/products/internal/artifacts/1/1/795","159","1c646950a1f179af12bb9d3328b9e3f6a2491f555954d2bd4a19735fbbfed4f8"
"provengo_project/products/internal/artifacts/1/1/796.txt","77","40fbc1c9da2ed1f590745085871b692469c6a5731839fdf90cbda2027897d033"
"provengo_project/products/internal/artifacts/1/1/797.txt","475","5ec6dd5865a2e112b92f33444d127a5440c7993b462a1ff518d5add509a5cb4a"
"provengo_project/products/internal/artifacts/1/1/798","155","b1a9dfa04a88b9c372272e62d78d9923e060272a59a7784b37e64650f5542c06"
"provengo_project/products/internal/artifacts/1/1/799.txt","223","ffd9689f42c6170b15632b1c9e85ee121e76553841c06e86ff513a21091e9b45"
"provengo_project/products/internal/artifacts/1/1/8.txt","1958","4d1a11d71c3ee6881945935e4cf21d145c365d411dbd31dba515c469e034c9f3"
"provengo_project/products/internal/artifacts/1/1/80.txt","533","c38e9c320a61240fb9347572354b32554f8ddc4c84bd7118f636c180465c56cc"
"provengo_project/products/internal/artifacts/1/1/800.txt","475","0bc33fd784150c0bf226a160b4ab7c5442296dbf3e5a49a85a4fb45507465570"
"provengo_project/products/internal/artifacts/1/1/801","155","b1a9dfa04a88b9c372272e62d78d9923e060272a59a7784b37e64650f5542c06"
"provengo_project/products/internal/artifacts/1/1/802.txt","223","7f5ef61d1066cd39321fe7f3a199b911e43127c765c32248d363632030d9bbe1"
"provengo_project/products/internal/artifacts/1/1/803.txt","475","2c7fb6642edcb6c3fa66ae0c15bff7d770ef4d006ef4427d2b998628c72c0d04"
"provengo_project/products/internal/artifacts/1/1/804","155","b1a9dfa04a88b9c372272e62d78d9923e060272a59a7784b37e64650f5542c06"
"provengo_project/products/internal/artifacts/1/1/805.txt","143","b118dc5a4d2f3b27f4e5eb316714063423e3edb7b5b26c30e0844dd50d4eae09"
"provengo_project/products/internal/artifacts/1/1/806.txt","475","b6ee06a75915d18c577aa29b2f191d06d149f38e10cc72a708bd37ae933523bb"
"provengo_project/products/internal/artifacts/1/1/807","155","b1a9dfa04a88b9c372272e62d78d9923e060272a59a7784b37e64650f5542c06"
"provengo_project/products/internal/artifacts/1/1/808.txt","98","3047e99b798822619a871fe6a23d8c1352dc6b9f8b90a0ce1d154bee3f028c6f"
"provengo_project/products/internal/artifacts/1/1/809.txt","475","98e1e2dcdeb0f534025a0ede20e317b447519c90de1c2c477b98498d367461ed"
"provengo_project/products/internal/artifacts/1/1/81","213","3ebc80bad85a7ac33b435a5a70369eca12110b72f4e2109f2224df9416078821"
"provengo_project/products/internal/artifacts/1/1/810","155","b1a9dfa04a88b9c372272e62d78d9923e060272a59a7784b37e64650f5542c06"
"provengo_project/products/internal/artifacts/1/1/811.txt","592","ca7cb9788a62497ce19f6063740a77195469d181be1f81e12fb650bc728a2909"
"provengo_project/products/internal/artifacts/1/1/812.txt","1906","a2177b1ed6d72f605c1d98dc35a0882ca66b8716478832f40e13f216a7fd8530"
"provengo_project/products/internal/artifacts/1/1/813.json","1764","1f2953a164da05b9f5786a5ddea9ff6ef1ffb3a1898776568dc0a47876f1f510"
"provengo_project/products/internal/artifacts/1/1/814.txt","139","45add61e43d3484bb049bf8fe3b2a6c6d6fa754910318c03ef184054a6661afe"
"provengo_project/products/internal/artifacts/1/1/815.txt","475","b8f8e5d96e60ad779daf6310ab9a7ca0cdbf16494f22b913c03536076a13be7e"
"provengo_project/products/internal/artifacts/1/1/816","155","b1a9dfa04a88b9c372272e62d78d9923e060272a59a7784b37e64650f5542c06"
"provengo_project/products/internal/artifacts/1/1/817.txt","80","da59b5a71eac6eae5fd7236c86b0ab47228da62ad01529528ea205b5ff591f66"
"provengo_project/products/internal/artifacts/1/1/818.txt","479","edbd94e237849336bd0a090823f1288b8c50259657cb143d02b287bbfbb65580"
"provengo_project/products/internal/artifacts/1/1/819","159","1c646950a1f179af12bb9d3328b9e3f6a2491f555954d2bd4a19735fbbfed4f8"
"provengo_project/products/internal/artifacts/1/1/82.txt","84","bcbd0cf89c111152d6c4dd20b8417d777150545252712780769f89adf28292c1"
"provengo_project/products/internal/artifacts/1/1/820.txt","234","dc24e0334304bfd90674576b1e6b619f326919b6a8318d5d507687c5f8c93ea0"
"provengo_project/products/internal/artifacts/1/1/821.txt","474","d14b604fa065477ba385cf6d81f21d0f9b1404ab90dbff93618472d96a7053bb"
"provengo_project/products/internal/artifacts/1/1/822","154","5814c7690ce103cd9a3fe1ed54c60634acd9df19a457928d404509606b56c3ce"
"provengo_project/products/internal/artifacts/1/1/823.txt","212","e74b418e741f0fe45910f39b3b4f127a4ddd92b36b3dfecb2ba2516524329b37"
"provengo_project/products/internal/artifacts/1/1/824.txt","474","7b5317cd3a4f69fc3713e1beec8847d5bfa52b49b4978b31682bfe23f3f5c18b"
"provengo_project/products/internal/artifacts/1/1/825","154","5814c7690ce103cd9a3fe1ed54c60634acd9df19a457928d404509606b56c3ce"
"provengo_project/products/internal/artifacts/1/1/826.txt","146","fefa3ddb3fbf0f2cc0e1cb8a9abf080dd98ef2cc4867c20ff5a4c4450e896215"
"provengo_project/products/internal/artifacts/1/1/827.txt","479","d0c9290cfed295e2b4958e9aee37c2deb0ebce01d38562c41e7e09b964c2beae"
"provengo_project/products/internal/artifacts/1/1/828","159","1c646950a1f179af12bb9d3328b9e3f6a2491f555954d2bd4a19735fbbfed4f8"
"provengo_project/products/internal/artifacts/1/1/829.txt","96","a5637a8d2b76a7ee3971326ef42550635fba705d78410a2ea4108bb37e3d8b4f"
"provengo_project/products/internal/artifacts/1/1/83.txt","460","25896d3a91c6711b0f07502e8cafe4576a4e89f54d6f0a8817390e9734bfd632"
"provengo_project/products/internal/artifacts/1/1/830.txt","474","6bc9cd6e0226363923a70db78d1b973e29955ea0a7d2a49ab526fc0b14052db0"
"provengo_project/products/internal/artifacts/1/1/831","154","5814c7690ce103cd9a3fe1ed54c60634acd9df19a457928d404509606b56c3ce"
"provengo_project/products/internal/artifacts/1/1/832.txt","602","73bf29b48fab2c63b1f3c8a704450d4efbe7ca862706926ed40133140b564929"
"provengo_project/products/internal/artifacts/1/1/833.txt","1889","0817a58ca645504780860cd26d3199c6dcdb9ecfe3c06b4d3718679941cab77d"
"provengo_project/products/internal/artifacts/1/1/834.json","1747","9c4248592317ac2f91ea8c42c29e724fe8e1647f5d9c568080dfe342fa6bf5aa"
"provengo_project/products/internal/artifacts/1/1/835.txt","142","d76797caecddfb22e38d427d1b5c03a65868a48d7b0d1b03b23aa5602a90f3c1"
"provengo_project/products/internal/artifacts/1/1/836.txt","479","b0ef58710b411973ea34ffeb3968e895c732de19bd6ebecd845840d97caf3cea"
"provengo_project/products/internal/artifacts/1/1/837","159","1c646950a1f179af12bb9d3328b9e3f6a2491f555954d2bd4a19735fbbfed4f8"
"provengo_project/products/internal/artifacts/1/1/838.txt","77","40fbc1c9da2ed1f590745085871b692469c6a5731839fdf90cbda2027897d033"
"provengo_project/products/internal/artifacts/1/1/839.txt","475","586e7b9a3af826fd5c65c065ea12381650a96b5138b140e562f14df05b7aab4d"
"provengo_project/products/internal/artifacts/1/1/84.json","141","d7e715e1885d810dcc10b09e6d7cedc3b286b18f6b8be49c4154d53b41e82f0b"
"provengo_project/products/internal/artifacts/1/1/840","155","b1a9dfa04a88b9c372272e62d78d9923e060272a59a7784b37e64650f5542c06"
"provengo_project/products/internal/artifacts/1/1/841.txt","201","c69cb80432f82b4f70488652f59f8e15df142e4cfba69c2cdebcaf65102b2fc7"
"provengo_project/products/internal/artifacts/1/1/842.txt","470","f2ef59979ca844e70f4d9c6bbf5df4a37622d8d87fefd6397f6171cec5b422dc"
"provengo_project/products/internal/artifacts/1/1/843","150","b8a5e6bdf47089e46ea94d31c03cdde849bb24995f9699b9f1ef1700c8ee5c6d"
"provengo_project/products/internal/artifacts/1/1/844.txt","201","b71c97d7e756db3dfb3b26f63c6e10bbeda9ce05a769c19f3822dceea25e0e81"
"provengo_project/products/internal/artifacts/1/1/845.txt","470","6fa5743185cfd9a8d4dc7070bc477298f1ee3eb6599f0a0980c7afff6e1a70c6"
"provengo_project/products/internal/artifacts/1/1/846","150","b8a5e6bdf47089e46ea94d31c03cdde849bb24995f9699b9f1ef1700c8ee5c6d"
"provengo_project/products/internal/artifacts/1/1/847.txt","143","fd12e1607e8646d493ed15b0ed6adb9375674fe9b325383d2c1829be7fcf698d"
"provengo_project/products/internal/artifacts/1/1/848.txt","475","e0fd998b6969b04a27f873bca885fc5061f951142ac780a80f1021ddc7fec5fa"
"provengo_project/products/internal/artifacts/1/1/849","155","b1a9dfa04a88b9c372272e62d78d9923e060272a59a7784b37e64650f5542c06"
"provengo_project/products/internal/artifacts/1/1/85.txt","80","da59b5a71eac6eae5fd7236c86b0ab47228da62ad01529528ea205b5ff591f66"
"provengo_project/products/internal/artifacts/1/1/850.txt","93","14bded7c1e3a976ddc729c6e23d0e7d7083313af6fbe73d7ff3d00a54408b860"
"provengo_project/products/internal/artifacts/1/1/851.txt","470","4b39d0caa41151d24ab7af243d5ef6485d48012fbe351b625f64ef8f3e6aa38c"
"provengo_project/products/internal/artifacts/1/1/852","150","b8a5e6bdf47089e46ea94d31c03cdde849bb24995f9699b9f1ef1700c8ee5c6d"
"provengo_project/products/internal/artifacts/1/1/853.txt","536","46a3e47df7de506958cbee0622f62c0a46c7db3fa895a7b8993141073e82e3c1"
"provengo_project/products/internal/artifacts/1/1/854.txt","1816","380a81fa12dd4c6c0ed9dc2a0abf52b515091637533eef562122ee710cf17be8"
"provengo_project/products/internal/artifacts/1/1/855.json","1674","1de3c8cc2f968c8b9b64b19d1eb94a1e0bf92a41cd43650ca05b71575593a508"
"provengo_project/products/internal/artifacts/1/1/856.txt","139","df511f5896de2fb6eb8c8ea195c822b7a823920605ddf54e6f996ee14905cb73"
"provengo_project/products/internal/artifacts/1/1/857.txt","475","c051c28553cd7e746daac5c356cca6e03fa7fc6a70b75b9fb23c2c19b8f9c16a"
"provengo_project/products/internal/artifacts/1/1/858","155","b1a9dfa04a88b9c372272e62d78d9923e060272a59a7784b37e64650f5542c06"
"provengo_project/products/internal/artifacts/1/1/859.txt","78","01ff1ea75038291ddfd1c4dea86ae2b0ad61862aedef48f36d5c83a850c92bd1"
"provengo_project/products/internal/artifacts/1/1/86.txt","1957","07ef0a7fcbfe2947824bd85e2a3d72d9ed5a9334088d0f54714b661703ef66c8"
"provengo_project/products/internal/artifacts/1/1/860.txt","480","49fb959bb9547b92ae3c1f45eb4bd1ce425ef7f50bf75b3ab35b5abf49b44231"
"provengo_project/products/internal/artifacts/1/1/861","160","03418983281e402db2edb1cccffe12800027e2b7e9603659058e1d87a472e8df"
"provengo_project/products/internal/artifacts/1/1/862.txt","204","3eed3e9dd29182a977221b96abbaff3fc4df8ec1c8cd667857ab199ecee8c098"
"provengo_project/products/internal/artifacts/1/1/863.txt","477","a73b890415d7fb35d23206bbc93e75c7c7e37b20bcaad5a7925300ff885f003d"
"provengo_project/products/internal/artifacts/1/1/864","157","c080362778e624a89c6e157c03dcc7b8d2045e5c9dd07616ab58b240aaaaee07"
"provengo_project/products/internal/artifacts/1/1/865.txt","204","ee18ad3f7967b5839b7061cb1ff3a702846daa011df3281866c3a5e4c8a329e8"
"provengo_project/products/internal/artifacts/1/1/866.txt","477","864e46bce7545111c02601343ef48cfb0b83fd773f53a1ebb00cb002fad42212"
"provengo_project/products/internal/artifacts/1/1/867","157","c080362778e624a89c6e157c03dcc7b8d2045e5c9dd07616ab58b240aaaaee07"
"provengo_project/products/internal/artifacts/1/1/868.txt","142","8a54db847a933f28045a89051620eb0bdd3bae01c5cb13beab28149881006797"
"provengo_project/products/internal/artifacts/1/1/869.txt","480","6d57a1b2e6eef2db78f53c107ad497fc13bbdefbdc3d58504aea80e45d5374c7"
"provengo_project/products/internal/artifacts/1/1/87.json","1646","c6531375e4e02cce733b624b81df3620fd8a7e1561a9ac5c2cf06f335df11b65"
"provengo_project/products/internal/artifacts/1/1/870","160","03418983281e402db2edb1cccffe12800027e2b7e9603659058e1d87a472e8df"
"provengo_project/products/internal/artifacts/1/1/871.txt","99","48fe089ee23910c42cbfe77f81d337ed412e3fc6369a0340d908280d3d665d9b"
"provengo_project/products/internal/artifacts/1/1/872.txt","477","1d2bfe0e7f747a02ddc767a70f2141c84077ae4479e21c3d8cc5b1990157f0b7"
"provengo_project/products/internal/artifacts/1/1/873","157","c080362778e624a89c6e157c03dcc7b8d2045e5c9dd07616ab58b240aaaaee07"
"provengo_project/products/internal/artifacts/1/1/874.txt","536","df77c08fe7287181711f23ed4acb673d1af06188fcf420bd2032793bf26f5d78"
"provengo_project/products/internal/artifacts/1/1/875.txt","1854","908d828579a79666fbde5ee19e277c2dc743ea2da7d6c927de0b1417dd31bdfd"
"provengo_project/products/internal/artifacts/1/1/876.json","1712","9ff2e388f2747ee279c8f1ea24067d8ebefe666377f3b03e6d3c15a96630c7b4"
"provengo_project/products/internal/artifacts/1/1/877.txt","138","709db2aa74431f45ce68e1e9eb1641ba755bb3f65d90d4cf29206dcab277d9ba"
"provengo_project/products/internal/artifacts/1/1/878.txt","480","771f499cb11161329670e12210f44348b6c6adddf822f92b2501b8ab0ad644d4"
"provengo_project/products/internal/artifacts/1/1/879","160","03418983281e402db2edb1cccffe12800027e2b7e9603659058e1d87a472e8df"
"provengo_project/products/internal/artifacts/1/1/88.txt","90","e3a47a786c9e063013a53a229b0daf32b2204ad4db850ca9c840617b3046befb"
"provengo_project/products/internal/artifacts/1/1/880.txt","80","da59b5a71eac6eae5fd7236c86b0ab47228da62ad01529528ea205b5ff591f66"
"provengo_project/products/internal/artifacts/1/1/881.txt","479","a2c3a557ed0835bca8c24aa919d8b03c13f406c8e671fb6a019b561d704c6a45"
"provengo_project/products/internal/artifacts/1/1/882","159","1c646950a1f179af12bb9d3328b9e3f6a2491f555954d2bd4a19735fbbfed4f8"
"provengo_project/products/internal/artifacts/1/1/883.txt","234","67c0cc7e7bd3eaed39ca9daa20c8efae05127052c980691bb9f9fd85e30343e4"
"provengo_project/products/internal/artifacts/1/1/884.txt","474","52a938a55c27efc1cae1a9b866bc6a508e064222b4d92a6e2dab82a21e1cbec0"
"provengo_project/products/internal/artifacts/1/1/885","154","5814c7690ce103cd9a3fe1ed54c60634acd9df19a457928d404509606b56c3ce"
"provengo_project/products/internal/artifacts/1/1/886.txt","232","5d63afd4102877d4f0c2059b091c4697f62270fa3b966369d9ab58014d325571"
"provengo_project/products/internal/artifacts/1/1/887.txt","474","4c46333b73e7e89a37fae8299ad7de20fe89a03b35f0a6745fe5f1fc9b4c3bf5"
"provengo_project/products/internal/artifacts/1/1/888","154","5814c7690ce103cd9a3fe1ed54c60634acd9df19a457928d404509606b56c3ce"
"provengo_project/products/internal/artifacts/1/1/889.txt","146","c240751763abc67f0406676bb01adbebfde8e881fa3c522db0642f1576946829"
"provengo_project/products/internal/artifacts/1/1/89.txt","533","12ccb409312c2f23e0edd1ad6f1e535a176ad690787f316be980a7ea720ddeeb"
"provengo_project/products/internal/artifacts/1/1/890.txt","479","b095c11cb8cbddf87e5900aaf48f00211922916b06b95a7eea87510ea29f113c"
"provengo_project/products/internal/artifacts/1/1/891","159","1c646950a1f179af12bb9d3328b9e3f6a2491f555954d2bd4a19735fbbfed4f8"
"provengo_project/products/internal/artifacts/1/1/892.txt","96","a5637a8d2b76a7ee3971326ef42550635fba705d78410a2ea4108bb37e3d8b4f"
"provengo_project/products/internal/artifacts/1/1/893.txt","474","de835be32ddfef7bbb4db73f9d40ff2d65920ce7cf901595a98541710e032e3f"
"provengo_project/products/internal/artifacts/1/1/894","154","5814c7690ce103cd9a3fe1ed54c60634acd9df19a457928d404509606b56c3ce"
"provengo_project/products/internal/artifacts/1/1/895.txt","615","364fc8dd73028f6d02c3b379c64a700873b25c4cb560795ac1aa7023741847a4"
"provengo_project/products/internal/artifacts/1/1/896.txt","1904","9db7b440aee08a365d1010fec176a82bc2a46dc947ebc522375f7ba332ac3b5e"
"provengo_project/products/internal/artifacts/1/1/897.json","1762","f9b2e2769fdb8f47a6bd1da86e9a89f09dcb254037e159c8bbef5d2948fccba5"
"provengo_project/products/internal/artifacts/1/1/898.txt","142","a9ec5debe06228239fbf8d67f48ab051e1d578437f10c72e1733db84d6e3fca9"
"provengo_project/products/internal/artifacts/1/1/899.txt","479","03505acdef21817c0105be04c50141d44cc71ff182949ebf665ed9b2cf2c9e17"
"provengo_project/products/internal/artifacts/1/1/9.json","1647","b8d61ec800d6a1dfe6097dd484093f7d6cc37a77bd4dc52e749a525be0d1ef2a"
"provengo_project/products/internal/artifacts/1/1/90","213","3ebc80bad85a7ac33b435a5a70369eca12110b72f4e2109f2224df9416078821"
"provengo_project/products/internal/artifacts/1/1/900","159","1c646950a1f179af12bb9d3328b9e3f6a2491f555954d2bd4a19735fbbfed4f8"
"provengo_project/products/internal/artifacts/1/1/901.txt","80","da59b5a71eac6eae5fd7236c86b0ab47228da62ad01529528ea205b5ff591f66"
"provengo_project/products/internal/artifacts/1/1/902.txt","479","1b70ab180a1fdd88939965c30889ecefd116a0679191333e9e761ecb0f7fe05e"
"provengo_project/products/internal/artifacts/1/1/903","159","1c646950a1f179af12bb9d3328b9e3f6a2491f555954d2bd4a19735fbbfed4f8"
"provengo_project/products/internal/artifacts/1/1/904.txt","234","0fabf7b9c335d2553f3eded16aff3b72a9697a8685237f8a761b3e19505689ee"
"provengo_project/products/internal/artifacts/1/1/905.txt","474","943fdbd50a111dc16f5410553f417dcd6571b9f772e2ab925841f24af23c4d4c"
"provengo_project/products/internal/artifacts/1/1/906","154","5814c7690ce103cd9a3fe1ed54c60634acd9df19a457928d404509606b56c3ce"
"provengo_project/products/internal/artifacts/1/1/907.txt","230","d3122268644a361b9ae497bef199641d93173df7a09fb85d79985dc139c604ab"
"provengo_project/products/internal/artifacts/1/1/908.txt","474","01e879ce9e96c74b702dff17cb603d420f048c6da69ce43105b3e1e9763b3097"
"provengo_project/products/internal/artifacts/1/1/909","154","5814c7690ce103cd9a3fe1ed54c60634acd9df19a457928d404509606b56c3ce"
"provengo_project/products/internal/artifacts/1/1/91.txt","46","17c0695cf4f6a3c6f2fba0fd44b3e7920637656aea8d0a3369d75682140c4287"
"provengo_project/products/internal/artifacts/1/1/910.txt","210","dba5bf7d999c76510f450f34452f31cb7d4a7abffed7f47244b9bf965f923f38"
"provengo_project/products/internal/artifacts/1/1/911.txt","474","a0519b5aae463fd91b6cb00427ded58fb8e575c2d5ef4e32a3bcaa220cf12f4c"
"provengo_project/products/internal/artifacts/1/1/912","154","5814c7690ce103cd9a3fe1ed54c60634acd9df19a457928d404509606b56c3ce"
"provengo_project/products/internal/artifacts/1/1/913.txt","146","6496120835e41544df6583b5787247d85ff1a8dfc0bdfb588c3f760d5f7d4f79"
"provengo_project/products/internal/artifacts/1/1/914.txt","479","6e00a1a3ea52d8f0d19946c0330850063828848fbdc6c9b0c6a7e0e0a42919dd"
"provengo_project/products/internal/artifacts/1/1/915","159","1c646950a1f179af12bb9d3328b9e3f6a2491f555954d2bd4a19735fbbfed4f8"
"provengo_project/products/internal/artifacts/1/1/916.txt","96","a5637a8d2b76a7ee3971326ef42550635fba705d78410a2ea4108bb37e3d8b4f"
"provengo_project/products/internal/artifacts/1/1/917.txt","474","44e00666c2aec515eb96e3a8043f6e7c3ea11a5839314424280a47d0ecb8b5f2"
"provengo_project/products/internal/artifacts/1/1/918","154","5814c7690ce103cd9a3fe1ed54c60634acd9df19a457928d404509606b56c3ce"
"provengo_project/products/internal/artifacts/1/1/919.txt","808","0ba09a94e2a4f1ffc793e954c38d47b4503708a49da1540a00f0edf4de961618"
"provengo_project/products/internal/artifacts/1/1/92.txt","686","19c29be3d5845a74071d628a4c32cc13bd92f41301734250e480e88dff83ec6d"
"provengo_project/products/internal/artifacts/1/1/920.txt","2615","a98bd637b10266c45b2ba0904603749d87129d95110c96f2391960bc743e4c50"
"provengo_project/products/internal/artifacts/1/1/921.json","2473","afdce30b0a7bb349aa0c109e999c0a5299e799a17037a79fb14113a7c75ab647"
"provengo_project/products/internal/artifacts/1/1/922.txt","142","d59c1fd9947bb2e783150ac5ebdcded9f3a79ac697930fe1a450763c9bcf6c38"
"provengo_project/products/internal/artifacts/1/1/923.txt","479","ff8226240df2c18a44fe8d5fe730c6113d5447d4bccd5627f14db9cdfc4402c4"
"provengo_project/products/internal/artifacts/1/1/924","159","1c646950a1f179af12bb9d3328b9e3f6a2491f555954d2bd4a19735fbbfed4f8"
"provengo_project/products/internal/artifacts/1/1/925.txt","77","40fbc1c9da2ed1f590745085871b692469c6a5731839fdf90cbda2027897d033"
"provengo_project/products/internal/artifacts/1/1/926.txt","475","02e0e6136682424379d80d8efc0c02f607432b6b3114dc1b6b186f92e4f351f8"
"provengo_project/products/internal/artifacts/1/1/927","155","b1a9dfa04a88b9c372272e62d78d9923e060272a59a7784b37e64650f5542c06"
"provengo_project/products/internal/artifacts/1/1/928.txt","207","257dd157fc734ee72e1921fb8d6988fe68daa1dbdc1882183b65340aa1c5ca65"
"provengo_project/products/internal/artifacts/1/1/929.txt","475","849e2899008dd42f16d03196351a6572d926a9069d4172adee5071b17f569ac2"
"provengo_project/products/internal/artifacts/1/1/93.json","347","9bdf36ab5d69ebf89c8c6831931238017b0d35e7e0ab7e5b07077a820ed05505"
"provengo_project/products/internal/artifacts/1/1/930","155","b1a9dfa04a88b9c372272e62d78d9923e060272a59a7784b37e64650f5542c06"
"provengo_project/products/internal/artifacts/1/1/931.txt","207","278936cedd4cf9f164c8176a97af55f3fb2826d79c2a9a40a0f1abefefb56a43"
"provengo_project/products/internal/artifacts/1/1/932.txt","475","a358986536789872945e91a84132cd492511f4c2388d6ebfeedd578b1a137ea6"
"provengo_project/products/internal/artifacts/1/1/933","155","b1a9dfa04a88b9c372272e62d78d9923e060272a59a7784b37e64650f5542c06"
"provengo_project/products/internal/artifacts/1/1/934.txt","143","87d328dffc5ee45e85742b8074036dc27a60303254a9e4d20944ed5e3892a5ec"
"provengo_project/products/internal/artifacts/1/1/935.txt","475","8c70705c129792b5133ff67d401dcf379c4cdebc22d6227f340d8b144c85e422"
"provengo_project/products/internal/artifacts/1/1/936","155","b1a9dfa04a88b9c372272e62d78d9923e060272a59a7784b37e64650f5542c06"
"provengo_project/products/internal/artifacts/1/1/937.txt","98","3047e99b798822619a871fe6a23d8c1352dc6b9f8b90a0ce1d154bee3f028c6f"
"provengo_project/products/internal/artifacts/1/1/938.txt","475","31655105c7f1e72b8c5637d2cd01ca911b545db12e47c3c1e0eac47fd14e5770"
"provengo_project/products/internal/artifacts/1/1/939","155","b1a9dfa04a88b9c372272e62d78d9923e060272a59a7784b37e64650f5542c06"
"provengo_project/products/internal/artifacts/1/1/94.txt","77","40fbc1c9da2ed1f590745085871b692469c6a5731839fdf90cbda2027897d033"
"provengo_project/products/internal/artifacts/1/1/940.txt","544","d08cebc5a375a950d5e88fc3fade15c9192891bead3bbfd3ac25e76323c991a1"
"provengo_project/products/internal/artifacts/1/1/941.txt","1858","271af77e12564dd3f32464fd68ffb964955558e7c09c85f0dddce99998d3616a"
"provengo_project/products/internal/artifacts/1/1/942.json","1716","357f2ca73b44bf5f9e97db0b0ffb5992d31712bb65ffb7fee7ada22015fd0aa5"
"provengo_project/products/internal/artifacts/1/1/943.txt","139","c14aaa7158a3466256119a5ca26669cc7169d55d5ec471057ac8e889a2c63a16"
"provengo_project/products/internal/artifacts/1/1/944.txt","475","d19474783b8c07c334ae4d76fc03a7c58e4dfaa7a4bdb7803ff19e1fa025869e"
"provengo_project/products/internal/artifacts/1/1/945","155","b1a9dfa04a88b9c372272e62d78d9923e060272a59a7784b37e64650f5542c06"
"provengo_project/products/internal/artifacts/1/1/946.txt","78","01ff1ea75038291ddfd1c4dea86ae2b0ad61862aedef48f36d5c83a850c92bd1"
"provengo_project/products/internal/artifacts/1/1/947.txt","480","cdefade6c9b85cebde31ff89ee817326693ea7593b58fbf583c40adf69a28456"
"provengo_project/products/internal/artifacts/1/1/948","160","03418983281e402db2edb1cccffe12800027e2b7e9603659058e1d87a472e8df"
"provengo_project/products/internal/artifacts/1/1/949.txt","226","f37e1565ffef2f210e6725300f55688ef32625fb92c73ee73f29c58f335b9812"
"provengo_project/products/internal/artifacts/1/1/95.txt","1216","67976587a03c1f00ab6135d87fa6b1990de2ea8777582335d863df4c836f9e98"
"provengo_project/products/internal/artifacts/1/1/950.txt","475","5f24bb45930e148916046d582783d7ae24d45a363b516b88f118c82c7067b1f6"
"provengo_project/products/internal/artifacts/1/1/951","155","018a2e10d67df4d5f06a4a708050086bbd93540031527acfd19fa99ef389b946"
"provengo_project/products/internal/artifacts/1/1/952.txt","218","5c228918621abf4404a9e8e12ec8a5be20d5b71f34090c9c46c7a63d726de9dd"
"provengo_project/products/internal/artifacts/1/1/953.txt","475","ff6847ade88c92805ca1c8ebc213c9484f4100d076bf854ae8520af0e2d610a2"
"provengo_project/products/internal/artifacts/1/1/954","155","018a2e10d67df4d5f06a4a708050086bbd93540031527acfd19fa99ef389b946"
"provengo_project/products/internal/artifacts/1/1/955.txt","142","d247e4d2fc6927ec8e2bae16c003da9b2144f9a98790f9f884ed4043d546c022"
"provengo_project/products/internal/artifacts/1/1/956.txt","480","53b75bea8ab1e3b8f57b8d85fde47c011559088470918ca387c58a949b7a5a4c"
"provengo_project/products/internal/artifacts/1/1/957","160","03418983281e402db2edb1cccffe12800027e2b7e9603659058e1d87a472e8df"
"provengo_project/products/internal/artifacts/1/1/958.txt","113","ef115cae1454ba97e08bba01b48bfa9cd3b41505ef63b2fe496bd3c04137fe50"
"provengo_project/products/internal/artifacts/1/1/959.txt","475","afea4d580aded3158f49f8436cd4134bdde67b2f889864dd8fffb55110b84bb4"
"provengo_project/products/internal/artifacts/1/1/96.json","875","0c4b9deb18730045f3bd5115ce257c5b495b30cd925ee1e3e219fcc0d26419b6"
"provengo_project/products/internal/artifacts/1/1/960","155","018a2e10d67df4d5f06a4a708050086bbd93540031527acfd19fa99ef389b946"
"provengo_project/products/internal/artifacts/1/1/961.txt","585","5f0ebd1142032a337926024e1de66295615ed82b31130b296489158e6a2ff058"
"provengo_project/products/internal/artifacts/1/1/962.txt","1876","7c56c4b4ae63ed62f8ddefbe927d2e9c3e6491aa747fdc4fa2bb988922bd16ce"
"provengo_project/products/internal/artifacts/1/1/963.json","1734","f5b5d7c746b4f19d25e68b63c2a11c0a3c8d72685c4957af71c9aec319e39dc1"
"provengo_project/products/internal/artifacts/1/1/964.txt","138","7d4228ee2f09e93717b3c5e18c8b42dafb95ad2f8a538a65fca8de21deb0d52b"
"provengo_project/products/internal/artifacts/1/1/965.txt","480","01884ab381d9579d44b38058538efc06c1e6d7caf05e2db3006d662c8ffab499"
"provengo_project/products/internal/artifacts/1/1/966","160","03418983281e402db2edb1cccffe12800027e2b7e9603659058e1d87a472e8df"
"provengo_project/products/internal/artifacts/1/1/967.txt","77","40fbc1c9da2ed1f590745085871b692469c6a5731839fdf90cbda2027897d033"
"provengo_project/products/internal/artifacts/1/1/968.txt","475","6d3044524ddacfd177441c78c8bea4e1a4fba2460468726944885ac4f9008d7b"
"provengo_project/products/internal/artifacts/1/1/969","155","b1a9dfa04a88b9c372272e62d78d9923e060272a59a7784b37e64650f5542c06"
"provengo_project/products/internal/artifacts/1/1/97.txt","100","599c41219aed6030fa1aa90a2e65ab2523f67ab8d7fdfe070ebf26059520879d"
"provengo_project/products/internal/artifacts/1/1/970.txt","201","e6ff35381c42e984f847ad2590f09bb0a54771fdfa513f5872d37f3baf3c46d3"
"provengo_project/products/internal/artifacts/1/1/971.txt","470","97f8a5c81a50d69ed679012141f34f6a0703b71ad7c94e7fa8e55546594f712f"
"provengo_project/products/internal/artifacts/1/1/972","150","b8a5e6bdf47089e46ea94d31c03cdde849bb24995f9699b9f1ef1700c8ee5c6d"
"provengo_project/products/internal/artifacts/1/1/973.txt","217","b07abab140de8e293416da92786a2b1525673bdc170e0e2b9203425c593b9e5a"
"provengo_project/products/internal/artifacts/1/1/974.txt","470","d9b0d18070ec01f6d23a15beadcebf2a496ef233a6f1f27155da742e866f97ec"
"provengo_project/products/internal/artifacts/1/1/975","150","b8a5e6bdf47089e46ea94d31c03cdde849bb24995f9699b9f1ef1700c8ee5c6d"
"provengo_project/products/internal/artifacts/1/1/976.txt","225","46d9723094cb37c467e24ea0a83e2970fda602d1620e73fd614d47b1798bcf0d"
"provengo_project/products/internal/artifacts/1/1/977.txt","470","7ba24cc882252bf7669e6394220bb6bfd04adc700fe2c537e651b70615d049d0"
"provengo_project/products/internal/artifacts/1/1/978","150","b8a5e6bdf47089e46ea94d31c03cdde849bb24995f9699b9f1ef1700c8ee5c6d"
"provengo_project/products/internal/artifacts/1/1/979.txt","143","ce17b46c540b8f71a5e36274e1e4927899fb00984a2bd73427d1c670db9096b7"
"provengo_project/products/internal/artifacts/1/1/98.txt","502","f591b89d0eb1617195d5734a2f2e3f0ef3867ecd2960b9bd92eb15313a69f390"
"provengo_project/products/internal/artifacts/1/1/980.txt","475","b2aff3b71d3a6e4f9be669e49d8469a92b8b6fbd25f2004024520ff3f19543ee"
"provengo_project/products/internal/artifacts/1/1/981","155","b1a9dfa04a88b9c372272e62d78d9923e060272a59a7784b37e64650f5542c06"
"provengo_project/products/internal/artifacts/1/1/982.txt","93","14bded7c1e3a976ddc729c6e23d0e7d7083313af6fbe73d7ff3d00a54408b860"
"provengo_project/products/internal/artifacts/1/1/983.txt","470","fc653ea96c99ab0cf9d2184c4a03d0b08070dd638797572fab8151fd15df9998"
"provengo_project/products/internal/artifacts/1/1/984","150","b8a5e6bdf47089e46ea94d31c03cdde849bb24995f9699b9f1ef1700c8ee5c6d"
"provengo_project/products/internal/artifacts/1/1/985.txt","785","3cc3e1d0cd2c1f92a98e46b82441625d1c70c1ca64a60a0a0eb2fd0825890bed"
"provengo_project/products/internal/artifacts/1/1/986.txt","2580","4606d30caa382be975ca6ecb7a90a5e1ae3060a76c392ebc38a8338531b57886"
"provengo_project/products/internal/artifacts/1/1/987.json","2438","27545f596bb170f1ff1ba65cab3262c70a15916ef96fde44d01f386a3a661041"
"provengo_project/products/internal/artifacts/1/1/988.txt","139","343d2209b1de62e7f4cf2e097e7012636313a86152c702ef1d5cf8872fc1e706"
"provengo_project/products/internal/artifacts/1/1/989.txt","475","d573587790d52b586d5ae967d6e6eca8971f49d972f23a6d1d1747d83c70dac6"
"provengo_project/products/internal/artifacts/1/1/99.json","257","d9f4ab81eba1198401e19c26e5b7f2ced3c8cc430bbd8bcfec513bdab565a1a6"
"provengo_project/products/internal/artifacts/1/1/990","155","b1a9dfa04a88b9c372272e62d78d9923e060272a59a7784b37e64650f5542c06"
"provengo_project/products/internal/artifacts/1/1/991.txt","80","da59b5a71eac6eae5fd7236c86b0ab47228da62ad01529528ea205b5ff591f66"
"provengo_project/products/internal/artifacts/1/1/992.txt","479","70fbf00c4f271380af459762c29fddbddbb33fd46e79fbc1b3549e59e42c1cd8"
"provengo_project/products/internal/artifacts/1/1/993","159","1c646950a1f179af12bb9d3328b9e3f6a2491f555954d2bd4a19735fbbfed4f8"
"provengo_project/products/internal/artifacts/1/1/994.txt","240","442cf3be4a51aebce30ea784c53dc0e634e1ee4d0e178d080d9f343d63043c83"
"provengo_project/products/internal/artifacts/1/1/995.txt","479","6dd27f7a68342a8ddcfcb472c54bc825ed7ed380fbfb04dad62459381b037432"
"provengo_project/products/internal/artifacts/1/1/996","159","1c646950a1f179af12bb9d3328b9e3f6a2491f555954d2bd4a19735fbbfed4f8"
"provengo_project/products/internal/artifacts/1/1/997.txt","240","c1ecddf3d4cc84dab8be0fbc9ce4598579f73771465b85b0722f77ee2cf823a2"
"provengo_project/products/internal/artifacts/1/1/998.txt","479","a912f4fc763fb9962fc2285c8d1045ff90c11d7f8b8e305f247bbc2b3057c604"
"provengo_project/products/internal/artifacts/1/1/999","159","1c646950a1f179af12bb9d3328b9e3f6a2491f555954d2bd4a19735fbbfed4f8"
"provengo_project/products/internal/runs-db.db","412397568","12acd6f2d0846aab978c0b34b0db4699f379acb6d5f2e33ee620f5b013fe0f74"
"provengo_project/README.md","3451","5e457ddef106570a937cae7fe6f8a8606accee807f6c045a48f5ad547fcbcaad"
"provengo_project/spec/js/000-runtime-config.js","302","2e826ad05b7f3d58271b5c6ff10b430b48c7069f1c9e1e702cb21260b358b414"
"provengo_project/spec/js/disabled/hello-world.js","1383","86253af6bc213bec40e9dc0f3c6d03134a32c1b31c0a618d77afbe9ad15b8cdd"
"provengo_project/spec/js/interfaces.vikunja_verified.js","82015","58ef1978e57b2309386f6ebc81fea5c4a482f8823991050ac5aa398457d88537"
"provengo_project/spec/js/stories.vikunja_verified.js","56066","f7dc08aba1888edc78c48740457d44f2ae1803e52e7614fdb339b45535a8b230"
"provengo_project/spec/js/verification.vikunja_verified.js","152093","7bf4b3868b20275845c1912523a9b5cba50930efee6c8e76ad4a015c81a05f53"
"provengo-create.log","592","4dd4f270cefca0f3cdbecbd58c85f52d26bdba4cad1b5c9cb06dc3b636982c8e"
"provengo-run.log","5728234","9dfad57632bc64f1caeb78d648af582867714b1a063f14e6ffc6fd67cecdcfa9"
"proxy.stderr.log","0","e3b0c44298fc1c149afbf4c8996fb92427ae41e4649b934ca495991b7852b855"
"proxy.stdout.log","53","07960e625b03159b89b1c481f5a37bcba2cd09d7880b32b433a916665c78324d"
"run-metadata.json","619","6540a2b1b2abf47906cae20ba0ea5e5b4c1910ac43c9f5b92a61a93ca95a7290"
"runtime-observation-policy.json","1037","aea772e91cb2a39da46e762444c4d1cc8af93f0751d3a42e55de4dd8b9752e16"
"verification.vikunja_verified.js","143337","641657a3885be1adc7f90e23926441c4c942c3c9a81fb376fb1feecb06190c8f"
"verification-manifest.vikunja_verified.json","273971","e1943088670fffbd8f3315cabeb0683e3bc970519fd2274854022024dfea7b23"
