"path","size_bytes","sha256"
"adapter.stderr.log","0","e3b0c44298fc1c149afbf4c8996fb92427ae41e4649b934ca495991b7852b855"
"adapter.stdout.log","61","ae7f008acd84e987cdd72774d5ace33cf6eba3354f635dcbf769ec6ed0ac0fc0"
"concurrent-epochs.jsonl","157515","9b5b15aa00425a57200a8d328e9df92684c656ac24d87071176d1853b026e214"
"evaluator.log","272","09b56cc8a847c982fd03a164dcee5eb0af5701cc7bfeecae8be5477a59f1311a"
"generated-verifier-evaluation.json","77493","9e599181658c71784e83a5f846fd53916248d3a788208a6871cc53f25c81b49a"
"http-trace.jsonl","740473","832bafdcc74034fba4273e769116d66ccddb34cb31d67bf4cec74fefe0d9d0d8"
"provengo_project/.gitignore","32","f09e023c25978720ed9122360581f2fca50cb612504daed3337ab662e7106366"
"provengo_project/config/provengo.yml","1194","c9f786e7a9b6c9ef172d545a122d1c77c287abe624abcc96e069ec0a32b7bbc2"
"provengo_project/data/data.js","131","55e30a0929c59d9578c5695169b772d147c20b0ad8a7d556eb38c4defd8404b7"
"provengo_project/meta-spec/book-writer.js","3926","977303cc03f87fd6561e4435e4cbbb34c85559a94b7aacefdbe9c71b0cb5ac42"
"provengo_project/meta-spec/ensemble-code.js","2692","7e9e842a753bf38111af0cbfbf1bdaf8b88602fd620ff5fdd919fe8d23f45ab5"
"provengo_project/meta-spec/scenario-metadata.js","479","53f129542f1903bf3f7c2ef55914c0df227d58111a71c7c6053d40792b79cd65"
"provengo_project/meta-spec/script-writer.js","3034","f197d272e5524bd0b4ab1f59289b300232c7a8ebc060f8ffeba993fc7eaae0f9"
"provengo_project/products/internal/artifacts/1/1/1.txt","97","9a77c5dd0ff1d5a4d8198ffe49dc3e16399c38235e6bb2aa8cb578950d0467b9"
"provengo_project/products/internal/artifacts/1/1/10.txt","80","43a996d2012af6a3080ce4e6e65edb3968645c7110a442b3d0793ac68f540087"
"provengo_project/products/internal/artifacts/1/1/100.txt","142","529cfd79a3e9160166107574008a3085c5b4c92a5665d180a084cdb40cc7ad72"
"provengo_project/products/internal/artifacts/1/1/1000.txt","170","a9952434356af26d1b2d9288071600843822ad90a4facdd8eb150c62e6087854"
"provengo_project/products/internal/artifacts/1/1/1001.txt","546","14b52c53404ef10ca1b7606d63094f6d641a0b532f640dab6a88969d1729ecf7"
"provengo_project/products/internal/artifacts/1/1/1002.json","301","ec2a0bed6319df4f629301a6b024f357750a7c5a41efef9b4eae8b912a9c1275"
"provengo_project/products/internal/artifacts/1/1/1003.txt","660","aba5b90209fae169f4defb7269e0cbbcaee5b17ed491015d47fa3003ed902171"
"provengo_project/products/internal/artifacts/1/1/1004.txt","2266","1b44ebaf3f1a2baeeefa5fb0ca84fd5d0655a9d4a61fc55883b5b0ffaaadc6d2"
"provengo_project/products/internal/artifacts/1/1/1005.json","2124","2c05f34bd3c563bf534da3f0a5fce525092b1581943298e3cc15229368f8fcb9"
"provengo_project/products/internal/artifacts/1/1/1006.txt","138","44cc9635e6c8fa6576be195c8e88c73c379c0c3e62902ce5d86461660191939b"
"provengo_project/products/internal/artifacts/1/1/1007.txt","727","8d8dbd36a14eabe277e74ddc28c3061ea47599cc75b3482882290f5e8b5c0826"
"provengo_project/products/internal/artifacts/1/1/1008.json","388","d0033a8c003a26589b1aeee2e5a727ac4df5d7ea422c80ccad5aca6ccbf5135b"
"provengo_project/products/internal/artifacts/1/1/1009.txt","77","52369298de9791dadbe2892c467bc19ee3697c8db387b0106e7a0238d87e16a7"
"provengo_project/products/internal/artifacts/1/1/101.txt","1960","f755af25bda54e256b80f6ffc524e356b1837887a68375fe182ca2f5283d9a8d"
"provengo_project/products/internal/artifacts/1/1/1010.txt","1243","a4d40e51132220ac0e2ce0e4bfc1da35ba4a23696412ee0e40410fa16ac2393d"
"provengo_project/products/internal/artifacts/1/1/1011.json","902","279d888f4651f3d5a2b63632d402a4eea6359a7b2884e3665739e6f01f9ed1e2"
"provengo_project/products/internal/artifacts/1/1/1012.txt","201","f88fb0dc712fa83e69146b84d261a10029f39f9d8bd889dd5d254f204f9476d2"
"provengo_project/products/internal/artifacts/1/1/1013.txt","1056","ae95330b12630261433e93b58436f05eb3d2f24c5d32064cff55b6e3a5e1c5db"
"provengo_project/products/internal/artifacts/1/1/1014.json","811","b525d18033ba9da10eb488ad021cc30c74872ffaa26a0ca3978b859a4b91c0b8"
"provengo_project/products/internal/artifacts/1/1/1015.txt","217","7cbea9eee3a69d260f2446330eb3654308056e821160517cbc3329e322dbf566"
"provengo_project/products/internal/artifacts/1/1/1016.txt","493","c0603b7cef47d6b7f7fdd21cdbf6d6aa89098759697e438cfea2f6b1d1e4cd28"
"provengo_project/products/internal/artifacts/1/1/1017","173","5b237d4dd0fcdc52738d664d619e0bd569689e76e788bf797ac74db9551661bc"
"provengo_project/products/internal/artifacts/1/1/1018.txt","225","6f63e03509f3b17ba21a9f3954bd56decb5a4600390285ca3263a24c35b11044"
"provengo_project/products/internal/artifacts/1/1/1019.txt","590","d2f6b74d0e9e2bdf134cbef247b8a89e8300f5e83f3201e7344bbeab64925d18"
"provengo_project/products/internal/artifacts/1/1/102.json","1649","3413c31b21f20dae92748224d0de7128d8665c5a24e6a0f3475d54c55ad022ff"
"provengo_project/products/internal/artifacts/1/1/1020","270","a3f26a5308521a7d28aac967a96bcfa7b392fedc8b5bbeaefd6a72ca7afecea0"
"provengo_project/products/internal/artifacts/1/1/1021.txt","143","e2ad6ddb495f29e251ce507d01dc1daded292d6c0328041bc7a9a0a5f023bec1"
"provengo_project/products/internal/artifacts/1/1/1022.txt","1243","d4ebc31cccc85677be12880d077a34234f9c89c1ef334710956e3d0e08293854"
"provengo_project/products/internal/artifacts/1/1/1023.json","902","cc6298db3bd8621843bda3beee972d44323202f40468257dffe87d14b0bf0019"
"provengo_project/products/internal/artifacts/1/1/1024.txt","170","df608e4530a045816f1d583f5b2d7c9375c744ac92ac52c2dccfd48063d2d71c"
"provengo_project/products/internal/artifacts/1/1/1025.txt","211","8dbdf455c88bd070b707f933c2f0779bfa47d3f08c2840d2685380f6b2fc08b6"
"provengo_project/products/internal/artifacts/1/1/1026.txt","0","e3b0c44298fc1c149afbf4c8996fb92427ae41e4649b934ca495991b7852b855"
"provengo_project/products/internal/artifacts/1/1/1027.txt","785","2982ea9d1c63f785a341aa1433c1e8b295f2f652c6723b3b5383a75b5c756fd6"
"provengo_project/products/internal/artifacts/1/1/1028.txt","3384","cac92398173aae00c8808ed1127ce649d639c096aca440bc5f89e9aa8ed566de"
"provengo_project/products/internal/artifacts/1/1/1029.json","3242","759d27ebd0e689191e8d18767f37d6c419d80a894a5e230a670ecaeca9448698"
"provengo_project/products/internal/artifacts/1/1/103.txt","80","43feae46c510617eeeff009ca09c845c4b7fa3a54dfb433aac1dc74386bbef1a"
"provengo_project/products/internal/artifacts/1/1/1030.txt","139","38e475ed201ae7af4217d6a329a99c58ce3f84734e6fb83350545fbe9888e218"
"provengo_project/products/internal/artifacts/1/1/1031.txt","1243","44d45700d4d145758ac843195127922276c459b6b603403311e7dfdb21d47e5a"
"provengo_project/products/internal/artifacts/1/1/1032.json","902","cc6298db3bd8621843bda3beee972d44323202f40468257dffe87d14b0bf0019"
"provengo_project/products/internal/artifacts/1/1/1033.txt","78","b0aa1178211aede5372eca9fa9e6873d9681b07510854a0ff37ff1b003324776"
"provengo_project/products/internal/artifacts/1/1/1034.txt","727","8d434246cf381adb0c2819e4f8224b60176419534d332e4b515d9742087b8ce9"
"provengo_project/products/internal/artifacts/1/1/1035.json","388","d0033a8c003a26589b1aeee2e5a727ac4df5d7ea422c80ccad5aca6ccbf5135b"
"provengo_project/products/internal/artifacts/1/1/1036.txt","230","97ebb1e569c28b0656c621278b42b33102510306cd406a348edb9622918b3d50"
"provengo_project/products/internal/artifacts/1/1/1037.txt","546","abd20bfb8ce83d8985ae8eec3a694b5192ed55315e4cca3e85aaa59b4816d9a9"
"provengo_project/products/internal/artifacts/1/1/1038.json","301","79e9c9f683aff30ef4cf75ffd27f6896f8475656d6c01405c0579f20318cdfb7"
"provengo_project/products/internal/artifacts/1/1/1039.txt","226","970b9908e08013f548c7abb9f97cdc85323e03fb8792069808956bac57e8ea92"
"provengo_project/products/internal/artifacts/1/1/104.txt","1959","ec27afd57a30d4857a75c5082741f85dfc37d5cf91e6dcf73b350c2fa08636c8"
"provengo_project/products/internal/artifacts/1/1/1040.txt","572","00e42e9ec42e923672a5654a2c86b6fcbdd8fcdde4ff49fff77d7b37065c7b65"
"provengo_project/products/internal/artifacts/1/1/1041","252","99f92215fba361f58d3cab63471056de30c2569ac47c7dbb043e7627813747ef"
"provengo_project/products/internal/artifacts/1/1/1042.txt","218","cf9b3d4cf2edafbf36d097d42ef014725be00740348e0f13012587bf012f3079"
"provengo_project/products/internal/artifacts/1/1/1043.txt","546","b7139125705625e0310f6b61ad4fa63345ac10a13c582f171cd1ec27b714f689"
"provengo_project/products/internal/artifacts/1/1/1044.json","301","02c92dc9c8efef1378b5cc6b2d67e7fd2d8ca185f7966e2fd032e34ff1646d61"
"provengo_project/products/internal/artifacts/1/1/1045.txt","142","783303c896a0091326dbe6dcf33f0e22d58ae01e2b1a835f20077b05d5201d6a"
"provengo_project/products/internal/artifacts/1/1/1046.txt","727","03015b499cd8b739806f16e660a2c77bf7a67330f96d24f32fc9d82466598ac0"
"provengo_project/products/internal/artifacts/1/1/1047.json","388","2c76a9213410fe4de5572ae5be67f5444befe55d2f3038bc90dcae076038c72a"
"provengo_project/products/internal/artifacts/1/1/1048.txt","184","04cad7eab8777965e0916e6821ac69a3eb2abfe4337a6b2d5f199aef7f304404"
"provengo_project/products/internal/artifacts/1/1/1049.txt","546","008558508e8c21ccf863915e2ef77139f47d03e70d418a82db347f2c04e3a824"
"provengo_project/products/internal/artifacts/1/1/105.json","1648","426572123f00b3223dbfa7323483daab5d3c5a7348ff9e05eb51d924e568cdac"
"provengo_project/products/internal/artifacts/1/1/1050.json","301","5f129adc7a031aa9dd76b6cccc9a58720d0bb0a2227fd030164702a0578f6f9a"
"provengo_project/products/internal/artifacts/1/1/1051.txt","802","87773a0a32f646a3c3570af160bf87534224aab62a54832db20d625df6a3c11a"
"provengo_project/products/internal/artifacts/1/1/1052.txt","3000","fa9ee462fad8fb03844484a26c4d2cac3682a8b098b8028828e2b62690d147fd"
"provengo_project/products/internal/artifacts/1/1/1053.json","2858","99e2b2b5b2837457ae7e89934c6fbc9c251c37f9fb6780932f1afe9a1a975ec8"
"provengo_project/products/internal/artifacts/1/1/1054.txt","138","5b17d41882f67617d4e911b9d3a7a78f8efc1998e5cadab8a15fba1f49fe85d0"
"provengo_project/products/internal/artifacts/1/1/1055.txt","727","c981359c2297188ac17e1c3e9229386148d9235c3ab4af43552b6d4e96716ffc"
"provengo_project/products/internal/artifacts/1/1/1056.json","388","532e307217a4c84bd5b9a0ba8ac6e0a85f44f500ca572db32e373a9fb1860d93"
"provengo_project/products/internal/artifacts/1/1/1057.txt","80","43a996d2012af6a3080ce4e6e65edb3968645c7110a442b3d0793ac68f540087"
"provengo_project/products/internal/artifacts/1/1/1058.txt","1981","0f77b1d5ac3d6222b151207517e5c4b672056c98fa0f6ebbca09e186c9fd9a85"
"provengo_project/products/internal/artifacts/1/1/1059.json","1670","85664d64b1cb0a07630ea0dc74a64a70397082ed8a9201f0e08da5148403a5d6"
"provengo_project/products/internal/artifacts/1/1/106.txt","80","43a996d2012af6a3080ce4e6e65edb3968645c7110a442b3d0793ac68f540087"
"provengo_project/products/internal/artifacts/1/1/1060.txt","234","f4a2b693bd862560afe8438a439c68cb14c8834fe9786d9e8bd18501e447545e"
"provengo_project/products/internal/artifacts/1/1/1061.txt","211","02b78ff2d86147a9662d3aa8d6c2348b861f20b9262772b07dff9afdfb8e8da7"
"provengo_project/products/internal/artifacts/1/1/1062.txt","0","e3b0c44298fc1c149afbf4c8996fb92427ae41e4649b934ca495991b7852b855"
"provengo_project/products/internal/artifacts/1/1/1063.txt","230","281647b7442d40a2ecb010260e909569587c25a099888d682fd2970828d0c7ec"
"provengo_project/products/internal/artifacts/1/1/1064.txt","572","dd3be2574edf13af81f335b77e6d4c948a0a86a0107b9a23eff57703fdaebbe1"
"provengo_project/products/internal/artifacts/1/1/1065","252","99f92215fba361f58d3cab63471056de30c2569ac47c7dbb043e7627813747ef"
"provengo_project/products/internal/artifacts/1/1/1066.txt","146","bfc9a3c5875425d110d600d385df6b3e6a222fabb81efa39684b21ca8ec5d8a8"
"provengo_project/products/internal/artifacts/1/1/1067.txt","1981","16d030958ec4c7ef267a41fee914fee5cad015f90f51bd210667412b2ac04447"
"provengo_project/products/internal/artifacts/1/1/1068.json","1670","85664d64b1cb0a07630ea0dc74a64a70397082ed8a9201f0e08da5148403a5d6"
"provengo_project/products/internal/artifacts/1/1/1069.txt","154","a32d7abedb89e19916b6e21201d0465c58c345beac0614adfc99c06a7f3ff72f"
"provengo_project/products/internal/artifacts/1/1/107.txt","1960","1049c8fd751b4a8e7e4638b10be477426857810aeaf2ee466861d8a79263a3df"
"provengo_project/products/internal/artifacts/1/1/1070.txt","211","4b3ebbee60c1a7c5b142ced05f4289efc0f57894cf943ad66d8fa04c631aa1c1"
"provengo_project/products/internal/artifacts/1/1/1071.txt","0","e3b0c44298fc1c149afbf4c8996fb92427ae41e4649b934ca495991b7852b855"
"provengo_project/products/internal/artifacts/1/1/1072.txt","612","9e749af02216579504ce5754689b458742d940cea97211ac0eeb90249d2b85fd"
"provengo_project/products/internal/artifacts/1/1/1073.txt","1850","6372931a5e4ea0801904b6572d06716bbe2084a8c88bcc0e2fe73b4dd4f8e265"
"provengo_project/products/internal/artifacts/1/1/1074.json","1708","95478eaa50a367d260b31f2fe6771652b04940a04420cdd6d8e3e97c6a9a70aa"
"provengo_project/products/internal/artifacts/1/1/1075.txt","142","dd61eb3fbb2508bd7afed072143a6a0b36164d3018021c1724ac8e8470cd0fbd"
"provengo_project/products/internal/artifacts/1/1/1076.txt","1981","69e2d194618950728bdaaae90a5171c26b6a663a4c7b0b04e3029ba8a0fe956c"
"provengo_project/products/internal/artifacts/1/1/1077.json","1670","85664d64b1cb0a07630ea0dc74a64a70397082ed8a9201f0e08da5148403a5d6"
"provengo_project/products/internal/artifacts/1/1/1078.txt","77","52369298de9791dadbe2892c467bc19ee3697c8db387b0106e7a0238d87e16a7"
"provengo_project/products/internal/artifacts/1/1/1079.txt","1243","98c79673ca0232bc1a4c70c406f9f54633a6db1c6fd3671219fa7b2092369b50"
"provengo_project/products/internal/artifacts/1/1/108.json","1649","3413c31b21f20dae92748224d0de7128d8665c5a24e6a0f3475d54c55ad022ff"
"provengo_project/products/internal/artifacts/1/1/1080.json","902","cc6298db3bd8621843bda3beee972d44323202f40468257dffe87d14b0bf0019"
"provengo_project/products/internal/artifacts/1/1/1081.txt","514","9760040ae8a59f12fc1317efe7ef05e10f433b67c1fa3daddeed3b9392c5dd13"
"provengo_project/products/internal/artifacts/1/1/1082.txt","595","6d9057927faba0cbcdc6b3769dad75d49d43b8b577f540d271a9f851f56d62d7"
"provengo_project/products/internal/artifacts/1/1/1083","275","9bc50c09f60fab212a154bb66e5c5698b3bd984c68d0faefdb557cc7feff829d"
"provengo_project/products/internal/artifacts/1/1/1084.txt","514","a15f5ab2e580a5a60d801ea336cde5a1e263b6b2b95ddf05bcee3d06e3ccca69"
"provengo_project/products/internal/artifacts/1/1/1085.txt","595","f8c4a881320367c6bb8cb7e61c25d0e261d3e3f83a39b66b22aa6cebcd129632"
"provengo_project/products/internal/artifacts/1/1/1086","275","88d67642bbc009a4581d88dc9ce051bfa3aa48b884207cbd2570e0cf592cfdc1"
"provengo_project/products/internal/artifacts/1/1/1087.txt","143","09ed7800e53bbfab51b6462ee438b53c82ba4ec4ebdd65bc12e57ef2b4c0d39d"
"provengo_project/products/internal/artifacts/1/1/1088.txt","1243","c7a199647b26985c9d85bab42d6e02dfa468d79e9c336a82b65a4bfaf419daba"
"provengo_project/products/internal/artifacts/1/1/1089.json","902","cc6298db3bd8621843bda3beee972d44323202f40468257dffe87d14b0bf0019"
"provengo_project/products/internal/artifacts/1/1/109.txt","323","13f414cc0c18c432aece2ed711ec736dc3f35c052c62a9587c5a91b2b39eaa76"
"provengo_project/products/internal/artifacts/1/1/1090.txt","415","a455fa1b1f49972137e610ef43bc2f6640ab56eee4426035153dc5c9eddf4622"
"provengo_project/products/internal/artifacts/1/1/1091.txt","851","52ee7184c1aab90f6fbf02e782d7aacccede773e4105b04f80719fa30723a41a"
"provengo_project/products/internal/artifacts/1/1/1092.json","606","990a0dd53c512d7ce2a3956bb2d8f2cdc78edb4a18b2e17b49c6d072de9b8682"
"provengo_project/products/internal/artifacts/1/1/1093.txt","1157","e1f23c1b2fb08159d06b321dd948246883585b9bf94bc0771b3e05044fae2c2b"
"provengo_project/products/internal/artifacts/1/1/1094.txt","2711","41196e93ae1a0acffdf45643ccab585502969cd694f1cfe8b37cbc61a171eca6"
"provengo_project/products/internal/artifacts/1/1/1095.json","2569","3dc8fa7c7b0a9ab9575397ad8ba38c088a20a0f7870fdf5eb7602bbadd4134e6"
"provengo_project/products/internal/artifacts/1/1/1096.txt","139","3127e2027d53310e99681bd95887943d314b837b806494ae641a39c4ba24ed18"
"provengo_project/products/internal/artifacts/1/1/1097.txt","1243","c14ffcd35d95a806197434c073501402e55c56b6392f557e978c8753707bc44c"
"provengo_project/products/internal/artifacts/1/1/1098.json","902","baf0141ed9008b6bdc80d1febcaa091d35b0050e770ab3f95754c4660949d951"
"provengo_project/products/internal/artifacts/1/1/1099.txt","80","43a996d2012af6a3080ce4e6e65edb3968645c7110a442b3d0793ac68f540087"
"provengo_project/products/internal/artifacts/1/1/11.txt","1960","537cb064c563504fadc44c9c3d22d36c85bcf0b8984de5f8fc7e3479d4c49cb1"
"provengo_project/products/internal/artifacts/1/1/110.txt","478","c87be8089bca8d8e5799f236c03629efeedd9498bbf60233e9fc48130db7f1d0"
"provengo_project/products/internal/artifacts/1/1/1100.txt","1981","d2244a64fe8b5f65d50f6f737da9438a8bffff8a0803bb06046544042e051234"
"provengo_project/products/internal/artifacts/1/1/1101.json","1670","ed2d06e2dbc0d0cff3ff215e191371a5ba1902f5ff295457c5b296082f340189"
"provengo_project/products/internal/artifacts/1/1/1102.txt","234","9b71d0d6191ef5cb18c9eebce0bbb0bf4fd18461fa609872f77514219d462e44"
"provengo_project/products/internal/artifacts/1/1/1103.txt","211","d23c06b58ccca64b5bb2d9a3ccc9111a27e6dce66fe8d6cb74dab104f324a2e7"
"provengo_project/products/internal/artifacts/1/1/1104.txt","0","e3b0c44298fc1c149afbf4c8996fb92427ae41e4649b934ca495991b7852b855"
"provengo_project/products/internal/artifacts/1/1/1105.txt","230","6c99fc2ceb87a62366e1c0e3f710139d1eddf9bd718adb98a5221f243fb738ba"
"provengo_project/products/internal/artifacts/1/1/1106.txt","572","e3583f0b1d7d77c05d50454f73efdbe8ab73e85d263b203d063f25a97de0cf0b"
"provengo_project/products/internal/artifacts/1/1/1107","252","99f92215fba361f58d3cab63471056de30c2569ac47c7dbb043e7627813747ef"
"provengo_project/products/internal/artifacts/1/1/1108.txt","222","274ce5b9da22f894eba9f78b2b48629356c4fac6af473a1a189f6296bb4ab632"
"provengo_project/products/internal/artifacts/1/1/1109.txt","1977","13e63a8445b1ecd1d14a21525aba31aad61edfb48b2d0f3dd159b702498eaa19"
"provengo_project/products/internal/artifacts/1/1/111","158","e8877defb37ba4deb358782acfc315ee39b78fdf815a9c7fcb6e404a5baffb08"
"provengo_project/products/internal/artifacts/1/1/1110.json","1674","a7a4da4b785163bc6555b062b80ff793161c503238d20748fdb338d976b6d22e"
"provengo_project/products/internal/artifacts/1/1/1111.txt","146","c980714831aa9d93631505816b97afcd09fc4c613568daaae7cd9230b17cc2fa"
"provengo_project/products/internal/artifacts/1/1/1112.txt","1995","87f314225c1eb3f3a6dc1ab83234cb54dce77ea5367886936005800854206d63"
"provengo_project/products/internal/artifacts/1/1/1113.json","1684","fe57738632fbf7ebcfc9474d6af97a92daf4ad9e5ae01dc6f529d952c16e6fb3"
"provengo_project/products/internal/artifacts/1/1/1114.txt","172","219ba94b7f95ba312e4ab92f2a8900ffbc9b5e64266f832f2534b1f2e0c948c4"
"provengo_project/products/internal/artifacts/1/1/1115.txt","1963","cfdc0c8ac5949c26ba30f779002a98fd8c61322b8431cb8f9f8614fa750a62b6"
"provengo_project/products/internal/artifacts/1/1/1116.json","1660","6699338b72e883ad62b0c111c99c292e328fbfc377346b07f1c70fd5becf3252"
"provengo_project/products/internal/artifacts/1/1/1117.txt","814","0e0dae7f7ac926e7f3e06b19c143df580333bb0a4e759c373a664177afce0f01"
"provengo_project/products/internal/artifacts/1/1/1118.txt","4089","a48c5c12e48ac7e825161e2cd45c03a6ebbfacbca570bb7fb924e58f4115cafc"
"provengo_project/products/internal/artifacts/1/1/1119.json","3947","1a8aa6edc24d4bbd31999540e1609b412567adc1cc7912517e9a0f4cf487ab8a"
"provengo_project/products/internal/artifacts/1/1/112.txt","323","897b75147649406b7ba970ec0e22cd5cac097436701286e66ba5b56cdef4585b"
"provengo_project/products/internal/artifacts/1/1/1120.txt","142","bde47a7503677596144d4f886dccae3c0444b76b00e58c3c70f29ffa955847d1"
"provengo_project/products/internal/artifacts/1/1/1121.txt","1995","702326f3c7f183adad6b37ba884ccb1150411f005cf3631dd1f689aefa00d56e"
"provengo_project/products/internal/artifacts/1/1/1122.json","1684","20e5712b16ba0d26a0f61d6350809349340f00f988e1f74f9921436c090b068b"
"provengo_project/products/internal/artifacts/1/1/1123.txt","78","b0aa1178211aede5372eca9fa9e6873d9681b07510854a0ff37ff1b003324776"
"provengo_project/products/internal/artifacts/1/1/1124.txt","727","9bf3fe71085d104ef870172cf2bef7b9137a2432fd5260c8c6a6bb537582db3d"
"provengo_project/products/internal/artifacts/1/1/1125.json","388","532e307217a4c84bd5b9a0ba8ac6e0a85f44f500ca572db32e373a9fb1860d93"
"provengo_project/products/internal/artifacts/1/1/1126.txt","226","e2ab131a458e333cf39a69fb176bdb4529b137dc4f8bc102845814bbec3c1c52"
"provengo_project/products/internal/artifacts/1/1/1127.txt","572","57f79f11568237757dad12c56b378a939997636a10bfdc74a4637b397e912240"
"provengo_project/products/internal/artifacts/1/1/1128","252","105d5f5bc74873c42368cbcecd0b277c5c5e5645874aeb89211a8dfee5e9269c"
"provengo_project/products/internal/artifacts/1/1/1129.txt","218","bf45225bd466f96498221a08646d368e40aa17043e5a3b668ec9955c84fbad3c"
"provengo_project/products/internal/artifacts/1/1/113.txt","479","73dd1e000103e613224b1f0cee1765df9c29b78301e8e7976b1fb8db1cd7c17d"
"provengo_project/products/internal/artifacts/1/1/1130.txt","546","7c076fd60212af37c852afee274e598be75122c312b9fae873f9d464a7d3747a"
"provengo_project/products/internal/artifacts/1/1/1131.json","301","32ffef2a7ac145204070c1ed9d267b5b787f4050f078387e6ebe955b9152c647"
"provengo_project/products/internal/artifacts/1/1/1132.txt","142","be69bee50574167a66f0ddfccc8e9eb51096cd4c5d618bf5dc1b2e7c3373cdee"
"provengo_project/products/internal/artifacts/1/1/1133.txt","727","e4eab31918dc59bcba562a687fdbda26d0fa895eee3fbe58248b5842142c710b"
"provengo_project/products/internal/artifacts/1/1/1134.json","388","8b3f58f474859e4681e40a5c87d879518c80173b224adf2b4a77e7c87a8a4b08"
"provengo_project/products/internal/artifacts/1/1/1135.txt","140","7a9c6673a60a659df6f831409e50c7fa62f50e93c6fccae63d564b51989cf992"
"provengo_project/products/internal/artifacts/1/1/1136.txt","546","695c8fe8e294eac121250b2a5c759f5c9f82dff9638471c2d7cef42ed9b4506b"
"provengo_project/products/internal/artifacts/1/1/1137.json","301","c495589e13a294528316c6c744e3b2bce8362689a269360f1658efb267449a34"
"provengo_project/products/internal/artifacts/1/1/1138.txt","585","9cbda057f4fd28ace0db4ce8f5e22975ed19fba0859d8d265c8cc38011dd8e9f"
"provengo_project/products/internal/artifacts/1/1/1139.txt","2118","4ed752062a9c1b4dc073b4db018b2c515bf0dff110f6c7f03f5baf89459cbe4f"
"provengo_project/products/internal/artifacts/1/1/114","159","1c646950a1f179af12bb9d3328b9e3f6a2491f555954d2bd4a19735fbbfed4f8"
"provengo_project/products/internal/artifacts/1/1/1140.json","1976","6fa87785323dbaa3913744c2c66e28c48e102dc8f8c1332055e992817834d944"
"provengo_project/products/internal/artifacts/1/1/1141.txt","138","38aea877c84bb187e3e273fcaccdbe080e01a5329d73766767656dc6e890d4ab"
"provengo_project/products/internal/artifacts/1/1/1142.txt","727","1780ee063666040b3b602a70480815e6c9cd6a4b060de7af4661efd1d47606f7"
"provengo_project/products/internal/artifacts/1/1/1143.json","388","8b3f58f474859e4681e40a5c87d879518c80173b224adf2b4a77e7c87a8a4b08"
"provengo_project/products/internal/artifacts/1/1/1144.txt","80","43a996d2012af6a3080ce4e6e65edb3968645c7110a442b3d0793ac68f540087"
"provengo_project/products/internal/artifacts/1/1/1145.txt","1995","64304fce42dd48a60ab1591e8fdb2a12e73f1fd3c72ce51cd271b1b12c04ca97"
"provengo_project/products/internal/artifacts/1/1/1146.json","1684","20e5712b16ba0d26a0f61d6350809349340f00f988e1f74f9921436c090b068b"
"provengo_project/products/internal/artifacts/1/1/1147.txt","209","975ea26f622b6e2dea0313e88bb4331e265bcec436a50d564a143f5047851423"
"provengo_project/products/internal/artifacts/1/1/1148.txt","1976","65dc66028cf6253415af52a8470c5e17bba61dae20092ef153f4a5d167b982bb"
"provengo_project/products/internal/artifacts/1/1/1149.json","1673","dd41404d275aa639ee40ecb499bbb93381fab5f88f1df0bd14f32bdcecaee159"
"provengo_project/products/internal/artifacts/1/1/115.txt","146","5a150e505299ee0804b256d3bb5a10a48564260515b67f9281a7912493347c32"
"provengo_project/products/internal/artifacts/1/1/1150.txt","210","db713c91a929a34168ad1128d627ecc2cff62ebf4c860c380a6a9bbfe9374e49"
"provengo_project/products/internal/artifacts/1/1/1151.txt","1977","72041f485f88c7e62d3c650f9fea527e04feaa7e14dd4a4aca3470838fba40fc"
"provengo_project/products/internal/artifacts/1/1/1152.json","1674","10b10b240899fba79ff4f6ced118ccb5ec76344a4ffeae039d5e13509b881fcb"
"provengo_project/products/internal/artifacts/1/1/1153.txt","146","da0d4eefbe2e68906911e86decdf51e7ed5cdf3b3cedd4e52fc261e942d1fb37"
"provengo_project/products/internal/artifacts/1/1/1154.txt","1995","197c6aac1a4b85a7023dc388c7bd5558c76843f0dd9fac8f762ce92f841bd71b"
"provengo_project/products/internal/artifacts/1/1/1155.json","1684","3b6c7947d4b6e4d636b20ff7e5eb78c83268084c832c56d3038ce5cfd86f67fc"
"provengo_project/products/internal/artifacts/1/1/1156.txt","115","3e35f3753d41984e0ae2aa164b68e004a140629f31a2001e2f78afa7ad92a66c"
"provengo_project/products/internal/artifacts/1/1/1157.txt","211","4d269ad97977a6d3ba8982436986cc2717221cfa5507b82e183e28371850385f"
"provengo_project/products/internal/artifacts/1/1/1158.txt","0","e3b0c44298fc1c149afbf4c8996fb92427ae41e4649b934ca495991b7852b855"
"provengo_project/products/internal/artifacts/1/1/1159.txt","558","26aeefc100784870343aa7ad93b9e8bde3994aad6048d477ccb11068ad4e06d0"
"provengo_project/products/internal/artifacts/1/1/116.txt","1960","d2223fe7e523b49f153dde274b7fbd0b1ef3cd6967bb073b8ed5eeef7b0b8f01"
"provengo_project/products/internal/artifacts/1/1/1160.txt","3217","c7576cf5db259f78b325423912069e8eaaa4a8c782627a0264e2f389ad7cdf3a"
"provengo_project/products/internal/artifacts/1/1/1161.json","3075","7779e80370dcfe68e1adf80138abcc7e8e62d0f640f38cb37e87477c6d57589c"
"provengo_project/products/internal/artifacts/1/1/1162.txt","142","657ff61bb3682688b91bf0e6d938c80ff2091c5f3d961023afc6a8a84d37a04a"
"provengo_project/products/internal/artifacts/1/1/1163.txt","1994","4ba2fe0b2f0cd2d4d6a3cb719ea860f89c8d9b41fb1d0d542cda501f26e7c0b6"
"provengo_project/products/internal/artifacts/1/1/1164.json","1683","c8adaa4fac196334c0a00d1d36d149935cf07172801fd6624a68368f3120beca"
"provengo_project/products/internal/artifacts/1/1/1165.txt","77","52369298de9791dadbe2892c467bc19ee3697c8db387b0106e7a0238d87e16a7"
"provengo_project/products/internal/artifacts/1/1/1166.txt","1243","4f3e2dfb614236ca9e6ce4a46ae2e7adfb4560215f817e425744942c18c7bedc"
"provengo_project/products/internal/artifacts/1/1/1167.json","902","baf0141ed9008b6bdc80d1febcaa091d35b0050e770ab3f95754c4660949d951"
"provengo_project/products/internal/artifacts/1/1/1168.txt","201","154812cb951850358161489636c94e564bad97b876650d27b7c5be5e8ca54827"
"provengo_project/products/internal/artifacts/1/1/1169.txt","1056","ccd36e291e3152ce6692e3e3cc17af331be148f7d03fc0e2eb8fdb7330abcc02"
"provengo_project/products/internal/artifacts/1/1/117.json","1649","3413c31b21f20dae92748224d0de7128d8665c5a24e6a0f3475d54c55ad022ff"
"provengo_project/products/internal/artifacts/1/1/1170.json","811","9b7e5784626f11210f8aa73512f3358e7f22d6d7318b935b7a80b9e72f85b38a"
"provengo_project/products/internal/artifacts/1/1/1171.txt","231","657a459b64baedd05ef562fd8d3141d2fab814c9bb9d2ce9f96700877263548e"
"provengo_project/products/internal/artifacts/1/1/1172.txt","211","8c734ca72fbaff14d52b1509a55aaa3b181a5976370d2171e14fa36d90a55734"
"provengo_project/products/internal/artifacts/1/1/1173.txt","0","e3b0c44298fc1c149afbf4c8996fb92427ae41e4649b934ca495991b7852b855"
"provengo_project/products/internal/artifacts/1/1/1174.txt","143","a4f4d2f16429e3d50400265228574d84c85ab772aa9d60ab198886a20ab9fc4e"
"provengo_project/products/internal/artifacts/1/1/1175.txt","1243","fceadbf3620a1ef6ec9ffadede7a326b9dbd966b9033afb31dab60768d2ee161"
"provengo_project/products/internal/artifacts/1/1/1176.json","902","b73dcf81054bd4e43bb76e0ea1754ca565b8dc24845b089755c9e803e83b55f1"
"provengo_project/products/internal/artifacts/1/1/1177.txt","150","c25390d34abe90adf904ac65e040858f78447ee87b3a86b5814de82f4d7c1fb1"
"provengo_project/products/internal/artifacts/1/1/1178.txt","211","33b836b4231e5ff9973ab86c3391e5a2ae4fd96daee87b6d65805653dc2011c0"
"provengo_project/products/internal/artifacts/1/1/1179.txt","0","e3b0c44298fc1c149afbf4c8996fb92427ae41e4649b934ca495991b7852b855"
"provengo_project/products/internal/artifacts/1/1/118.txt","228","49d84656ba6c3e49f3673c444fb4d94e9d6afdc364553cf93f88132ab3953c52"
"provengo_project/products/internal/artifacts/1/1/1180.txt","577","e12f92b21adfa68a2b7b68fa6eeeff099ad7fd7d0dfd675fe184158e6b220822"
"provengo_project/products/internal/artifacts/1/1/1181.txt","2374","8bff6cc2cd13a1855325e33b0613ddd46a6c3431d061c6b80009286286ddde61"
"provengo_project/products/internal/artifacts/1/1/1182.json","2232","02578b0ff90821a79b96f54a03de919f57871643cef78d5afe0d99f1070d9959"
"provengo_project/products/internal/artifacts/1/1/1183.txt","139","e2334b3e30b95b85e840ee75a455035c79014f2a7ce7c08a39069496e0f54cde"
"provengo_project/products/internal/artifacts/1/1/1184.txt","1243","aa4b34536fe224879da10b247184ffadfd4e5d643b2cb51018b2d66cd42fb568"
"provengo_project/products/internal/artifacts/1/1/1185.json","902","b3c71cc0d29732bc151ce1321a90249407224dd1e3b49c7fc71ca2226f34326a"
"provengo_project/products/internal/artifacts/1/1/1186.txt","80","43a996d2012af6a3080ce4e6e65edb3968645c7110a442b3d0793ac68f540087"
"provengo_project/products/internal/artifacts/1/1/1187.txt","1994","15d8e537ced26d0ce693b449b055eed16b8ba821641aabe955494282e2919b29"
"provengo_project/products/internal/artifacts/1/1/1188.json","1683","6d90acdd6f311992e54d95f4bc20960224983c9a5b1479a12bc93d2fbd3fc644"
"provengo_project/products/internal/artifacts/1/1/1189.txt","382","37908bb6cd6815f6d43f5b412e8d80da5d18af5e17ee1ac38dbdcfa00f10b27e"
"provengo_project/products/internal/artifacts/1/1/119.txt","1947","d4100f496defefe3216fee6b78f17d04c632ac594938470cab64ce475fc15724"
"provengo_project/products/internal/artifacts/1/1/1190.txt","577","89a7ae3197b4384e8555c86736b86384229fa3c560e3b6c78974bf2af828f5ef"
"provengo_project/products/internal/artifacts/1/1/1191","257","081d654cffd2643469d691caf3756edf8d15befeb50db7665a1554db4db41b8d"
"provengo_project/products/internal/artifacts/1/1/1192.txt","382","b7972a325fe4f8ed067b652526b99b5fde383bad65f88626ea52a5273f6078a1"
"provengo_project/products/internal/artifacts/1/1/1193.txt","577","323a2e81347ba135f183434ab141033140f30a1f5b54f216c2099d71b75bf7cc"
"provengo_project/products/internal/artifacts/1/1/1194","257","2de9b63e9a1118643835eda2451e3c8dec48f0ffa97338c9958bb01aa4b101d6"
"provengo_project/products/internal/artifacts/1/1/1195.txt","146","79a2319e3fb8b3700849b209be4f688ef62445a983c7eb0e93502bb0c18c475c"
"provengo_project/products/internal/artifacts/1/1/1196.txt","1994","01df7db92eda86b1a93ede822b9f4ef33897343edc673dec7e7eace96ffeb603"
"provengo_project/products/internal/artifacts/1/1/1197.json","1683","6d90acdd6f311992e54d95f4bc20960224983c9a5b1479a12bc93d2fbd3fc644"
"provengo_project/products/internal/artifacts/1/1/1198.txt","262","22d027260c450c0d6fe30d2bd3a24e271514ba2fce6ef2dfd9e56b443cf60eb3"
"provengo_project/products/internal/artifacts/1/1/1199.txt","1981","277e29759eee29493d4f5f3e6985761c5c944d5887f8996b26270ae1dc15ecfa"
"provengo_project/products/internal/artifacts/1/1/12.json","1649","94c237a8fe9f9e4ef398fe239343525edf20452d4fbe1c893ef061ed47be798e"
"provengo_project/products/internal/artifacts/1/1/120.json","1644","46f887c921945a01fbc220f590e58fb061fb6f001743087ad7ea1044f7223167"
"provengo_project/products/internal/artifacts/1/1/1200.json","1678","7ebe7228ca8a79a487566bb1d15e3a4fb3e8e36542e15d94e1b164055e485afb"
"provengo_project/products/internal/artifacts/1/1/1201.txt","897","6a61204ac8f9e7bc019ad31a8d46bc6d198a79687a465f361948b9a820ffac00"
"provengo_project/products/internal/artifacts/1/1/1202.txt","2415","17874983623d0c04b667e0e082074a710b9cdedea529d98e50ef6c680f31d111"
"provengo_project/products/internal/artifacts/1/1/1203.json","2273","080eed4810e3729964aa1ce9b8108b92feba367372b61cb10da9f8e7c5e2ba0e"
"provengo_project/products/internal/artifacts/1/1/1204.txt","142","58853bdda056d0def4a917a0742969ca6e61d046acd955fd8e0e47ee5af35807"
"provengo_project/products/internal/artifacts/1/1/1205.txt","1994","bb4052f3f1d9944c45c15ce7cd2f5fbbb735cbcd48a2522c4d6f87dd78c0e2f2"
"provengo_project/products/internal/artifacts/1/1/1206.json","1683","6d90acdd6f311992e54d95f4bc20960224983c9a5b1479a12bc93d2fbd3fc644"
"provengo_project/products/internal/artifacts/1/1/1207.txt","77","52369298de9791dadbe2892c467bc19ee3697c8db387b0106e7a0238d87e16a7"
"provengo_project/products/internal/artifacts/1/1/1208.txt","1243","58246d2303e17a495b4b7d9ec4efe1e76c6e6d7aa25293341eb380e7d2877127"
"provengo_project/products/internal/artifacts/1/1/1209.json","902","b3c71cc0d29732bc151ce1321a90249407224dd1e3b49c7fc71ca2226f34326a"
"provengo_project/products/internal/artifacts/1/1/121.txt","787","49735acc0df227b491061bd42838d8ba10e1dd20682b730ee1794cc94391fea2"
"provengo_project/products/internal/artifacts/1/1/1210.txt","201","cf9ef0acf620868a1fdee646c7c4bca9dad2f70bfa9465cc4f44e3cc0d89a41c"
"provengo_project/products/internal/artifacts/1/1/1211.txt","1056","7512c6107079b9807f2525dc614090b712fad1d119131b8d793593da20ede1a6"
"provengo_project/products/internal/artifacts/1/1/1212.json","811","8b7da8d3f7f6d759249b3cb8ee9bdd20d440c22407b7d5cd8454fd4e98abaf01"
"provengo_project/products/internal/artifacts/1/1/1213.txt","217","084db8d7550793f8305fe1ff25df96313d54ab36eab5df7b40240c7b833f886a"
"provengo_project/products/internal/artifacts/1/1/1214.txt","493","2ad5aa1a10a7ef24295cfbbce7ef3a1641054cf960f7e1b778522f44d5e831e6"
"provengo_project/products/internal/artifacts/1/1/1215","173","5b237d4dd0fcdc52738d664d619e0bd569689e76e788bf797ac74db9551661bc"
"provengo_project/products/internal/artifacts/1/1/1216.txt","207","1ae3b930d13a85a95e741cabf9ce25a9792fdf3202567422edf849fd1c46f144"
"provengo_project/products/internal/artifacts/1/1/1217.txt","211","455817f2b8751a1c5a34809d846488a11d42fcd3a678772e702828b2846dc3b2"
"provengo_project/products/internal/artifacts/1/1/1218.txt","0","e3b0c44298fc1c149afbf4c8996fb92427ae41e4649b934ca495991b7852b855"
"provengo_project/products/internal/artifacts/1/1/1219.txt","143","138b59ee6da0f3d5e886a3e18357632dffe830902db4091fed4ef021e803e3ad"
"provengo_project/products/internal/artifacts/1/1/122.txt","2108","bf5458fcb1e946d748030303c7109951e80fd3f432f29077ac2e7c3d489249e4"
"provengo_project/products/internal/artifacts/1/1/1220.txt","1243","adf44ad305cf22695f7d04f058933be2f88d97681620ca02ee7da7026b0c8885"
"provengo_project/products/internal/artifacts/1/1/1221.json","902","569d2bc8ceab6a3e62c34844882234ab90ffb3fc00c5c7cc2acd3a0c40cc3d2c"
"provengo_project/products/internal/artifacts/1/1/1222.txt","156","171cabfbca837fd4b109ff14f849d72f1266c37f688297bbbe260c91fded167e"
"provengo_project/products/internal/artifacts/1/1/1223.txt","211","9fb4ebf13f42d44024194ebdbe66a89ae29e0c994a1199ceeae30d079ccab08d"
"provengo_project/products/internal/artifacts/1/1/1224.txt","0","e3b0c44298fc1c149afbf4c8996fb92427ae41e4649b934ca495991b7852b855"
"provengo_project/products/internal/artifacts/1/1/1225.txt","770","0b9fe44f935cac254852e7e0c4a8a4e916b3e4eb1ae00e228c001794a3618e3a"
"provengo_project/products/internal/artifacts/1/1/1226.txt","3103","5983a923d7a367386a84dfd824654683505f69d13b75dad4753fb6e38680dd30"
"provengo_project/products/internal/artifacts/1/1/1227.json","2961","665cf7cf0f566dd811c515a0eaa242e63648f084ee92e106024117e257ce6e6d"
"provengo_project/products/internal/artifacts/1/1/1228.txt","139","a744f7da355be71a4bc2e512e8c96abf175dc6b136422d2e3bb94fcdcd637d98"
"provengo_project/products/internal/artifacts/1/1/1229.txt","1243","42c46a0aa2574959889b7b3bb8569bdbc6830d4e9e844df87e3ee899a289fe89"
"provengo_project/products/internal/artifacts/1/1/123.json","1966","5983ed848461e136e6a5ba73302eb57df9c371433349ce2020654a94c14f5756"
"provengo_project/products/internal/artifacts/1/1/1230.json","902","6c5f4c8b3105eab8b4e980cf29c61ebeef5f014ccb88dd32667159293600f63c"
"provengo_project/products/internal/artifacts/1/1/1231.txt","77","52369298de9791dadbe2892c467bc19ee3697c8db387b0106e7a0238d87e16a7"
"provengo_project/products/internal/artifacts/1/1/1232.txt","1243","2199211ef4fd75309a9bd763a2c033818327cf21c4b5d61bfd7abc3d89b76c69"
"provengo_project/products/internal/artifacts/1/1/1233.json","902","6c5f4c8b3105eab8b4e980cf29c61ebeef5f014ccb88dd32667159293600f63c"
"provengo_project/products/internal/artifacts/1/1/1234.txt","201","27d79c1612b94c8afd7c45222f96e717f147b7bd1745bb190298d56684a5eb20"
"provengo_project/products/internal/artifacts/1/1/1235.txt","1056","7035e03bc85d26349b5c07b729633f77ab5462c2f09abd75b87ab6a097a2e5cf"
"provengo_project/products/internal/artifacts/1/1/1236.json","811","e3250bf3ed030e74b12209a5d32e5cfd3c3705e55d7ed842bbdd63371aceb509"
"provengo_project/products/internal/artifacts/1/1/1237.txt","217","1dc30eafc4f6251981253e0cbfa85096798560a72230891c09fb086197eb3385"
"provengo_project/products/internal/artifacts/1/1/1238.txt","493","ac21262ebf5be3324580b2febf992935af3796e19dbbffe896e769c7a704f1d2"
"provengo_project/products/internal/artifacts/1/1/1239","173","5b237d4dd0fcdc52738d664d619e0bd569689e76e788bf797ac74db9551661bc"
"provengo_project/products/internal/artifacts/1/1/124.txt","142","02d2f2b5c1968afa27b08cd78c9ed25e6c805d34f8410b8aac89fd008a3fd3e8"
"provengo_project/products/internal/artifacts/1/1/1240.txt","231","4e6508e86a9057f9d7f95faa829d5cdcc9a07b2d21b4792a4a414aa6f5c9bbcf"
"provengo_project/products/internal/artifacts/1/1/1241.txt","1056","0c6689d5eaabc77b07364df98c5bc410691b02cb1a43d0dada0378d203c48dff"
"provengo_project/products/internal/artifacts/1/1/1242.json","811","1f2aa18145b24ef0db15d6427ea7c81a09958a5575bcf675b21ed2eba1cf9935"
"provengo_project/products/internal/artifacts/1/1/1243.txt","143","373bc270500f2de77488f616a9685841febf165159c8d0f821ddcbf4764886be"
"provengo_project/products/internal/artifacts/1/1/1244.txt","1243","96789baf6f9817334ebf0c09c0a593496b71bc3a48556c53aa96d83e6ecf4a6c"
"provengo_project/products/internal/artifacts/1/1/1245.json","902","b8e2f7ed4d57c243beef02bc19c21a26f179ab1f9e899ea58095192ca862c55b"
"provengo_project/products/internal/artifacts/1/1/1246.txt","180","432547f8e481460fc8620721e206c951348bc404412fb0785c1f8fe8e0024752"
"provengo_project/products/internal/artifacts/1/1/1247.txt","1056","6124ee1580a0f545df87e21b38de5618ca7eea01947310f17a716e1735a757c2"
"provengo_project/products/internal/artifacts/1/1/1248.json","811","7c4bf558f0373547fe409a64edd8200fff0272819d498cdf5ac8001eef479755"
"provengo_project/products/internal/artifacts/1/1/1249.txt","794","91f5c66d1beed537d7eb35807b23c3306e77a33353b60d6dfadb5d78f03d0d2a"
"provengo_project/products/internal/artifacts/1/1/125.txt","1960","ef3eddf8885987fa10048e591009726f07dcd4a21d4acd771af22b538c3c8096"
"provengo_project/products/internal/artifacts/1/1/1250.txt","3933","70c22a039859a855e5210db26f44872c7413e89092f825a0305a95e8c518d6cf"
"provengo_project/products/internal/artifacts/1/1/1251.json","3791","7e6e686edafebacc82ecfd36e31be36254deac8c2166c3a4dd4d18a38c6c1cb4"
"provengo_project/products/internal/artifacts/1/1/1252.txt","139","914a388fe34d209a8ba7408daa85d9e78d0e12087abffffbd635e3b380cb63f7"
"provengo_project/products/internal/artifacts/1/1/1253.txt","1243","90baecba03617aaf4c7333630ffe7262081118a1164a68951193d7b506732ba1"
"provengo_project/products/internal/artifacts/1/1/1254.json","902","ab126cd9fadca09fd507808e3b797ee437e1bbe81d8229cf5dc3be5be2b9b0a2"
"provengo_project/products/internal/artifacts/1/1/1255.txt","77","52369298de9791dadbe2892c467bc19ee3697c8db387b0106e7a0238d87e16a7"
"provengo_project/products/internal/artifacts/1/1/1256.txt","1243","2ebbc9d72876fc464ed5ac79c606cf3e64e0740c96523d91f2a9749cb9d26d1c"
"provengo_project/products/internal/artifacts/1/1/1257.json","902","ab126cd9fadca09fd507808e3b797ee437e1bbe81d8229cf5dc3be5be2b9b0a2"
"provengo_project/products/internal/artifacts/1/1/1258.txt","201","20fa8935653e316e4b2d42676d3838753e25d30b30103ee3662283b8227bca71"
"provengo_project/products/internal/artifacts/1/1/1259.txt","1056","203a9d5dd07d34eeacea5a693e8563520c1808447d5cf3d2a4a7e833976e5f45"
"provengo_project/products/internal/artifacts/1/1/126.json","1649","7c920abe78324b33138358588fc452140a6da3222e9379643d1b62e4a74461f0"
"provengo_project/products/internal/artifacts/1/1/1260.json","811","542c1396bcf62613f93d05af9227b43d8af5658e1efd0cb5d1b4c65d1ab92612"
"provengo_project/products/internal/artifacts/1/1/1261.txt","217","a9cb801d8c6867005435cc2b1d8fc2b513a9fb7f906852750375116431ff1b6e"
"provengo_project/products/internal/artifacts/1/1/1262.txt","493","c931e3d1275f5cf8ad734b95f2accdd11fec0d530c38d81b35e488456ac40681"
"provengo_project/products/internal/artifacts/1/1/1263","173","5b237d4dd0fcdc52738d664d619e0bd569689e76e788bf797ac74db9551661bc"
"provengo_project/products/internal/artifacts/1/1/1264.txt","225","415e164caef9d1bdbffcdd7b64e62ce053f102af7790f193b6a4065e6f1d0762"
"provengo_project/products/internal/artifacts/1/1/1265.txt","590","0d97b8620fd224aa1eb73998d1a03f76afafa1d12bc619a9798cb7912f7e1d7f"
"provengo_project/products/internal/artifacts/1/1/1266","270","750df6d6d8e951a56a4854137901c19ed04cbe6986032b187cb1d1d4a5399eb8"
"provengo_project/products/internal/artifacts/1/1/1267.txt","143","00fae67efd990192747dff057ad8c157c3579acfa508f573503bddeb830fbaa8"
"provengo_project/products/internal/artifacts/1/1/1268.txt","1243","8c149903ec85062bb365c02cc4828cd38dc19f3940d4bd5f3a4407a649e0599e"
"provengo_project/products/internal/artifacts/1/1/1269.json","902","3d9cec8f0cbe323a0175180fe1dca38d239297984bb83ddae7b9f0fb6bbffa6b"
"provengo_project/products/internal/artifacts/1/1/127.txt","80","43a996d2012af6a3080ce4e6e65edb3968645c7110a442b3d0793ac68f540087"
"provengo_project/products/internal/artifacts/1/1/1270.txt","170","3f66c5b81f1c03cc9c53808e98ed4c6b05127da2713a1367213843577a583252"
"provengo_project/products/internal/artifacts/1/1/1271.txt","211","363c2a5018ebf8833b1f3e56082ba772a2c9e70dd1d978cc2a5ad7ef2d6a0f17"
"provengo_project/products/internal/artifacts/1/1/1272.txt","0","e3b0c44298fc1c149afbf4c8996fb92427ae41e4649b934ca495991b7852b855"
"provengo_project/products/internal/artifacts/1/1/1273.txt","785","fad083ddfda9924fa7cf03da26b051ef5e70e81baefecb1229eb27816075e79b"
"provengo_project/products/internal/artifacts/1/1/1274.txt","3384","13d7d9b5ab5d474da979a167d07be1cfd6758e533ab93299d6870a2d1ec54105"
"provengo_project/products/internal/artifacts/1/1/1275.json","3242","3e29509faebab2587642bf5d1d365f7752c46953166d59e84391bbfd35fc34bf"
"provengo_project/products/internal/artifacts/1/1/1276.txt","139","598a70dac987a846b2c34c13e7ab01589f1cb4024fc3bc0b103e296724e3a772"
"provengo_project/products/internal/artifacts/1/1/1277.txt","1243","d551ecc7d1eea374b62366c0cea32cd19e85afe0f0caa19caf5292f96217ac59"
"provengo_project/products/internal/artifacts/1/1/1278.json","902","34387b07c9e0aebb1e1564c6ff91874fdbc139a0abcea85f48d380d0a92bc82d"
"provengo_project/products/internal/artifacts/1/1/1279.txt","78","b0aa1178211aede5372eca9fa9e6873d9681b07510854a0ff37ff1b003324776"
"provengo_project/products/internal/artifacts/1/1/128.txt","1960","eaf998bd9a6422fdcd46f35d4aa8c7dd0de2d93e024046dd55a7eb6a904bedf1"
"provengo_project/products/internal/artifacts/1/1/1280.txt","727","187322479ac3db51aa46b9f956f66eac984f0135bd50973e011ef2d7315dc674"
"provengo_project/products/internal/artifacts/1/1/1281.json","388","8b3f58f474859e4681e40a5c87d879518c80173b224adf2b4a77e7c87a8a4b08"
"provengo_project/products/internal/artifacts/1/1/1282.txt","230","79880cdcbb0a4fc094668d90b41b80538c2b906496883f4667060d45f14d50df"
"provengo_project/products/internal/artifacts/1/1/1283.txt","546","e1227e434844dc57e8408d69f23929abfbd32069f3100477112c5086e281f64e"
"provengo_project/products/internal/artifacts/1/1/1284.json","301","3e6ae63d1bc66a8c08b45a2f716232808921c1a99c9c2f623d6b7d602cae9a94"
"provengo_project/products/internal/artifacts/1/1/1285.txt","230","c85bba28a83385f776c8a263ad27182aebfd797f79c6871ccf723ca68d1496f3"
"provengo_project/products/internal/artifacts/1/1/1286.txt","546","168f1b6e89b7510961c39b57379ea6bd7e17b6f404e9c6889e334a8c2eaddbee"
"provengo_project/products/internal/artifacts/1/1/1287.json","301","d3cdeb35c35c05410b0398f9449130929cc3afbe0b73a39fcca528bfde31d1df"
"provengo_project/products/internal/artifacts/1/1/1288.txt","142","ebc72a31f683c563cb0c836769e4189069818f7d4928888d87d26cfb4b5cd96a"
"provengo_project/products/internal/artifacts/1/1/1289.txt","727","20f75a79cbbb3325aa0d147eb15bc1494dd69b75b88f23563867ea79cab97e3c"
"provengo_project/products/internal/artifacts/1/1/129.json","1649","7c920abe78324b33138358588fc452140a6da3222e9379643d1b62e4a74461f0"
"provengo_project/products/internal/artifacts/1/1/1290.json","388","f6c5a0c6c3c5f3e9069e2589a114544cfbdd5668584e0488f4d53a4d325f9f33"
"provengo_project/products/internal/artifacts/1/1/1291.txt","137","d4ab4a9b8636873cf4282c6b865e2a5956eb9ee02b0f9f011345933e4906cd3e"
"provengo_project/products/internal/artifacts/1/1/1292.txt","211","4682f3d93d86d31f5855f5a7f15528ef5bbcc62bd2eb8ee98edd83931287c8c4"
"provengo_project/products/internal/artifacts/1/1/1293.txt","0","e3b0c44298fc1c149afbf4c8996fb92427ae41e4649b934ca495991b7852b855"
"provengo_project/products/internal/artifacts/1/1/1294.txt","598","1977157f85c0c73ac413ec3ad26ffc2fcc417b3cabf5e8a9e7a9c74ed447b80f"
"provengo_project/products/internal/artifacts/1/1/1295.txt","2180","25c26339616a26a072cabfa7526cd12e9756dfd3e6baf2036af54dc5a2531fd5"
"provengo_project/products/internal/artifacts/1/1/1296.json","2038","cbe8267ece570fa54efadcea23a99642f667ac0e4ef67fd11975e578cf23daa4"
"provengo_project/products/internal/artifacts/1/1/1297.txt","138","90b11e1332974471513872d0846d3aaa09141970f76eeb2fd7dc5b945a416ff7"
"provengo_project/products/internal/artifacts/1/1/1298.txt","727","1d77e3bebe86f854c9f03fb33f77dd2ee62077669304c37ebd5b738ec455565c"
"provengo_project/products/internal/artifacts/1/1/1299.json","388","e331370618256ff4637f69f3bc1e4396e06b93618278d45d6fe045cd9720157a"
"provengo_project/products/internal/artifacts/1/1/13.txt","80","43feae46c510617eeeff009ca09c845c4b7fa3a54dfb433aac1dc74386bbef1a"
"provengo_project/products/internal/artifacts/1/1/130.txt","234","f910a4864e47448889ff1eddb380ff21d01a759bae4a96b8cc6c32e87a41b48a"
"provengo_project/products/internal/artifacts/1/1/1300.txt","77","52369298de9791dadbe2892c467bc19ee3697c8db387b0106e7a0238d87e16a7"
"provengo_project/products/internal/artifacts/1/1/1301.txt","1243","c6d232ca7fa6ad859b591e52b067f5be2d7962b84c71e1a95a4d84a6f1fdf103"
"provengo_project/products/internal/artifacts/1/1/1302.json","902","34387b07c9e0aebb1e1564c6ff91874fdbc139a0abcea85f48d380d0a92bc82d"
"provengo_project/products/internal/artifacts/1/1/1303.txt","201","bbb4d739832886750d82b926348e86cda9509751658a1b5cf68006b1f5b58a03"
"provengo_project/products/internal/artifacts/1/1/1304.txt","1056","32d6a3722c88ff0656fd255fd6f876d35f627c95ce07b8aae6bbb35b32402c69"
"provengo_project/products/internal/artifacts/1/1/1305.json","811","7c9643a488069b26041d6a99380b0b2ade666a87a3128f870df0863a913c43f7"
"provengo_project/products/internal/artifacts/1/1/1306.txt","217","cb025ade9383d01f311a590f940d477a0cb2609d526b6bb4fc08d8f107f9e567"
"provengo_project/products/internal/artifacts/1/1/1307.txt","493","6c0ea5df34737fc787a6643710d8d4a0e5ad1fbd576fdffc610c2b20226ca4ed"
"provengo_project/products/internal/artifacts/1/1/1308","173","5b237d4dd0fcdc52738d664d619e0bd569689e76e788bf797ac74db9551661bc"
"provengo_project/products/internal/artifacts/1/1/1309.txt","143","035f6466fa7f11377b3532b1ea9dcc4c251644a2490416316fe1d2b5fe5fae63"
"provengo_project/products/internal/artifacts/1/1/131.txt","1969","a23a459686efaf23f10b27378c55ad36db0036926094c16361318ddc6aa88d65"
"provengo_project/products/internal/artifacts/1/1/1310.txt","1243","75bccc7978bfa85a2b545556de638ad36593ffebc70f51bff0b50a2e321ac5e9"
"provengo_project/products/internal/artifacts/1/1/1311.json","902","fa34fa58d13c8f92bf4d54a53b55bf56176b55b7c311c2337ac60ecfbaa48ac5"
"provengo_project/products/internal/artifacts/1/1/1312.txt","136","a7b90b49e3c6480102bd72595d200bad938cfccb189378630a1e341bb738b216"
"provengo_project/products/internal/artifacts/1/1/1313.txt","211","81229ef4850349fb58acfa7bbd85b35ee6062bb2db5e8f657a98d867e4a47cad"
"provengo_project/products/internal/artifacts/1/1/1314.txt","0","e3b0c44298fc1c149afbf4c8996fb92427ae41e4649b934ca495991b7852b855"
"provengo_project/products/internal/artifacts/1/1/1315.txt","577","244d241aea8553bdef053bb54770dee9302634e183d6b86280410b07b7312481"
"provengo_project/products/internal/artifacts/1/1/1316.txt","2542","c9b6ba89cfc7be0b05c75e20612acf2c755a753d6aea83f90009dd4d736ff4f5"
"provengo_project/products/internal/artifacts/1/1/1317.json","2400","3138094375ad0f40fecc21ae112202f8cf39ce42d50e5bb01c72d3d7160cb122"
"provengo_project/products/internal/artifacts/1/1/1318.txt","139","d06c18518691a30a06df46b20859cbfd5682e2231c7f3077f15ca3a3204ba90d"
"provengo_project/products/internal/artifacts/1/1/1319.txt","1243","24dfcb9a2252f306de3f3e545d1a68a1d436865c113c3fa246878b65b8af9841"
"provengo_project/products/internal/artifacts/1/1/132.json","1666","47b383ada35ff6d52398d9dd2bf3e9ea9d6259a5cbffd0c83ab9c325f0c6b44f"
"provengo_project/products/internal/artifacts/1/1/1320.json","902","398ab1e46f56dbb6f10914a6402cbd4d289559817f85fbb79b96d6a4385e2c29"
"provengo_project/products/internal/artifacts/1/1/1321.txt","78","b0aa1178211aede5372eca9fa9e6873d9681b07510854a0ff37ff1b003324776"
"provengo_project/products/internal/artifacts/1/1/1322.txt","727","f31cccdce1cfe48746e19522bcd21e736d9d4e0f5ca83d721b408722564b36d1"
"provengo_project/products/internal/artifacts/1/1/1323.json","388","e331370618256ff4637f69f3bc1e4396e06b93618278d45d6fe045cd9720157a"
"provengo_project/products/internal/artifacts/1/1/1324.txt","230","e0a8492de2f34283f714cca6f3cac5d3fd269be492caa698f8d94321bd61d233"
"provengo_project/products/internal/artifacts/1/1/1325.txt","546","53bc19cd7d7b5fbf72ca68435926a51bbb1e1754e001bea252754346aa2e1c1b"
"provengo_project/products/internal/artifacts/1/1/1326.json","301","1cbca6e414f90dd350007d4466ecb06bd289da9fa0d5ac04eb8bc9bf18f36e46"
"provengo_project/products/internal/artifacts/1/1/1327.txt","226","10d7364049c055c683527ef202d0a56fd6a74383beab371170960b737966be02"
"provengo_project/products/internal/artifacts/1/1/1328.txt","572","273e324da3dfff56edd5baef906b2766f4b296f4c40ce52bba71b5884356c091"
"provengo_project/products/internal/artifacts/1/1/1329","252","99f92215fba361f58d3cab63471056de30c2569ac47c7dbb043e7627813747ef"
"provengo_project/products/internal/artifacts/1/1/133.txt","232","86d060c6d29eb56f49f70050b82b77c61d233e2dc0a4332165280e7972f14242"
"provengo_project/products/internal/artifacts/1/1/1330.txt","142","266e905fb380c2e9893d3f2f30799115474e54ff4fa63060b27997e3059725f1"
"provengo_project/products/internal/artifacts/1/1/1331.txt","727","437c01d6891df82fc21614497edf6723f5bcc91d2fdf0af53ed81f7ecf618d91"
"provengo_project/products/internal/artifacts/1/1/1332.json","388","2d9c245120bd76d451c0f36754126788c02d1c6c0bc6171cbfdd312e43b4f8b5"
"provengo_project/products/internal/artifacts/1/1/1333.txt","152","28c7336acca4a93de4046a8f13c8615cc8efb937900c45dee7bebe61b05d70a7"
"provengo_project/products/internal/artifacts/1/1/1334.txt","546","4c717d84d0f9cf861e96475a7b83ed0381b81331da633361960a9ea0983c1531"
"provengo_project/products/internal/artifacts/1/1/1335.json","301","dcd2b8ce3b6ffab50680cc4bf22b459ffb98b8dfcd15f637508747c41b080515"
"provengo_project/products/internal/artifacts/1/1/1336.txt","603","cd3f4cc054bedf9aee56b790f2a23caa270befb10a45bd667a8f4504a306fd38"
"provengo_project/products/internal/artifacts/1/1/1337.txt","2136","1bbee856cf966a9bfa95fadfc192b9b2d1c4752f1472063e33cfaaa2b2e7f669"
"provengo_project/products/internal/artifacts/1/1/1338.json","1994","f5f0b3dd981dd8bfd9d846986e5efb53544376b4e4ac0e4609eb48c82afab661"
"provengo_project/products/internal/artifacts/1/1/1339.txt","138","6b46e56ea4230c4ae3d606814e09dc44509795f693891af8f14848d59aa1acc0"
"provengo_project/products/internal/artifacts/1/1/134.txt","575","d3d79456322ee9f7c64e9c1c7ecf8b7f94efc9e1e7b2d3fead61aa22a5e1413c"
"provengo_project/products/internal/artifacts/1/1/1340.txt","727","b058aa796e6cc85f4d2c302873e95007b581f77d8a9c1f860a605e84a7db6485"
"provengo_project/products/internal/artifacts/1/1/1341.json","388","35f7ec0800814e813ceaa191bec05719b37843c8b94f1468839c323e5c14107c"
"provengo_project/products/internal/artifacts/1/1/135","255","5ea08500a3be4c9e68cf46ce88c081f5698afc6d741b452f371af14264cf9eca"
"provengo_project/products/internal/artifacts/1/1/136.txt","146","7d36866e43d02e9659408405ad974cddf8a97c458850b97221c212e5a5282b87"
"provengo_project/products/internal/artifacts/1/1/137.txt","1987","2b77fc1587771fcdc0d239d8e99d2f0e523fc86d07ec29a7b395ef2a533f03ca"
"provengo_project/products/internal/artifacts/1/1/138.json","1676","f1d14fbf668cc4d005e2b6cf9eccde2c3f6a5613b8dbbce48d4d97142a1931d9"
"provengo_project/products/internal/artifacts/1/1/139.txt","128","38c69f8d6bec88deb6ec651c173d1d548c1bd09e06dde3701d60be7d2223618c"
"provengo_project/products/internal/artifacts/1/1/14.txt","1960","989d74323e01e7010677288de506949c2fb510f4b39c4e02f14f72c4b606dc88"
"provengo_project/products/internal/artifacts/1/1/140.txt","1969","85017d74e6cb5bb407a6931ca0a8454ce7695e1a8241bbdbf4c78ec19d0b79db"
"provengo_project/products/internal/artifacts/1/1/141.json","1666","47b383ada35ff6d52398d9dd2bf3e9ea9d6259a5cbffd0c83ab9c325f0c6b44f"
"provengo_project/products/internal/artifacts/1/1/142.txt","615","23bbfefc521fd59ca7ecb095a8f6693799e400aca8043c8b365edd87edead406"
"provengo_project/products/internal/artifacts/1/1/143.txt","1855","4bf6175a5985169ba7b543b99f6985a3913a7cf0b23cada03f2608bdd36152d1"
"provengo_project/products/internal/artifacts/1/1/144.json","1713","eb1522b8be69efc737eac9c13839c08170e1fc2b321b01ae0fec5241565941b0"
"provengo_project/products/internal/artifacts/1/1/145.txt","142","27c2f968c3290bbc9ecd9fb91cce7b8d39c0d5acda1f74c826b906d0e2d0ae1e"
"provengo_project/products/internal/artifacts/1/1/146.txt","1987","59bd482444f44951a0ee4d3eeef57c727a3f97054593c2464894919a49bac252"
"provengo_project/products/internal/artifacts/1/1/147.json","1676","f1d14fbf668cc4d005e2b6cf9eccde2c3f6a5613b8dbbce48d4d97142a1931d9"
"provengo_project/products/internal/artifacts/1/1/148.txt","77","52369298de9791dadbe2892c467bc19ee3697c8db387b0106e7a0238d87e16a7"
"provengo_project/products/internal/artifacts/1/1/149.txt","1216","e8bd2c82058c56b0bc184716f1afd3826b71e747a19c60b217836c1aaddbc621"
"provengo_project/products/internal/artifacts/1/1/15.json","1649","75aabe25604688c216465353136cda74e00e0156caf648230cef60c3950bd51d"
"provengo_project/products/internal/artifacts/1/1/150.json","875","b6e215dad562688d4f058c072d87e8c38505708a7d47600c9342e4242462e6f5"
"provengo_project/products/internal/artifacts/1/1/151.txt","201","b705527ec26616db9785df82de0c765213f42fa78e4bb881d5318e7b90f8b2c2"
"provengo_project/products/internal/artifacts/1/1/152.txt","1029","8d2315f79f253c448617c81a1706475a28ca9456bc1386c477a2a46bfc2ecf5a"
"provengo_project/products/internal/artifacts/1/1/153.json","784","1fdedcb0ef3a5d45c3291d839e4440b9e394edcf2aaa2dd66b21e5f4421c31ec"
"provengo_project/products/internal/artifacts/1/1/154.txt","217","a8a2ee0d43298563354e89018998e6f508ce2c3d69c29240f7e9e802be6048a0"
"provengo_project/products/internal/artifacts/1/1/155.txt","493","9cbc3b0da521fe1da24b64d69b61469a236b42a645985a5d118dfd32ec35e0fe"
"provengo_project/products/internal/artifacts/1/1/156","173","5b237d4dd0fcdc52738d664d619e0bd569689e76e788bf797ac74db9551661bc"
"provengo_project/products/internal/artifacts/1/1/157.txt","200","d76940953d748779472478aee36856fa5571a3021ad9dca59700a846ba004475"
"provengo_project/products/internal/artifacts/1/1/158.txt","211","6155144da17d1bbf7bb4dcd78bd51eb049ba481832dbfb343c33194531acf8e5"
"provengo_project/products/internal/artifacts/1/1/159.txt","0","e3b0c44298fc1c149afbf4c8996fb92427ae41e4649b934ca495991b7852b855"
"provengo_project/products/internal/artifacts/1/1/16.txt","80","43feae46c510617eeeff009ca09c845c4b7fa3a54dfb433aac1dc74386bbef1a"
"provengo_project/products/internal/artifacts/1/1/160.txt","143","1b7904a3df9b9289445919ebab4a9d53dc9e7bc723f2c6775923cf33fcd1034d"
"provengo_project/products/internal/artifacts/1/1/161.txt","1216","06b58551ecaa8ed989cc90a175ae50e8940ac7a48b26c33c2dc0ebb859d1b3f5"
"provengo_project/products/internal/artifacts/1/1/162.json","875","cc67e9e459d8bbf59eb20a2155ae7c3433ae0f52567488ffb58f99517dfe5237"
"provengo_project/products/internal/artifacts/1/1/163.txt","149","20119db19a8434298fee4ca9f2242e97bf3b35f1954516258732fbcc614cb55b"
"provengo_project/products/internal/artifacts/1/1/164.txt","211","3c24b7683580a6f14ad9888a903bc251684ce9fb30d7d26fa8a61db8de105cc3"
"provengo_project/products/internal/artifacts/1/1/165.txt","0","e3b0c44298fc1c149afbf4c8996fb92427ae41e4649b934ca495991b7852b855"
"provengo_project/products/internal/artifacts/1/1/166.txt","756","875f5d95884ad642cb9ec192bef0a1fff0a33bbc93688fc82617021b30493cea"
"provengo_project/products/internal/artifacts/1/1/167.txt","3062","d5500458aab087219c268fd17ad554f9eeb3c22cbbbaf0d62214bb918ba237de"
"provengo_project/products/internal/artifacts/1/1/168.json","2920","c1a4921e544d60658dbcee8d6061020dc737167aa3cb6e50aa038615894a0655"
"provengo_project/products/internal/artifacts/1/1/169.txt","139","6878f1e2605817e1f3501e7894af43c7b57a2f7e91fe22e1d6d73076ec83662f"
"provengo_project/products/internal/artifacts/1/1/17.txt","1960","5015ff54b41f6198877ecb168068d5a3c443315788432bf9bbce422a2bffc582"
"provengo_project/products/internal/artifacts/1/1/170.txt","1216","92357182fa78c2b418e548cf0b84abcc7454bf7e847f099a539c73225d321576"
"provengo_project/products/internal/artifacts/1/1/171.json","875","15084635a0cde85a2d5ace88c23224b547bae9a942f9073f23b4d177a6440ad2"
"provengo_project/products/internal/artifacts/1/1/172.txt","80","43a996d2012af6a3080ce4e6e65edb3968645c7110a442b3d0793ac68f540087"
"provengo_project/products/internal/artifacts/1/1/173.txt","1987","c859f712e4c5374dc573cd6d754d3a70531775e5c8711f1d128f47c1bc6a8d60"
"provengo_project/products/internal/artifacts/1/1/174.json","1676","a7d324ac6324069b9f3b4b319a01410d6e988a06a98ac632a1909640f408aaeb"
"provengo_project/products/internal/artifacts/1/1/175.txt","350","32a5ef81ec1b9077d8ad86a243c2c0afdb829edb8ec2c08b3db7e73359ad956f"
"provengo_project/products/internal/artifacts/1/1/176.txt","1974","c4f253f76b64f0ebcf60f6c3fb362100513f0a4fb091e1e51075b80a80f12303"
"provengo_project/products/internal/artifacts/1/1/177.json","1671","b26c3fc6b1cc8ae43f7bf9e779157a0012cd1c3afb99745e40e2627e9478b447"
"provengo_project/products/internal/artifacts/1/1/178.txt","350","95130b61a495c7c62491b7729b8a0eb3218968692d0bd2db6992cf03a544a9b4"
"provengo_project/products/internal/artifacts/1/1/179.txt","1974","137bb524a7ce52902adf50fef376b94aa916ca0ea1e3954d4e117c7b13dbf5cb"
"provengo_project/products/internal/artifacts/1/1/18.json","1649","75aabe25604688c216465353136cda74e00e0156caf648230cef60c3950bd51d"
"provengo_project/products/internal/artifacts/1/1/180.json","1671","f1fd969c1facf69912f7d3eda1264d3636b7c8399e851b3c33b50be73517f374"
"provengo_project/products/internal/artifacts/1/1/181.txt","146","28751012c88da9c7076fda0a7ea2dc64832bb1440c2779f64aab37a5b9952f5c"
"provengo_project/products/internal/artifacts/1/1/182.txt","1987","e99a6d9468ee4dfe2d9a525858f2ace79ec18d6e6f5a0396a514240ad16ef1dd"
"provengo_project/products/internal/artifacts/1/1/183.json","1676","829a44c17663a72843503823b4ca8c38b0dd87033f8b055956b719174852f388"
"provengo_project/products/internal/artifacts/1/1/184.txt","255","26b16b635af0e3631d665b5472962431473ac0041de6068da75e010453a2b3c9"
"provengo_project/products/internal/artifacts/1/1/185.txt","1974","8f5e849fc64d8276b259ae97adc2381fb8e7c72925567b7ef3b7e5da6387167c"
"provengo_project/products/internal/artifacts/1/1/186.json","1671","bf8108783cd1f5cad5b4e7935e6c40efde4fde267415eea176a127f606d75246"
"provengo_project/products/internal/artifacts/1/1/187.txt","835","e9fafad5705a7c29bb374a5a3e8935860f361ab550b0efd52dafec1ed7359dee"
"provengo_project/products/internal/artifacts/1/1/188.txt","5181","8b90f223a4300d4db6d27b742663f95dc438762d29aacf3d31c69cbbeb2adeb7"
"provengo_project/products/internal/artifacts/1/1/189.json","5039","a8b9fb5a4793ccae937190c5993e42f71200d52ed74fcf90ec4d9ad8249c25a3"
"provengo_project/products/internal/artifacts/1/1/19.txt","106","953bd40519927ba3c877860c6f7695a8f90367e6a20617cb9ebac766cbb6e894"
"provengo_project/products/internal/artifacts/1/1/190.txt","142","e41e2edadfe39c6f97cd16ac69ffd70cc147578365172325eb1887fa53cd7e60"
"provengo_project/products/internal/artifacts/1/1/191.txt","1987","416a6381ec7531233839de8d7341e0695a2ac67f1283e671c143603568d48058"
"provengo_project/products/internal/artifacts/1/1/192.json","1676","6e7e9b03e1c03b4cf38b1c0477b294cdcb3adeaec0239bceb63c918bf4cc1911"
"provengo_project/products/internal/artifacts/1/1/193.txt","77","52369298de9791dadbe2892c467bc19ee3697c8db387b0106e7a0238d87e16a7"
"provengo_project/products/internal/artifacts/1/1/194.txt","1216","8b359990f2b03eab233d4a42e819711dda17d38c9b9c2100ae002374e0da641f"
"provengo_project/products/internal/artifacts/1/1/195.json","875","15084635a0cde85a2d5ace88c23224b547bae9a942f9073f23b4d177a6440ad2"
"provengo_project/products/internal/artifacts/1/1/196.txt","201","2477801800b08484a86213069bf360a93755a34480d582a2d298943882745d0b"
"provengo_project/products/internal/artifacts/1/1/197.txt","1029","27c9f443d8d4ba9d078d9befcd4f29744204679163cb55dc511546fe2dad2449"
"provengo_project/products/internal/artifacts/1/1/198.json","784","6c29a820381b4d00a6cd1fefe5209f3f94fd2f60df04f8446c0686f15b0bffc3"
"provengo_project/products/internal/artifacts/1/1/199.txt","227","2861532fc580a239f487386ee093adb6e73d856f07ffc99b55b663b719ca068d"
"provengo_project/products/internal/artifacts/1/1/2.txt","2044","cfcc1b0d6134b295edc3b40027f6441ccf8e67f7186947bed74cafccc578889e"
"provengo_project/products/internal/artifacts/1/1/20.txt","962","756a5c27c7fd1f301fb19bc79d5b84e2883a334e584eca09a56eca62b6a8bb67"
"provengo_project/products/internal/artifacts/1/1/200.txt","572","f239981eddcc3c5b83ac41ab749e1d6870ae87bddbf789f6e264f675dc7b1edd"
"provengo_project/products/internal/artifacts/1/1/201","252","99f92215fba361f58d3cab63471056de30c2569ac47c7dbb043e7627813747ef"
"provengo_project/products/internal/artifacts/1/1/202.txt","143","65c531d73e566116add158fe61936e0dbe9c05842f023abab7a3f2d7113e4153"
"provengo_project/products/internal/artifacts/1/1/203.txt","1216","49efac0e2eb5b2e7bce74a921dfaefe00fc9f7545c11fb42edb090829b86923c"
"provengo_project/products/internal/artifacts/1/1/204.json","875","44513ef2b5c5e86cf465a43ef1241b1797b431dd113840d23b3a2aa9d7d1d889"
"provengo_project/products/internal/artifacts/1/1/205.txt","121","248c0812f35d9edda0c085bacfe739ac11c2a60c8a7ea64f36ce2bef7460cf60"
"provengo_project/products/internal/artifacts/1/1/206.txt","211","a4abcced9ababf8f0ef928abdaff57b22f3aaadb946acdc22f2c88e3b5ea8cae"
"provengo_project/products/internal/artifacts/1/1/207.txt","0","e3b0c44298fc1c149afbf4c8996fb92427ae41e4649b934ca495991b7852b855"
"provengo_project/products/internal/artifacts/1/1/208.txt","571","1b5602d8c08a1629dce85d5d168c65c388688b0c9338ecfff4843ce7fcfe355c"
"provengo_project/products/internal/artifacts/1/1/209.txt","2587","8d8b6aee30ec8b7d46b5a19e2275c3926bb02b96969444dff03fc955e84cbea6"
"provengo_project/products/internal/artifacts/1/1/21.json","717","e52caa5aaf06e131193596bd21ee25fcbbcdf2cc08cc29b13cead4dd10f63d49"
"provengo_project/products/internal/artifacts/1/1/210.json","2445","3c7ec9d66936552df7eeedff34e52d631904e569abc7a8e4ecbb014f2602f0a8"
"provengo_project/products/internal/artifacts/1/1/211.txt","139","f6a665743c05ccda309c444033a1095a59179cf4562082ca7a6096e15cf8a8d2"
"provengo_project/products/internal/artifacts/1/1/212.txt","1216","e190d9c198d2f24c488cc5c60e04e9e5cb9b3e2c7b03730222e7a97ed9bce773"
"provengo_project/products/internal/artifacts/1/1/213.json","875","44513ef2b5c5e86cf465a43ef1241b1797b431dd113840d23b3a2aa9d7d1d889"
"provengo_project/products/internal/artifacts/1/1/214.txt","80","43a996d2012af6a3080ce4e6e65edb3968645c7110a442b3d0793ac68f540087"
"provengo_project/products/internal/artifacts/1/1/215.txt","1987","609942d34f650cc5b44a8e59e976f51be1f99b7997089d183e62d7735f09c659"
"provengo_project/products/internal/artifacts/1/1/216.json","1676","a9396645f783e1935d061848859fd45b103223c708eb348bd3900e50efdf7c21"
"provengo_project/products/internal/artifacts/1/1/217.txt","209","617efe23a0dfca8a99a3f81d415f31d60118c12bf8c9e50fa7389b02d3837767"
"provengo_project/products/internal/artifacts/1/1/218.txt","1968","4178dfa51c75f6dd1bf3e10edf4010190510a2f77725d2a07b49cc00f4b51b2d"
"provengo_project/products/internal/artifacts/1/1/219.json","1665","4a5afa90a6b05b06a6f99bccc379d2cce9ea926cd162a921512db415b1764c43"
"provengo_project/products/internal/artifacts/1/1/22.txt","80","43a996d2012af6a3080ce4e6e65edb3968645c7110a442b3d0793ac68f540087"
"provengo_project/products/internal/artifacts/1/1/220.txt","210","0ab11abebc264c43a7a87314a8aa214d41fe1fb5fc876b021e7e38735a1de5d1"
"provengo_project/products/internal/artifacts/1/1/221.txt","1969","5072ae8d213a5493b6d004cc4aeaa8b62f20a4127311abf9f75d4df615faad24"
"provengo_project/products/internal/artifacts/1/1/222.json","1666","882f2021b24d02ab95b502a99f423e25d033a64605d0b2956c64988b5f06e2d6"
"provengo_project/products/internal/artifacts/1/1/223.txt","146","ca461cc54f45859ed2648e1d73375ffa68c843874cf3ac8d926e43b86a950717"
"provengo_project/products/internal/artifacts/1/1/224.txt","1987","2eda86e0ff965c465f1a6c1ff61c6b528ed0ebf8a4b15ec873b299920e96da79"
"provengo_project/products/internal/artifacts/1/1/225.json","1676","54fd0dad7906de873fbff683779d80114ac7a457fb9417f1030f4c1b17a29cb5"
"provengo_project/products/internal/artifacts/1/1/226.txt","115","0f7e594267945a83ae6db5b57530c0a9948b6534e757311d3cd9e171181d83ea"
"provengo_project/products/internal/artifacts/1/1/227.txt","211","aec6a9d3c3a9ea0cc42f5122add581124d6b14a9332dae78148b9fa4117534a2"
"provengo_project/products/internal/artifacts/1/1/228.txt","0","e3b0c44298fc1c149afbf4c8996fb92427ae41e4649b934ca495991b7852b855"
"provengo_project/products/internal/artifacts/1/1/229.txt","558","15b56e62aa54172ddbc4b9b5eeb31ff831545fd65ad11ae7bded5d0f7fc5d96e"
"provengo_project/products/internal/artifacts/1/1/23.txt","1960","951a92f749022fa3eeec96dc7a044caebb87b1f7d9b0d3385d969f08ffd8d143"
"provengo_project/products/internal/artifacts/1/1/230.txt","3208","35e808f178c75a3c3deba0da331688f34b11c0666effafb87b5beb2f0a50ef4b"
"provengo_project/products/internal/artifacts/1/1/231.json","3066","d2226b1d91ce87224257d4d06b22f01a005911af2ac571e4d127915827e3ae17"
"provengo_project/products/internal/artifacts/1/1/232.txt","142","4e5689396c4f95af08e64487fff1ee6586d0be9ef6b3a1c406c97417e1081465"
"provengo_project/products/internal/artifacts/1/1/233.txt","1986","9fa283744b991b8528a44527a70377fa8e117a3faa86c138b290717bf8f0101d"
"provengo_project/products/internal/artifacts/1/1/234.json","1675","cc267ad0e9baf9d0ba38a6bd98dc2df953922a832513beadb48d2724efedb706"
"provengo_project/products/internal/artifacts/1/1/235.txt","77","52369298de9791dadbe2892c467bc19ee3697c8db387b0106e7a0238d87e16a7"
"provengo_project/products/internal/artifacts/1/1/236.txt","1216","5377de3fb214fe09d477ba5dd5bb6ec81be53f2caa7e5318942cc5657639ce44"
"provengo_project/products/internal/artifacts/1/1/237.json","875","44513ef2b5c5e86cf465a43ef1241b1797b431dd113840d23b3a2aa9d7d1d889"
"provengo_project/products/internal/artifacts/1/1/238.txt","510","628cee495ac922e4b5a1cd69e40031625c79dc8820f7666fd27a6cfc6cd3b504"
"provengo_project/products/internal/artifacts/1/1/239.txt","533","04736474cea7197866c1ceca597015aea1ba04b25d74b36a53260df11c90f557"
"provengo_project/products/internal/artifacts/1/1/24.json","1649","9b1c9539e06427acf72ef1c6fef54571bab762448450ccaef415aa2f66dbc2c1"
"provengo_project/products/internal/artifacts/1/1/240","213","3ebc80bad85a7ac33b435a5a70369eca12110b72f4e2109f2224df9416078821"
"provengo_project/products/internal/artifacts/1/1/241.txt","510","a7258f23ad17eb095624369a8c6c1a19c3d0cd8d1c7d98dc18ab9427ecad2fcb"
"provengo_project/products/internal/artifacts/1/1/242.txt","533","ca12e69d0953ab62b3b7185d22ef4a5506f2f5fd72c9c1c8ec6288bee83e46d2"
"provengo_project/products/internal/artifacts/1/1/243","213","3ebc80bad85a7ac33b435a5a70369eca12110b72f4e2109f2224df9416078821"
"provengo_project/products/internal/artifacts/1/1/244.txt","143","cc04b866ddccf3ac417276036f2d412ef604b150d722568ff3fc6c933b7aaab4"
"provengo_project/products/internal/artifacts/1/1/245.txt","1216","70299ebed2e4868b313b698f8ab1bfcdfaac0bfa711de0d3c26f1ecd5fba0242"
"provengo_project/products/internal/artifacts/1/1/246.json","875","44513ef2b5c5e86cf465a43ef1241b1797b431dd113840d23b3a2aa9d7d1d889"
"provengo_project/products/internal/artifacts/1/1/247.txt","388","73eb8f271c11852788fa3126ce811d846a7f584143e6b548e3605a02e6f4844b"
"provengo_project/products/internal/artifacts/1/1/248.txt","533","4381b4dae3d0e839586965ad1aec6fa4b7d705742f99b4df51809c05a61fe344"
"provengo_project/products/internal/artifacts/1/1/249","213","3ebc80bad85a7ac33b435a5a70369eca12110b72f4e2109f2224df9416078821"
"provengo_project/products/internal/artifacts/1/1/25.txt","106","c726da19b9f2889b4b8b7b94d993c84cc764d576a14b09186b5649cde391554a"
"provengo_project/products/internal/artifacts/1/1/250.txt","1152","6658173ad908f2ef8167b8d4bbd30ddf8d39182555e5828257db8f131f486a21"
"provengo_project/products/internal/artifacts/1/1/251.txt","2582","611f897a9f83074bc1d435eb67b9a0ae59ad7659fa0e27398956acd76409e9f3"
"provengo_project/products/internal/artifacts/1/1/252.json","2440","da04d85a57356e576277f6c3734904c0b695314bc3118e57e31ee2161b2bfed1"
"provengo_project/products/internal/artifacts/1/1/253.txt","139","29b046241a0689d9fe790b64dcbf8fce182ab920be1845f908bc281e40ab16d1"
"provengo_project/products/internal/artifacts/1/1/254.txt","1216","ea0389cd6817ce30fe3c7743620fd909e6b6562736be87761c46f7316719a1e1"
"provengo_project/products/internal/artifacts/1/1/255.json","875","44513ef2b5c5e86cf465a43ef1241b1797b431dd113840d23b3a2aa9d7d1d889"
"provengo_project/products/internal/artifacts/1/1/256.txt","80","43a996d2012af6a3080ce4e6e65edb3968645c7110a442b3d0793ac68f540087"
"provengo_project/products/internal/artifacts/1/1/257.txt","1986","f3354cc61d15a3f4eaac3a82af03c48ca49c2fc5097b62d1861d34a0bee71d9a"
"provengo_project/products/internal/artifacts/1/1/258.json","1675","cc267ad0e9baf9d0ba38a6bd98dc2df953922a832513beadb48d2724efedb706"
"provengo_project/products/internal/artifacts/1/1/259.txt","234","62bc5c4e36bc88c0099a10971eb8c50aff70fda77363ab7238771006213a1eb9"
"provengo_project/products/internal/artifacts/1/1/26.txt","962","83e7889e92df2f41a056282d8dba273a8a8173d346fc08d774012120bf32cfa9"
"provengo_project/products/internal/artifacts/1/1/260.txt","211","4023d570d224cf27e1e3b62185bcc9d4ae8b205a97642a5a40207483bb2a7476"
"provengo_project/products/internal/artifacts/1/1/261.txt","0","e3b0c44298fc1c149afbf4c8996fb92427ae41e4649b934ca495991b7852b855"
"provengo_project/products/internal/artifacts/1/1/262.txt","230","fc61d3e6c24c48c9fa445d8386cde78a1a8a4611991d0fffb30c58913fbb9f1a"
"provengo_project/products/internal/artifacts/1/1/263.txt","572","0187734d8dbc1182bd8ac784acaa8e8c4a182255e8e2fa0fe5db68577a85d8fe"
"provengo_project/products/internal/artifacts/1/1/264","252","99f92215fba361f58d3cab63471056de30c2569ac47c7dbb043e7627813747ef"
"provengo_project/products/internal/artifacts/1/1/265.txt","232","ce4af4425cb8e746676d1571fe09bac6dd25f8a93f1cb6a7bae6b37420f26308"
"provengo_project/products/internal/artifacts/1/1/266.txt","575","b30c5fcb85d50a6502890d7fd1c66f3a0d75a0ea608fe325b2c1b90ab9079824"
"provengo_project/products/internal/artifacts/1/1/267","255","b0135b79a03a5bb4f3046338a54344caab58ab7293264dbc728a3344f62cf5d3"
"provengo_project/products/internal/artifacts/1/1/268.txt","146","913e3434c04875d4c0ae01e4b3b0abac18404473c4b4ec5df26f03a0f84387e4"
"provengo_project/products/internal/artifacts/1/1/269.txt","1986","9b9bed2072f21d6f3cc2481d979c1007e495e00221706b1bb6264970bc5303f8"
"provengo_project/products/internal/artifacts/1/1/27.json","717","3a896bd907554c31bec44b8dff2a48731d6228cc28645cb7854189525556cbed"
"provengo_project/products/internal/artifacts/1/1/270.json","1675","cc267ad0e9baf9d0ba38a6bd98dc2df953922a832513beadb48d2724efedb706"
"provengo_project/products/internal/artifacts/1/1/271.txt","170","9e4c0fa2520d0c23706c52fb43d7951cbe8e321e7773cae794b5aecc5121e565"
"provengo_project/products/internal/artifacts/1/1/272.txt","211","0d5873a1e7da8dc6581a0553fdf812af32ca3ec92c4fd49afd6c2e87e4d56f05"
"provengo_project/products/internal/artifacts/1/1/273.txt","0","e3b0c44298fc1c149afbf4c8996fb92427ae41e4649b934ca495991b7852b855"
"provengo_project/products/internal/artifacts/1/1/274.txt","829","a856a14cf3f19e64f0e0b42961ed6b9aad095dcc7902087b3fe65b6fcae791c1"
"provengo_project/products/internal/artifacts/1/1/275.txt","2686","cf6e78fc25b05456ddc83b8cf52bc99345b0dfc7b31f7d37a8ff5b23283fbc59"
"provengo_project/products/internal/artifacts/1/1/276.json","2544","28280c53ab630087ac9eeb09f5bf2fabde89384f036d066485cb92369c2381a5"
"provengo_project/products/internal/artifacts/1/1/277.txt","142","2d3e2777924b840321346ba0684600c335a236dcc6427e892bd69161455caaaa"
"provengo_project/products/internal/artifacts/1/1/278.txt","1986","8b444dc09adddc010ab8807c431881d180905bb8602a6d6315aae64693512fcb"
"provengo_project/products/internal/artifacts/1/1/279.json","1675","cc267ad0e9baf9d0ba38a6bd98dc2df953922a832513beadb48d2724efedb706"
"provengo_project/products/internal/artifacts/1/1/28.txt","95","c31c7b842499b800f0982ae5f5221485f2b30d2b3bb50a30e1bea1e52dbdc09b"
"provengo_project/products/internal/artifacts/1/1/280.txt","80","43a996d2012af6a3080ce4e6e65edb3968645c7110a442b3d0793ac68f540087"
"provengo_project/products/internal/artifacts/1/1/281.txt","1986","ec38202f932d0390bc38219d6e85dfdad4fabd4401032c2ba9064b90a8a2732f"
"provengo_project/products/internal/artifacts/1/1/282.json","1675","cc267ad0e9baf9d0ba38a6bd98dc2df953922a832513beadb48d2724efedb706"
"provengo_project/products/internal/artifacts/1/1/283.txt","349","f9710613357aab255ffc00495263351f84163f3f3fe84ae4e7db1bb157f88b57"
"provengo_project/products/internal/artifacts/1/1/284.txt","533","78adf87c8c9c552f7148a95976ebe173157809ee15f9840af41c5bf022f6a225"
"provengo_project/products/internal/artifacts/1/1/285","213","3ebc80bad85a7ac33b435a5a70369eca12110b72f4e2109f2224df9416078821"
"provengo_project/products/internal/artifacts/1/1/286.txt","350","d3ba69ca9623441c3ec974dffd621631a21530f217bf2f647a5664b6fb6ebdda"
"provengo_project/products/internal/artifacts/1/1/287.txt","1974","393e9917bdbfa7e5b95326e8745978680b05c7e857a4132551d34c251acd3104"
"provengo_project/products/internal/artifacts/1/1/288.json","1671","866993b530ffe804e1a9fd8af07afe647f03e0d9a3f9e98f47cfc6b9af49dbb0"
"provengo_project/products/internal/artifacts/1/1/289.txt","146","0fb1f0d6af4d8035670bf5df156cbcb8bce13dcf2c337d3e90e7371e2a88e714"
"provengo_project/products/internal/artifacts/1/1/29.txt","525","10dd4dba2e435528cbfa314cd2804eb2c88d320a8bb12428cfbdbee8c15643d8"
"provengo_project/products/internal/artifacts/1/1/290.txt","1987","149831c9c79aaf10cb4dbf3bc7bcdb9cb1c59f1d98444e375696c99b821a7190"
"provengo_project/products/internal/artifacts/1/1/291.json","1676","7d808829704370f26f1864f7edcccfdddadfdfc9413ffc43213f87df5649013d"
"provengo_project/products/internal/artifacts/1/1/292.txt","254","6cd21fbf42aec1b3911f536a5c8886280c766145cf8105d80da9cebeb45d2d81"
"provengo_project/products/internal/artifacts/1/1/293.txt","1973","1c2f52ff0c2a9940826f0198d1201cdaecce56789bbbc53a4458fb3290ee9d1c"
"provengo_project/products/internal/artifacts/1/1/294.json","1670","7ece8a04ed04606e28d1286589a4f72526037150a2e57259ba8e02f4ca67dd2d"
"provengo_project/products/internal/artifacts/1/1/295.txt","834","087953058c8ea446d23161f017bdb932c101a2438901e04dc990d9b322f44cdf"
"provengo_project/products/internal/artifacts/1/1/296.txt","3722","d6a466168ea54bf270d1dd54bb767fd4a367dd222deddccdac2cdd5294d72824"
"provengo_project/products/internal/artifacts/1/1/297.json","3580","b93fcc2452b67f6d8ed71e1d5ce246273e93e8479986b0e2b4d77d323ca62ddf"
"provengo_project/products/internal/artifacts/1/1/298.txt","142","1b9e38672b0fef430a89e77498b34f0348a4bb7c0c0bfc16e231a84b80987d09"
"provengo_project/products/internal/artifacts/1/1/299.txt","1987","6ff23df2d4fab9a23798ce3a6de617cf0d7d1f182038aa376147e8941a95428a"
"provengo_project/products/internal/artifacts/1/1/3.json","1741","d131b14474300aae2cb109d4a8918e13e3b5f6ddb2c69bcbae8826b20d689b1c"
"provengo_project/products/internal/artifacts/1/1/30.json","280","5231d27e4bcfcc3f9730911612e928edc33a28d5e8b6a486c3b31c1f2800f8b4"
"provengo_project/products/internal/artifacts/1/1/300.json","1676","d565ced28c838e7a01db60a973f56c09811063afe8dbfba7dc9d3ef13b508bee"
"provengo_project/products/internal/artifacts/1/1/301.txt","80","43a996d2012af6a3080ce4e6e65edb3968645c7110a442b3d0793ac68f540087"
"provengo_project/products/internal/artifacts/1/1/302.txt","1987","195a401d68c14a1f4fc5a04bd93130935eabbda6d330605afd2258e5f371e0d8"
"provengo_project/products/internal/artifacts/1/1/303.json","1676","d565ced28c838e7a01db60a973f56c09811063afe8dbfba7dc9d3ef13b508bee"
"provengo_project/products/internal/artifacts/1/1/304.txt","230","13e668ae3af849842b80197e6a2916f5851ff90bb265381361f502cff4bf0a8f"
"provengo_project/products/internal/artifacts/1/1/305.txt","572","4232caec3dfdc0132bdcc7f54dd34d69118ceb552d0c76440e78b9afac0027c3"
"provengo_project/products/internal/artifacts/1/1/306","252","105d5f5bc74873c42368cbcecd0b277c5c5e5645874aeb89211a8dfee5e9269c"
"provengo_project/products/internal/artifacts/1/1/307.txt","230","3379fb907cce75a487b7b0c599d7981fd222b95163c72cacf86313653ed78866"
"provengo_project/products/internal/artifacts/1/1/308.txt","572","4ed019848d957f457d42165c8b58ee32e43fdc9c363c6ba8547b6cb86a680a9e"
"provengo_project/products/internal/artifacts/1/1/309","252","99f92215fba361f58d3cab63471056de30c2569ac47c7dbb043e7627813747ef"
"provengo_project/products/internal/artifacts/1/1/31.txt","101","cf3118566a72ee489853b041e93fc4435eb0dd68307e94dd55bbaa9b3b40d0c7"
"provengo_project/products/internal/artifacts/1/1/310.txt","146","d6af0728fcff35430aa6c5467e946a2e5a41b198b4e8e1ce7252e307d3164b2e"
"provengo_project/products/internal/artifacts/1/1/311.txt","1987","07a6b20b21439e4e92544a045739dc1444dd6a3c4ea69f26df705e6955941f25"
"provengo_project/products/internal/artifacts/1/1/312.json","1676","d565ced28c838e7a01db60a973f56c09811063afe8dbfba7dc9d3ef13b508bee"
"provengo_project/products/internal/artifacts/1/1/313.txt","110","f281fd1d8e7cf61d0518822e36dcd13a3bcd3243607cb82a4ea12c75cf765c36"
"provengo_project/products/internal/artifacts/1/1/314.txt","211","db9e9b453075c597911c7c9a2bbd0fb0797523688bf15767d49b8bd330a77cda"
"provengo_project/products/internal/artifacts/1/1/315.txt","0","e3b0c44298fc1c149afbf4c8996fb92427ae41e4649b934ca495991b7852b855"
"provengo_project/products/internal/artifacts/1/1/316.txt","597","e863b950602084ad5598573a3453089cfaae3a6e9102ffe6256271319b276387"
"provengo_project/products/internal/artifacts/1/1/317.txt","2082","3a3ff9c5b9e2af6c3aab69d098c28dfefababf0226949675b51ac0b1edc415de"
"provengo_project/products/internal/artifacts/1/1/318.json","1940","e133fc1752421b3f25f0445fefbf4f9372f72470d4c1cecf0c911d75248fa3b4"
"provengo_project/products/internal/artifacts/1/1/319.txt","142","c2d6557e09c14f1bee910dd1f08bc9cefa7171f66ddcda747ac98fa294cffd08"
"provengo_project/products/internal/artifacts/1/1/32.txt","566","1f86ef7a19faa3ed46e6d51672c01f0ec37c9afbd5a4a8def38cb4d5664695b2"
"provengo_project/products/internal/artifacts/1/1/320.txt","1987","5b62165c45a81933576a6b73a58fe09fba578ce42247f07613a4c5b3a2b37127"
"provengo_project/products/internal/artifacts/1/1/321.json","1676","d565ced28c838e7a01db60a973f56c09811063afe8dbfba7dc9d3ef13b508bee"
"provengo_project/products/internal/artifacts/1/1/322.txt","80","43a996d2012af6a3080ce4e6e65edb3968645c7110a442b3d0793ac68f540087"
"provengo_project/products/internal/artifacts/1/1/323.txt","1987","df3135cf6b4b206f0c965fb9358b5a47da2a7c77977f8558e576436ff039bd5e"
"provengo_project/products/internal/artifacts/1/1/324.json","1676","d565ced28c838e7a01db60a973f56c09811063afe8dbfba7dc9d3ef13b508bee"
"provengo_project/products/internal/artifacts/1/1/325.txt","234","596ce6d612b21c54e9b02c93692edd0af7cda13678b172a5f686ecb3574a71c3"
"provengo_project/products/internal/artifacts/1/1/326.txt","211","41975eb7a29f383b3cd5aa74a77d6d7303e65be2790a0759806dde59deb11a61"
"provengo_project/products/internal/artifacts/1/1/327.txt","0","e3b0c44298fc1c149afbf4c8996fb92427ae41e4649b934ca495991b7852b855"
"provengo_project/products/internal/artifacts/1/1/328.txt","230","e89e883dc20f36cf08654fd4126544ae4d73d8904b1eb06426e769e052772275"
"provengo_project/products/internal/artifacts/1/1/329.txt","572","ff77780582d36fa83f37e9d5925b002a9f8bdaa0ac09aad7bac00b905bde500d"
"provengo_project/products/internal/artifacts/1/1/33","246","7827bc8f16f23d13ad879062febcfc0058a92493e5141384f3183a3469404fe7"
"provengo_project/products/internal/artifacts/1/1/330","252","99f92215fba361f58d3cab63471056de30c2569ac47c7dbb043e7627813747ef"
"provengo_project/products/internal/artifacts/1/1/331.txt","210","d2bf8af9b9a10f9b8b103e879931be0375213cdc05165ddc6d8f40754def538b"
"provengo_project/products/internal/artifacts/1/1/332.txt","211","8ba216c37c5d1f490aebea408c45936ab3b3fc637112ae851452d82bbecebdea"
"provengo_project/products/internal/artifacts/1/1/333.txt","0","e3b0c44298fc1c149afbf4c8996fb92427ae41e4649b934ca495991b7852b855"
"provengo_project/products/internal/artifacts/1/1/334.txt","146","9edfe2d972c9c67c1f30ee96bfddd4c2a029e292956e3d5bb84abd50834c5d7f"
"provengo_project/products/internal/artifacts/1/1/335.txt","1987","d6f30253cc16d0bde47ff359a0ff611de8a173aad7c1019e7773467bccf7a015"
"provengo_project/products/internal/artifacts/1/1/336.json","1676","d565ced28c838e7a01db60a973f56c09811063afe8dbfba7dc9d3ef13b508bee"
"provengo_project/products/internal/artifacts/1/1/337.txt","174","c7cb14f7e9b6af67d68e0d64149d49f2339c9948797aa5c499a48ac2e49fda53"
"provengo_project/products/internal/artifacts/1/1/338.txt","211","2dabc2a1e28ffdc4f166f19133034207e6b8cd34fabae39c65268bacfafd243c"
"provengo_project/products/internal/artifacts/1/1/339.txt","0","e3b0c44298fc1c149afbf4c8996fb92427ae41e4649b934ca495991b7852b855"
"provengo_project/products/internal/artifacts/1/1/34.txt","45","8a0e0439acd6a966782c058d006380a5e58c27d1859b34ec127352dc570158be"
"provengo_project/products/internal/artifacts/1/1/340.txt","808","bfdbda4539b96f5b9b1cf10cec14eda6665dffbfeae75cb50a62bb380389acaf"
"provengo_project/products/internal/artifacts/1/1/341.txt","2414","6029eee25705c10f12ef686f4c175fb4f31410c7a424b307a5365ef6e1c01631"
"provengo_project/products/internal/artifacts/1/1/342.json","2272","09ec474dcbbbbd1d1f54e8cbee9ed6f3186bcaedc7943692c632e0db75a7eb72"
"provengo_project/products/internal/artifacts/1/1/343.txt","142","791011c6d958e1f82529674c525b264958b930db29725970a709f6955a1e07c3"
"provengo_project/products/internal/artifacts/1/1/344.txt","1987","2843a98eb69ef559412db2534b47c4468d29b57ba6cb75c6907d10d9cc1f3ae5"
"provengo_project/products/internal/artifacts/1/1/345.json","1676","d565ced28c838e7a01db60a973f56c09811063afe8dbfba7dc9d3ef13b508bee"
"provengo_project/products/internal/artifacts/1/1/346.txt","78","b0aa1178211aede5372eca9fa9e6873d9681b07510854a0ff37ff1b003324776"
"provengo_project/products/internal/artifacts/1/1/347.txt","683","3b4fc3388ee8097d11865848d26ac315dc4ab90fbf86f305ac8a181ecaf498a0"
"provengo_project/products/internal/artifacts/1/1/348.json","344","5bb6d2edfa82906d25223584d1ad599ec0617c658476a4e74b36f596121274d8"
"provengo_project/products/internal/artifacts/1/1/349.txt","240","ba2128a3d92f84c0b21546f7471aef7405af9dc11543967c5540245c68664691"
"provengo_project/products/internal/artifacts/1/1/35.txt","1216","f2daad848f9017b3e695981dcbf96bf6c998cbf704009ec674e943e353aeaf52"
"provengo_project/products/internal/artifacts/1/1/350.txt","523","c19cb8f0754b6da5d49d0dbe5270e70055088ed924fb51ec1df812cc39b22ea7"
"provengo_project/products/internal/artifacts/1/1/351.json","278","4ba52710e6d67948e4c12e01e7e408571704e3ee238f196e0a1b6cd5d8759311"
"provengo_project/products/internal/artifacts/1/1/352.txt","240","9fc7028b96dcb4af21dbb1d79f9ea2c687422056ae7484e7909d52f2bdf801c3"
"provengo_project/products/internal/artifacts/1/1/353.txt","523","ccf59d8d7521daa8d25da4d11d5b0c08dc02d904a51fadcf5a9c7249388b5386"
"provengo_project/products/internal/artifacts/1/1/354.json","278","65829e7c1d728190e7baca51f997e1bc5e7e5132aa64790c87f9271276867c0c"
"provengo_project/products/internal/artifacts/1/1/355.txt","142","e0ad47b97408e3b2d6c7c70cbaba2434009908998735b38d4398f6095caf60ba"
"provengo_project/products/internal/artifacts/1/1/356.txt","704","b58caded77caaa195336c0af8059efc81778c7f18379e3ac09d0b9d4981cbb62"
"provengo_project/products/internal/artifacts/1/1/357.json","365","d56da652ef20898e6c93278d2396129e3693f62b26a743944934e2cd5ed6c8ca"
"provengo_project/products/internal/artifacts/1/1/358.txt","126","1863da81d32ec677f9816ea156451ea5e984f45fdbd5470f069d6aa1a62594e1"
"provengo_project/products/internal/artifacts/1/1/359.txt","548","60da76e2a66f16b7aab46baafd81dce43e09e999a98aaae9dc137a1d316d4e9b"
"provengo_project/products/internal/artifacts/1/1/36.json","875","3c5c64bdcbdb48798ff464052555a468a93961dcec8ffc6ff8b6dbed80817311"
"provengo_project/products/internal/artifacts/1/1/360","228","9b649d0e25ad59139f4ad436bf014410f90ecc4c24557f1a92fe828ee38c84fc"
"provengo_project/products/internal/artifacts/1/1/361.txt","608","c76e59365c46336a63b48af4325c8b0b635fb00e0095a20896d52eeba6ed4698"
"provengo_project/products/internal/artifacts/1/1/362.txt","2169","a62ac2fa6220366bacb2db46a09faf5b2cf7c9c9ddba5adf6ec94ab4c2c22906"
"provengo_project/products/internal/artifacts/1/1/363.json","2027","b0d09770939ff3eabfd9900e5f68a408668287c46e8e8e4762a048c84c8940aa"
"provengo_project/products/internal/artifacts/1/1/364.txt","138","29f523bf2db8fa76f4fac7af336ff92f3a2144b019c4388185b78d3e1b0cecd4"
"provengo_project/products/internal/artifacts/1/1/365.txt","704","f0ae202f98b4dbacd51acdd53282a850daa2d707b4332ffe45195119b3859e14"
"provengo_project/products/internal/artifacts/1/1/366.json","365","c05d98df63fabc9aa5bbd3f12489fa0811582efb4d682940b4f922364d49dea9"
"provengo_project/products/internal/artifacts/1/1/367.txt","80","43a996d2012af6a3080ce4e6e65edb3968645c7110a442b3d0793ac68f540087"
"provengo_project/products/internal/artifacts/1/1/368.txt","1987","38197a87f2ee3fe335df0c0ef45b7adeaa66626e2470449aefa242f284becb9b"
"provengo_project/products/internal/artifacts/1/1/369.json","1676","d565ced28c838e7a01db60a973f56c09811063afe8dbfba7dc9d3ef13b508bee"
"provengo_project/products/internal/artifacts/1/1/37.txt","114","e2273299177f6dbbfc290eda41992be9469e774c43ed8fbc064289bb118f36f3"
"provengo_project/products/internal/artifacts/1/1/370.txt","234","a6f6b696bc053bbd97ed35d76a2d02d76161e55d55c6b57482c7beaecdb23cdc"
"provengo_project/products/internal/artifacts/1/1/371.txt","211","243e5aecdc02b373a992583e8dd0463aac80309b889721f20a8d0568ef3f1b1c"
"provengo_project/products/internal/artifacts/1/1/372.txt","0","e3b0c44298fc1c149afbf4c8996fb92427ae41e4649b934ca495991b7852b855"
"provengo_project/products/internal/artifacts/1/1/373.txt","210","8854214663d98b0ab03f0f796a09cc75e459ed18b54962c97afebe359d108217"
"provengo_project/products/internal/artifacts/1/1/374.txt","211","a2c2ff530db64641d0be40b48771705d826910f363d65df3dc4ed8615a7dee34"
"provengo_project/products/internal/artifacts/1/1/375.txt","0","e3b0c44298fc1c149afbf4c8996fb92427ae41e4649b934ca495991b7852b855"
"provengo_project/products/internal/artifacts/1/1/376.txt","146","5aeba5e7a9c972b44a69dd259fb0d9c84f3f37ef07ccb437625be4ea7a1bad90"
"provengo_project/products/internal/artifacts/1/1/377.txt","1987","ee9531c26c84cea4581198c457687ad94703b6b2a7fcdb87d3a4398ba7c22c13"
"provengo_project/products/internal/artifacts/1/1/378.json","1676","d565ced28c838e7a01db60a973f56c09811063afe8dbfba7dc9d3ef13b508bee"
"provengo_project/products/internal/artifacts/1/1/379.txt","159","16a4e954f08de6ec3b21ee71d886ce1906e70dc6caadacebe00f55c61b17f546"
"provengo_project/products/internal/artifacts/1/1/38.txt","1941","e23968e085d28a6bd037d509d60f8b31e12d973e34bacb2d81f4c0e7a0dbfb60"
"provengo_project/products/internal/artifacts/1/1/380.txt","211","adb3ec98223b8ecb4f37a31f7291b0c05082b7484f042f7f744f65463c75b01d"
"provengo_project/products/internal/artifacts/1/1/381.txt","0","e3b0c44298fc1c149afbf4c8996fb92427ae41e4649b934ca495991b7852b855"
"provengo_project/products/internal/artifacts/1/1/382.txt","594","5cdcbb3ad9e715bc2127dd47f0eba154899d9afd72f84a7ecb3c3f3b08933690"
"provengo_project/products/internal/artifacts/1/1/383.txt","1585","3f8ab1f243f4e4ca37cdca85f0737df10bfcd8e2cedb23bf37c94ecda0ac3f8d"
"provengo_project/products/internal/artifacts/1/1/384.json","1443","12e489072f385cc28b1b70ddea3e0d109297515fe1b662b6d7cd47e03ba0fb3a"
"provengo_project/products/internal/artifacts/1/1/385.txt","142","281215ceb1ad4b9c608e8955e66ee4b26923969a17b5851e2eb2348fbcf3706f"
"provengo_project/products/internal/artifacts/1/1/386.txt","1987","7d5244029df564f72475d074a9d70efec7c5d74c86c31bde180319c8267a8c35"
"provengo_project/products/internal/artifacts/1/1/387.json","1676","d565ced28c838e7a01db60a973f56c09811063afe8dbfba7dc9d3ef13b508bee"
"provengo_project/products/internal/artifacts/1/1/388.txt","80","43a996d2012af6a3080ce4e6e65edb3968645c7110a442b3d0793ac68f540087"
"provengo_project/products/internal/artifacts/1/1/389.txt","1987","e6ea1e0ec25ef03aef4dc0554d19eeb2fe33333f4650f0731132ff3a405e293f"
"provengo_project/products/internal/artifacts/1/1/39.json","1638","a6fa8a868e6232c1665566fc40f8509b3bc46c499b1969753ba10e3b6323c8c5"
"provengo_project/products/internal/artifacts/1/1/390.json","1676","d565ced28c838e7a01db60a973f56c09811063afe8dbfba7dc9d3ef13b508bee"
"provengo_project/products/internal/artifacts/1/1/391.txt","234","3c6cc847cb1735ca8cd9ee3f1569cf880c9550253d7cd4a0f0d896062fbde53f"
"provengo_project/products/internal/artifacts/1/1/392.txt","211","ac92d8a5126505980b000adcaaaa7caed7f292477e604b61a0c9dc1551bd9746"
"provengo_project/products/internal/artifacts/1/1/393.txt","0","e3b0c44298fc1c149afbf4c8996fb92427ae41e4649b934ca495991b7852b855"
"provengo_project/products/internal/artifacts/1/1/394.txt","203","faf08c41ff9b67982890dcfa561c47514464d0161a89004eff3cc84014bc4d55"
"provengo_project/products/internal/artifacts/1/1/395.txt","1963","c13493cfb0c505ecac0e4491c767e28925df418e8bc16663d176044714a29c81"
"provengo_project/products/internal/artifacts/1/1/396.json","1660","0814a88d25478052d765569f5e4067352b20cb44ad458290b0d68c5dae8f32d4"
"provengo_project/products/internal/artifacts/1/1/397.txt","146","65ce3eb8cf2c2e8661ed9f15296499f4f403ba927f446db00473e3e8f8a13f1a"
"provengo_project/products/internal/artifacts/1/1/398.txt","1981","0d59108cc5ccfeb50ef8dc614fc3251ed32c559c5563862e13c9ebd3d9ee23a4"
"provengo_project/products/internal/artifacts/1/1/399.json","1670","f77a1a3291bceffb8c40210bb73bf3e31fa470e98f9016e47aa7ad3c520128d5"
"provengo_project/products/internal/artifacts/1/1/4.txt","97","9b52475d514858749042fc70cf6eba87d002fb5209024f7e5ead9460e96bc880"
"provengo_project/products/internal/artifacts/1/1/40.txt","46","363b02b34d3f8118f29e990cf49be7eb17b8a20da6cefbcf5e104d1d540ca043"
"provengo_project/products/internal/artifacts/1/1/400.txt","158","709031076735a7dcf640b3086b6e530fdd899a27de207490975d8c7c8c4a79c4"
"provengo_project/products/internal/artifacts/1/1/401.txt","1969","56e19c31b1eecfc180131aa5c88a67354908ad91a5c3fddc5b21a79b0027cc06"
"provengo_project/products/internal/artifacts/1/1/402.json","1666","8bc954674f7ce3d9089a3bc6093fd9133f46fb897fdf82a6a04cd39e935898cb"
"provengo_project/products/internal/artifacts/1/1/403.txt","584","5172cdcff13492be28f8faf9d3ab8927ad722c9f3ba8a3111b3256825d607d11"
"provengo_project/products/internal/artifacts/1/1/404.txt","3230","57e9db86a7e0ea7117639ec29d20d460ba304f82c4f24f16650a21bae02a8d5a"
"provengo_project/products/internal/artifacts/1/1/405.json","3088","4eee9274e6f7afe1d17ff9cfc2b8f05ff6fe99b8cb34e8a034ddd93ef5662f21"
"provengo_project/products/internal/artifacts/1/1/406.txt","142","93cf477dbb5db17faa2125aceaee69b9726e5a3adae32d7dc4b10cbedd48f8b8"
"provengo_project/products/internal/artifacts/1/1/407.txt","1981","25bda413fae25b22f968d89306ff97ad907e9800fa78059b65a0d76a0156ce21"
"provengo_project/products/internal/artifacts/1/1/408.json","1670","f77a1a3291bceffb8c40210bb73bf3e31fa470e98f9016e47aa7ad3c520128d5"
"provengo_project/products/internal/artifacts/1/1/409.txt","77","52369298de9791dadbe2892c467bc19ee3697c8db387b0106e7a0238d87e16a7"
"provengo_project/products/internal/artifacts/1/1/41.txt","686","27425d111d429a712a3299955b90710a128896b962078abb62a41347864db3a0"
"provengo_project/products/internal/artifacts/1/1/410.txt","1216","ce6e661fc8b4eb984750bafea357f3ff50c3fe3b0a3c938d8ed8bb7d53d02d7c"
"provengo_project/products/internal/artifacts/1/1/411.json","875","44513ef2b5c5e86cf465a43ef1241b1797b431dd113840d23b3a2aa9d7d1d889"
"provengo_project/products/internal/artifacts/1/1/412.txt","487","df179232c38d1d9d8a296fb57879fa673bf8bb4a72c044ec71927dcb3e9de6fd"
"provengo_project/products/internal/artifacts/1/1/413.txt","595","542c0cfcc0400a1c43e676a60fedb07afcb17967820b03a7b307c6ab06325d2d"
"provengo_project/products/internal/artifacts/1/1/414","275","8e211fa5ae9364f3fee99115b2d91fd089c54eaa111991909d03764ec994a3ba"
"provengo_project/products/internal/artifacts/1/1/415.txt","487","5892526d24669f4216eab6f39ac705ba3be59494085fc9b020d50a90cab23ad6"
"provengo_project/products/internal/artifacts/1/1/416.txt","595","cc01547d5c56f94d031f57e9c3a659179cc70cf6d67d5cdcb208d506c0cf3cdb"
"provengo_project/products/internal/artifacts/1/1/417","275","8235803c06046b741ca6aeec0b16c9f20066e546dc5de12dee84f0c89bb72da5"
"provengo_project/products/internal/artifacts/1/1/418.txt","143","22c1f01a849b59331fae93ec0700b53489baca353600f924f95b44f7ed55862c"
"provengo_project/products/internal/artifacts/1/1/419.txt","1216","1d7611d04844966ab8732a1b38694111754b45572ce95cbefa9a569b83ca0041"
"provengo_project/products/internal/artifacts/1/1/42.json","347","7fb2ec9fbb79eaba938a9fd8b226599738be9b6e782febb32274798aae75728a"
"provengo_project/products/internal/artifacts/1/1/420.json","875","44513ef2b5c5e86cf465a43ef1241b1797b431dd113840d23b3a2aa9d7d1d889"
"provengo_project/products/internal/artifacts/1/1/421.txt","388","73eb8f271c11852788fa3126ce811d846a7f584143e6b548e3605a02e6f4844b"
"provengo_project/products/internal/artifacts/1/1/422.txt","824","95dd773b0095122627f256719d1ec9f9023d55710c6d989a070ca1ad2b405d4c"
"provengo_project/products/internal/artifacts/1/1/423.json","579","83a75c9e818a589502aa9c0c9c4b52b01d274c18df5428156e07d2adc579d93b"
"provengo_project/products/internal/artifacts/1/1/424.txt","1103","a422a5e91e22b5f7cbb7a0ee50877a54760ce332c776ffa2c8da548e3a59195e"
"provengo_project/products/internal/artifacts/1/1/425.txt","2657","4affc97e260df64e3c23b83d35d1a9f71dddd5b012516e58dabac3531056acb2"
"provengo_project/products/internal/artifacts/1/1/426.json","2515","134a20997ab8f259fd5cb1562a41ea54e7038524f39dfb8a42015e10596a9d2a"
"provengo_project/products/internal/artifacts/1/1/427.txt","139","487041f1b7efa6bb3ef6f54967ef0a757cf2568a15006967b8b7344c9fc1345d"
"provengo_project/products/internal/artifacts/1/1/428.txt","1216","80621a922578349335ff9252fb8df1d392b8f5d76c2831bc00c95a6396e9be4f"
"provengo_project/products/internal/artifacts/1/1/429.json","875","40108ca8a3acdea98c0017d163571c4cab5bd92e54272d835608457891bff04e"
"provengo_project/products/internal/artifacts/1/1/43.txt","322","63bfa7e4d0ddef7b7fa7f822e3d0809e031cef619c6e64e621ebc4a1548ac80d"
"provengo_project/products/internal/artifacts/1/1/430.txt","77","52369298de9791dadbe2892c467bc19ee3697c8db387b0106e7a0238d87e16a7"
"provengo_project/products/internal/artifacts/1/1/431.txt","1216","1eba7e1ca448c0431076dd34ef2658e48a2e3667148c99d10344e5144f5200a4"
"provengo_project/products/internal/artifacts/1/1/432.json","875","40108ca8a3acdea98c0017d163571c4cab5bd92e54272d835608457891bff04e"
"provengo_project/products/internal/artifacts/1/1/433.txt","483","2333db961d377d9bba8dd8237b37e9080ce7d7839da64944f5cda4d92cc00ac4"
"provengo_project/products/internal/artifacts/1/1/434.txt","498","75e34217ade4b8779ac17388a969c11ea70e4e44079b0a316f14d3a0e6a9152b"
"provengo_project/products/internal/artifacts/1/1/435","178","e8a6f980df751b265996b2df0c3d152cd581b975d3a42ad5666580b5c306716d"
"provengo_project/products/internal/artifacts/1/1/436.txt","483","6636945a3d0477c1ac6026d081ad562572419f3717632316b570bb8d75a691ae"
"provengo_project/products/internal/artifacts/1/1/437.txt","498","287c368bf36bb7e06fb19ff9ccf906f247ea2916d7ae73a7cfc94055205ffbd1"
"provengo_project/products/internal/artifacts/1/1/438","178","e8a6f980df751b265996b2df0c3d152cd581b975d3a42ad5666580b5c306716d"
"provengo_project/products/internal/artifacts/1/1/439.txt","143","9f17788156c2fc08cd77f47fd879e3984653b3da66d1b98dbef9042c8ec14ae5"
"provengo_project/products/internal/artifacts/1/1/44.txt","1946","e7a5ccd0de75e5b61d3ef486bcdbee7c3c1f1f1d1644790763f6ff72ae44137d"
"provengo_project/products/internal/artifacts/1/1/440.txt","1216","dd8aa4a7b48714a05ff3e4e68099482a1c551165f0f5372e7f1144b4c43c79a3"
"provengo_project/products/internal/artifacts/1/1/441.json","875","40108ca8a3acdea98c0017d163571c4cab5bd92e54272d835608457891bff04e"
"provengo_project/products/internal/artifacts/1/1/442.txt","388","73eb8f271c11852788fa3126ce811d846a7f584143e6b548e3605a02e6f4844b"
"provengo_project/products/internal/artifacts/1/1/443.txt","824","d72b77d48f0d05281ea5cf3d00f5798116d8b82d97d551fd212611e2f45f8796"
"provengo_project/products/internal/artifacts/1/1/444.json","579","57db9adb6af384957800b9685bffedbcb0ef4337ced850c4b0751729f6701db7"
"provengo_project/products/internal/artifacts/1/1/445.txt","1112","6fe2303b1632d1caa4bc7f59966d0c00b47ce416e53d70ba361d5f2e49e0809d"
"provengo_project/products/internal/artifacts/1/1/446.txt","2473","74c791e2977445c9c57bb5de794d31944949cc758a7922945cd6eb39e27c0c10"
"provengo_project/products/internal/artifacts/1/1/447.json","2331","a058f0d973839f23b9cced31af1c633d035ce50caad46f2e4e4dcd678058f214"
"provengo_project/products/internal/artifacts/1/1/448.txt","139","161609a0b9c6f06fe6c6a2469b631d80435fe59df287b368223c7a97d2d099d0"
"provengo_project/products/internal/artifacts/1/1/449.txt","1216","ffb54ebd6a540bd5e4bd9bbd3e84c657f5d8ab977f8d08ae49b67775a08ee77e"
"provengo_project/products/internal/artifacts/1/1/45.json","1643","3e3f9d59b2a5cc9243b1331aa7ca8ad28dc61dd8ed6a90a329156e3cda0378d2"
"provengo_project/products/internal/artifacts/1/1/450.json","875","ae4ce77faa34d857d822fd47c224abbcd8ba236aa567bc94587f3388f16a670c"
"provengo_project/products/internal/artifacts/1/1/451.txt","80","43a996d2012af6a3080ce4e6e65edb3968645c7110a442b3d0793ac68f540087"
"provengo_project/products/internal/artifacts/1/1/452.txt","1981","9bd04b2825ec56abcec5e1e9f547744e5d0825cccf30dd5d6bc2e44c473c98cd"
"provengo_project/products/internal/artifacts/1/1/453.json","1670","a9ec0125f5af29679ccca18627ab263648631558fd8fc9242637def121fe7ce7"
"provengo_project/products/internal/artifacts/1/1/454.txt","232","ede4a03688f2a69687feb1d6ed69932754cd096f70867fe5c9b42656dd80db2c"
"provengo_project/products/internal/artifacts/1/1/455.txt","575","300b08d5de05789498c3735ac81c4b257dda8a47e04ee1da9b7f0c6feaf25425"
"provengo_project/products/internal/artifacts/1/1/456","255","094225da689d814b8ae9b6ebe6bf6d45a330df0aa252aa326cf06609612edc41"
"provengo_project/products/internal/artifacts/1/1/457.txt","232","445686740d4a1427a8d81bbd3590f8c5ab17339a644aee49df9521be6d66de7b"
"provengo_project/products/internal/artifacts/1/1/458.txt","575","1d565c9d1cf50be6add8a9003ace397ea612c88274fd891a4b937559e97d0063"
"provengo_project/products/internal/artifacts/1/1/459","255","5ea08500a3be4c9e68cf46ce88c081f5698afc6d741b452f371af14264cf9eca"
"provengo_project/products/internal/artifacts/1/1/46.txt","45","8a0e0439acd6a966782c058d006380a5e58c27d1859b34ec127352dc570158be"
"provengo_project/products/internal/artifacts/1/1/460.txt","146","caf7bc251c94379c4a6f06a923736e3267296328200f5585c24060cb4db7e5ed"
"provengo_project/products/internal/artifacts/1/1/461.txt","1981","7ebfd1c54e4e808050cf6711077807c072de3d598aa6c28101c26f0fc8a5209b"
"provengo_project/products/internal/artifacts/1/1/462.json","1670","a9ec0125f5af29679ccca18627ab263648631558fd8fc9242637def121fe7ce7"
"provengo_project/products/internal/artifacts/1/1/463.txt","111","9fd5c86ee6ac87fc93a7ee830a17d82c3b94fad90a617f502424b4fdbf38467b"
"provengo_project/products/internal/artifacts/1/1/464.txt","211","cc770bd00e58c7d61f43e7efbabab963ece6eb5e57b4f32f6ba8a529e74de02d"
"provengo_project/products/internal/artifacts/1/1/465.txt","0","e3b0c44298fc1c149afbf4c8996fb92427ae41e4649b934ca495991b7852b855"
"provengo_project/products/internal/artifacts/1/1/466.txt","602","701567e87c3becdf66e4d335c2eb41802467983ebef2d8f34d011192c5903d9f"
"provengo_project/products/internal/artifacts/1/1/467.txt","2093","7c93770000d0bcaf38551d4a32a8542e791e726520fa674ef33d3965d5503f82"
"provengo_project/products/internal/artifacts/1/1/468.json","1951","9bec7dbc07dd5a418cfcc41cb4a8cb1de0eb46b36f23bd94e82b5427e579decd"
"provengo_project/products/internal/artifacts/1/1/469.txt","142","d4efb4b478f4e9ddf7a23db55672d72653b4dd89ac4f668a70ad40a5477e9208"
"provengo_project/products/internal/artifacts/1/1/47.txt","1216","115c92eaed646a7c96fa54de6ed20f89a2813e32d4184e704e108357759fdc81"
"provengo_project/products/internal/artifacts/1/1/470.txt","1981","0e21b290636dfd214662f6b0018d158265ec057f23445fded418fc0682c092a0"
"provengo_project/products/internal/artifacts/1/1/471.json","1670","a9ec0125f5af29679ccca18627ab263648631558fd8fc9242637def121fe7ce7"
"provengo_project/products/internal/artifacts/1/1/472.txt","77","52369298de9791dadbe2892c467bc19ee3697c8db387b0106e7a0238d87e16a7"
"provengo_project/products/internal/artifacts/1/1/473.txt","1216","90a9453ab05fcf3d5255fa97175dfba3990a97f1eefb90492940b34f5dd839f0"
"provengo_project/products/internal/artifacts/1/1/474.json","875","ae4ce77faa34d857d822fd47c224abbcd8ba236aa567bc94587f3388f16a670c"
"provengo_project/products/internal/artifacts/1/1/475.txt","199","76f61216d47b1461c734612641b55deb5b29e1166937409e528a815743034e7e"
"provengo_project/products/internal/artifacts/1/1/476.txt","1037","e35d9f630f3d9319b2a9f1fa885268337fe6f820fe8c80611f98ccda91b1756d"
"provengo_project/products/internal/artifacts/1/1/477.json","792","9077af59d0c529f9d5c4f1b36a2dd706688ac788cbd6663ccd090a19bce3d687"
"provengo_project/products/internal/artifacts/1/1/478.txt","200","fc1d53e001959714300cb280325df327b6e20e8245130b4e0ca1c213421ccd84"
"provengo_project/products/internal/artifacts/1/1/479.txt","1029","09d5a7f911df5842648474fc344f167ad82f82f00b7330fbd984f0d4edab94d5"
"provengo_project/products/internal/artifacts/1/1/48.json","875","3c5c64bdcbdb48798ff464052555a468a93961dcec8ffc6ff8b6dbed80817311"
"provengo_project/products/internal/artifacts/1/1/480.json","784","1df73a9f63051494412500fcd18a0c30d4685bf8020dc0b084b9cfa772500ef2"
"provengo_project/products/internal/artifacts/1/1/481.txt","143","385d002475d89987633d73cce44208958b9e1b3986ee87f09723183a7e98ea25"
"provengo_project/products/internal/artifacts/1/1/482.txt","1216","cd39fa965a96ee56f329273e022f60c16277eb5df362eb27338145be70217a1b"
"provengo_project/products/internal/artifacts/1/1/483.json","875","0c34179c34878924e64e732a5ec5aa89f359f99e502c81ada986d645bebf706d"
"provengo_project/products/internal/artifacts/1/1/484.txt","105","ea7375525ef5dcc00f5832f2280010c46e42996b2e88d366c68a17cd5a2d00ac"
"provengo_project/products/internal/artifacts/1/1/485.txt","211","b0c43feb4f91f558b23d3fcf8d5bd3e2c6cd99ac44ac16a909f64eaef0b23879"
"provengo_project/products/internal/artifacts/1/1/486.txt","0","e3b0c44298fc1c149afbf4c8996fb92427ae41e4649b934ca495991b7852b855"
"provengo_project/products/internal/artifacts/1/1/487.txt","528","0366405f70827195a04c02e9f6f43e64acb53839188041b174f5dead6c8abc27"
"provengo_project/products/internal/artifacts/1/1/488.txt","2307","58c7e88f7d90dd4daf21944e37497ee7226e75bdefe095869a32e27cc006b82c"
"provengo_project/products/internal/artifacts/1/1/489.json","2165","c86476d5e75d34384f6cd3a0753d3237cc0bdbbb5b1e32ccd26f38b8c481d87b"
"provengo_project/products/internal/artifacts/1/1/49.txt","116","8f4ced63b4a2b84a0bd31126b47d2d63f95f9d209da2eeec9e99a111e2f93aab"
"provengo_project/products/internal/artifacts/1/1/490.txt","139","be2bfcbf4ada92438774e9d9fd12c59e059c9ae037143afce946d6a3104c00bc"
"provengo_project/products/internal/artifacts/1/1/491.txt","1215","ff6a191a233de922183567aa2a3b9b1548c42ff501d46f44198588ceb103fc1d"
"provengo_project/products/internal/artifacts/1/1/492.json","874","b749ceefd4a35857ddc9365f050b0c8655cf2e1876b68eeb3ff5f009af835b29"
"provengo_project/products/internal/artifacts/1/1/493.txt","80","43a996d2012af6a3080ce4e6e65edb3968645c7110a442b3d0793ac68f540087"
"provengo_project/products/internal/artifacts/1/1/494.txt","1981","1d8f4e3447adcd39666424f6e7e9dc6583016d6f02c65f79ddb5a42896878c54"
"provengo_project/products/internal/artifacts/1/1/495.json","1670","e70b5f58e39c81eccfb1c1e43817d0c1776f3bbceffa70d215ca02b9bec03f32"
"provengo_project/products/internal/artifacts/1/1/496.txt","212","7ee56f42e2a1f0f5f68dd8ba140e7cda118975b8459a070043db4faf1d35eda8"
"provengo_project/products/internal/artifacts/1/1/497.txt","473","fd9a092dc60070e3d3a74ded452a3a85f5345ef49a8c60bed8b7fec7e23c3066"
"provengo_project/products/internal/artifacts/1/1/498","153","81c30016a3337453c785880616943ef3641e2017f9ea05a96a43a39944c7f485"
"provengo_project/products/internal/artifacts/1/1/499.txt","212","76372bd2ce237d95f94f5785d222ea7a5d949939b1963d367ca882cce424b27b"
"provengo_project/products/internal/artifacts/1/1/5.txt","2046","5c18a37942a8b93a085c8c5819cea6f6f4698060ac487791b17c7146841e94da"
"provengo_project/products/internal/artifacts/1/1/50.txt","533","345c6c0f027bc66887e093ed3c9928b89c92ef78bad5dbc80afc10a60b67688e"
"provengo_project/products/internal/artifacts/1/1/500.txt","474","fe696914b1fd20bfdc22f079db674ba2926ae9c07a60c4ebe12fdd1ef060d41f"
"provengo_project/products/internal/artifacts/1/1/501","154","5814c7690ce103cd9a3fe1ed54c60634acd9df19a457928d404509606b56c3ce"
"provengo_project/products/internal/artifacts/1/1/502.txt","146","ca65c47c15407f68fa84ad631e58d4aadec60b6694f0aea91d6860a5d2e4407a"
"provengo_project/products/internal/artifacts/1/1/503.txt","1981","dabc708842bcbf353de4d73d026c81748f55e2bf437b7492b0b0e30892e277c8"
"provengo_project/products/internal/artifacts/1/1/504.json","1670","e70b5f58e39c81eccfb1c1e43817d0c1776f3bbceffa70d215ca02b9bec03f32"
"provengo_project/products/internal/artifacts/1/1/505.txt","117","1a8f6eb23f7d31b21a5df301ac96cd786b250d9d1dd2ce60cd2f83faf21e0170"
"provengo_project/products/internal/artifacts/1/1/506.txt","211","d9b448d3b58e3ad1613c3612537bda573b03970a3b639ba75664a6994a2936dc"
"provengo_project/products/internal/artifacts/1/1/507.txt","0","e3b0c44298fc1c149afbf4c8996fb92427ae41e4649b934ca495991b7852b855"
"provengo_project/products/internal/artifacts/1/1/508.txt","569","64ffeecc5518b95a7406efe5c15e5779407b514847c6c85887a49cc000b6e803"
"provengo_project/products/internal/artifacts/1/1/509.txt","1856","b8780e8a86e412904b0d6ae49de22e8d258042fae52e1592d3f53cd5632d4715"
"provengo_project/products/internal/artifacts/1/1/51","213","3ebc80bad85a7ac33b435a5a70369eca12110b72f4e2109f2224df9416078821"
"provengo_project/products/internal/artifacts/1/1/510.json","1714","ddfcb4223ce5afe67d60463eaa9703316a91593877a8ecbeea68985d702e471c"
"provengo_project/products/internal/artifacts/1/1/511.txt","142","151f8276102189d0d28d52b79d6842b362cd649eaa08eaf35e9b6dbc3352caad"
"provengo_project/products/internal/artifacts/1/1/512.txt","1981","9599c322ff7d902ce672ac6ba3f158d9d70c38870754fa30214203df398fcd3d"
"provengo_project/products/internal/artifacts/1/1/513.json","1670","e70b5f58e39c81eccfb1c1e43817d0c1776f3bbceffa70d215ca02b9bec03f32"
"provengo_project/products/internal/artifacts/1/1/514.txt","77","52369298de9791dadbe2892c467bc19ee3697c8db387b0106e7a0238d87e16a7"
"provengo_project/products/internal/artifacts/1/1/515.txt","1215","910a24e7505b2e592aa4969ca68affb1938dce5d961cd2d4bcf962270ef261e1"
"provengo_project/products/internal/artifacts/1/1/516.json","874","b749ceefd4a35857ddc9365f050b0c8655cf2e1876b68eeb3ff5f009af835b29"
"provengo_project/products/internal/artifacts/1/1/517.txt","482","cc523e4848747dfb7b9dcb22b391a782d60f1e68dc6993b74f770dd5614178cd"
"provengo_project/products/internal/artifacts/1/1/518.txt","823","a897338181ac906e866e98cbcef59e597f811831a986e3a13253a701b5593a07"
"provengo_project/products/internal/artifacts/1/1/519.json","578","7536e991b84fa82458ef617ac3f4937f828a4562f1f55bf93990595d23742d4c"
"provengo_project/products/internal/artifacts/1/1/52.txt","46","9b90876e411857fd75d14660063a18dd267ee254d8eed714c71e32688e4ce87a"
"provengo_project/products/internal/artifacts/1/1/520.txt","483","6b017c8b830940c4f1bb2d726b2c0bcf74eaacdd89e94a8503fcd9b7acfedfc6"
"provengo_project/products/internal/artifacts/1/1/521.txt","824","b10f0a0a9c9bb7bae3461c21398ab2016d5cd2be6ba56761160c014c1c7b708b"
"provengo_project/products/internal/artifacts/1/1/522.json","579","4c4b971f8a35204d1b2d07d10fce965d619f63e9982e54988c2ac0f76d85d231"
"provengo_project/products/internal/artifacts/1/1/523.txt","143","e9203e67add351e3dd2e1498917da8890cd41794dc5114767ce486223ce06216"
"provengo_project/products/internal/artifacts/1/1/524.txt","1216","d6944d0e67b3a90f040ab2766caa0e0c223bed43e4db84e66697b9107e83bfeb"
"provengo_project/products/internal/artifacts/1/1/525.json","875","2bfc9b26be9b05ea6ce0d7ec39c1111cb0300f1278113bbbca047ca12182c447"
"provengo_project/products/internal/artifacts/1/1/526.txt","387","521a9f78c1d331958d1e312c80805670e9d81983acff0b4a1afce93b61677810"
"provengo_project/products/internal/artifacts/1/1/527.txt","833","43fba7f1f3999f6b28b0bb31de11ecdbd4984850f5d21c2c7b90c572fc0e2e87"
"provengo_project/products/internal/artifacts/1/1/528.json","588","247de2e480bb31d7e29239dc5277c0b61957ad87b14fd2af539f437d4ae90c29"
"provengo_project/products/internal/artifacts/1/1/529.txt","1090","90f4e08002f32581cc5cfb9bc3d7cef79f4d298ea45081c7b563e5d451cd4fdc"
"provengo_project/products/internal/artifacts/1/1/53.txt","686","f5fb53a9fc9f87701145f335aacc2011565344e214e728d7fecd2d0e57c316ae"
"provengo_project/products/internal/artifacts/1/1/530.txt","3252","ca42e0b4eb87e79a49e2ca50e09346e6eb18ff67076a929951b80369fe4308c6"
"provengo_project/products/internal/artifacts/1/1/531.json","3110","63fbfd1971a7e297e4e1895283bf3596a7670ff547b36204b0b64a320af11583"
"provengo_project/products/internal/artifacts/1/1/532.txt","139","c147bc448303fec4012aa9bd33ea11153fb62957cd36866dd0441b7c77abbb3f"
"provengo_project/products/internal/artifacts/1/1/533.txt","1216","14458f16fe73c8da6a8b6e4a0bd84eed25f74b5f6079d885b7771a8510b86011"
"provengo_project/products/internal/artifacts/1/1/534.json","875","d1858f4e75f27434e62fc90b0534967335a78451a56b51ab4e13952ece53994e"
"provengo_project/products/internal/artifacts/1/1/535.txt","77","52369298de9791dadbe2892c467bc19ee3697c8db387b0106e7a0238d87e16a7"
"provengo_project/products/internal/artifacts/1/1/536.txt","1216","84ac00d9dba03a55a67ac8caa00486e922eccb4eabc57b53598a62890c3ae035"
"provengo_project/products/internal/artifacts/1/1/537.json","875","d1858f4e75f27434e62fc90b0534967335a78451a56b51ab4e13952ece53994e"
"provengo_project/products/internal/artifacts/1/1/538.txt","217","36cf7885bc584f02be89735e7341abba8f56cac4c4002cefff1b53b1fca3254e"
"provengo_project/products/internal/artifacts/1/1/539.txt","493","a7aa985cca0b4fa90e4db513ae386eac378260b7a4c66984bd79d4a808e9f99c"
"provengo_project/products/internal/artifacts/1/1/54.json","347","fddfda00af2a72c23607632a7b828a079946276de25e612da2a8ff1a33e8364a"
"provengo_project/products/internal/artifacts/1/1/540","173","5b237d4dd0fcdc52738d664d619e0bd569689e76e788bf797ac74db9551661bc"
"provengo_project/products/internal/artifacts/1/1/541.txt","217","9a991878748d6a0324424795c64360b687de222205806bf8712a2cdac5c95356"
"provengo_project/products/internal/artifacts/1/1/542.txt","493","5840dc0c1db369dbf7b2e23316b3fcb6fd81b97b3b84bb68050e5a3f615fa1a5"
"provengo_project/products/internal/artifacts/1/1/543","173","5b237d4dd0fcdc52738d664d619e0bd569689e76e788bf797ac74db9551661bc"
"provengo_project/products/internal/artifacts/1/1/544.txt","143","8953affb9e8ed30477fa3109291e31fab0fa1212403367fdd4646943d869a446"
"provengo_project/products/internal/artifacts/1/1/545.txt","1216","0d20f7584484962104973f76044ec3b45b5995f15913d9c655ab587f8d4c2960"
"provengo_project/products/internal/artifacts/1/1/546.json","875","d1858f4e75f27434e62fc90b0534967335a78451a56b51ab4e13952ece53994e"
"provengo_project/products/internal/artifacts/1/1/547.txt","122","46e11bf5fd0e507cf8c65cb7d7c6bd4af9c411fd91676d893f9ffa76a9cca25f"
"provengo_project/products/internal/artifacts/1/1/548.txt","211","ee0789d07fa21bcf37818e234e4bc7f03a1331410e44fea84479f9c34d7b150b"
"provengo_project/products/internal/artifacts/1/1/549.txt","0","e3b0c44298fc1c149afbf4c8996fb92427ae41e4649b934ca495991b7852b855"
"provengo_project/products/internal/artifacts/1/1/55.txt","87","eac8fe75840b21dcb37bba16b80dbdc054d99b47e767fdbaedd97b3ebf6724b8"
"provengo_project/products/internal/artifacts/1/1/550.txt","584","fa36dad5fb23aea4b7af9b593e2d37985f9b7e4fa5abf7971bdb0128aef7f426"
"provengo_project/products/internal/artifacts/1/1/551.txt","1911","fbd86f1311ba068f9c3ab86ffcca7328755cc0e733ddc4f8826bfcc3eeee9507"
"provengo_project/products/internal/artifacts/1/1/552.json","1769","e478bdd90c3677deffbf9d2f8a0e9524d38930783e417e36ba59e9413ab88478"
"provengo_project/products/internal/artifacts/1/1/553.txt","139","dbfc530e891cfa21c28e707e5d34ca83550080d61530b21f2dcd28e427fd1ae1"
"provengo_project/products/internal/artifacts/1/1/554.txt","1216","bef0b0d1ccd0037deec7f0f51b442c92793f082e4675791b431e2bd4eab1328f"
"provengo_project/products/internal/artifacts/1/1/555.json","875","d1858f4e75f27434e62fc90b0534967335a78451a56b51ab4e13952ece53994e"
"provengo_project/products/internal/artifacts/1/1/556.txt","77","52369298de9791dadbe2892c467bc19ee3697c8db387b0106e7a0238d87e16a7"
"provengo_project/products/internal/artifacts/1/1/557.txt","1216","ac021eb3f057e4b0e27555a62bec6e13320e0f4c4b04bb54145c84e2523e7528"
"provengo_project/products/internal/artifacts/1/1/558.json","875","d1858f4e75f27434e62fc90b0534967335a78451a56b51ab4e13952ece53994e"
"provengo_project/products/internal/artifacts/1/1/559.txt","201","3b5aa31783ef3770d1ea97421ac08879e17820c067ba21fbe7cc2fb8d4d2130a"
"provengo_project/products/internal/artifacts/1/1/56.txt","448","27c06d00969fb174f20c7f53c9aeb31b6adc425e01832004778090edaa6155c4"
"provengo_project/products/internal/artifacts/1/1/560.txt","1029","0fa1dbe325d1a19eb88f1277c21105e6675adb712a419fea4ffb365a83cd931a"
"provengo_project/products/internal/artifacts/1/1/561.json","784","0c6adc8fa0cc56f22793f6d87c7caead13c0c5fd19e20cab185738a6db39e0ed"
"provengo_project/products/internal/artifacts/1/1/562.txt","201","5417ab5e03f3de367201d6bd6434359b560f855f857e1566f3aebdf05e1c851f"
"provengo_project/products/internal/artifacts/1/1/563.txt","1029","6fc254b9373911a2348f723cc01ba82f6d828d09547bcc4f56390601783fa608"
"provengo_project/products/internal/artifacts/1/1/564.json","784","741eb88102efd87247c5b9ab9f3b46ac3ffa35c385d0e552e0a16b54fe9f7dad"
"provengo_project/products/internal/artifacts/1/1/565.txt","143","0791b653e22e77c79a25af6ff686b8c746a634c1536338114b09f938eb96bed3"
"provengo_project/products/internal/artifacts/1/1/566.txt","1216","5a398f59ebf3212beefe49814ba85d2203bc91221bcc8870d6493ef5d2c679e1"
"provengo_project/products/internal/artifacts/1/1/567.json","875","8dfc105851ff1d9bd8b43c411cea5eb5dbadee9daf7a071c452d9e3618b903ec"
"provengo_project/products/internal/artifacts/1/1/568.txt","106","7f5ae7437a266ea9b9212475e857900d8fdcb14e870bd4872b9416887cf201e3"
"provengo_project/products/internal/artifacts/1/1/569.txt","211","e6852a6e36de5c2fa95f9a4193f4cff69b3344884cdc5967c2754487b61f5b46"
"provengo_project/products/internal/artifacts/1/1/57","128","ff2af6dba2fe3bcb4ab4c283e4e949d7b0583f13436dc69e186ef8cb3333ef1d"
"provengo_project/products/internal/artifacts/1/1/570.txt","0","e3b0c44298fc1c149afbf4c8996fb92427ae41e4649b934ca495991b7852b855"
"provengo_project/products/internal/artifacts/1/1/571.txt","536","8696ffd92a6628e724e36bc08d1a9e1f3a53ae6f7b504adda14b5c11758f0f84"
"provengo_project/products/internal/artifacts/1/1/572.txt","3085","8f2095a5c327349b9d38b940dedb8aad7a80ea08b60a5d45e02a2523728695f8"
"provengo_project/products/internal/artifacts/1/1/573.json","2943","def3aa669871babfd967dfba4eebfda183f944e9ab6e0b1e081b1ef1ca8bcd11"
"provengo_project/products/internal/artifacts/1/1/574.txt","139","52e33d29bf3ee5eaf05f798695bc5d2916ff9da7905c12620b1a2edfa38d3bf4"
"provengo_project/products/internal/artifacts/1/1/575.txt","1216","dac7ceaa2a681a346117679a361d96879af5435072e41a71620d9bb20acea742"
"provengo_project/products/internal/artifacts/1/1/576.json","875","83b4ae8b6f47031cc2ac714624dc2728b8b92e3aabf0526f98018fb139a76869"
"provengo_project/products/internal/artifacts/1/1/577.txt","77","52369298de9791dadbe2892c467bc19ee3697c8db387b0106e7a0238d87e16a7"
"provengo_project/products/internal/artifacts/1/1/578.txt","1216","de206bf5091c264191d37a9a9733f23bbfe92d19fda14100c9f352081bf4bb90"
"provengo_project/products/internal/artifacts/1/1/579.json","875","83b4ae8b6f47031cc2ac714624dc2728b8b92e3aabf0526f98018fb139a76869"
"provengo_project/products/internal/artifacts/1/1/58.txt","90","29df9deac28765444c484f0c6bca32b17d4a8546cfd2db473b3eb62d962b412f"
"provengo_project/products/internal/artifacts/1/1/580.txt","201","b236499ab26dd5effd880c3b6c68fbedc429d3609640e6342b1fce35d35aa381"
"provengo_project/products/internal/artifacts/1/1/581.txt","1029","70ae84223bfa8d3ee652ce6bcbd9e8bdf53359c3cd0d68e17718a2af77e8f2b8"
"provengo_project/products/internal/artifacts/1/1/582.json","784","b2ef1d4cade737e8867551b79c2fd56115a99e714077fd04c8501f97389cf94f"
"provengo_project/products/internal/artifacts/1/1/583.txt","200","c6c4e2b4868ab1a4fa76f5e1f158d9a98f2ef7617d2890ef44bf076338d9201c"
"provengo_project/products/internal/artifacts/1/1/584.txt","211","88f1a398bcce55d8189b852f840a45465f7e7559610cd8518b8e2824eaf4bd40"
"provengo_project/products/internal/artifacts/1/1/585.txt","0","e3b0c44298fc1c149afbf4c8996fb92427ae41e4649b934ca495991b7852b855"
"provengo_project/products/internal/artifacts/1/1/586.txt","143","810d4000583506d0e1af9f014e2b967291160ae681e87b274d94e52291d806d7"
"provengo_project/products/internal/artifacts/1/1/587.txt","1216","2dbf68f7e2cba07483048ff44a1af640a9b91f4707ad0638e0a5be7f8bc8c60f"
"provengo_project/products/internal/artifacts/1/1/588.json","875","83b4ae8b6f47031cc2ac714624dc2728b8b92e3aabf0526f98018fb139a76869"
"provengo_project/products/internal/artifacts/1/1/589.txt","119","7d017dd16bbccac7e5b901de832bd8c9ecb779ad7cbd23a1739ed166ef2fc12e"
"provengo_project/products/internal/artifacts/1/1/59.txt","533","8aa0e1ce6184df023f620f70e01e54cb64fd5e76bb1323451bbdbc9cc1190891"
"provengo_project/products/internal/artifacts/1/1/590.txt","211","84333388caeba6e9567b36759ddfa62d83e5ebb78410a2f23a0a1c95acea5cbf"
"provengo_project/products/internal/artifacts/1/1/591.txt","0","e3b0c44298fc1c149afbf4c8996fb92427ae41e4649b934ca495991b7852b855"
"provengo_project/products/internal/artifacts/1/1/592.txt","539","e94dfdc4f7c8a2a8abd7b2bbd064ad9ba08eb9b11ea83988ab5cc371cb2b9d25"
"provengo_project/products/internal/artifacts/1/1/593.txt","2308","864d4cf060182a969f3106fb6832ed6347db745d04849bde640165a07ccdbc49"
"provengo_project/products/internal/artifacts/1/1/594.json","2166","69f3171836df04ff073bb880b981770083ec2ae3cd2a26dbaa9acaa5fcd93adc"
"provengo_project/products/internal/artifacts/1/1/595.txt","139","8049db071a517e2bb9f30848c0df3c77bb6af6647e508c1b204f4ffb3f84e6ac"
"provengo_project/products/internal/artifacts/1/1/596.txt","1216","0c7dbb76e3b8227e1c092df476b937ffccb581f819facdf4a119d9a0ca16dd0d"
"provengo_project/products/internal/artifacts/1/1/597.json","875","191d484372e8ecfce28070a9174c3f25a23b498b13344ba87f4da7136323bbfc"
"provengo_project/products/internal/artifacts/1/1/598.txt","78","b0aa1178211aede5372eca9fa9e6873d9681b07510854a0ff37ff1b003324776"
"provengo_project/products/internal/artifacts/1/1/599.txt","704","ac6b5a3a4facc51660b45ac6c1ae0a4d0402040ebd3c195f49b2fb1406f34d23"
"provengo_project/products/internal/artifacts/1/1/6.json","1743","6184f2f47584afe12af299ebb666028d40f7877684b1e22c3fa770496faf71a3"
"provengo_project/products/internal/artifacts/1/1/60","213","3ebc80bad85a7ac33b435a5a70369eca12110b72f4e2109f2224df9416078821"
"provengo_project/products/internal/artifacts/1/1/600.json","365","c05d98df63fabc9aa5bbd3f12489fa0811582efb4d682940b4f922364d49dea9"
"provengo_project/products/internal/artifacts/1/1/601.txt","265","d582eb1a3d560c2e636c0046c16f52606c4020249a713bc93dcb030d126ceabe"
"provengo_project/products/internal/artifacts/1/1/602.txt","577","f3ca53f6c79feda9db6361ff848ad7fb68386d2224eeb93af5bbf0a4198e1423"
"provengo_project/products/internal/artifacts/1/1/603","257","081d654cffd2643469d691caf3756edf8d15befeb50db7665a1554db4db41b8d"
"provengo_project/products/internal/artifacts/1/1/604.txt","265","a7e2693960a5151e4b3c4fe0063ef87b4fee2bad3079dc080ece0a241e24a885"
"provengo_project/products/internal/artifacts/1/1/605.txt","577","b29fe54cc7fe015ebe5edb05cd2b1f421b2c15a7a95aaa1109be43a3da033ef2"
"provengo_project/products/internal/artifacts/1/1/606","257","2de9b63e9a1118643835eda2451e3c8dec48f0ffa97338c9958bb01aa4b101d6"
"provengo_project/products/internal/artifacts/1/1/607.txt","142","60186fe0b3f5162daf4f4c2ab1c54b6615c623ee31f2b7625a4e0b5e9316fd50"
"provengo_project/products/internal/artifacts/1/1/608.txt","704","64f2dd6d308e51574787141b9e2d549910660e2a1288f035fcb49d6d17272231"
"provengo_project/products/internal/artifacts/1/1/609.json","365","c05d98df63fabc9aa5bbd3f12489fa0811582efb4d682940b4f922364d49dea9"
"provengo_project/products/internal/artifacts/1/1/61.txt","323","ba6f77bfa0191fbfe7ea49cdb88a52132c0334836a6e9050e3f5467b06d747fa"
"provengo_project/products/internal/artifacts/1/1/610.txt","147","9442d54756b91cae3c331323c2488bbb7131cc0f489f145cdfb91750a2de5919"
"provengo_project/products/internal/artifacts/1/1/611.txt","523","f697528c0afa5882caac4d4076209d44e1d505d8e9bf735c9dbcac0ef00c8797"
"provengo_project/products/internal/artifacts/1/1/612.json","278","bcb5e11695f013817730514680da72a6c6de2346567a65c5d7182dc2c368c560"
"provengo_project/products/internal/artifacts/1/1/613.txt","662","2fa38e716f6d591aa6bb0c2f4bdf4eeca8c678ec15ca9ec6bfdca2642850166a"
"provengo_project/products/internal/artifacts/1/1/614.txt","2181","2cd1494ea0eb0179e8706ee4a943188f6714de1731a1b64faad206cd9e5bd6e9"
"provengo_project/products/internal/artifacts/1/1/615.json","2039","ff634e281cb74744cec65e04fae7a4ffbfeb8635612aeecec2fedca7a785c0cb"
"provengo_project/products/internal/artifacts/1/1/616.txt","138","689a23d8bf0d903c9d43feb3e7d60e38298c507408d6d04a941a800f7b5a9114"
"provengo_project/products/internal/artifacts/1/1/617.txt","704","f61a6806ad7615f188062a7d410fc937074f08692257b24fb20e0c6124b128a8"
"provengo_project/products/internal/artifacts/1/1/618.json","365","7068184649d9405ff71990e69c012913f82916bf808686cb7c5ca3e2aa8ac542"
"provengo_project/products/internal/artifacts/1/1/619.txt","77","52369298de9791dadbe2892c467bc19ee3697c8db387b0106e7a0238d87e16a7"
"provengo_project/products/internal/artifacts/1/1/62.txt","1947","2706656392f792664a3b7ec338833fb2cbed1e99daab76091817be2b7123843b"
"provengo_project/products/internal/artifacts/1/1/620.txt","1216","1254a7d984f8edc63bab86da16316857e0dbc80b487553fa29381e17550d302c"
"provengo_project/products/internal/artifacts/1/1/621.json","875","191d484372e8ecfce28070a9174c3f25a23b498b13344ba87f4da7136323bbfc"
"provengo_project/products/internal/artifacts/1/1/622.txt","483","41a4a1363f1181802411b614d6fc52aa5f75fe9d21cb7da34518a88c6d41be27"
"provengo_project/products/internal/artifacts/1/1/623.txt","824","0b23d29ba774abf2738952662c8df4d746029cdd1e13023959de7eb5bdd5f10e"
"provengo_project/products/internal/artifacts/1/1/624.json","579","4d33edc7949fcf59e3c5537c5f1415ce98949c37e1774534b7f0d5ca3ea081bd"
"provengo_project/products/internal/artifacts/1/1/625.txt","483","0dc697f428ef23acce003fdd325190f5a1cf01fb35d7a1de785ead979512c595"
"provengo_project/products/internal/artifacts/1/1/626.txt","824","7af1476bdf603d6f9f546c56ae2c974fb25ae75a597c201a791049a041fbb547"
"provengo_project/products/internal/artifacts/1/1/627.json","579","18f229b731727e5e68248d7f7a1f5084541dc5c308db6b1bf2ec48859ef9b2f9"
"provengo_project/products/internal/artifacts/1/1/628.txt","143","575f7bc183affca429ce064ad2055cacc6c389e4f90364058af5d9df6b5436a2"
"provengo_project/products/internal/artifacts/1/1/629.txt","1216","c605cccf963d51f523ae8049093e418c629d5adaf834668ff6d913c58556b02e"
"provengo_project/products/internal/artifacts/1/1/63.json","1644","8e8c11f482a19c3cddbb1a87c4ff91ccc4f33a27878eb65d4be0eb29028e2c81"
"provengo_project/products/internal/artifacts/1/1/630.json","875","73edf704dbfef23df1c77cf7ddee8271427b4f31204ee55cea05e058ff083ba9"
"provengo_project/products/internal/artifacts/1/1/631.txt","388","73eb8f271c11852788fa3126ce811d846a7f584143e6b548e3605a02e6f4844b"
"provengo_project/products/internal/artifacts/1/1/632.txt","824","f1312812adc0a43220a6b37d41cde2f06c40587a12a3a9092d6f5bb7af6f6137"
"provengo_project/products/internal/artifacts/1/1/633.json","579","d9c802b46fa882adef6d25cb0a5f080b291480a605ac475f7a24325512d0fe12"
"provengo_project/products/internal/artifacts/1/1/634.txt","1096","f7ec90ba53d089c841dd0d1bad5c0644651babdd65de8dffb9c9702045d3479c"
"provengo_project/products/internal/artifacts/1/1/635.txt","3259","fea29eed3de4df504cd7fa462055ac9be59c476d71a529f19dec5c8911f4c516"
"provengo_project/products/internal/artifacts/1/1/636.json","3117","37927991d8ccc0b98e79d246fbbc1b19e75eaa2a0c15923a04c11762c6e948a7"
"provengo_project/products/internal/artifacts/1/1/637.txt","139","2fd67ef855ad05ac5d8671faf3c1ed86453cdfacaa98a2a1b6884b9c337562ba"
"provengo_project/products/internal/artifacts/1/1/638.txt","1216","ea28b4bb94c0355fa6a3b7cd343026562f3b40b6ed793c8af9aa5f60c423c3a1"
"provengo_project/products/internal/artifacts/1/1/639.json","875","a9cbda05e07dbdc5f060a6461498f80862b31ec8c93e734b2d66ab070970237e"
"provengo_project/products/internal/artifacts/1/1/64.txt","108","66878d3a6878c08445bf0feee9a03c1be79a619d8a41f81d5b8f77bff01494be"
"provengo_project/products/internal/artifacts/1/1/640.txt","77","52369298de9791dadbe2892c467bc19ee3697c8db387b0106e7a0238d87e16a7"
"provengo_project/products/internal/artifacts/1/1/641.txt","1216","473bc128d05dbab6d8adce3976609d5ae7a815a910a1d8d75011f4e6caac467c"
"provengo_project/products/internal/artifacts/1/1/642.json","875","a9cbda05e07dbdc5f060a6461498f80862b31ec8c93e734b2d66ab070970237e"
"provengo_project/products/internal/artifacts/1/1/643.txt","201","36c1531c970162e1cb73728eaeb74af08181f93cbed94b1c685c1a7c2e79efd5"
"provengo_project/products/internal/artifacts/1/1/644.txt","1029","764b8583849c3ed3511c1e6ca09a8afced5bd2933854a5413a9246fd7512b5b7"
"provengo_project/products/internal/artifacts/1/1/645.json","784","52a03743d1cab011f026f6ebbf140a5176f5410e0a3b955922c1da236f8637de"
"provengo_project/products/internal/artifacts/1/1/646.txt","217","f1fab4908ea30c8b6eadb4910c042c6c84cb20b3edbc9c048854498959153841"
"provengo_project/products/internal/artifacts/1/1/647.txt","493","958d9d06ffdb67a2579900894e9b24e038d2dc031a564a28311c90268b2ab762"
"provengo_project/products/internal/artifacts/1/1/648","173","5b237d4dd0fcdc52738d664d619e0bd569689e76e788bf797ac74db9551661bc"
"provengo_project/products/internal/artifacts/1/1/649.txt","227","395c1404a4825a0f5500f95f891f8b0a3222656b7e4e17c3e1a582b1c9f64c3d"
"provengo_project/products/internal/artifacts/1/1/65.txt","533","63c93c73b45c9bf83cab8b9c001dbe00f2d4443949580ad1c91804f6ae448fe3"
"provengo_project/products/internal/artifacts/1/1/650.txt","572","148675bafe6e442dc0f5b39149482cde537e63c8a0a88ebe0b05bf7565e46a3f"
"provengo_project/products/internal/artifacts/1/1/651","252","7f5ecfa14939e48d5239017409dd03430f104dfac9c9421f8a08d3997eb1631f"
"provengo_project/products/internal/artifacts/1/1/652.txt","143","c86919a10a6345e722c0843b6cc98b5a6c34f2faffc13093e59a9f73e25c5e23"
"provengo_project/products/internal/artifacts/1/1/653.txt","1216","c52fe757b025bb93ec3bafb2c7e0c259ae23563888477a4a2f269f64ee8031ba"
"provengo_project/products/internal/artifacts/1/1/654.json","875","a9cbda05e07dbdc5f060a6461498f80862b31ec8c93e734b2d66ab070970237e"
"provengo_project/products/internal/artifacts/1/1/655.txt","151","9e73ac5e0397186da3fd817b7c5b0aabe68cb7dd4f69b8240f9a97a1ff8bfb88"
"provengo_project/products/internal/artifacts/1/1/656.txt","211","8e8187de9547d5e80688565109b7bdec3b16cffb5b0c4c4e0b991629e520ad0b"
"provengo_project/products/internal/artifacts/1/1/657.txt","0","e3b0c44298fc1c149afbf4c8996fb92427ae41e4649b934ca495991b7852b855"
"provengo_project/products/internal/artifacts/1/1/658.txt","788","a57cbbac92d8a8386d03d72ff12280fd8f3d5cc1c2ed54efd2198af537312ad0"
"provengo_project/products/internal/artifacts/1/1/659.txt","3342","142b8015cd11e70698243386943882291187b984dc9c13d0c862b1b85f2532ae"
"provengo_project/products/internal/artifacts/1/1/66","213","3ebc80bad85a7ac33b435a5a70369eca12110b72f4e2109f2224df9416078821"
"provengo_project/products/internal/artifacts/1/1/660.json","3200","e2cd95bdbbcf1ac8db0c539ee8dbe161850e22c20ec26afb50b9b6ed2ede4d70"
"provengo_project/products/internal/artifacts/1/1/661.txt","139","6773330b800c6dfe13da4714884f1afcc2cc0983891a374e2ba77e5f102b2f20"
"provengo_project/products/internal/artifacts/1/1/662.txt","1216","0a80a9abd897f363ba118d74ad0a439764415e20648fac73fa857b078809812a"
"provengo_project/products/internal/artifacts/1/1/663.json","875","a7794d263f201dbff73c333e6643afd9568091fc8075fc49ccdff08f439354f4"
"provengo_project/products/internal/artifacts/1/1/664.txt","78","b0aa1178211aede5372eca9fa9e6873d9681b07510854a0ff37ff1b003324776"
"provengo_project/products/internal/artifacts/1/1/665.txt","704","13c9f3fb041e6741c1eeee155f6325424961343700fe105963cb1ddd9718c3ec"
"provengo_project/products/internal/artifacts/1/1/666.json","365","7068184649d9405ff71990e69c012913f82916bf808686cb7c5ca3e2aa8ac542"
"provengo_project/products/internal/artifacts/1/1/667.txt","226","0e3cc5044594e1b7ef4a53354d71be728053b7230a66deb6e1d1b88969845c02"
"provengo_project/products/internal/artifacts/1/1/668.txt","572","8ead67aa332da882e9772123abb1791e7d127c7e5c4f57d85ce7da6be80daabf"
"provengo_project/products/internal/artifacts/1/1/669","252","105d5f5bc74873c42368cbcecd0b277c5c5e5645874aeb89211a8dfee5e9269c"
"provengo_project/products/internal/artifacts/1/1/67.txt","86","d8669fae915acaa9de7988c6f684221223a732fc20f1cece4aebb3fd84a185f3"
"provengo_project/products/internal/artifacts/1/1/670.txt","226","4471988d7fa5ed26e257878e9cecbb852a95165ed6000d0986c0a0652724a011"
"provengo_project/products/internal/artifacts/1/1/671.txt","572","8caca90600456613256fe6c83517400518ca0d513fe0efe03c2f6715bf963a66"
"provengo_project/products/internal/artifacts/1/1/672","252","99f92215fba361f58d3cab63471056de30c2569ac47c7dbb043e7627813747ef"
"provengo_project/products/internal/artifacts/1/1/673.txt","142","bb3df3b5d8746c9b4b3b579a423bddbe042cd09b51bca863ab04404893dc93f5"
"provengo_project/products/internal/artifacts/1/1/674.txt","704","459a303f3f5cafa55b7a055335971c86cd66358e03d7937b153065ab6cedaf99"
"provengo_project/products/internal/artifacts/1/1/675.json","365","7068184649d9405ff71990e69c012913f82916bf808686cb7c5ca3e2aa8ac542"
"provengo_project/products/internal/artifacts/1/1/676.txt","108","d87c48a84c2ca10b86efd440dc110218484f404a00bfecc6cf136cf3a0178256"
"provengo_project/products/internal/artifacts/1/1/677.txt","211","78d5490420017f8f4ae0adb0ebaa6b973483e1d5a0fb3264e1e542732e8ae788"
"provengo_project/products/internal/artifacts/1/1/678.txt","0","e3b0c44298fc1c149afbf4c8996fb92427ae41e4649b934ca495991b7852b855"
"provengo_project/products/internal/artifacts/1/1/679.txt","588","1ac848dd4ab6e6de7eedde707091225ec87e1376463d0d8ea4b2e7788f4d8879"
"provengo_project/products/internal/artifacts/1/1/68.txt","452","36602d533d02bc34b5603e92ab05b6619245ada74aa9eda78676b5daffcce64d"
"provengo_project/products/internal/artifacts/1/1/680.txt","2073","a26b3ef2287f6c1ac0a8240abdbf6d64f53ad7847d0709a93d8621de89cc3b86"
"provengo_project/products/internal/artifacts/1/1/681.json","1931","345e1d5650c0c2f038c6ddc90fa3d93c84e8b3342880f57ea40acf7cc6a26b21"
"provengo_project/products/internal/artifacts/1/1/682.txt","138","d4c5d98f8dc296d62f6677240b2230f8f93ed6b67ea20a4511d76d18dece6c71"
"provengo_project/products/internal/artifacts/1/1/683.txt","704","95311959c5abead811b9667bff90f3761d7dc5815914042082b307f98b71d69c"
"provengo_project/products/internal/artifacts/1/1/684.json","365","7068184649d9405ff71990e69c012913f82916bf808686cb7c5ca3e2aa8ac542"
"provengo_project/products/internal/artifacts/1/1/685.txt","80","43a996d2012af6a3080ce4e6e65edb3968645c7110a442b3d0793ac68f540087"
"provengo_project/products/internal/artifacts/1/1/686.txt","1981","ab3a41c9b50bf1d860cec53dfc8d6fd81eaad834a2898bd065b40c94410b42f8"
"provengo_project/products/internal/artifacts/1/1/687.json","1670","1a66f34c1e848ba565ae91e126454210904e76135c0234e66b42f269ba7b31d4"
"provengo_project/products/internal/artifacts/1/1/688.txt","234","e63cdaf66dccbd4feead91fd566a86b514b674fdf279202b01429e6090970724"
"provengo_project/products/internal/artifacts/1/1/689.txt","211","7adc152fcdc050e6f3337ab2d049daf3bfdd247b7fe4a5b951b5c1b69b6ed278"
"provengo_project/products/internal/artifacts/1/1/69.json","137","12805efc285620656c0225bcc5e0dbd91b7f66d7200fbead97058f4fd1dadded"
"provengo_project/products/internal/artifacts/1/1/690.txt","0","e3b0c44298fc1c149afbf4c8996fb92427ae41e4649b934ca495991b7852b855"
"provengo_project/products/internal/artifacts/1/1/691.txt","234","a2bacf8d3e7321b720e6a7002768a0b90e560b9b3bd651d397eb8488afa878a4"
"provengo_project/products/internal/artifacts/1/1/692.txt","1963","bcf784bf2be27d6fbf526d8656bfeb3028d4938b86028fb7b7b21dfcc40a2ad7"
"provengo_project/products/internal/artifacts/1/1/693.json","1660","b566d40980b80fff893396ef48e70b53de0aeabda170f8dd85e7a588c8d798cc"
"provengo_project/products/internal/artifacts/1/1/694.txt","146","8026db4aea46fafda8b541114d6f60ff3b150fa25a7fa21a2934f7ae849a701a"
"provengo_project/products/internal/artifacts/1/1/695.txt","1981","94a7d8fa31cfa30a0f65ede82d6952aecd77c0f9af0b0d6324851cf2a1895909"
"provengo_project/products/internal/artifacts/1/1/696.json","1670","70aec77ccee71dea950635bb4906ac20b39a79d7824a081031bfc65f109adfe1"
"provengo_project/products/internal/artifacts/1/1/697.txt","139","d54eb0dfe6672647dfeb248749e10ed1663792ec20e5d5f0ee7438b755085932"
"provengo_project/products/internal/artifacts/1/1/698.txt","1963","8cc5e8a8b3cea28fe2f3ecf01aa4883ab3dfe661d8ed3f46c1f21df53e53a402"
"provengo_project/products/internal/artifacts/1/1/699.json","1660","3dbaf15eb43b975c5965fdb98d41b97ea684b8ef3c94c2f7c577c778e9780290"
"provengo_project/products/internal/artifacts/1/1/7.txt","95","6d8c3b9f9d59f4a06c7e5e03c0e0755f0105d6f6adebcdc80f39c015d43acd64"
"provengo_project/products/internal/artifacts/1/1/70.txt","84","7c81239f15ae2e49d21ee04441b4e37c226d488cd69ca7511f459eb3c4a45c68"
"provengo_project/products/internal/artifacts/1/1/700.txt","607","e3bd5a0b071c236981c9928f30e32e2b2d1551824519ff179f1bf0a6ce2e5efd"
"provengo_project/products/internal/artifacts/1/1/701.txt","3252","19683e0f245a944b8da70df30ecf1c32ae7580b8abdd91904940608193306e47"
"provengo_project/products/internal/artifacts/1/1/702.json","3110","3989c73dca2c9ffc8ce66e77da4ae96e32ac8bab282b2bca881c44356ffdb639"
"provengo_project/products/internal/artifacts/1/1/703.txt","142","2704d0e6f5f4ccbd7743f96eb3f20c9e9d36c1351848f2dec9049e80543e94d8"
"provengo_project/products/internal/artifacts/1/1/704.txt","1981","243d41d2b358c080d908085f2bde1dedaaf500376baac325ced3c56ba4cf35bd"
"provengo_project/products/internal/artifacts/1/1/705.json","1670","70aec77ccee71dea950635bb4906ac20b39a79d7824a081031bfc65f109adfe1"
"provengo_project/products/internal/artifacts/1/1/706.txt","80","43a996d2012af6a3080ce4e6e65edb3968645c7110a442b3d0793ac68f540087"
"provengo_project/products/internal/artifacts/1/1/707.txt","1981","3f00984919b6fe89f1c8a0a67357bdc0d06011ab3a41a8715d1b119b87f0feea"
"provengo_project/products/internal/artifacts/1/1/708.json","1670","70aec77ccee71dea950635bb4906ac20b39a79d7824a081031bfc65f109adfe1"
"provengo_project/products/internal/artifacts/1/1/709.txt","234","451695bd9312a407d816fe5efa02fb7dad7b382032a3abddac7ca17cf1a041db"
"provengo_project/products/internal/artifacts/1/1/71.txt","460","e9c7531f465381c3b63f7d9bd28cbd7d2a5a17472bb813cad4dec44a421099b2"
"provengo_project/products/internal/artifacts/1/1/710.txt","1963","a0ec73ba2b5da24939b3edcf6091c138e5469a83eae6a570923f51929b3a424a"
"provengo_project/products/internal/artifacts/1/1/711.json","1660","6898c3bf8a7750dbe7b69181f2f6382c9cd55a623779299309a6ffcb2fae5df8"
"provengo_project/products/internal/artifacts/1/1/712.txt","212","6a61f7636033cae9aecbb1557e7526c2348c3fd3a68e15e699556dc408291c50"
"provengo_project/products/internal/artifacts/1/1/713.txt","474","442066923bc00d9570dbff0d088996a43d148880809a2ed1c30a93b051c4f0fd"
"provengo_project/products/internal/artifacts/1/1/714","154","5814c7690ce103cd9a3fe1ed54c60634acd9df19a457928d404509606b56c3ce"
"provengo_project/products/internal/artifacts/1/1/715.txt","146","3b4e092da9d4d0fb3a54de64659891e5c3dfe7bc6385d1c8056b374e7b992d29"
"provengo_project/products/internal/artifacts/1/1/716.txt","1981","3f3dc89fe3965e128db77ce3336ce8a192c1b33f7b8c8a8f6326dd8d9b92788e"
"provengo_project/products/internal/artifacts/1/1/717.json","1670","1269b3894c1d81f9e0892ebdc14904cdc993628acc25477d845b1127d28b6193"
"provengo_project/products/internal/artifacts/1/1/718.txt","161","b400cfa20753da50db28de2a13faba866335f84dfd8816edf7a5c3f757f3c5d3"
"provengo_project/products/internal/artifacts/1/1/719.txt","1963","65ae334beecf30d85627afc2394c38388298665ca60a634991feacf32add6db4"
"provengo_project/products/internal/artifacts/1/1/72.json","141","d7e715e1885d810dcc10b09e6d7cedc3b286b18f6b8be49c4154d53b41e82f0b"
"provengo_project/products/internal/artifacts/1/1/720.json","1660","e5ae9a609eedd20806f1d5534f5545f2765a574bd99c50a730c92db2ba61c814"
"provengo_project/products/internal/artifacts/1/1/721.txt","602","606355b60c2764a31befae5e3c20d8aab0663e94d46133a4ae5eece740b991b5"
"provengo_project/products/internal/artifacts/1/1/722.txt","3396","474e2dca1e7af28890d366091e9abe3b9bd445a3cb4b9a5c908965414c201298"
"provengo_project/products/internal/artifacts/1/1/723.json","3254","3dba458ffe24f936649631d801676fd51d0c7756d43c9e541357e69e640f0573"
"provengo_project/products/internal/artifacts/1/1/724.txt","142","916a20f7e76051274548eb9dc5c91cfc41810277b83661d6c8a92dc3553b8e8c"
"provengo_project/products/internal/artifacts/1/1/725.txt","1981","07a43904726af36c302c890b18cd25f3380bdf70c3bd3cd813662ef799793e62"
"provengo_project/products/internal/artifacts/1/1/726.json","1670","1269b3894c1d81f9e0892ebdc14904cdc993628acc25477d845b1127d28b6193"
"provengo_project/products/internal/artifacts/1/1/727.txt","78","b0aa1178211aede5372eca9fa9e6873d9681b07510854a0ff37ff1b003324776"
"provengo_project/products/internal/artifacts/1/1/728.txt","704","416b9f5893fb3feb22920855eb966b563bac47639bfb89f45e764aac5f1f0acb"
"provengo_project/products/internal/artifacts/1/1/729.json","365","7068184649d9405ff71990e69c012913f82916bf808686cb7c5ca3e2aa8ac542"
"provengo_project/products/internal/artifacts/1/1/73.txt","45","c0dfcbca1f9430d1067e65c52e8666f30f60c01329992f60041742c77ef04822"
"provengo_project/products/internal/artifacts/1/1/730.txt","218","5137e836a4e89bf09c99907d42173b5a0785e6bd3b847f4aa38d634c98966e83"
"provengo_project/products/internal/artifacts/1/1/731.txt","211","45e994763aeb39f3975353ae883863f804dea8443664e901d681d6507d5f45a5"
"provengo_project/products/internal/artifacts/1/1/732.txt","0","e3b0c44298fc1c149afbf4c8996fb92427ae41e4649b934ca495991b7852b855"
"provengo_project/products/internal/artifacts/1/1/733.txt","218","be2a8df65ee215a044ccb70c3b08ebf371d6b58ce6309f00f373de5aa89fc39e"
"provengo_project/products/internal/artifacts/1/1/734.txt","523","7aac496eb5f5d04ea2e49751b56fc4a0818cd94a709ef292caa59b6bf8d0e775"
"provengo_project/products/internal/artifacts/1/1/735.json","278","100d79355ce825db9aa20dc944b59caae51a04b85ea62a81b0af96eaea88be7c"
"provengo_project/products/internal/artifacts/1/1/736.txt","142","9981c01727346ecc65d337b34982e7b97e640790a4aa1bf3512d4cd3491df636"
"provengo_project/products/internal/artifacts/1/1/737.txt","704","de4ab3b17a88b22e7620ad43c26f0373f445c0fbe8a3951a547fd17a0526cf23"
"provengo_project/products/internal/artifacts/1/1/738.json","365","edd52c04f25b7ba95ebe31ff2db76b0af51a8aa4bf1131588dddd1b0767b7483"
"provengo_project/products/internal/artifacts/1/1/739.txt","125","76bcda36968cdfe210b47278e710556b5fc32d201cd270f19c6613a8576ff44e"
"provengo_project/products/internal/artifacts/1/1/74.txt","1216","1dc695801b5fddea55a1cd57afc73767e45700df3bf162cfc424bab2bfc54385"
"provengo_project/products/internal/artifacts/1/1/740.txt","523","00a5dbf38d8d526f381b91ee83ecb7bc308f01411eb2f149d66a64c909b6164c"
"provengo_project/products/internal/artifacts/1/1/741.json","278","ee77a77dfe3915300e7f98ea231c80a678cf97ef65bbf79a005f96734e1e8783"
"provengo_project/products/internal/artifacts/1/1/742.txt","568","4e9f92b3a18a9d82bae9f401634c101a3a88f526a625ab31e62e1a8d5ff4087a"
"provengo_project/products/internal/artifacts/1/1/743.txt","1832","6d9354bd46c13039c646ed6ab71a4794918bb21b35a3c658678acd1d3848250d"
"provengo_project/products/internal/artifacts/1/1/744.json","1690","347d62545486d771874d1f69dd2cdd1f12e06d68477ffdd516b19154850223b1"
"provengo_project/products/internal/artifacts/1/1/745.txt","138","96fe2afdbb77bc3d408a9d95d0ac3b9d98bdddb13a3a2338f7ea3284f84bf19f"
"provengo_project/products/internal/artifacts/1/1/746.txt","704","2f95d38b7ecdcc5219a40996edd5cda004fcb48e0eca323d7c4ee2cb7acf5619"
"provengo_project/products/internal/artifacts/1/1/747.json","365","edd52c04f25b7ba95ebe31ff2db76b0af51a8aa4bf1131588dddd1b0767b7483"
"provengo_project/products/internal/artifacts/1/1/748.txt","80","43a996d2012af6a3080ce4e6e65edb3968645c7110a442b3d0793ac68f540087"
"provengo_project/products/internal/artifacts/1/1/749.txt","1981","2a6aba2a7af4ced6b578f9d8fd8242a76c300670912f80f41e4962a12b765aca"
"provengo_project/products/internal/artifacts/1/1/75.json","875","b6e215dad562688d4f058c072d87e8c38505708a7d47600c9342e4242462e6f5"
"provengo_project/products/internal/artifacts/1/1/750.json","1670","1269b3894c1d81f9e0892ebdc14904cdc993628acc25477d845b1127d28b6193"
"provengo_project/products/internal/artifacts/1/1/751.txt","370","47d0065ac5c5524385bfabaf9a4a9293c2382335aaebf6a5dfde12fa3ed5c7ae"
"provengo_project/products/internal/artifacts/1/1/752.txt","580","d0a55a523a94aa3e0c4b5b891a1205e068759fd84187af46810d21ac3005667b"
"provengo_project/products/internal/artifacts/1/1/753","260","e7f4e076c688789cbbfc98b71c74fa27d4640c7d53557e77966c4e40db5db79c"
"provengo_project/products/internal/artifacts/1/1/754.txt","370","c81827175b7009652e450421b56258faaf61854705f26baa08e517942913ef67"
"provengo_project/products/internal/artifacts/1/1/755.txt","580","e00da202eadd9a9b5033120d9159772aef7f50a4d1034cd79be297a08bb85961"
"provengo_project/products/internal/artifacts/1/1/756","260","3c66b16c9730893e4823cc040b2dcfb69bfef7fb41e1a354a3539eb33ea74e92"
"provengo_project/products/internal/artifacts/1/1/757.txt","146","a145106f72e87f0fc10cacd18af6e0e09e0f1fe778554cbdba3d3f71ee571d9b"
"provengo_project/products/internal/artifacts/1/1/758.txt","1981","fa11f17b109666eec37ab7b0aea3c7a601e11b644e2bcbeda628e587324824c3"
"provengo_project/products/internal/artifacts/1/1/759.json","1670","1269b3894c1d81f9e0892ebdc14904cdc993628acc25477d845b1127d28b6193"
"provengo_project/products/internal/artifacts/1/1/76.txt","146","fe3e9aa5f76c2fd1f2c8c5258e6e1310ac194769d4f655b357c2965aebbf46c2"
"provengo_project/products/internal/artifacts/1/1/760.txt","249","52d87fca7fe4237b7923a471511e756775d021ea587feb0ab5c13dc1a9bb86f6"
"provengo_project/products/internal/artifacts/1/1/761.txt","1968","aae2fedb7e3e500bfe0afa8a99f2c34b530432bead6811512c7508b2f74bce25"
"provengo_project/products/internal/artifacts/1/1/762.json","1665","e6d981170cc515536b6fe591cb5f40663343e811ef010472273f31424d961a13"
"provengo_project/products/internal/artifacts/1/1/763.txt","874","6125c2ec78cd5dade252e31025db4e6ceccda07a3782b27698d0caf8bfd6a7b7"
"provengo_project/products/internal/artifacts/1/1/764.txt","2398","05d731e7f80e2412f5b058b72815ea67795c91222f49f201cfa4437e924cb498"
"provengo_project/products/internal/artifacts/1/1/765.json","2256","b9de214df45d684584a5a53e2fc9e96df20359ae987314c9d39878506fd8e4cf"
"provengo_project/products/internal/artifacts/1/1/766.txt","142","a69b9de3b17d8188510267a5a7d6314911d8bdf81a98f0a9abe0026f37eee99e"
"provengo_project/products/internal/artifacts/1/1/767.txt","1981","d73374df3fdcf529e9afa671ef6f4ba8ff3d0541077c8c6908fc5568d52d5836"
"provengo_project/products/internal/artifacts/1/1/768.json","1670","a40583ea38aeb31483b686a1311f1adbd1dd471be30e6579aecf1d9cd062b478"
"provengo_project/products/internal/artifacts/1/1/769.txt","77","52369298de9791dadbe2892c467bc19ee3697c8db387b0106e7a0238d87e16a7"
"provengo_project/products/internal/artifacts/1/1/77.txt","1960","f7cbc387fbda23d9b0a2727456f5e8e51475e616080da7b0129419064cb45538"
"provengo_project/products/internal/artifacts/1/1/770.txt","1216","8d43bbe95c0848af493832c8113ac116877de9e9fa41184e118af2bac85f8b52"
"provengo_project/products/internal/artifacts/1/1/771.json","875","a7794d263f201dbff73c333e6643afd9568091fc8075fc49ccdff08f439354f4"
"provengo_project/products/internal/artifacts/1/1/772.txt","201","973aafdd42370b4ba27dce356e354658d4771612c78cdf9f23bcc94894073d75"
"provengo_project/products/internal/artifacts/1/1/773.txt","1029","51ebe3cb187974644e98063ef1cd200ebb5394c7c072bb56274821d898a9e512"
"provengo_project/products/internal/artifacts/1/1/774.json","784","42d0d99e46a9639185891ad97d4092bc10afcec29eeb2053b23d530c10dd3b0f"
"provengo_project/products/internal/artifacts/1/1/775.txt","225","cfb87488450cb634cc9d89cbcc0f84931bcf19f77ffb5dc79d9db50dcaf8cba2"
"provengo_project/products/internal/artifacts/1/1/776.txt","590","63bbef492cf2bf524c48da60d0552fc4a0a4985f5e3d50e41481cc8180b7d25b"
"provengo_project/products/internal/artifacts/1/1/777","270","7d204b7bed404e469ca3c89f78a777e2aacb7eae677b3baddd729dd7acde572a"
"provengo_project/products/internal/artifacts/1/1/778.txt","143","f1a2cff19335c4dc5e0bdc74fe185e311c435853f2afd0b5a965f54e8dbcbe76"
"provengo_project/products/internal/artifacts/1/1/779.txt","1216","d6741d838d94ab72540bac953adb4ed8b21a44fcfdecdbb796228d6a777c869f"
"provengo_project/products/internal/artifacts/1/1/78.json","1649","d77876e484d1801e2d8971fe5f8c7294c37fab5e6be8226d0695686662a6d6c5"
"provengo_project/products/internal/artifacts/1/1/780.json","875","d2e11824f92e8f6d1085f1194090f2c845b52992851d591dfea7e2b40d704779"
"provengo_project/products/internal/artifacts/1/1/781.txt","140","c8e9337926f8646605ad33206c56cc95b0b24eb717225c4aec090310f45716da"
"provengo_project/products/internal/artifacts/1/1/782.txt","211","2d154168362f4180757d5becb06af0ed23c413ba246a74210f0264f65b583e7e"
"provengo_project/products/internal/artifacts/1/1/783.txt","0","e3b0c44298fc1c149afbf4c8996fb92427ae41e4649b934ca495991b7852b855"
"provengo_project/products/internal/artifacts/1/1/784.txt","568","2b1d88ae25b80170eb09d044d22ce871117014b407b3605556bfe72575bf0e57"
"provengo_project/products/internal/artifacts/1/1/785.txt","2603","967cc6603d75ce9d5ed5a0a8a414dd2ee9c5255d58fe93ff317bb8a9fd34fff9"
"provengo_project/products/internal/artifacts/1/1/786.json","2461","8e738debf4a854e404c83d3a181e3670a57de6d48deaae08ed55bc8f4d4ac6a4"
"provengo_project/products/internal/artifacts/1/1/787.txt","139","ceba41535a076dc98d6c62d45166b7c0c9fad9ce5a2ebbc096f97fbdbb8d1751"
"provengo_project/products/internal/artifacts/1/1/788.txt","1216","c08e728db24aca79a39952529d450556ecd7138e259128e7f39f8ed5a10935c3"
"provengo_project/products/internal/artifacts/1/1/789.json","875","5982dba22d9add4e182c0e4c41ecb25b6c56cd59cc20b158e72e9667d61df9ba"
"provengo_project/products/internal/artifacts/1/1/79.txt","104","59f9b9aebd7c9c26e2f649fdbed39514cad5646c07c337ab187b036836fc74f4"
"provengo_project/products/internal/artifacts/1/1/790.txt","78","b0aa1178211aede5372eca9fa9e6873d9681b07510854a0ff37ff1b003324776"
"provengo_project/products/internal/artifacts/1/1/791.txt","704","983a3047c323a13d58ac7350f0f1735c3f94379ed193743508dabbf030a4a369"
"provengo_project/products/internal/artifacts/1/1/792.json","365","edd52c04f25b7ba95ebe31ff2db76b0af51a8aa4bf1131588dddd1b0767b7483"
"provengo_project/products/internal/artifacts/1/1/793.txt","230","b13673c9fe08ba36d664bb2fd86ffc66b49002021e4bd220638a18522b291389"
"provengo_project/products/internal/artifacts/1/1/794.txt","546","182b10c81af4da898e8b28ac0ca905312f88907e91c79d377a1e7b677f02adfe"
"provengo_project/products/internal/artifacts/1/1/795.json","301","5fa0ab8d112793ad9778cb5da67203b5c96fe271b9222098fa8f11da14323c01"
"provengo_project/products/internal/artifacts/1/1/796.txt","218","2762042602f3c29f2892e20d0bebe938fe0654551f8eb283ca06fca368368d80"
"provengo_project/products/internal/artifacts/1/1/797.txt","211","5cd439e7233c8be65ca1fe937c1a4ca0ce18c4dd6307ff1945f2a15dabfd8c94"
"provengo_project/products/internal/artifacts/1/1/798.txt","0","e3b0c44298fc1c149afbf4c8996fb92427ae41e4649b934ca495991b7852b855"
"provengo_project/products/internal/artifacts/1/1/799.txt","142","546f20f20af8186cb74c885a99001fb636146a4d5ad6b21634b5b27c8eaae63c"
"provengo_project/products/internal/artifacts/1/1/8.txt","525","c0449d8c605c6d41d73fd376a112e68477cfdd37d0c51b8e85cbf17ea670573d"
"provengo_project/products/internal/artifacts/1/1/80.txt","528","dd80df834e7b25b465c3897b5d3a89261888e2c1d4011428ea853026727cb141"
"provengo_project/products/internal/artifacts/1/1/800.txt","727","6ebe7c06505e58f0b8ebed8617ce1b8de582d802ce09123d04769a2849295163"
"provengo_project/products/internal/artifacts/1/1/801.json","388","739d2bcebbf59400b26e110c88cca977e898b4e7dd9252e085cef8c7110ea33d"
"provengo_project/products/internal/artifacts/1/1/802.txt","146","daf48c542756fbc2a40054afa297f7e0560379754c8196bbe67f2ce62684cb63"
"provengo_project/products/internal/artifacts/1/1/803.txt","523","0d08941921899aec99dead57ce524b0b4a35c8841d3d78afd7175e6b1ce91a15"
"provengo_project/products/internal/artifacts/1/1/804.json","278","1996580afca8773a5b6cf8fbf5508d57370f9049a3ff9156f593b1b3e16ed345"
"provengo_project/products/internal/artifacts/1/1/805.txt","591","7d23b164707d49e168269e62ad374f96f560280dc28087a209a3a77cc9dcbf6c"
"provengo_project/products/internal/artifacts/1/1/806.txt","1877","823a089b02714e2d9e72cf567728c4038df6ae02ba6dafd3819774a6dc56d5d2"
"provengo_project/products/internal/artifacts/1/1/807.json","1735","83ed6fff5dbfcbe73777ecfa5197b8630373782f045c499d631d2be0229e1fa0"
"provengo_project/products/internal/artifacts/1/1/808.txt","138","43296f3b268db096075956fcf8942c522154b1f4cdaab3e96dffef7e3ec9b28f"
"provengo_project/products/internal/artifacts/1/1/809.txt","727","9754d748d5e0600ded9304ea99c589295af86f2759e15990fc7e5aa318936188"
"provengo_project/products/internal/artifacts/1/1/81","208","cb34f89bf754e5ed8428c7beefce6e6ddbf1daebe87f2ac8e979ce3748a9e6cb"
"provengo_project/products/internal/artifacts/1/1/810.json","388","7287b890b43886d8f0847887421da6a33e4b0d6234de36e2fad2bb8f9f82553e"
"provengo_project/products/internal/artifacts/1/1/811.txt","80","43a996d2012af6a3080ce4e6e65edb3968645c7110a442b3d0793ac68f540087"
"provengo_project/products/internal/artifacts/1/1/812.txt","1981","78df8b46e27661fa4d4a5811192e374f43c0c23e1469372b3fb430dfe61cb246"
"provengo_project/products/internal/artifacts/1/1/813.json","1670","7f18f7cad66393d8a223184107d6ef80043a6748abbd8a44d5c595cee9b1a823"
"provengo_project/products/internal/artifacts/1/1/814.txt","234","4643f75c4abaa6a94b1bd7fec3aee2a07e69184ec781d08567603bdcf1a0001d"
"provengo_project/products/internal/artifacts/1/1/815.txt","211","b377aa4f71265736c966abbc6cd39808b7beb7cf46742470f52e905b28517aef"
"provengo_project/products/internal/artifacts/1/1/816.txt","0","e3b0c44298fc1c149afbf4c8996fb92427ae41e4649b934ca495991b7852b855"
"provengo_project/products/internal/artifacts/1/1/817.txt","230","d2d9bc21989129f8b98571e2fba81d27a766fd8351affb22af60083678d9eb8c"
"provengo_project/products/internal/artifacts/1/1/818.txt","572","df013e8dec71202dbc4e8143e11acd45dad9ba08dbf5ed735d2e92543bc52b36"
"provengo_project/products/internal/artifacts/1/1/819","252","99f92215fba361f58d3cab63471056de30c2569ac47c7dbb043e7627813747ef"
"provengo_project/products/internal/artifacts/1/1/82.txt","46","363b02b34d3f8118f29e990cf49be7eb17b8a20da6cefbcf5e104d1d540ca043"
"provengo_project/products/internal/artifacts/1/1/820.txt","212","552a2355caad7a6355b680fbb83997e55504d993d7a975397b75482dfea5d305"
"provengo_project/products/internal/artifacts/1/1/821.txt","474","8d1689a04565153ca2c2e0eed3e2314513e9ec7b1f33716b66b06235af796253"
"provengo_project/products/internal/artifacts/1/1/822","154","5814c7690ce103cd9a3fe1ed54c60634acd9df19a457928d404509606b56c3ce"
"provengo_project/products/internal/artifacts/1/1/823.txt","146","40ba4fe5d923909e84e8da6c0a43ccea8d85d21f1c8a8c8e2e387b9e4c3fb20b"
"provengo_project/products/internal/artifacts/1/1/824.txt","1981","6a5b7f496995898359bfdc0f9a2f2a981758e86a71f02f3b0ed8c6a1af7094f0"
"provengo_project/products/internal/artifacts/1/1/825.json","1670","7f18f7cad66393d8a223184107d6ef80043a6748abbd8a44d5c595cee9b1a823"
"provengo_project/products/internal/artifacts/1/1/826.txt","176","7fbce0b49ff83920a5db5b6cc468e05d637ec9facbb350c962de0e3ef67e85f9"
"provengo_project/products/internal/artifacts/1/1/827.txt","211","5076c9acc2ae4019e59dafd25825ab109c27717a6678ac38140350a68e852752"
"provengo_project/products/internal/artifacts/1/1/828.txt","0","e3b0c44298fc1c149afbf4c8996fb92427ae41e4649b934ca495991b7852b855"
"provengo_project/products/internal/artifacts/1/1/829.txt","816","24bb4194ff7f11ef4234eda390541aec7557f0a2f005c765b4a1f0e61cc17e78"
"provengo_project/products/internal/artifacts/1/1/83.txt","686","9627bea097abaa3e612b8c8c1cf31ef5b2e7fba023689f0251dde1bfe44cb371"
"provengo_project/products/internal/artifacts/1/1/830.txt","2571","f6d476293f4113c8724a0c6329f5331b1c53558b556be1bf950bb8d59d590e0a"
"provengo_project/products/internal/artifacts/1/1/831.json","2429","16a54a5e8462c54efda943980dc178fe7cb22e3786d4daa1aed22f41ac2de9b5"
"provengo_project/products/internal/artifacts/1/1/832.txt","142","fb030f28c752cb8283efb6bdc9cec9ceca75d66e960ba28b00e787f5ff2ea9d8"
"provengo_project/products/internal/artifacts/1/1/833.txt","1981","24dd974f3fd38ca7d3c005df297808e5d05afed86a90487ea682029b44f3f06a"
"provengo_project/products/internal/artifacts/1/1/834.json","1670","7f18f7cad66393d8a223184107d6ef80043a6748abbd8a44d5c595cee9b1a823"
"provengo_project/products/internal/artifacts/1/1/835.txt","77","52369298de9791dadbe2892c467bc19ee3697c8db387b0106e7a0238d87e16a7"
"provengo_project/products/internal/artifacts/1/1/836.txt","1216","2f62338f4f11a5b9f69b4ff4858aeeec01d5c79b5d451861c79c2ddcbe03c39f"
"provengo_project/products/internal/artifacts/1/1/837.json","875","5982dba22d9add4e182c0e4c41ecb25b6c56cd59cc20b158e72e9667d61df9ba"
"provengo_project/products/internal/artifacts/1/1/838.txt","225","9fc57e0d8d104a9bb9a1b5059441e3659ed60bcfde3211d1568e9c2342852a02"
"provengo_project/products/internal/artifacts/1/1/839.txt","590","52b520ff633d0671c1d4a422f5960dfa138de907d1273e220f91fb3034fba76a"
"provengo_project/products/internal/artifacts/1/1/84.json","347","7fb2ec9fbb79eaba938a9fd8b226599738be9b6e782febb32274798aae75728a"
"provengo_project/products/internal/artifacts/1/1/840","270","d5722e9509a3917e349c4569f42840ae5fd9cad93b95188a0b71a6bdbc0de620"
"provengo_project/products/internal/artifacts/1/1/841.txt","225","0210bff1c72f48a069888fec6ef7b5d4c7309b42d37004a8e5e447d095d03cfa"
"provengo_project/products/internal/artifacts/1/1/842.txt","590","ff3a2b85c2108f147c61ac83f4ae2f631144c4ecc4fd7dfdc927bb7e2ce7e0c8"
"provengo_project/products/internal/artifacts/1/1/843","270","7d204b7bed404e469ca3c89f78a777e2aacb7eae677b3baddd729dd7acde572a"
"provengo_project/products/internal/artifacts/1/1/844.txt","143","4cd846f92afe9dc501d7e1437e45de7b9c01d68ac315ed4bb2b65fc5cd933b60"
"provengo_project/products/internal/artifacts/1/1/845.txt","1216","21dd383dfdb8259050eca253d0fb041a3527fd8cd188d9f8f82a8e093dd17dca"
"provengo_project/products/internal/artifacts/1/1/846.json","875","5982dba22d9add4e182c0e4c41ecb25b6c56cd59cc20b158e72e9667d61df9ba"
"provengo_project/products/internal/artifacts/1/1/847.txt","126","86bc55d46be7759b3b5259bfbe12c84502d378b032f2a945f0da06ab5fd0fe7b"
"provengo_project/products/internal/artifacts/1/1/848.txt","211","b102a2758431f8af0da34efe30e398d8cb9f6d41637bb2ced28998d63c83f7de"
"provengo_project/products/internal/artifacts/1/1/849.txt","0","e3b0c44298fc1c149afbf4c8996fb92427ae41e4649b934ca495991b7852b855"
"provengo_project/products/internal/artifacts/1/1/85.txt","100","5dc05562fca67c3c77cd9d7754d51ac43f9530a324e82bf18910a17d5f6b3411"
"provengo_project/products/internal/artifacts/1/1/850.txt","583","41090fc7dbaeacc35ec068b18de9d7739bf55e6487b57ea0034b4464ebdb51fe"
"provengo_project/products/internal/artifacts/1/1/851.txt","2104","fd47e64170e5cae62e5f8775f1a49906577346279175b1a7de0cbeb41e72933c"
"provengo_project/products/internal/artifacts/1/1/852.json","1962","6f4111316817c0844fa06096de36ebfc2fd88077ebd85b93bcc7b9f568f58a05"
"provengo_project/products/internal/artifacts/1/1/853.txt","139","00362a6db44f6d99fbb7b20c85f162acb0ab407e3c9ca2314e4beff7d50d8299"
"provengo_project/products/internal/artifacts/1/1/854.txt","1216","7cc6b21e1ab497665674fc00566ebfb2e9359b2961f97dc7607d3d46225ecd76"
"provengo_project/products/internal/artifacts/1/1/855.json","875","5982dba22d9add4e182c0e4c41ecb25b6c56cd59cc20b158e72e9667d61df9ba"
"provengo_project/products/internal/artifacts/1/1/856.txt","80","43a996d2012af6a3080ce4e6e65edb3968645c7110a442b3d0793ac68f540087"
"provengo_project/products/internal/artifacts/1/1/857.txt","1981","7a1a232fc1db2ef04f19d98ac21f14d09d9163b1a3e3f496fe0b05960d373a5b"
"provengo_project/products/internal/artifacts/1/1/858.json","1670","7f18f7cad66393d8a223184107d6ef80043a6748abbd8a44d5c595cee9b1a823"
"provengo_project/products/internal/artifacts/1/1/859.txt","234","d98ba4fbb0745c08e6b26bc73ba315344cf89e0aaae0e0cb6d4625e6e99a40b6"
"provengo_project/products/internal/artifacts/1/1/86.txt","502","57178273efc3b5424492aceec59ed7b713cccdb86937ce491874a1e7939400de"
"provengo_project/products/internal/artifacts/1/1/860.txt","211","00c5ef55b4eee626afb8b920b5601834aa58fd68620a136e1902da93e5e5e205"
"provengo_project/products/internal/artifacts/1/1/861.txt","0","e3b0c44298fc1c149afbf4c8996fb92427ae41e4649b934ca495991b7852b855"
"provengo_project/products/internal/artifacts/1/1/862.txt","210","38c188b6bf1db158dc11822b45093d8a6706cc1dadec17335939931a78b9e280"
"provengo_project/products/internal/artifacts/1/1/863.txt","211","a28da3cca421141b4a44d4f11a8d3ef5cefd5b4a00d29363dd6a747c0c3e8dad"
"provengo_project/products/internal/artifacts/1/1/864.txt","0","e3b0c44298fc1c149afbf4c8996fb92427ae41e4649b934ca495991b7852b855"
"provengo_project/products/internal/artifacts/1/1/865.txt","146","22640b4dabbe3b34d8390ef9513ff4d8276a90adbd1611d723c286f9b22c7bea"
"provengo_project/products/internal/artifacts/1/1/866.txt","1981","5a5b25cbdb2a0c9f42e54b44fa85743fb35640ce4a6e843715195fe5557b4e31"
"provengo_project/products/internal/artifacts/1/1/867.json","1670","7f18f7cad66393d8a223184107d6ef80043a6748abbd8a44d5c595cee9b1a823"
"provengo_project/products/internal/artifacts/1/1/868.txt","159","bc6e1087785ccfdc9d02a8709c9445e865232a57c177e8793ebadc2c01203256"
"provengo_project/products/internal/artifacts/1/1/869.txt","211","e4941ab97c2f4a525163195a2793cf13f2d321849eb1187380a34963f66ae604"
"provengo_project/products/internal/artifacts/1/1/87.json","257","51b876f4d112ec94adbea072054adcd183d137ab028395783626e6c931596a70"
"provengo_project/products/internal/artifacts/1/1/870.txt","0","e3b0c44298fc1c149afbf4c8996fb92427ae41e4649b934ca495991b7852b855"
"provengo_project/products/internal/artifacts/1/1/871.txt","594","bcd41600f4baa43e6a6c49bcdd30e5a6fa5572f20572a4d58e179056aaad810d"
"provengo_project/products/internal/artifacts/1/1/872.txt","1584","6323a3611fadb9303a94e42f06bcefdfe932cd9cbdc3eabc195413989eb4dfe7"
"provengo_project/products/internal/artifacts/1/1/873.json","1442","0e9ab9947ca2e51542a9eedca521da723a4d05786e2f271700645a2de9f30a8c"
"provengo_project/products/internal/artifacts/1/1/874.txt","142","f5e6e8aa5f41eb07c0deabff50766d3134acc235161961f41333f9cc172e120b"
"provengo_project/products/internal/artifacts/1/1/875.txt","1981","ee33ae527bcbf54d6e391d7755da7aac17b3f792c12b1a1717318d222dd94716"
"provengo_project/products/internal/artifacts/1/1/876.json","1670","7f18f7cad66393d8a223184107d6ef80043a6748abbd8a44d5c595cee9b1a823"
"provengo_project/products/internal/artifacts/1/1/877.txt","77","52369298de9791dadbe2892c467bc19ee3697c8db387b0106e7a0238d87e16a7"
"provengo_project/products/internal/artifacts/1/1/878.txt","1216","2e1692bcb53c12a3ed6bab05f55658dd515f518f5cc866fc60ee1cf9562a7fb8"
"provengo_project/products/internal/artifacts/1/1/879.json","875","5982dba22d9add4e182c0e4c41ecb25b6c56cd59cc20b158e72e9667d61df9ba"
"provengo_project/products/internal/artifacts/1/1/88.txt","228","49d84656ba6c3e49f3673c444fb4d94e9d6afdc364553cf93f88132ab3953c52"
"provengo_project/products/internal/artifacts/1/1/880.txt","225","0bb99271bacfc862ed287cd1b441b5e39ae0649e5b73b59b07ecfe143d99890f"
"provengo_project/products/internal/artifacts/1/1/881.txt","590","6cfb24fd1d6a897c35dce5fe065445ddaa1f9d9860653bb16e5f00ff712a411e"
"provengo_project/products/internal/artifacts/1/1/882","270","49246fc38bfb2113e3aa36defdb340aed68e4141bf556a06d10903e139073b0e"
"provengo_project/products/internal/artifacts/1/1/883.txt","225","52395d96a0514e56602588e780af37ae22d1dd4bdf3a8cb5080201bcdd4cdae4"
"provengo_project/products/internal/artifacts/1/1/884.txt","590","5b38f1b9e48cec85c90d51cc6b687b2be36c41570edff714b61d22b47bcd62f3"
"provengo_project/products/internal/artifacts/1/1/885","270","782ad4a700eb575b0b1e3d41075b240a271ef3929e23338a53947a5101a2117f"
"provengo_project/products/internal/artifacts/1/1/886.txt","143","f8c52a88885f983a57cbb4ad5674489015775b17e0b2a8932918f7887166ce9e"
"provengo_project/products/internal/artifacts/1/1/887.txt","1216","45a2306b5caf12ac71cacbc3be20be7216c9b28a57be460c7954c25adc4a5e28"
"provengo_project/products/internal/artifacts/1/1/888.json","875","5982dba22d9add4e182c0e4c41ecb25b6c56cd59cc20b158e72e9667d61df9ba"
"provengo_project/products/internal/artifacts/1/1/889.txt","126","3bfe7c591864ce4a35f3bc00cb6cffaff48254b4b7c0d400d09de5c6c130bac9"
"provengo_project/products/internal/artifacts/1/1/89.txt","1947","df38fafe58d5ea809cca6924def0a998ba03c810876702498a9a4361538a2e2d"
"provengo_project/products/internal/artifacts/1/1/890.txt","211","96f0d0f264e75434b653a27994881a8005957d191e627c2bbd2c5963c3abe03b"
"provengo_project/products/internal/artifacts/1/1/891.txt","0","e3b0c44298fc1c149afbf4c8996fb92427ae41e4649b934ca495991b7852b855"
"provengo_project/products/internal/artifacts/1/1/892.txt","583","a42b92a227df2e6ac4fb9886a12e6fa2a8ad326df9d5840ca44172eae82d1c72"
"provengo_project/products/internal/artifacts/1/1/893.txt","2104","0bfd7ea540beff1f6ee0eb68f6a6c561fc5b870c9d03caa937334db83c23eca5"
"provengo_project/products/internal/artifacts/1/1/894.json","1962","e62c3aabf504d5f871c3def50099e9ebee767b940db53f5e683811e18c797b15"
"provengo_project/products/internal/artifacts/1/1/895.txt","139","97e5a874976317a8174aeec43399422898566826a117e5c641e28d1a88938070"
"provengo_project/products/internal/artifacts/1/1/896.txt","1216","dd09fb05707e8c760654e9394ab2c8bace27000259087fb06305ec28af62d508"
"provengo_project/products/internal/artifacts/1/1/897.json","875","5982dba22d9add4e182c0e4c41ecb25b6c56cd59cc20b158e72e9667d61df9ba"
"provengo_project/products/internal/artifacts/1/1/898.txt","80","43a996d2012af6a3080ce4e6e65edb3968645c7110a442b3d0793ac68f540087"
"provengo_project/products/internal/artifacts/1/1/899.txt","1981","fd9a4a4ee169c143e85ebb160f0d5c3a3ee6ae13c2bb31645c5fa79fa4267295"
"provengo_project/products/internal/artifacts/1/1/9.json","280","82cd9706dea56ceaf81488027cf24a80864498662ef6d52aff314b4f116490f6"
"provengo_project/products/internal/artifacts/1/1/90.json","1644","1b5e8be24cf3b0539740b7410d6008cf81931f0f851b73ca70a89fba1631b9c1"
"provengo_project/products/internal/artifacts/1/1/900.json","1670","7f18f7cad66393d8a223184107d6ef80043a6748abbd8a44d5c595cee9b1a823"
"provengo_project/products/internal/artifacts/1/1/901.txt","234","267b0641025e8aaf71bf9469c339c9460e44f2c341576a536991104ae691a7bc"
"provengo_project/products/internal/artifacts/1/1/902.txt","211","d84b8b4a5dcf9c10009051c602f49e4ad3258d2634b8737e750dbb7f7f215f56"
"provengo_project/products/internal/artifacts/1/1/903.txt","0","e3b0c44298fc1c149afbf4c8996fb92427ae41e4649b934ca495991b7852b855"
"provengo_project/products/internal/artifacts/1/1/904.txt","230","ba79d1928ea5e6ad6a510a853968caa974f6f3b26c6361492ce54e3ce7b41dc9"
"provengo_project/products/internal/artifacts/1/1/905.txt","572","4911b5235807fb47ed3e159774869fadffe447a0ca87e03d24c307d19a126a1f"
"provengo_project/products/internal/artifacts/1/1/906","252","99f92215fba361f58d3cab63471056de30c2569ac47c7dbb043e7627813747ef"
"provengo_project/products/internal/artifacts/1/1/907.txt","210","949ce22b743996c6590080bdb305ecd358ac0a36439e8e2f181f1e9d0fd5aea8"
"provengo_project/products/internal/artifacts/1/1/908.txt","211","c932f1d7e0078ab798e54095cb622d54c66e62fc14a7b6085fefb01c0ae73d12"
"provengo_project/products/internal/artifacts/1/1/909.txt","0","e3b0c44298fc1c149afbf4c8996fb92427ae41e4649b934ca495991b7852b855"
"provengo_project/products/internal/artifacts/1/1/91.txt","117","7b5795d05704a75af7e7b77ebf0c200d0fe2d0688f26cc4adb03b41a0df5f0f4"
"provengo_project/products/internal/artifacts/1/1/910.txt","146","35f59ad86c5f3425166544ea3a36d80bf59d07db0ef13040760690e18049bcdb"
"provengo_project/products/internal/artifacts/1/1/911.txt","1981","977f312a33e7d622d79d4b5d341e447c2112eab2193b034144eaf70fb4ba4114"
"provengo_project/products/internal/artifacts/1/1/912.json","1670","7f18f7cad66393d8a223184107d6ef80043a6748abbd8a44d5c595cee9b1a823"
"provengo_project/products/internal/artifacts/1/1/913.txt","174","3a0de5f2404c87e763922044429f9c0737b85fba397a21e1415dec0b5f9494ca"
"provengo_project/products/internal/artifacts/1/1/914.txt","211","e729253583aa9f80ed708a2d30ff6e6d68c592df4a5fafe5712e5e6513685bb3"
"provengo_project/products/internal/artifacts/1/1/915.txt","0","e3b0c44298fc1c149afbf4c8996fb92427ae41e4649b934ca495991b7852b855"
"provengo_project/products/internal/artifacts/1/1/916.txt","808","7e652426461e4eea65a6b89514ec17d048cf9b8af784df7adf9f7ad5015dd97b"
"provengo_project/products/internal/artifacts/1/1/917.txt","2416","1a75c7ba8c5b65e95f5a74fb2413849f6a001d3e72963c1536c027f4030c659b"
"provengo_project/products/internal/artifacts/1/1/918.json","2274","9e4dc786a36cf6782dad0022ed3a27a06de9dbb2cc09df8c2d16d2897f45d5cf"
"provengo_project/products/internal/artifacts/1/1/919.txt","142","cb7384b2cd3025d3eacdb765765d21ded774b51aefa1406a909c4a81b9ae751a"
"provengo_project/products/internal/artifacts/1/1/92.txt","543","1acb089808f8d628619f92aae3ba97f2cf42d2940072f9305b7c585ebd6e4c70"
"provengo_project/products/internal/artifacts/1/1/920.txt","1981","e7425829573eef9108d31e89b942ba9f3999d179ccbb2df3fc13a5ecf3c227f6"
"provengo_project/products/internal/artifacts/1/1/921.json","1670","7f18f7cad66393d8a223184107d6ef80043a6748abbd8a44d5c595cee9b1a823"
"provengo_project/products/internal/artifacts/1/1/922.txt","77","52369298de9791dadbe2892c467bc19ee3697c8db387b0106e7a0238d87e16a7"
"provengo_project/products/internal/artifacts/1/1/923.txt","1216","d2de743a54b9244cf8032ed1f12bd60a1ccb5985aec469de85cf17dc8d810b11"
"provengo_project/products/internal/artifacts/1/1/924.json","875","5982dba22d9add4e182c0e4c41ecb25b6c56cd59cc20b158e72e9667d61df9ba"
"provengo_project/products/internal/artifacts/1/1/925.txt","201","093aaf19e0bd53a19d939e0782cf7d55c45e77c71d65b35eb801c941acc271e8"
"provengo_project/products/internal/artifacts/1/1/926.txt","1029","ff5343ed4f0d7845b9b0debb6a7adbcfe7461bef763f32e63a1103176b3f7ed0"
"provengo_project/products/internal/artifacts/1/1/927.json","784","748cb6b24147edefc887fa329575abc6f4619560450c693b0b89b7a3fb870110"
"provengo_project/products/internal/artifacts/1/1/928.txt","225","6d21866e96e5e29b4f80d52ae3e4559ee7c6c80eecabe893378296183fe8543f"
"provengo_project/products/internal/artifacts/1/1/929.txt","590","bd7683dda8ef8ddd564652c94dcf545a82345a84646e44aefc2954f569fcb9c4"
"provengo_project/products/internal/artifacts/1/1/93","223","70edcf56e057206c10248e7091c85382f2e5118a9216261611991c1f63c53e64"
"provengo_project/products/internal/artifacts/1/1/930","270","782ad4a700eb575b0b1e3d41075b240a271ef3929e23338a53947a5101a2117f"
"provengo_project/products/internal/artifacts/1/1/931.txt","143","51fc3df03a40101b3d84534f9409598861cde3c1165a86fdfd424dd2367d7927"
"provengo_project/products/internal/artifacts/1/1/932.txt","1216","1a067bbd66ea349348bd439fd60526df3f1eb3c56797e43c5932063c62b94cbd"
"provengo_project/products/internal/artifacts/1/1/933.json","875","348cb5fe74e170ff00f93734352936c18f6afe34046017514f8f5a77c2ad9529"
"provengo_project/products/internal/artifacts/1/1/934.txt","140","ea1461d987ca003edb39ca6c7b20121086c5291a7659a763d83e416bea78b40a"
"provengo_project/products/internal/artifacts/1/1/935.txt","211","fe14fcb836a02ec1ecea716fbcea1af55585a8ef6129199de802404e67eab379"
"provengo_project/products/internal/artifacts/1/1/936.txt","0","e3b0c44298fc1c149afbf4c8996fb92427ae41e4649b934ca495991b7852b855"
"provengo_project/products/internal/artifacts/1/1/937.txt","568","32360b9c8a866998f05acaf631f1dc4483b0d6ae65ccf790cfffe2ece6f3e32b"
"provengo_project/products/internal/artifacts/1/1/938.txt","2603","628b91a478e037a4d0ad7e3f6cff36aeaf80564660e7b52fc00fc2783254bcf3"
"provengo_project/products/internal/artifacts/1/1/939.json","2461","1bda1baf10e8228d2f151cc91b96ed31e319dbcf4d8920af99f327d22caee6f4"
"provengo_project/products/internal/artifacts/1/1/94.txt","46","363b02b34d3f8118f29e990cf49be7eb17b8a20da6cefbcf5e104d1d540ca043"
"provengo_project/products/internal/artifacts/1/1/940.txt","139","dd1c245a7a8fd0d20b8f8524763ac8565be6a0c7451783b64af7e04619645fc4"
"provengo_project/products/internal/artifacts/1/1/941.txt","1216","5cd9516f9104cbf3899cb533d8d9a21c0f04eada71e7cd49053a0d8ac7f4d5a5"
"provengo_project/products/internal/artifacts/1/1/942.json","875","5ca02d79d37b94bf0e6c33e016f8cd4ecad58e66c18c05807d5974314e7da4fe"
"provengo_project/products/internal/artifacts/1/1/943.txt","77","52369298de9791dadbe2892c467bc19ee3697c8db387b0106e7a0238d87e16a7"
"provengo_project/products/internal/artifacts/1/1/944.txt","1216","4c05422a29de3ffbedb676a6dece633c8729bb48287c205cc194b9c4ba1a4c20"
"provengo_project/products/internal/artifacts/1/1/945.json","875","5ca02d79d37b94bf0e6c33e016f8cd4ecad58e66c18c05807d5974314e7da4fe"
"provengo_project/products/internal/artifacts/1/1/946.txt","231","83c07c98c94d829fd1cb64854a43d35c772e36b9eeadd1792929cd3dbb2fbe00"
"provengo_project/products/internal/artifacts/1/1/947.txt","1056","dc34762da7dfcf6dcb25846768c405d9ba5ff2e95d30b93efb886401dee2d4e0"
"provengo_project/products/internal/artifacts/1/1/948.json","811","c570034035ccf5c36ac1a23a9c63aa402f9768e3cdf1eefd6b23f5ac34e99560"
"provengo_project/products/internal/artifacts/1/1/949.txt","231","8345d7ecc968962f8f8b7f0e9b11313231bec223cb6fcf621282f2d617e9d780"
"provengo_project/products/internal/artifacts/1/1/95.txt","683","2b0a77779a7877fd2bb033d0a45746d3532cae4e2368dc9f6ddbc293a90d360a"
"provengo_project/products/internal/artifacts/1/1/950.txt","1056","9e1c6cf34155548877818dca9260c4821d37fbb66c604747bb23a54091c7758e"
"provengo_project/products/internal/artifacts/1/1/951.json","811","9a1e3d01acbda9a800bc1c42ae156e467048569af8834454800d02b3aa5efc2b"
"provengo_project/products/internal/artifacts/1/1/952.txt","143","36e1017d4ffd2ad86605094c6ae469431a54f916da23675a196952464b9c3018"
"provengo_project/products/internal/artifacts/1/1/953.txt","1243","a56db944399c602fee4644580c9303947c9fd42cc887caef471cdae18dca0ea5"
"provengo_project/products/internal/artifacts/1/1/954.json","902","3a06a94dfeb8a3e1bee82e94dea224004f83866e099baad76e7c76c307a64548"
"provengo_project/products/internal/artifacts/1/1/955.txt","109","bb8d1b12a9e28cd4075e5839b788c055f12a2a9d76c31081876e3bb57eda1685"
"provengo_project/products/internal/artifacts/1/1/956.txt","1029","67421c409f4332384c3689c8e266f21d6f445d886e39a06dbc659f044589bbd8"
"provengo_project/products/internal/artifacts/1/1/957.json","784","ab9c39b2f60b942fdfcad88a79218182a8d23d119ff05b3a2f9203c018a0cb22"
"provengo_project/products/internal/artifacts/1/1/958.txt","598","fa0ea38c3cfb473b5f50dbbd5a934b965999fdaebdff75bd1b82e9eed0c5bd9a"
"provengo_project/products/internal/artifacts/1/1/959.txt","3201","59aef6f626613f5b343ec167d7fa3f1d596a1aaf462a4f58511a21e7ebd54a89"
"provengo_project/products/internal/artifacts/1/1/96.json","344","5bb6d2edfa82906d25223584d1ad599ec0617c658476a4e74b36f596121274d8"
"provengo_project/products/internal/artifacts/1/1/960.json","3059","51d93fbb4eed6a9b26c94239a5efbf33ce6a38b9214f9a3ae41f44bc104b68aa"
"provengo_project/products/internal/artifacts/1/1/961.txt","139","49f03350c8ed497e208f2cfe0507f24f500cb6bc06830d81da0cc10df35d95e9"
"provengo_project/products/internal/artifacts/1/1/962.txt","1243","2aa7b46a3e418f6739628206d62bb28a758fe1cff11c83d369499e57cfb93dcb"
"provengo_project/products/internal/artifacts/1/1/963.json","902","279d888f4651f3d5a2b63632d402a4eea6359a7b2884e3665739e6f01f9ed1e2"
"provengo_project/products/internal/artifacts/1/1/964.txt","80","43a996d2012af6a3080ce4e6e65edb3968645c7110a442b3d0793ac68f540087"
"provengo_project/products/internal/artifacts/1/1/965.txt","1981","39b6b1e3fe3a96336678cb4988c59162ca27e0564f059df480702818b06bba1a"
"provengo_project/products/internal/artifacts/1/1/966.json","1670","d92ede3b7a38baea5509c9996ff044beaaf89b421a9baa09237870842e8c5baa"
"provengo_project/products/internal/artifacts/1/1/967.txt","234","ff0c13e6c3f896c35b37ac278e2a09f26a97992bae9b13653650ecff847026fd"
"provengo_project/products/internal/artifacts/1/1/968.txt","211","2601f73ec01f4c20ae0645d1fa22077b4b93133f52c5b014f6f027ae072778aa"
"provengo_project/products/internal/artifacts/1/1/969.txt","0","e3b0c44298fc1c149afbf4c8996fb92427ae41e4649b934ca495991b7852b855"
"provengo_project/products/internal/artifacts/1/1/97.txt","780","25340501ee05530f53c1c235f7c3befd25f1c858a455e597e684b652d463dcd3"
"provengo_project/products/internal/artifacts/1/1/970.txt","230","d47e8859e3993987b355b674acbd59345df7a4ce3003455b15276137379386c7"
"provengo_project/products/internal/artifacts/1/1/971.txt","572","0af23038e67d9701ba6f9309a627d150208eade9b7bcf23eb4833d7c0d3a18eb"
"provengo_project/products/internal/artifacts/1/1/972","252","99f92215fba361f58d3cab63471056de30c2569ac47c7dbb043e7627813747ef"
"provengo_project/products/internal/artifacts/1/1/973.txt","203","458cc4246dcd323e2efb6f2b17294417f237fd2c557f13c2a496cabe149b2db5"
"provengo_project/products/internal/artifacts/1/1/974.txt","211","f7d3fec07aaded5fed7589742de86c635fca80e1d6fe93e569d589e6c9e30533"
"provengo_project/products/internal/artifacts/1/1/975.txt","0","e3b0c44298fc1c149afbf4c8996fb92427ae41e4649b934ca495991b7852b855"
"provengo_project/products/internal/artifacts/1/1/976.txt","146","27f8ee944d47380517dfe735ea7703645bff33c8f2e1d9d25ca61f460fbfc9b1"
"provengo_project/products/internal/artifacts/1/1/977.txt","1981","4be6ed9c3f48af0371d6f3b17d28a67872297a8c56e88a32bb53d55cda229419"
"provengo_project/products/internal/artifacts/1/1/978.json","1670","d92ede3b7a38baea5509c9996ff044beaaf89b421a9baa09237870842e8c5baa"
"provengo_project/products/internal/artifacts/1/1/979.txt","167","0767f76b0772e129e9c64ab8546990c0a138e3b3053b5d16fda2b0f606484418"
"provengo_project/products/internal/artifacts/1/1/98.txt","5072","98db5167995cc70c1f436443e6eac17944f0bf79c824b8a7cc50b60765583b80"
"provengo_project/products/internal/artifacts/1/1/980.txt","211","55f210a7460dde536b10b9010ae05c5345a22669162ac346a52f172301d5ad85"
"provengo_project/products/internal/artifacts/1/1/981.txt","0","e3b0c44298fc1c149afbf4c8996fb92427ae41e4649b934ca495991b7852b855"
"provengo_project/products/internal/artifacts/1/1/982.txt","798","2e6fc4574f6994d1e6915e5f2134537994b3bf4adc1ad3cef59b1ae2ea9b1e0d"
"provengo_project/products/internal/artifacts/1/1/983.txt","2405","8c9cb32b2a3761682e16e14a7c2f0fcad1806499768c53f534cdb9574a603e85"
"provengo_project/products/internal/artifacts/1/1/984.json","2263","e1df1e76a4823df381c7c5b62893aa024b686772b2bec35c97c8e0e20da33910"
"provengo_project/products/internal/artifacts/1/1/985.txt","142","00dd46416f5dbeae2e3bbc84f1e3b6783ef87fca160fe7c1e5693e7fb38e19f5"
"provengo_project/products/internal/artifacts/1/1/986.txt","1981","3623a917e8eb96b1cddc916f2f0a25eab6d379ace922a8aafcadedeb6e2e4332"
"provengo_project/products/internal/artifacts/1/1/987.json","1670","d92ede3b7a38baea5509c9996ff044beaaf89b421a9baa09237870842e8c5baa"
"provengo_project/products/internal/artifacts/1/1/988.txt","78","b0aa1178211aede5372eca9fa9e6873d9681b07510854a0ff37ff1b003324776"
"provengo_project/products/internal/artifacts/1/1/989.txt","727","82dc93b87d6bae3f9dec1292548bc71ff240e91a301255b57be5ff9d26177bb8"
"provengo_project/products/internal/artifacts/1/1/99.json","4930","ad1063a7fde9f27046e820f0fdff89783e7a19d7c4633f11dbbc397ac0c61390"
"provengo_project/products/internal/artifacts/1/1/990.json","388","7287b890b43886d8f0847887421da6a33e4b0d6234de36e2fad2bb8f9f82553e"
"provengo_project/products/internal/artifacts/1/1/991.txt","263","83053d206c90ec5aca17d39c6b16d34ed42e461bcddb47bc0f5411083c13184d"
"provengo_project/products/internal/artifacts/1/1/992.txt","546","78d4f41fcec35f751d8891446c69101cdac64c28b35425c2ea8d6d304b2beb99"
"provengo_project/products/internal/artifacts/1/1/993.json","301","ec2a0bed6319df4f629301a6b024f357750a7c5a41efef9b4eae8b912a9c1275"
"provengo_project/products/internal/artifacts/1/1/994.txt","263","b4609d95247b76be7d9e01e3fcd51ad560576338c621dd09d0c12e6dbcaff299"
"provengo_project/products/internal/artifacts/1/1/995.txt","546","7ea6ff996bfe410ea329494bf0a1d4e8d534f2f34867750789ce27d39f02f92d"
"provengo_project/products/internal/artifacts/1/1/996.json","301","5e311cc588404e0882251ff326773a1911d941683e3803237b5b6c423b090bca"
"provengo_project/products/internal/artifacts/1/1/997.txt","142","fd87d6fa6e3415f3c8ec693dd5e030a6afa1a778c22695e6c845ecdb8e79c0c8"
"provengo_project/products/internal/artifacts/1/1/998.txt","727","804f36ed294f6553c7be70be26ca2e3dfbf20764329efaa0dd1b6840e89c08be"
"provengo_project/products/internal/artifacts/1/1/999.json","388","d0033a8c003a26589b1aeee2e5a727ac4df5d7ea422c80ccad5aca6ccbf5135b"
"provengo_project/products/internal/runs-db.db","408809472","c852ffe6b311039d0e9fce76c9b55c6354a44c54b2c4e401528a153d622d024d"
"provengo_project/README.md","3451","b67e56c878a94778c5add63626e23bc0840d40ae832bf91040e6b6f9cdd34023"
"provengo_project/spec/js/000-runtime-config.js","302","2e826ad05b7f3d58271b5c6ff10b430b48c7069f1c9e1e702cb21260b358b414"
"provengo_project/spec/js/disabled/hello-world.js","1383","86253af6bc213bec40e9dc0f3c6d03134a32c1b31c0a618d77afbe9ad15b8cdd"
"provengo_project/spec/js/interfaces.vikunja_verified.js","82015","58ef1978e57b2309386f6ebc81fea5c4a482f8823991050ac5aa398457d88537"
"provengo_project/spec/js/stories.vikunja_verified.js","56066","f7dc08aba1888edc78c48740457d44f2ae1803e52e7614fdb339b45535a8b230"
"provengo_project/spec/js/verification.vikunja_verified.js","152443","4af07a1e7e01e849b2dc8602c5697cdfa223b6f0f010408c067b08b57456aeb6"
"provengo-create.log","592","b8dee52870c5e716e203e01586d277924cb042d4e91b372ced720d2d185409ab"
"provengo-run.log","5688820","51d15f4b74a2d507ba0e13dc61ba959ae436303857196e35ff7aa43af849aff2"
"proxy.stderr.log","0","e3b0c44298fc1c149afbf4c8996fb92427ae41e4649b934ca495991b7852b855"
"proxy.stdout.log","53","07960e625b03159b89b1c481f5a37bcba2cd09d7880b32b433a916665c78324d"
"run-metadata.json","619","69df9128b19a6a995aa17a26173ad41592575c646b1f4812aead8f5c166834c9"
"runtime-observation-policy.json","1037","255c9052248b408d02beacba08385c46bed7cffa5f16f4b31ff8cc5d88578886"
"verification.vikunja_verified.js","143685","5430df9bea15d5752b989bb7b1cb2561e16ba6e0fc39ea282ed458b0d8bd3002"
"verification-manifest.vikunja_verified.json","273971","e1943088670fffbd8f3315cabeb0683e3bc970519fd2274854022024dfea7b23"
