"Path","SHA256","SizeBytes"
"action-oracle-manifest.json","bee9413a32bd298b35dd6c3a7f0885fa459c7014a3b71ec9904d7c118c5a8888","4888"
"action-verifier-evaluation.json","dd954262ed1cf24df05af5bc0822b4ddf4b31fb41803b67b7add0a318457f08f","10309"
"concurrent-adapter.stderr.log","e3b0c44298fc1c149afbf4c8996fb92427ae41e4649b934ca495991b7852b855","0"
"concurrent-adapter.stdout.log","118d0ee8797763fc30088954164a1bea658858e3153949c031db38cb12b11223","87"
"concurrent-epoch-oracle-manifest.json","9cb884510cfb228de5ebbc1afa31c140f6f3136bd425ecbb1018b7d3bc0c11ee","1282"
"concurrent-epochs.jsonl","32b11d6a045f7cecbb047581caa76457c63dfd85efab2dc29c8f2359dc334a3f","26633"
"concurrent-epoch-verifier-evaluation.json","dcf77afe3d6e5206a2617b22c6b83161c716339a0afaad7e8fa0efe2574bca89","5109"
"conflict-oracle-manifest.json","5fb68ed66657be80bad42727c2b2b6107093a2959773c39f6a1b99cef396086c","1750"
"conflict-verifier-evaluation.json","58c6bea99830b5442d54735e360c22f9001e1df5066aa5c4176c4fe09232af10","12880"
"disjoint-patch-oracle-manifest.json","0a95f88db29fe7d95d9979511e60a652a37a50e834c0d970f0b29e0bee542ea0","854"
"disjoint-patch-verifier-evaluation.json","a6f25a2282505e0040aba3b976fba088754feb6d015e17552dd86d65281488af","4465"
"http-trace.jsonl","b8baf81a872acd8b3639bec3422008fda05e83528dbf663cfa6cf7ddaa11e035","347467"
"negative-oracle-manifest.json","dbdbca34d29b967ff1fd429dd783b965b902b4701b35d8f46f61ca83d1c2131c","3169"
"negative-verifier-evaluation.json","54a3cd6bcfde1f7416b4513dff1b4c77f63af7c3c21f91b1ff6db7d9eb7b45f9","21502"
"phase7-multi-resource-evaluation.json","9ec345f81b7ddc1c67e907588ac0be2d64d1a629a1396cb52b3aee48ce37f5ac","1443"
"post-delete-probe.json","fa72d1d1233df29b603a22696ab0fb5a37b8dad753d1ae877f7a7bad8bf86950","309"
"provengo_project/.gitignore","f09e023c25978720ed9122360581f2fca50cb612504daed3337ab662e7106366","32"
"provengo_project/config/provengo.yml","c9f786e7a9b6c9ef172d545a122d1c77c287abe624abcc96e069ec0a32b7bbc2","1194"
"provengo_project/data/data.js","55e30a0929c59d9578c5695169b772d147c20b0ad8a7d556eb38c4defd8404b7","131"
"provengo_project/meta-spec/book-writer.js","977303cc03f87fd6561e4435e4cbbb34c85559a94b7aacefdbe9c71b0cb5ac42","3926"
"provengo_project/meta-spec/ensemble-code.js","7e9e842a753bf38111af0cbfbf1bdaf8b88602fd620ff5fdd919fe8d23f45ab5","2692"
"provengo_project/meta-spec/scenario-metadata.js","53f129542f1903bf3f7c2ef55914c0df227d58111a71c7c6053d40792b79cd65","479"
"provengo_project/meta-spec/script-writer.js","f197d272e5524bd0b4ab1f59289b300232c7a8ebc060f8ffeba993fc7eaae0f9","3034"
"provengo_project/products/internal/artifacts/1/1/1.txt","7a4b91a94e57e350196342e008c2693ce8604a9eba6aa139a4c983b3b807738f","100"
"provengo_project/products/internal/artifacts/1/1/10.txt","1451cb8fce8c4e2284bde75773470cd0850598b2ce6bf6d3572d282f6cd9e27c","99"
"provengo_project/products/internal/artifacts/1/1/100.txt","bb4be63744987013c9cd310fd9d374beaffaa7f585688f3a96c4b3c7f3abad44","46"
"provengo_project/products/internal/artifacts/1/1/101.txt","398f8eced49ffde150826417082d55e166d3a6a28721314fb49d6031be8dd6be","2657"
"provengo_project/products/internal/artifacts/1/1/102.json","79c6170f9bbc0003e71a4b5603545a845263ec0c9bb5d829071e6216807d5ec2","2315"
"provengo_project/products/internal/artifacts/1/1/103.txt","85b8d8c6019978ee462ff76a66d4db38e07b4f639934063fb3f4b8cc8d7f9f72","121"
"provengo_project/products/internal/artifacts/1/1/104.txt","d2fdd65084783e08bdfef141baeb5301eb66d839ed7a48b27173322e26f3eeee","836"
"provengo_project/products/internal/artifacts/1/1/105.json","48b36ae69171e1fe4b6d73f7385ed8af169fbb70e6f890b26e2367f28ed98386","591"
"provengo_project/products/internal/artifacts/1/1/106.txt","7cbf8e85bed452a23e7d8db31add9858a91651bf4eebd5371e322b23f18f95e3","110"
"provengo_project/products/internal/artifacts/1/1/107.txt","9021d864538b48bcf3834198ade8f2c5d1f5ba37648e2a9a98dc5d8e7325f431","506"
"provengo_project/products/internal/artifacts/1/1/108.json","a676750b782af45c42ffee5c7c911a985b7916b01f3da302e0565284a0575f0d","261"
"provengo_project/products/internal/artifacts/1/1/109.txt","cc44dce5b49c72d0b600554fb0072d63ab11c2532386bb5e9a3eab6c39cdaf09","110"
"provengo_project/products/internal/artifacts/1/1/11.txt","71d5c9ae8e2001396fb23c35beff81e235b52e56eda400df7d394b45aa87c5d9","518"
"provengo_project/products/internal/artifacts/1/1/110.txt","e79ec74d349330820c4c2a7fc50792da968257c2363cd5b08cb3322f89fbb679","506"
"provengo_project/products/internal/artifacts/1/1/111.json","ff36bb64bb1b98584bae42550a8763f88cff8cb7d83ccd2d560d4deb3d0ff5e5","261"
"provengo_project/products/internal/artifacts/1/1/112.txt","72a0ef2ca3beb25d8db2bf3178a0cf5df87e23a25a398ff6948177a0744d4a3c","110"
"provengo_project/products/internal/artifacts/1/1/113.txt","6d6140962355a4e84c272ae233eecfdab79ce10fff2f63ce7ddc224ffe214ea9","506"
"provengo_project/products/internal/artifacts/1/1/114.json","0e4f18df965bec676dd3341ea5121995456e8cf17c37fee77e80c3851641af9e","261"
"provengo_project/products/internal/artifacts/1/1/115.txt","d43039f54d17db6dd750893053d43bb352e5c6f8fc6d9d3494aec32478e57c09","46"
"provengo_project/products/internal/artifacts/1/1/116.txt","13f301d91d5af6892993a672a0bc5784c0215f8967705570e747d1f3cfdd0fc4","2398"
"provengo_project/products/internal/artifacts/1/1/117.json","65451d9a4d80a42345e19e2c3922c7d71d769a11d4f5e84473c995b8ff5f7107","2056"
"provengo_project/products/internal/artifacts/1/1/118.txt","e66feaa9c768a13a6e053db0a0409a8f3fba0676c6a66cf6939d852f77835ec8","85"
"provengo_project/products/internal/artifacts/1/1/119.txt","b05f1a5c4929eb9b0310fdd8dd2f8b1b60cb81ec864e4b1500f5c6eccb83085d","720"
"provengo_project/products/internal/artifacts/1/1/12.json","425de6f7471b5c141106af63d168ea5b4993de5f1cd0e5bd1e67b2ba58688c6d","273"
"provengo_project/products/internal/artifacts/1/1/120.json","f938d4e1337480f39afb94f297de63421f215d1ea9c9e3890c79174cceb50dfb","401"
"provengo_project/products/internal/artifacts/1/1/121.txt","b64370a4caefa8241804b82360b6ebcc0d33508f390c4ac9ce286da418b9a60b","78"
"provengo_project/products/internal/artifacts/1/1/122.txt","795ad02a29dd21862c8879b24bb285fda4a91dc1f8966d76bb8be16ab946588e","1819"
"provengo_project/products/internal/artifacts/1/1/123.json","8118de9bdb63d2899dbc3a7400aa293d492d6174bb836956f33bcc8fa9031187","1477"
"provengo_project/products/internal/artifacts/1/1/124.txt","74e750cb9b15d39d372ac68afc7640f8a302fe0775749808bdbd6f07ed22e9fd","59"
"provengo_project/products/internal/artifacts/1/1/125.txt","aae904446cc400ed1d9ebd42ce35ff927acf4541665d576e39b43f421ae50409","703"
"provengo_project/products/internal/artifacts/1/1/126.json","2bcc45dcea92801cc5f5985803c7cea87cb4cc74eeef02b55947ac7141a90aeb","358"
"provengo_project/products/internal/artifacts/1/1/127.txt","ba699a03c0247976e6cfd3d18f7de5d06f559872abf0a787418ab61833feca1a","121"
"provengo_project/products/internal/artifacts/1/1/128.txt","c0bcb297628578db4a883c85d7bb9709e630abfba94821309e171a82a60ce276","836"
"provengo_project/products/internal/artifacts/1/1/129.json","b11b220c3dc6e24cffd7669b43e9979c0c2f46cd03000e29794faed426db32bd","591"
"provengo_project/products/internal/artifacts/1/1/13.txt","886c098e9435f7ae8c523bbe48852f4c695ceb56883470a9a80bf5f2410f4047","110"
"provengo_project/products/internal/artifacts/1/1/130.txt","b0a05c71ee0f5236b812b70f9b34a398c8e35fedbb3bf6f9c80870a4c0121019","79"
"provengo_project/products/internal/artifacts/1/1/131.txt","6b06bc54a2b1463f9596f8ff4591b2e0e3b460a8f3fb30a46890cb26921df7e4","687"
"provengo_project/products/internal/artifacts/1/1/132.json","67b3147289baa9b4c5f4024cb0c5783177737784b6c14570b2055707d30fc29f","348"
"provengo_project/products/internal/artifacts/1/1/133.txt","bb4be63744987013c9cd310fd9d374beaffaa7f585688f3a96c4b3c7f3abad44","46"
"provengo_project/products/internal/artifacts/1/1/134.txt","fb0ea2db75d28dc06e77cf2cdc393a4a508ee5d285258b86aa944c902e7d2e7a","2665"
"provengo_project/products/internal/artifacts/1/1/135.json","6b1b1420c04567acbd71d743e488030c1f29b65fd6ca827d9170969e012a06a2","2323"
"provengo_project/products/internal/artifacts/1/1/136.txt","91603239d9f3ed502e0dbf2794e561e545690c5ff40e83b0895ae5d3233aee08","85"
"provengo_project/products/internal/artifacts/1/1/137.txt","a80513a99204c1b7521f0820d0caaaa366c02f5301c56be46d2a64a14900a43f","720"
"provengo_project/products/internal/artifacts/1/1/138.json","52d0481184d677e8471cfd8f2bfea00577d43b0345ecc654cce497214ad014d0","401"
"provengo_project/products/internal/artifacts/1/1/139.txt","4fba1512d2a2aebad26698b18e0d47b5171b17f027248b81ff9025967ff03d5b","121"
"provengo_project/products/internal/artifacts/1/1/14.txt","038261e529a2250e1991876089304d88d20eeb250178df76d8224a1ecfbcd4e5","955"
"provengo_project/products/internal/artifacts/1/1/140.txt","da68e9ced8f94d2d5f0a31f32694eba2a5ba987183e2428961794a924730b4b1","836"
"provengo_project/products/internal/artifacts/1/1/141.json","c0470da2309f462a62ccce6d83ce1ebc3ac4cbd907d749b5e2b4e44405595aad","591"
"provengo_project/products/internal/artifacts/1/1/142.txt","00114b94d7989558827adc1eabe71dc8b133a8db28a3919144fb12d7f6f3ac4b","111"
"provengo_project/products/internal/artifacts/1/1/143.txt","ba744dac59f77209791c81a1b9c313773653d900548f1d7e6a771c05ed3cc727","382"
"provengo_project/products/internal/artifacts/1/1/144.json","3c78dc658be9740ac9619b4bf813421d1ba9acb8e365bada38ea962fb23d64b0","137"
"provengo_project/products/internal/artifacts/1/1/145.txt","9540b254e8bb1587d566bdadf87e267f8d51fb5f316dc312d7e836fdcc73cb86","78"
"provengo_project/products/internal/artifacts/1/1/146.txt","a7b6f12f32569f28f0cff1975c54404b62cb9787e2a21a8473b813842fdd3362","2672"
"provengo_project/products/internal/artifacts/1/1/147.json","c02a68d54b03f938e9c3d7fabb46fdfef6fc2cc2f985dcf973f98261939c6f3e","2330"
"provengo_project/products/internal/artifacts/1/1/148.txt","53c5efaad3dbe190b366505050489f5f043e0fe8fc3f421789e5bee8a2597966","139"
"provengo_project/products/internal/artifacts/1/1/149.txt","0356b380f949bc269613543371253a9d47b51e8aeb56456d403dfa84b7207c25","475"
"provengo_project/products/internal/artifacts/1/1/15.json","54b654ac315f42a37472a4cf41f845b5ed8f49c06dfb18d45070e38f7abad077","710"
"provengo_project/products/internal/artifacts/1/1/150.json","c8fac8b3c5b0101c9a8a43bd7a9eda559b657efe4fd5a883f3ae927d61d11f8b","230"
"provengo_project/products/internal/artifacts/1/1/151.txt","621d670539397e0c13134a99fa38031966195f72162de8a31217f9500c94546d","121"
"provengo_project/products/internal/artifacts/1/1/152.txt","30cfa1c2cae976bfbb355f02366cdbf1dcdea5f7502608e9fb99c08d02032c8f","836"
"provengo_project/products/internal/artifacts/1/1/153.json","731762ce9b3c430361f4a63227cf25bbc6ec148dea15f02195faed2b575952e9","591"
"provengo_project/products/internal/artifacts/1/1/154.txt","bf89938cf0c845a19dbf33137cf316d92e0fe7b31022a20ed0c98e5a4ba01d0e","79"
"provengo_project/products/internal/artifacts/1/1/155.txt","e289e2d8885df7ad696d6e3a6ffb763309dcd084e155ce76a9dcf395ca7b7735","687"
"provengo_project/products/internal/artifacts/1/1/156.json","2a0f0887a3cee9b8d128d273c0587e75b69d8f7694f4fc65d4f8e555ec6f7228","348"
"provengo_project/products/internal/artifacts/1/1/157.txt","b64370a4caefa8241804b82360b6ebcc0d33508f390c4ac9ce286da418b9a60b","78"
"provengo_project/products/internal/artifacts/1/1/158.txt","faa5030335f54e9d495b2a1b5ae7ea9e1c543d7afb06d9120319ccc7da999d1d","2403"
"provengo_project/products/internal/artifacts/1/1/159.json","0b2526e5bb1794caade9d3a44983f8aa91feb28914914f7759e050e9ec62b156","2061"
"provengo_project/products/internal/artifacts/1/1/16.txt","210350b89a8bfe80fa651d5e9f64f78e3ebf8f71953a51acbbecf3ba46d40740","110"
"provengo_project/products/internal/artifacts/1/1/160.txt","2854fcec9ddc31b82f3d749294109ff18eddb943d87ac8f85bb4d348b7026713","102"
"provengo_project/products/internal/artifacts/1/1/161.txt","8c9329619a7abee8b14b78885c85690134a0d879ff0bf6575de04241fa8accd2","304"
"provengo_project/products/internal/artifacts/1/1/162.json","4d35be7f3ab00dc67919822d6e2f454678d3dc58189bcda6b692cb9b2051c8e8","60"
"provengo_project/products/internal/artifacts/1/1/163.txt","9540b254e8bb1587d566bdadf87e267f8d51fb5f316dc312d7e836fdcc73cb86","78"
"provengo_project/products/internal/artifacts/1/1/164.txt","ac74276968b93f37000bacb5b04aba7e27e65230a1d9095047853527dd28ca80","2672"
"provengo_project/products/internal/artifacts/1/1/165.json","ded47adebe6e6bc97bde3ae4c138bcfdbfe93388be728951647e6960e9bf0f67","2330"
"provengo_project/products/internal/artifacts/1/1/166.txt","51ad8a643f9fdea9c88f3cfb9585fe3bdcd6d7c2272853076b33020e4ecc9164","46"
"provengo_project/products/internal/artifacts/1/1/167.txt","dc36883b02cbc35f7461b24dd130cbac61844934c7e864fce7d00e51725916dc","2425"
"provengo_project/products/internal/artifacts/1/1/168.json","c4e6273441ee96294046a5f3671daff55875a8d5c442e91c761dd25534a59c50","2083"
"provengo_project/products/internal/artifacts/1/1/169.txt","656a86142f782d6ae9687f23497e7370439feca2cd19b3301b9d538e614ad07b","59"
"provengo_project/products/internal/artifacts/1/1/17.txt","e383b46a7d81ec9b6f4058ee965e2f6a76a72a32a598f978d57bd58a9c2c6fac","955"
"provengo_project/products/internal/artifacts/1/1/170.txt","98e030bc9b44ac86bd0953d0fdbed4ff16d37116d87e194f9b6e2f140e19aa80","703"
"provengo_project/products/internal/artifacts/1/1/171.json","c06bdaeab349711c6b2ad97f926a381bc9ae08d3a9babcba37d2fe56fde43d62","358"
"provengo_project/products/internal/artifacts/1/1/172.txt","23abd50db9fa15781656538203d997b0763d84df632f6d097ffa89426ebffea1","46"
"provengo_project/products/internal/artifacts/1/1/173.txt","38d6fea6ae07ccf4d2e1985fc8574aad5280e3028f3da402dc979af069c673ff","2067"
"provengo_project/products/internal/artifacts/1/1/174.json","ed57dc6841c5602aa0ca8243e7cd5365abbc85dc50f4e3c7c4b46536d594e936","1725"
"provengo_project/products/internal/artifacts/1/1/175.txt","859c68794e6a95926fb21c8782f20656b38cafb72d2654d57fb3c5ef1c2df04e","110"
"provengo_project/products/internal/artifacts/1/1/176.txt","f2b70b8b27ff9334ec02b0668d3ba63b8d4c8e4421895224dcbdfbf9e4e21e03","506"
"provengo_project/products/internal/artifacts/1/1/177.json","c4c71d8ecf3440ca5efcce21fd39805048e4517af4d5d37e8f743a62edbea462","261"
"provengo_project/products/internal/artifacts/1/1/178.txt","a643c5e9db8d741084609f143a6bdfd12e17f4406eaeac19104e0479e3972c94","46"
"provengo_project/products/internal/artifacts/1/1/179.txt","99f9d3f88499e625a788dbf1e5a1913d86ec9ab7ce60244f9f61dc4c0ecdb8a4","2403"
"provengo_project/products/internal/artifacts/1/1/18.json","207d3635ed3c751234932a9772d013fb6ab1f4dddc418eaa1af78028155c34d5","710"
"provengo_project/products/internal/artifacts/1/1/180.json","0b2526e5bb1794caade9d3a44983f8aa91feb28914914f7759e050e9ec62b156","2061"
"provengo_project/products/internal/artifacts/1/1/181.txt","b0a05c71ee0f5236b812b70f9b34a398c8e35fedbb3bf6f9c80870a4c0121019","79"
"provengo_project/products/internal/artifacts/1/1/182.txt","c611d580052035976d42e7756a3cc17031a354b6b3783a5e0e3875439bc0bf3e","687"
"provengo_project/products/internal/artifacts/1/1/183.json","4cab3892719d89ac5abe64db3b89ab659cc04899cf3b52d8a3ff1c18458ddbcc","348"
"provengo_project/products/internal/artifacts/1/1/184.txt","cfe561839bd78ef8ae87caed4aad2b9351ec60309415b4e27e43e9910e6b5c12","110"
"provengo_project/products/internal/artifacts/1/1/185.txt","77f38ae49a6043724dc60b2e32fbc271a82fef460eb8aeddafa82257d889b19b","506"
"provengo_project/products/internal/artifacts/1/1/186.json","02f93cbecc70d60666c163970a5d362dcfdc5defc38216d2303c19130ea1e31c","261"
"provengo_project/products/internal/artifacts/1/1/187.txt","bb4be63744987013c9cd310fd9d374beaffaa7f585688f3a96c4b3c7f3abad44","46"
"provengo_project/products/internal/artifacts/1/1/188.txt","47bd0bd3191929466f16113cbd09e383927009c44f9583d644caf34dbf366608","2672"
"provengo_project/products/internal/artifacts/1/1/189.json","e45dc18dc3ccf93c2e37142736c99fb669089dda2bbcd9824f14f5b35aeb9b08","2330"
"provengo_project/products/internal/artifacts/1/1/19.txt","3ef3e095db0d431e70b33992c303950bb5f5661ba002d6068e2c39e946c08c9d","113"
"provengo_project/products/internal/artifacts/1/1/190.txt","0b78bc22b8df53d282e785ba8e0c75df27cfd3c403fb0b2f4096504528a062fb","59"
"provengo_project/products/internal/artifacts/1/1/191.txt","6e3192f53247dc0beeb4de41df773717856ef91aae4b7c0e662dfd3be2dfcc8b","703"
"provengo_project/products/internal/artifacts/1/1/192.json","875048743fbbf285862ba974a9cc62bee6c7e0538593ec756b79cb874b5eb6c9","358"
"provengo_project/products/internal/artifacts/1/1/193.txt","51ad8a643f9fdea9c88f3cfb9585fe3bdcd6d7c2272853076b33020e4ecc9164","46"
"provengo_project/products/internal/artifacts/1/1/194.txt","2335b3277cac5d7c00eb9a7d2663bf41a7943537ce7dda531aa71804d21c279e","2425"
"provengo_project/products/internal/artifacts/1/1/195.json","c4e6273441ee96294046a5f3671daff55875a8d5c442e91c761dd25534a59c50","2083"
"provengo_project/products/internal/artifacts/1/1/196.txt","493e5a9d8aaa326ec7853159045efa9cc2bf13ea2afe64bb9e8ca0c38fa18d3e","112"
"provengo_project/products/internal/artifacts/1/1/197.txt","5284faadaf4d652368f60c22550eed6f574e525c40a3adcea399626d2cb56c60","383"
"provengo_project/products/internal/artifacts/1/1/198.json","7e41c8bb462f94f861c0e13bfad4acaf19b825c1e0c718b77c17124e220e0f19","138"
"provengo_project/products/internal/artifacts/1/1/199.txt","fa877e8dc6840b8f1163e87ba292507842b8e3ea4b6be9c3063c9ac417328032","121"
"provengo_project/products/internal/artifacts/1/1/2.txt","f740b88c76079d378f649e0680453473b5dc31a56a855ae00cdb56d13a217b94","2038"
"provengo_project/products/internal/artifacts/1/1/20.txt","66032ed18c5db951124259e9158dc67a89731972495e7b6a2a6a5c6cabe28283","1959"
"provengo_project/products/internal/artifacts/1/1/200.txt","06a85b6f1f1b6920ee9cc87ebd61e332a596c1d0d5cda9da453c0b430a51e9d9","836"
"provengo_project/products/internal/artifacts/1/1/201.json","61ba29db39477d193502625fa23c70440aede9d6677c0bfc3753ae800c475af6","591"
"provengo_project/products/internal/artifacts/1/1/202.txt","653e034c9d863e0881f8e4eae2135877a54e349ccbb779cdb0cc16a367018aac","110"
"provengo_project/products/internal/artifacts/1/1/203.txt","0881fa232f921abbc0783fe1a2e30faed1ad8ec25d6e30732e5cec95876b16c1","506"
"provengo_project/products/internal/artifacts/1/1/204.json","cb5f7d57551ea5aee9f2f010189707a75bacf431e5be26bea400f819faa78436","261"
"provengo_project/products/internal/artifacts/1/1/205.txt","b7b71d4b1fc9b6c63e3b73d39bfbfc60c3a252d9fc4f544cbefaf944ec49f552","79"
"provengo_project/products/internal/artifacts/1/1/206.txt","bf362e042ff55394c930bd0af2d395867c0ca1e888621ac460931598ab948ca4","687"
"provengo_project/products/internal/artifacts/1/1/207.json","fcd3f550bd280dc0682df4ad691c8f523721dc42ec9403b963390e0630a9de94","348"
"provengo_project/products/internal/artifacts/1/1/208.txt","d3936d339a346f18832ff64873d5f63eaf5c79dca039b9602f76327dab2c1eea","59"
"provengo_project/products/internal/artifacts/1/1/209.txt","5eab967f0b33e6829091dddaa050c41b2af514d4ca79f8f89a5ef61588b4916a","702"
"provengo_project/products/internal/artifacts/1/1/21.json","fce5f8f68aa1bd75c6db79057d7c6d85b095cea16633e4f83a68d359186a19a4","1656"
"provengo_project/products/internal/artifacts/1/1/210.json","a54a64b5ebeb75f57072bd4545c6222b934db0bc287aea727d9117f68c8f6181","357"
"provengo_project/products/internal/artifacts/1/1/211.txt","74e750cb9b15d39d372ac68afc7640f8a302fe0775749808bdbd6f07ed22e9fd","59"
"provengo_project/products/internal/artifacts/1/1/212.txt","10f2760c9eee0a846f55fe41aff01747c6712146abd0a9db77bc555fdb817860","702"
"provengo_project/products/internal/artifacts/1/1/213.json","40460b0971582a9687f89aa849290e99e6f052bc61841c4a15ea8130832aa30b","357"
"provengo_project/products/internal/artifacts/1/1/214.txt","f5bc72bb212bc2c1157be2bcfc138340cde40f56a6a31d9cc2f99ce83567d7f3","78"
"provengo_project/products/internal/artifacts/1/1/215.txt","73634f99a602ce3002f1a8fa163db3e48098dbc2a65e9e8bd1d7c7a1b70d1f2f","2074"
"provengo_project/products/internal/artifacts/1/1/216.json","880f809202d98733260c22dc4f3b653e0f51a47077cf7edba24a829d79ca9576","1732"
"provengo_project/products/internal/artifacts/1/1/217.txt","d43039f54d17db6dd750893053d43bb352e5c6f8fc6d9d3494aec32478e57c09","46"
"provengo_project/products/internal/artifacts/1/1/218.txt","507bfa0f31769f3b345df6256076cc8325fe72da8b4d413fb3d09c1756fc8194","2670"
"provengo_project/products/internal/artifacts/1/1/219.json","27dcba2a92312098e4cddc26fc58d05bc41288e7fa3253a3a925ce678545b304","2328"
"provengo_project/products/internal/artifacts/1/1/22.txt","d038c745f7497a9793ee09d28e0c5abba6b9498ade6df75c537873a09d60001a","113"
"provengo_project/products/internal/artifacts/1/1/220.txt","0f8d6cd7b76027f1476060b08021479e43dcc2fc376f57ed59e9fc748e7f3199","121"
"provengo_project/products/internal/artifacts/1/1/221.txt","e1408ab0687769b06fe014fb2041f27e69ece69fc7b2a2bd7356eb5e10235a24","836"
"provengo_project/products/internal/artifacts/1/1/222.json","a9b0bfbb285336d03e1060d8f4450812ec4a8f34d3e36e5db7704a112ab174f6","591"
"provengo_project/products/internal/artifacts/1/1/223.txt","8fb6a7cb8feb9981c3829d90551a80b362691d9f485bd53cc8fcd7feae68896e","78"
"provengo_project/products/internal/artifacts/1/1/224.txt","d85d98342b43ab7e8d6f18fdd9521e39d377cbea564bf2a69877c3720a097933","2432"
"provengo_project/products/internal/artifacts/1/1/225.json","e35365993a180fb4795399fe2953a6f00038f2f4626830ab730b69a5566839e6","2090"
"provengo_project/products/internal/artifacts/1/1/226.txt","9c1e340d096cf6c09d8f9fe698d51dfe4f116ab7e802772b411ef24528602051","121"
"provengo_project/products/internal/artifacts/1/1/227.txt","a9d80d4d4c93ff04a9b2339388ee5eafaec72cda22c5fcdf1720fbc0585553c0","836"
"provengo_project/products/internal/artifacts/1/1/228.json","34860caaf53d1dc038eb130139bc91ed584de880d0163819624e8ba5e075c0de","591"
"provengo_project/products/internal/artifacts/1/1/229.txt","22545ab7cfeb0252a7e634d10d4dda9ee338b0aba24a3272242fe01b0257d893","121"
"provengo_project/products/internal/artifacts/1/1/23.txt","149bfa7e4d715264a8a7765b41b7dbaba498cbb37c95514884687c5f36c4c983","1959"
"provengo_project/products/internal/artifacts/1/1/230.txt","73b8f9ad841d515fc1e21c73515c27f84631f0caa5b475d883cfccc0c65febd1","836"
"provengo_project/products/internal/artifacts/1/1/231.json","3535774169801b89ce76ab490257d64eb036eb2856a7032df55e1ec20bd15caa","591"
"provengo_project/products/internal/artifacts/1/1/232.txt","af2577df55877fb345f3a154bc092aed33380122c083b86568696ce209252d25","78"
"provengo_project/products/internal/artifacts/1/1/233.txt","fa4fa5455ebededfa4816be694be2403f8c7b95f1de2eae93e13fcd1e2de2c40","2677"
"provengo_project/products/internal/artifacts/1/1/234.json","513c49fd10ada069d86455a4fb96e2a8e0d12627b03f93ac0a9d3009c7df6001","2335"
"provengo_project/products/internal/artifacts/1/1/235.txt","4b3c5bf59130516cba5bccd80403ce8a9024071759e25214851d4d3d2969a7c3","46"
"provengo_project/products/internal/artifacts/1/1/236.txt","d42ef4a77a1542e90a86c057c4deb89f43980d197f144edb7b2a6a6c64a872aa","1818"
"provengo_project/products/internal/artifacts/1/1/237.json","89482acad3830d9557a4a3a28d3824f34b74933c6ae53b95fb8b1dc4959e0bd4","1476"
"provengo_project/products/internal/artifacts/1/1/238.txt","a97d95e792ad2a816dcbe4e530274cc2b1e31142d18775aa62658803dd8112d3","112"
"provengo_project/products/internal/artifacts/1/1/239.txt","5c537f2c9faf99b516db54bbd56c0b5cc2b0ed2ea42f886e94057ac6c6fa96e0","383"
"provengo_project/products/internal/artifacts/1/1/24.json","7df45516e8e5f45f96cfc3c83f1d7b8707a078869af451f88252b072354f485e","1656"
"provengo_project/products/internal/artifacts/1/1/240.json","55feea4a2993b1d4eddf1e2fbec39e380346c64d8ecf635f50180d3a6e236870","138"
"provengo_project/products/internal/artifacts/1/1/241.txt","5d301decb4380330af47070dfaff2ad927299232e19c6848892eb8a7fa93109b","121"
"provengo_project/products/internal/artifacts/1/1/242.txt","692651c57f6dbbb46633686f11dcc0b651e0e20550803101971f91cb9a58256c","836"
"provengo_project/products/internal/artifacts/1/1/243.json","cbe4fb7bf68856adc4ea1a8bb6cbd86ba688a12b7e77cd286cd26b56cc9a67df","591"
"provengo_project/products/internal/artifacts/1/1/244.txt","06ce239ae61572b08b22817c0006c400cc937a5e864d1975cb71155a0035514b","112"
"provengo_project/products/internal/artifacts/1/1/245.txt","1fa46c1ec02fde7ac4679770a7de1b6c52096dfdf1608205b69f5987a046596d","382"
"provengo_project/products/internal/artifacts/1/1/246.json","1b05e7df0fe443f23e92aa32a7c929ab2a85caebaaed600eca1ba747e6f50cfc","137"
"provengo_project/products/internal/artifacts/1/1/247.txt","fca7e43e25f2c7a3ef4b76db1e82ef5445d9e7cc35d7f2d3fc78430b6eac24d7","126"
"provengo_project/products/internal/artifacts/1/1/248.txt","21a45de621ca63461581fc6010b3ccd1895cfa0aa97bce48d6be125868091df3","397"
"provengo_project/products/internal/artifacts/1/1/249.json","d8ceb113847e91b3dd5e78b62966e317c25fd5b8e75feddcf70d4283175bf682","152"
"provengo_project/products/internal/artifacts/1/1/25.txt","cb25d8a2cd80c413cf1bcfeb03ba314d962f9aa6e93eee5a26e3e22038f82af9","47"
"provengo_project/products/internal/artifacts/1/1/250.txt","45e0415665dc5e8cf6ad0a09b99c60a6e5d3116dd2d3b4d4daf4d9e08b89294d","121"
"provengo_project/products/internal/artifacts/1/1/251.txt","a880302e7bfeb0df9917d13d0f09a1d22dddec40f70fb4778cac61dcb4a3f75c","836"
"provengo_project/products/internal/artifacts/1/1/252.json","5d8919b25288a5d74661264ec16a7002a06a09ed8bf027e95ebe6776859846b9","591"
"provengo_project/products/internal/artifacts/1/1/253.txt","19b0f6c1a270848103a4ccb65185295d7a92322cc047e7b9f79517582aeb3cea","126"
"provengo_project/products/internal/artifacts/1/1/254.txt","61f4026856161d227f50574a28793d5dae35c33bef6976763092dcd8c380a26e","397"
"provengo_project/products/internal/artifacts/1/1/255.json","7185de5fed04e39e6e7da8621229c21847291440ce84f605b961384859338d93","152"
"provengo_project/products/internal/artifacts/1/1/256.txt","f5bc72bb212bc2c1157be2bcfc138340cde40f56a6a31d9cc2f99ce83567d7f3","78"
"provengo_project/products/internal/artifacts/1/1/257.txt","78d12b32f150d3c930aea7ec1c4e7937c617b4969c6ee5dc770cfba2ff8b4200","2081"
"provengo_project/products/internal/artifacts/1/1/258.json","3b233ef59eed14da71a804c49f14a00e1b799f5528fb45603eeedcea237818c4","1739"
"provengo_project/products/internal/artifacts/1/1/259.txt","686657b55de1a89886e6b6afe5625579615814a219f96459f75c6038ea4ea5a5","121"
"provengo_project/products/internal/artifacts/1/1/26.txt","551795eb047550ab799c58cf636c4e62784b5551295e4c72fff6034ded36cd89","679"
"provengo_project/products/internal/artifacts/1/1/260.txt","fcfc03fa8c0c406e020d646b16f5e80915556441117d51d2add98c67d8e035c3","836"
"provengo_project/products/internal/artifacts/1/1/261.json","9c15c7326e1cf2e43281d934cb01e7248f64c77fe662dfa5197e1817e879e6a9","591"
"provengo_project/products/internal/artifacts/1/1/262.txt","880479c9c4bc5f0691aa98543fd882c3a0650068380e42dad5a4bcc5d5e9307b","85"
"provengo_project/products/internal/artifacts/1/1/263.txt","09b866916b12f78f06e0cdd4f8a04f4e3b0f775f5c03ec29b9b7cf2061a1d692","720"
"provengo_project/products/internal/artifacts/1/1/264.json","639a564051cada52a13ca62c2756b22794c5466a52911dfafb743b47fc9084bb","401"
"provengo_project/products/internal/artifacts/1/1/265.txt","0b78bc22b8df53d282e785ba8e0c75df27cfd3c403fb0b2f4096504528a062fb","59"
"provengo_project/products/internal/artifacts/1/1/266.txt","47900195fb67a4a49698813d8c19cbbc06d7c568c766d0c11d3484e26f18caa4","703"
"provengo_project/products/internal/artifacts/1/1/267.json","738a08c4427e003a0b8ac30825549c6557201beb283167017f97cb20cc715275","358"
"provengo_project/products/internal/artifacts/1/1/268.txt","d3936d339a346f18832ff64873d5f63eaf5c79dca039b9602f76327dab2c1eea","59"
"provengo_project/products/internal/artifacts/1/1/269.txt","6465e7378c8a50e0325fd87e5ed928ad8762422eafc02c32e08ff7a710847f40","703"
"provengo_project/products/internal/artifacts/1/1/27.json","66fa56a240d4280d023ff1c35ab9b08c3b4af79d9516f684d24741bc77c1e241","340"
"provengo_project/products/internal/artifacts/1/1/270.json","63ad035d26c75937956897369be40415b7851b00e131932a6e71b1ab8cbedc4b","358"
"provengo_project/products/internal/artifacts/1/1/271.txt","c649a8fd5f02c3aa6455dedf6e33057e9977e228d28a1f11026c3029579e76ea","91"
"provengo_project/products/internal/artifacts/1/1/272.txt","6eb8b61369c32090721fbd1480db212324a88d3d8ba5460b7edaab5643d6e148","717"
"provengo_project/products/internal/artifacts/1/1/273.json","9d6ac498007004a83a6339fbe10aa619ee8cbf00ed6fb15c5dc8723d8fb8a5f2","372"
"provengo_project/products/internal/artifacts/1/1/274.txt","4eefedc2f60eb049fc5ba274974f632435682e4e7673c07d573386943cb6be2e","121"
"provengo_project/products/internal/artifacts/1/1/275.txt","7fbac0c5b23f01560f69ab383f1af6a070e6eb4e20d6427faefcf83f4a32ab7d","836"
"provengo_project/products/internal/artifacts/1/1/276.json","c9ca22df42cb3cfc7377c5f982baed6649aa6e56014dd68500a22c2228fa7628","591"
"provengo_project/products/internal/artifacts/1/1/277.txt","9c1f66ddf2c9cd0caa6224668deb0c102606086492878ef9d5b7fb159eededf0","78"
"provengo_project/products/internal/artifacts/1/1/278.txt","51dd44febe0bba30230444ebfa90d44048a815a610550969d45fb63d231d7c27","1827"
"provengo_project/products/internal/artifacts/1/1/279.json","29e022fe293c2957702aa3801f0d10241bc5d6419366e03291720175ebe5f178","1485"
"provengo_project/products/internal/artifacts/1/1/28.txt","3278fa620f495a472bafe709d6f20e91aee873fccc5e600da075767c3d2370f1","88"
"provengo_project/products/internal/artifacts/1/1/280.txt","8fb6a7cb8feb9981c3829d90551a80b362691d9f485bd53cc8fcd7feae68896e","78"
"provengo_project/products/internal/artifacts/1/1/281.txt","6af7475e220e1cfb105efe0c80844ad437d2f8ef243a0ecb0217144ef657c65c","2432"
"provengo_project/products/internal/artifacts/1/1/282.json","1340b96f14c8fd31771de009b281dd2996e377e34f208196653c26f6de332452","2090"
"provengo_project/products/internal/artifacts/1/1/283.txt","656a86142f782d6ae9687f23497e7370439feca2cd19b3301b9d538e614ad07b","59"
"provengo_project/products/internal/artifacts/1/1/284.txt","f41d9bd919a5d8670b512f9f1f4b311885cb3953f1287629b6a50c068c848572","703"
"provengo_project/products/internal/artifacts/1/1/285.json","f98156a59c480699e5525244bddd09ef50d6605246e113a312ebb9e414e246ae","358"
"provengo_project/products/internal/artifacts/1/1/286.txt","1b4eeec63e26972a5ea617adb6bc57b53f0c6ec3279f0ea916c8da598938f3d3","126"
"provengo_project/products/internal/artifacts/1/1/287.txt","b80c92c8cc9305e6e727739dbcbf48404e4f591f7b3208c43628bfb67c6f4346","397"
"provengo_project/products/internal/artifacts/1/1/288.json","9a9cffec5b6167e91396a0ca1472aaddafddf280c4dfb16528d87d5c61da577b","152"
"provengo_project/products/internal/artifacts/1/1/289.txt","40275e7682e181ac67f360411ee8e7c5acbbbd25aa3070b8310e560e27772666","126"
"provengo_project/products/internal/artifacts/1/1/29.txt","fe370f8a2c5d81d022fd97728ccfe0ed651e6a11aef883e4464dbe85d5d31fcf","479"
"provengo_project/products/internal/artifacts/1/1/290.txt","17e88fcf3a85aab2e58ef91edf22aa4c62749db4a3cf6a9fc1652697be2ff01f","397"
"provengo_project/products/internal/artifacts/1/1/291.json","ff0e93a79c261c59bef072c1b0f51e2438512a4ca25f49919411831124ef0d98","152"
"provengo_project/products/internal/artifacts/1/1/292.txt","3a553ea1176387cdbba3570ea9dcb6b7dc734812cb2702ccb8291b7031505710","91"
"provengo_project/products/internal/artifacts/1/1/293.txt","2620046ad5f0a5b46306dc4eedb3f3ac23eedd505114f182950bc7a25884a1ee","717"
"provengo_project/products/internal/artifacts/1/1/294.json","bedc5bb754aed896de23dd8a3afdf829204bb427d20a0aca496e0fc0f13be43f","372"
"provengo_project/products/internal/artifacts/1/1/295.txt","bf7b1303b2509a4148e6838ec0e170818b0e62b75f2b22249a17ddc4b1b204fa","126"
"provengo_project/products/internal/artifacts/1/1/296.txt","883a00d6fb6ae94954639d3803c5e1291609682585feef65a5aaa0ebeed408a1","397"
"provengo_project/products/internal/artifacts/1/1/297.json","40cee114b0f762de040d98a2893c57e8fdcc32d99755b2eeb1950fa99891dbb7","152"
"provengo_project/products/internal/artifacts/1/1/298.txt","ebb46baa00b43bfccf41ce44b94a1b852ad1233fa5fa67e6b774ecc86872ab96","126"
"provengo_project/products/internal/artifacts/1/1/299.txt","05f9a063813ff8a5bfa709bcafaa61179d890e02398bda8bdcc4164fc36cb2f8","397"
"provengo_project/products/internal/artifacts/1/1/3.json","f89f0b6db676418528baa49b038f3b47b97a77a7e6c585799ace5fd6e02426c3","1735"
"provengo_project/products/internal/artifacts/1/1/30","6eae3a3efff86e1a5a1ca4f1e6c966623b03f1010273e2eabb5e5833f97cdcb5","159"
"provengo_project/products/internal/artifacts/1/1/300.json","b93d8d24199c123d8770a4417b0d2e1376262bc916627a24d6c823302d0190ac","152"
"provengo_project/products/internal/artifacts/1/1/301.txt","fbb027433422d9a516529bf76b8ce8166c273dc15138cf3f4e1fcccb9d88cb37","91"
"provengo_project/products/internal/artifacts/1/1/302.txt","c110d0fc9180509556baa41af9cac6e21e69fd93cd8a4df3e7f170da43cdce80","717"
"provengo_project/products/internal/artifacts/1/1/303.json","940130e35edd65f9b1a1eafe7fecabf0b6271791488cb56726fae47a637ed0cd","372"
"provengo_project/products/internal/artifacts/1/1/304.txt","8eaa2a4cce58bfb3505c879278b5a3d682fad924fe212664e5485046a7c8ada9","126"
"provengo_project/products/internal/artifacts/1/1/305.txt","d1e2aef7fba678ce2312c2def93f86ea732042d4605792be2ac22d944bdfd95b","397"
"provengo_project/products/internal/artifacts/1/1/306.json","7424f09af5518f1e805ebfa81c7b7a924c0e0b655c7810007f2f865d52143f2c","152"
"provengo_project/products/internal/artifacts/1/1/307.txt","47121ca863479a8cb6c10907d88073671bc72f44d0209948989c682c37a999ba","91"
"provengo_project/products/internal/artifacts/1/1/308.txt","8b5b75dc5f16986c4b7a86ee6aa7bcd54dbbe0ed05dd5d45aefdba74d44b0016","717"
"provengo_project/products/internal/artifacts/1/1/309.json","1fd16ba05c278a19777594488222ca05d1ce60f2499723559ebc3fc6a4538ec3","372"
"provengo_project/products/internal/artifacts/1/1/31.txt","3217cc005767117017b2dba7181902ad9e441aaf6c5f659da28f2b8126837698","99"
"provengo_project/products/internal/artifacts/1/1/310.txt","dae6af97af4371568a09d60c37cbf01952e6f7ded3b9cfd59775cbc2f8ca8df2","126"
"provengo_project/products/internal/artifacts/1/1/311.txt","f783f58a770d0476cf3c48fe507d45dec52515c65c8966b9ac397f21b62707cc","397"
"provengo_project/products/internal/artifacts/1/1/312.json","cbcfd0538bcb32ef66a692a803eb31a8cf2550f45c1a49d2610d7545f22a7f3a","152"
"provengo_project/products/internal/artifacts/1/1/313.txt","fbb027433422d9a516529bf76b8ce8166c273dc15138cf3f4e1fcccb9d88cb37","91"
"provengo_project/products/internal/artifacts/1/1/314.txt","bbe39334295e3e35884a4aecd8dafb9446423303635fc0becf29fc6c04dc9405","717"
"provengo_project/products/internal/artifacts/1/1/315.json","d92d74dda13e1067883cbd89264a6563ec3d9e427825ae6dc6460addb63f2348","372"
"provengo_project/products/internal/artifacts/1/1/316.txt","a38381b4487836fabdb27675e6a2b4d5050c2306e91c74c351bd79429b3cf393","129"
"provengo_project/products/internal/artifacts/1/1/317.txt","d4c8fe9194ed0adbb41d6e1f1beb1eeb9656dff0fd44771e517a643c678f0aad","2239"
"provengo_project/products/internal/artifacts/1/1/318.json","5f8bc418759b3ff8370b7e2b7112bc9f2ab50fe3c292e26ca2133b52883122a5","1993"
"provengo_project/products/internal/artifacts/1/1/319.txt","6c90fae835aa2d7592935e8df8dc78e81613fd994529bde89f7c487dd038c805","129"
"provengo_project/products/internal/artifacts/1/1/32.txt","98b55ae0c8ecc350088db008b76526f2388935c8f9277042781fe8a46d73623d","518"
"provengo_project/products/internal/artifacts/1/1/320.txt","1678673fd280723dad2f062d4be71645880a9e26bebe8814f536d6b785403e35","2506"
"provengo_project/products/internal/artifacts/1/1/321.json","5cb5bc735c2433565968e4caba2eeac1174d4868d9a5cc5391f4c13f27c1af20","2260"
"provengo_project/products/internal/artifacts/1/1/322.txt","8eb76e9010f664f547147f2484b7c651e6a0b47b4f006ff92096f698d9bc2970","141"
"provengo_project/products/internal/artifacts/1/1/323.txt","04d5945e4cb5e51e888e13ae54efe13614ceee5ea6c4b55362d383cbf257c5b6","2270"
"provengo_project/products/internal/artifacts/1/1/324.json","40574edf723fb7b0f61e6f0b6e046bdbd870252b8b01c1425d0a277c630c367d","2024"
"provengo_project/products/internal/artifacts/1/1/325.txt","1d1cb855350f8cdc0a20bd1efa284f9290a59f61a10dcecac9405888f3fcd547","141"
"provengo_project/products/internal/artifacts/1/1/326.txt","99e3c8b22a42e03cdb32abd320559a2481257b3c0c4acde99d3f93cdd2561d8c","2321"
"provengo_project/products/internal/artifacts/1/1/327.json","d49b2c03ccfab1ed33379630a5f74074021177e99781a64b10434b6c8838fcc7","2075"
"provengo_project/products/internal/artifacts/1/1/328.txt","37595b11ac8dc8987367ddee1653a082a36f956da3a41ce4c9c6d3b4ce1af9d2","129"
"provengo_project/products/internal/artifacts/1/1/329.txt","f470c46b85bbe4c0fe19e7989a85dfb9e1101d8d13d42db29d92472bc6a33f49","2328"
"provengo_project/products/internal/artifacts/1/1/33.json","d8104860b370a60bd3865b396569926ca66bbec31a617e5d68b73916e97dd8d6","273"
"provengo_project/products/internal/artifacts/1/1/330.json","b6896a4ef36b648380e3f37de03939971bdeeac6e62368974b97807a6fe7ec79","2082"
"provengo_project/products/internal/artifacts/1/1/331.txt","91417a93979fc1fd3d5b3ad8d08267e0b46e82546c373f65306a393440612b8f","141"
"provengo_project/products/internal/artifacts/1/1/332.txt","00f620da1587a2ab09fdb0e1b238370e7d4771c10617811813b9958b6b355fff","1709"
"provengo_project/products/internal/artifacts/1/1/333.json","ab6a09a6e9876dae1c7b3c0042318ac9e5a7f7904370e30a24377c7c4943c57f","1463"
"provengo_project/products/internal/artifacts/1/1/334.txt","8fb6a7cb8feb9981c3829d90551a80b362691d9f485bd53cc8fcd7feae68896e","78"
"provengo_project/products/internal/artifacts/1/1/335.txt","2ad89b34d108d3c49c1db2a96225b61d024f9d965eddf41aaaad355d74c62e7c","2515"
"provengo_project/products/internal/artifacts/1/1/336.json","15c1be3b86aa4eeaada3baa965e5fcd2982971fa97f2be0f4388710df3d62a97","2173"
"provengo_project/products/internal/artifacts/1/1/337.txt","f63d0fdb141c3d6f43d02b98e2107dc98f640050f4f2dd1ed14903f9060839d4","141"
"provengo_project/products/internal/artifacts/1/1/338.txt","eedcfc0ecba36eb7b7ff57051ae0702f929cc08bfbc56433f295f710fd861c6e","1925"
"provengo_project/products/internal/artifacts/1/1/339.json","48cec15cf5fc240840ea3daac33353fa617d6dc63563bdb6499cde2dd3734dcb","1679"
"provengo_project/products/internal/artifacts/1/1/34.txt","6970650cbabda9b89d00383024f4d01927abe700de79bb8fe86dc791cf802ba8","80"
"provengo_project/products/internal/artifacts/1/1/340.txt","ea71fd8226be5c9403bbd41dcc54150492251012369041cfd6e0b7ce8325253b","141"
"provengo_project/products/internal/artifacts/1/1/341.txt","f7a8f2c8c6343d4f5ba8b76c6e2dd941808016803964c97997cdb9206d35309e","2559"
"provengo_project/products/internal/artifacts/1/1/342.json","493ff09fe963e182142e1931bdd1587636819da2f356bfd4095f503e1c4f3e12","2313"
"provengo_project/products/internal/artifacts/1/1/343.txt","7fb3b6046d6ccc7bdbb8a5b2e19a2486c8d80791a411669206a49f3b913bb94e","129"
"provengo_project/products/internal/artifacts/1/1/344.txt","c6e1bd89420f86a353175eae5e694c43fda59d827e29e7a034bc98abb2f22a4b","2566"
"provengo_project/products/internal/artifacts/1/1/345.json","a3254dbf34e2da86af55e66f719f09da79fa077afb029615dc74ec4f08108d9a","2320"
"provengo_project/products/internal/artifacts/1/1/346.txt","cf460230253c230636eb8a6617f77084dbcf6a57fcb0bf20dd38c11cf9d136e6","129"
"provengo_project/products/internal/artifacts/1/1/347.txt","f5315976135ddee8e40aaa269b9363d50f5aa39c513f10719ed79e942b282b55","1970"
"provengo_project/products/internal/artifacts/1/1/348.json","8e4d0cf764b2c4d82d3121716ee03464ed481ee38c3087a9dae164144d304c5c","1724"
"provengo_project/products/internal/artifacts/1/1/349.txt","2de8d9026db7092c0884cb6fe32ccece6576fed0c1343b61817b89408b5991c3","129"
"provengo_project/products/internal/artifacts/1/1/35.txt","fb3f38bf93d63e35af83e6e5b63cd10a5b15d32372e27406e260049d2b697d78","1972"
"provengo_project/products/internal/artifacts/1/1/350.txt","1d0f3c63873c0d3b7ad570dcdce858ea5dc210afa176eeacf4ea9ffafa7be6ee","1716"
"provengo_project/products/internal/artifacts/1/1/351.json","aeb5de0003eb9459848ae94042a078bfbc587e947ca0101d36a0be4938a33a5d","1470"
"provengo_project/products/internal/artifacts/1/1/352.txt","b64370a4caefa8241804b82360b6ebcc0d33508f390c4ac9ce286da418b9a60b","78"
"provengo_project/products/internal/artifacts/1/1/353.txt","7e03c8d6148806dac7142e59738ebddb4cc539f3f1b5602eeb10d7f433bbed82","2533"
"provengo_project/products/internal/artifacts/1/1/354.json","27ca345a4aa6a3bfab1e9af930d5409505bf3e03c9a11f61d887f6f0316ad6ac","2191"
"provengo_project/products/internal/artifacts/1/1/355.txt","1315c88d18e1dcbb58225c2cf4da8eda7950a45cd019c248624e6dd19db35389","141"
"provengo_project/products/internal/artifacts/1/1/356.txt","206f2dedb29bfdf1233d9f457f14aa33e75163ffbd55e53c638e23161a291ce4","2613"
"provengo_project/products/internal/artifacts/1/1/357.json","bed38a766f63dfaefd2bb4eed4f9804e35b2a89d71dab5b72f4910aa16f4d41e","2367"
"provengo_project/products/internal/artifacts/1/1/358.txt","9540b254e8bb1587d566bdadf87e267f8d51fb5f316dc312d7e836fdcc73cb86","78"
"provengo_project/products/internal/artifacts/1/1/359.txt","73a3b748e09206bfa7f976e512f1e48435182fa38ac0df0e37affc91102e4085","2800"
"provengo_project/products/internal/artifacts/1/1/36.json","4ec1133a48721c8cf90a52f41d2bacc6e29dde635ac04b5ab5483b0e8d40edca","1661"
"provengo_project/products/internal/artifacts/1/1/360.json","7e79e055250332c4c0545480030db435957fefdfe2c79eca4c94a3a7b5dc331a","2458"
"provengo_project/products/internal/artifacts/1/1/361.txt","f5bc72bb212bc2c1157be2bcfc138340cde40f56a6a31d9cc2f99ce83567d7f3","78"
"provengo_project/products/internal/artifacts/1/1/362.txt","ffe3183b64a277cdecada1176c84ab2fba066fd5d58f3c98487b02b0f845fef4","2157"
"provengo_project/products/internal/artifacts/1/1/363.json","d98a7de8c9e977be1669f82fe044fddc8bb589ca04c05345b28b715262663a30","1815"
"provengo_project/products/internal/artifacts/1/1/364.txt","af2577df55877fb345f3a154bc092aed33380122c083b86568696ce209252d25","78"
"provengo_project/products/internal/artifacts/1/1/365.txt","df119691c96c3426b7869e86c28fcc073b157fec2c0fa1a7603419f21cdb98c4","2791"
"provengo_project/products/internal/artifacts/1/1/366.json","5a6dc918fc1054f5821a9a6f2a4f4614f8301c81b0bcc5615aa383645da803c4","2449"
"provengo_project/products/internal/artifacts/1/1/367.txt","9c1f66ddf2c9cd0caa6224668deb0c102606086492878ef9d5b7fb159eededf0","78"
"provengo_project/products/internal/artifacts/1/1/368.txt","9d741f66b846e70773603f6497e2f2cdad92f7f5dc8055a7ff839c6ebee98616","1903"
"provengo_project/products/internal/artifacts/1/1/369.json","1650df69408e6c7d0ee15acb98154e8aeaeec6dd2c88e68007db36945705d191","1561"
"provengo_project/products/internal/artifacts/1/1/37.txt","6f33efcd247f88278356548deb226398132c45ef6ac5108db7bff20d7dc0cef2","47"
"provengo_project/products/internal/artifacts/1/1/370.txt","04681a233ef230a6323dce6f17f9acfe9925bd03739d59a27ca08d39ab68062a","503"
"provengo_project/products/internal/artifacts/1/1/371.txt","aa48c8c43eea7883ab0ccb132e9e27a494504568bcff42a472773e35bca5fed0","5377"
"provengo_project/products/internal/artifacts/1/1/372.json","fe70f15b8d8bce6ac0770aa4342e27a8b04bf04be1545f30e12cb6a829631a2e","5235"
"provengo_project/products/internal/artifacts/1/1/373.txt","1f34d29a3fa5dbafa119f1dc9e029999d8d255548783dbc051fb415e56f21d83","503"
"provengo_project/products/internal/artifacts/1/1/374.txt","f96cda8a437895f93e8060da59607c2639fc45d8ab5208b945bc1a3cd58ca70d","5347"
"provengo_project/products/internal/artifacts/1/1/375.json","6d9cbe078288e51a368954ed9bc088ff9a1e2a02ad802d0fbb7ce6835d627375","5205"
"provengo_project/products/internal/artifacts/1/1/376.txt","002135274a57505e94a4b19b4ea985a1a1f963035ee82da410093d3c06b830e1","503"
"provengo_project/products/internal/artifacts/1/1/377.txt","51864e0b3b071247a388665fb97bfe9c73ae718dcd0828d573cfb067ffe60c07","3662"
"provengo_project/products/internal/artifacts/1/1/378.json","e39cc2633f981b106f0c24b7b311a9787f41fc226bb5a3d5ac0d300aa38f46b3","3520"
"provengo_project/products/internal/artifacts/1/1/379.txt","ae73f0d3fb46f1654d4abdc22d6f17ed1d469864c8a7c8148ca1b6da3137dc1d","503"
"provengo_project/products/internal/artifacts/1/1/38.txt","727ce98dda79fe65681de2ea22cc3b752a2b005848d1363b7a47319b07acaef0","679"
"provengo_project/products/internal/artifacts/1/1/380.txt","7b7c02eb414c02859e1665651d8e865cca8cc58ff64246f3abe40fcb02a84e63","3667"
"provengo_project/products/internal/artifacts/1/1/381.json","6fc9147adac6af4c636bffd4dc6882739923eb97a278d8c3c019d34f5f244875","3525"
"provengo_project/products/internal/artifacts/1/1/382.txt","8fb6a7cb8feb9981c3829d90551a80b362691d9f485bd53cc8fcd7feae68896e","78"
"provengo_project/products/internal/artifacts/1/1/383.txt","dff01c4cc381098a7dacddd990cb6bbe87be362c3da0e07f08ebd2577887d55d","2540"
"provengo_project/products/internal/artifacts/1/1/384.json","d17f71cb5268c6cd7dad09e521ee9f10fcaabd606d8499c9deb5e4ca434f0131","2198"
"provengo_project/products/internal/artifacts/1/1/385.txt","af2577df55877fb345f3a154bc092aed33380122c083b86568696ce209252d25","78"
"provengo_project/products/internal/artifacts/1/1/386.txt","652b4302ded92e27dffe16b9a58f08c8f31a6d06bfdd1affa3e2f779006815c2","2787"
"provengo_project/products/internal/artifacts/1/1/387.json","8f3e296eda22020e62266ef75c142ff3c2cb9cf3d0bc5399ccc1fedc1e67a60f","2445"
"provengo_project/products/internal/artifacts/1/1/388.txt","2fee49f7f9b3cd8af379d3e647d6dd7027826766dc0cf31a64b485c0c5501a12","503"
"provengo_project/products/internal/artifacts/1/1/389.txt","0ad0c2c02aa07e0efb625e761a20bfb6599cd3f71b59489759001f76ac223795","4595"
"provengo_project/products/internal/artifacts/1/1/39.json","7d1e44e8a1dfde8c50b8e3157858f79aa5b319ad860f01fd47339ca18447ef55","340"
"provengo_project/products/internal/artifacts/1/1/390.json","f92658f6c6a30dd3cbecebb9ef2e3c77b0872bf15f2fa8b5bd65c6393d4bffc1","4453"
"provengo_project/products/internal/artifacts/1/1/391.txt","b64370a4caefa8241804b82360b6ebcc0d33508f390c4ac9ce286da418b9a60b","78"
"provengo_project/products/internal/artifacts/1/1/392.txt","d136c49e8e5a1a05ffe99517d3ada21b9815b3c19f4b5129fc5f0f9ae0c49a70","2529"
"provengo_project/products/internal/artifacts/1/1/393.json","97ff6507ff461e22ecf5a90cc28207bedf70bf8de2cb28a46f03fdbb9d26d631","2187"
"provengo_project/products/internal/artifacts/1/1/394.txt","f5bc72bb212bc2c1157be2bcfc138340cde40f56a6a31d9cc2f99ce83567d7f3","78"
"provengo_project/products/internal/artifacts/1/1/395.txt","dd12ecd24c651d166718b59e8da0f48d16b60b974f49fdef8ae25c438ffd11fd","2153"
"provengo_project/products/internal/artifacts/1/1/396.json","1f2f5dd95b2cdc8f66eb69654437bbdc4c8c13e95af73cae0938105f6eaadc9e","1811"
"provengo_project/products/internal/artifacts/1/1/397.txt","dfb8d81a370d570cf46a604c0b89e31357bd9df487aab0b77678648a648e25f1","503"
"provengo_project/products/internal/artifacts/1/1/398.txt","a5038e8a5397421a858833d0458815165a5aa0e6fa7d79f6e48df2a6fc83fa0a","2772"
"provengo_project/products/internal/artifacts/1/1/399.json","cfa3674608fa67dee55a2930b374488aa159c6a3a2d361b822732d97ea18f1c5","2630"
"provengo_project/products/internal/artifacts/1/1/4.txt","6970650cbabda9b89d00383024f4d01927abe700de79bb8fe86dc791cf802ba8","80"
"provengo_project/products/internal/artifacts/1/1/40.txt","15a6d9a22a1e3066fd7420e50e5a629dd130b9e28261f185461870302dd25675","110"
"provengo_project/products/internal/artifacts/1/1/400.txt","9540b254e8bb1587d566bdadf87e267f8d51fb5f316dc312d7e836fdcc73cb86","78"
"provengo_project/products/internal/artifacts/1/1/401.txt","1b0a024586ceb96313d60b28de09a8cb92b97b684fad732c0c8aa794abc44c6a","2794"
"provengo_project/products/internal/artifacts/1/1/402.json","0b0bd6578027923c5b78b77560cce36331a0958ed631da4766b0e16aab359871","2452"
"provengo_project/products/internal/artifacts/1/1/403.txt","9c1f66ddf2c9cd0caa6224668deb0c102606086492878ef9d5b7fb159eededf0","78"
"provengo_project/products/internal/artifacts/1/1/404.txt","2828aff66a5adf39b88afd1bc6134697a3fa5793e5acbef3d9bbba9b745c21bf","1899"
"provengo_project/products/internal/artifacts/1/1/405.json","d2d1a17b62636e43ab4b84e4c4f6bd4a52e89c19eb7a2e0fc4c9bccdf1a0833f","1557"
"provengo_project/products/internal/artifacts/1/1/406.txt","8a4c5c371bbc3556dc32ae30c474ac166a1f85f633a28222fcbea4f88ae03b46","103"
"provengo_project/products/internal/artifacts/1/1/407.txt","1a65cf47a3499ba153a09f623508395960814aee57f80084b6a80110713d0d8a","1949"
"provengo_project/products/internal/artifacts/1/1/408.json","07a7f254cb1d4be34035a632ca40adcc745912dca1a5e8d4698970dc86ed7e36","1646"
"provengo_project/products/internal/artifacts/1/1/409.txt","46be8ceddb881f0d74381644cb74da2c342e6c5ccf159c88c7a7d681cd5ca52a","103"
"provengo_project/products/internal/artifacts/1/1/41.txt","00b4cb013f36f80d1850a7c7293b238caab94b054d2b2e8ae9bf188dfc8bc662","955"
"provengo_project/products/internal/artifacts/1/1/410.txt","96bf76a073bbf73f03312bcde1b45eedd1988cc1563e78ce400b91a1f797f303","211"
"provengo_project/products/internal/artifacts/1/1/411.txt","e3b0c44298fc1c149afbf4c8996fb92427ae41e4649b934ca495991b7852b855","0"
"provengo_project/products/internal/artifacts/1/1/412.txt","65b8ca538fb600c121c723bcdaa094ab8d7936d7468766401483ad5f8ec5e383","103"
"provengo_project/products/internal/artifacts/1/1/413.txt","278148e335d6989c55631780541d7a616c91ddac4526c2a68829c8c9b5262175","211"
"provengo_project/products/internal/artifacts/1/1/414.txt","e3b0c44298fc1c149afbf4c8996fb92427ae41e4649b934ca495991b7852b855","0"
"provengo_project/products/internal/artifacts/1/1/415.txt","058a6cd5c4b6d8d1d8e7cff4753d84e9cc9e11cd14ebc6e378384e1f66e5e427","92"
"provengo_project/products/internal/artifacts/1/1/416.txt","baeb4ba81bb640844a678f8d27b23dbffc9931bae021b7bcfed1f45da07acc37","211"
"provengo_project/products/internal/artifacts/1/1/417.txt","e3b0c44298fc1c149afbf4c8996fb92427ae41e4649b934ca495991b7852b855","0"
"provengo_project/products/internal/artifacts/1/1/418.txt","fa4ed6e833a07e87870590595b676bf67bee8b5c90847837dac2a2df3f7da61d","94"
"provengo_project/products/internal/artifacts/1/1/419.txt","62b3acf1a41be93767a8e4e82291014b714bb173bdd01bbac2c4dcd715f7c1f6","211"
"provengo_project/products/internal/artifacts/1/1/42.json","fa14da2502c6b9fffe73a3e559473a643ffee447e74b9e6f02c1cd6fe8d01824","710"
"provengo_project/products/internal/artifacts/1/1/420.txt","e3b0c44298fc1c149afbf4c8996fb92427ae41e4649b934ca495991b7852b855","0"
"provengo_project/products/internal/artifacts/1/1/421.txt","89b08552563831a744b684bfab1e2597c7bcc20a8510a3d739b814120a7a8afa","107"
"provengo_project/products/internal/artifacts/1/1/422.txt","84ea1d337f879dc778b052abbe1fbc139eeb0723818879a7e1b6abd4fc7297d5","211"
"provengo_project/products/internal/artifacts/1/1/423.txt","e3b0c44298fc1c149afbf4c8996fb92427ae41e4649b934ca495991b7852b855","0"
"provengo_project/products/internal/artifacts/1/1/424.txt","b3a0456d56a4c7807006b16bc337b3d3b8706f3508dd204f957e966bd65eb75a","92"
"provengo_project/products/internal/artifacts/1/1/425.txt","95eeb6c43525c83525466ee1869917c9ab8f09d91b7753bb1546c6a9d1d33039","211"
"provengo_project/products/internal/artifacts/1/1/426.txt","e3b0c44298fc1c149afbf4c8996fb92427ae41e4649b934ca495991b7852b855","0"
"provengo_project/products/internal/artifacts/1/1/427.txt","a9326a862e9bcedfe9ec058e86b126a08ec144c3db83d2506d8834c566b0dfd7","106"
"provengo_project/products/internal/artifacts/1/1/428.txt","1d91963cdfc493e1adb37e2486dc14acb847fd7ab86a975f0af7cb06bd84f9b1","211"
"provengo_project/products/internal/artifacts/1/1/429.txt","e3b0c44298fc1c149afbf4c8996fb92427ae41e4649b934ca495991b7852b855","0"
"provengo_project/products/internal/artifacts/1/1/43.txt","22e9b8744b64c3dfc032de69bb39c2a37d7b3fb8ab29193ee1c9e85a19245223","108"
"provengo_project/products/internal/artifacts/1/1/430.txt","42d7e247acd913bd79da2b4e7476f89775bbaebad09609230897a706b010fb8d","94"
"provengo_project/products/internal/artifacts/1/1/431.txt","8cdf9a319d0e3dc56ec8319b281342f7e7ebfee351058a5643ae168986064b52","211"
"provengo_project/products/internal/artifacts/1/1/432.txt","e3b0c44298fc1c149afbf4c8996fb92427ae41e4649b934ca495991b7852b855","0"
"provengo_project/products/internal/artifacts/1/1/433.txt","b83cece32b411d8a7011e97b31c0e260f96e1732ab0319e15f972c9fd7c96580","106"
"provengo_project/products/internal/artifacts/1/1/434.txt","28dd1aafa664795f8de48d5f2db2ee6b54a1a884d42ec7a42e505341caa22def","211"
"provengo_project/products/internal/artifacts/1/1/435.txt","e3b0c44298fc1c149afbf4c8996fb92427ae41e4649b934ca495991b7852b855","0"
"provengo_project/products/internal/artifacts/1/1/436.txt","5d1691c1afb282652fce08cc81a5969171e8dbe99bcfeff7779fbf6ba604dc2a","94"
"provengo_project/products/internal/artifacts/1/1/437.txt","6647a908b74a1dfd8ff04e13bc2d38dd7e903fddb9e3c3b08a7c3042299c3da7","211"
"provengo_project/products/internal/artifacts/1/1/438.txt","e3b0c44298fc1c149afbf4c8996fb92427ae41e4649b934ca495991b7852b855","0"
"provengo_project/products/internal/artifacts/1/1/439.txt","573ea76aaffdbd8a7dc296427589794754a3381ba301cc2eae9eec36758107f4","94"
"provengo_project/products/internal/artifacts/1/1/44.txt","fd2f5d68c3e46add022fdffed6adcff778bbcc59ce5476218a65d1535ed78a34","953"
"provengo_project/products/internal/artifacts/1/1/440.txt","f90e3f2ee67b2e239e7d978b1af0e17d26ac7da0f976ab8154d4963956712f68","211"
"provengo_project/products/internal/artifacts/1/1/441.txt","e3b0c44298fc1c149afbf4c8996fb92427ae41e4649b934ca495991b7852b855","0"
"provengo_project/products/internal/artifacts/1/1/442.txt","e1e1054f360cc288197a2453e6dd7b4ed574045accdb429f63a0332b6b5743ad","92"
"provengo_project/products/internal/artifacts/1/1/443.txt","e49aafb930fb43bd9511cb1256ccdd6ba78a1b2188d1ca12003eaa0db807c67d","211"
"provengo_project/products/internal/artifacts/1/1/444.txt","e3b0c44298fc1c149afbf4c8996fb92427ae41e4649b934ca495991b7852b855","0"
"provengo_project/products/internal/artifacts/1/1/445.txt","0b36a2519ddaca54e11ddef7a058048423d83c1e7e7dbf7c6e75213f86efa50e","98"
"provengo_project/products/internal/artifacts/1/1/446.txt","8568febbba9759aa2ac43b7916b1545933ddb37141c129b90951efc8ce290d73","494"
"provengo_project/products/internal/artifacts/1/1/447.json","f2506eb2d1c7d02b936e9ebd4ae9889aa751e34ad5a9963b4d372d8d058f5b88","249"
"provengo_project/products/internal/artifacts/1/1/448.txt","51ad8a643f9fdea9c88f3cfb9585fe3bdcd6d7c2272853076b33020e4ecc9164","46"
"provengo_project/products/internal/artifacts/1/1/449.txt","fca9569ea3dc91dcca20225c0a876c5b1fe3470c714fe98c532bfbc60dfb1689","1254"
"provengo_project/products/internal/artifacts/1/1/45.json","c6120ebcde2a0a8fade2c837bc40c66e216869b04533d478d7576d6880fa1cc3","708"
"provengo_project/products/internal/artifacts/1/1/450.json","bccf630b413f0964e620e2f0907e4df16dffc492e59a5a04669b02d2309d26b4","913"
"provengo_project/products/internal/artifacts/1/1/451.txt","f2daacb70e81eabf93fed4c866853481b4186c7a3fa7cca0d4472765d817726f","98"
"provengo_project/products/internal/artifacts/1/1/452.txt","2b593c1e9d6b47a82f6b99796b78cb7d0153aa97f5fec8d10d5e75731c377c50","494"
"provengo_project/products/internal/artifacts/1/1/453.json","c711baa29a5e8f9e3f376fca37cfb5ea41f25cc4fcaf72ea438e64454a60d6bd","249"
"provengo_project/products/internal/artifacts/1/1/454.txt","bb4be63744987013c9cd310fd9d374beaffaa7f585688f3a96c4b3c7f3abad44","46"
"provengo_project/products/internal/artifacts/1/1/455.txt","2b0ec65563976d63c9a266a5c22e19538fae29675759adc204206fc7b59ef9ab","1254"
"provengo_project/products/internal/artifacts/1/1/456.json","7e50f10ce48eee3787b67bbafdbce726a84f42e22a6fb3572f5adfb17b9b6d69","913"
"provengo_project/products/internal/artifacts/1/1/457.txt","3a553ea1176387cdbba3570ea9dcb6b7dc734812cb2702ccb8291b7031505710","91"
"provengo_project/products/internal/artifacts/1/1/458.txt","d5eb7c549b9057c3491d96e3e4bcec31da35d1bab0b20e6f1366fe8343fb9a8a","483"
"provengo_project/products/internal/artifacts/1/1/459","1292657051cc8bc54de0c9120f6f4d2f2a67eb61c130b9e53e44235441c3d147","163"
"provengo_project/products/internal/artifacts/1/1/46.txt","26370b5213296844c4ccfc5c67000c3e4458fd8d8fc1ca9e259ce015f5bc0863","110"
"provengo_project/products/internal/artifacts/1/1/460.txt","91603239d9f3ed502e0dbf2794e561e545690c5ff40e83b0895ae5d3233aee08","85"
"provengo_project/products/internal/artifacts/1/1/461.txt","f57e7bcc40e77a20f273a04d52f74b105afaa4aacfbc50bf7985691f84dc5d2c","460"
"provengo_project/products/internal/artifacts/1/1/462.json","be5cde8432cd0cd9bdcee53d32db8fb244796bc5b6a5140d0966b9c002550535","141"
"provengo_project/products/internal/artifacts/1/1/463.txt","880479c9c4bc5f0691aa98543fd882c3a0650068380e42dad5a4bcc5d5e9307b","85"
"provengo_project/products/internal/artifacts/1/1/464.txt","ce3ba8403bcb57061bee7cda3e80a7e175df355a924a9de60b7e8e4b02b08d58","460"
"provengo_project/products/internal/artifacts/1/1/465.json","be5cde8432cd0cd9bdcee53d32db8fb244796bc5b6a5140d0966b9c002550535","141"
"provengo_project/products/internal/artifacts/1/1/466.txt","47121ca863479a8cb6c10907d88073671bc72f44d0209948989c682c37a999ba","91"
"provengo_project/products/internal/artifacts/1/1/467.txt","461e07399d098cc87b1d9a2406e9d5faec2949b2f7d3ca7269ea890592eb99a3","483"
"provengo_project/products/internal/artifacts/1/1/468","1292657051cc8bc54de0c9120f6f4d2f2a67eb61c130b9e53e44235441c3d147","163"
"provengo_project/products/internal/artifacts/1/1/469.txt","0b7ffabf1debc8f3d74677fd0b1950112ffd468b0e6c5583960e7272ff27edd1","98"
"provengo_project/products/internal/artifacts/1/1/47.txt","506eaca40502cb67f539dfca236be7262e9763de70be2e4ec65cee60a45c1952","955"
"provengo_project/products/internal/artifacts/1/1/470.txt","e4f41d1018b887af704abdce1b23c2121cf6335b886f2327583c4e277e8b5eb1","494"
"provengo_project/products/internal/artifacts/1/1/471.json","3adfa12b64827fc91820248633d4507e52431250d6bd683e6874614ff7b9c091","249"
"provengo_project/products/internal/artifacts/1/1/472.txt","a643c5e9db8d741084609f143a6bdfd12e17f4406eaeac19104e0479e3972c94","46"
"provengo_project/products/internal/artifacts/1/1/473.txt","6fd29d33cd3c39a6140f9e9f13ce59184f089eb9577d37856e91b9c9dce00b13","1254"
"provengo_project/products/internal/artifacts/1/1/474.json","9c88c4d92d43a9f0c5559b56b52dd30a843a529cc6debdd0943d6f8c48f6f2af","913"
"provengo_project/products/internal/artifacts/1/1/475.txt","6970650cbabda9b89d00383024f4d01927abe700de79bb8fe86dc791cf802ba8","80"
"provengo_project/products/internal/artifacts/1/1/476.txt","ae9765db17219074973824e82b8540b0ce208d25ff4c7999b56d38ef6efdf80c","1962"
"provengo_project/products/internal/artifacts/1/1/477.json","4568b98a14c53bdae6dfb1039ddbfa9e4c7b0ae83addb178e6fd1aacc307477a","1651"
"provengo_project/products/internal/artifacts/1/1/478.txt","e66feaa9c768a13a6e053db0a0409a8f3fba0676c6a66cf6939d852f77835ec8","85"
"provengo_project/products/internal/artifacts/1/1/479.txt","b746d49de2820d92542db228fd7b18dbff4c0737d0cb7dd9650dea23851ce79e","460"
"provengo_project/products/internal/artifacts/1/1/48.json","f31b847a4d5ba2afd6be6491b24ba930aa4500359d51d060823280457ad61066","710"
"provengo_project/products/internal/artifacts/1/1/480.json","be5cde8432cd0cd9bdcee53d32db8fb244796bc5b6a5140d0966b9c002550535","141"
"provengo_project/products/internal/artifacts/1/1/481.txt","89b08552563831a744b684bfab1e2597c7bcc20a8510a3d739b814120a7a8afa","107"
"provengo_project/products/internal/artifacts/1/1/482.txt","8dc0a0ecd7b7c8c3c58b089c13cb367879656db94e0dfd2e175f61801a8fd37b","484"
"provengo_project/products/internal/artifacts/1/1/483","4d8a91176c1b14a17c7b424a316a755633a25e0d4b292966886244400ed31d6b","164"
"provengo_project/products/internal/artifacts/1/1/484.txt","3a553ea1176387cdbba3570ea9dcb6b7dc734812cb2702ccb8291b7031505710","91"
"provengo_project/products/internal/artifacts/1/1/485.txt","d5403d79982b9ef77724c6c3d6f56756db6057aa1ffc532720f4f7b43af58d48","483"
"provengo_project/products/internal/artifacts/1/1/486","1292657051cc8bc54de0c9120f6f4d2f2a67eb61c130b9e53e44235441c3d147","163"
"provengo_project/products/internal/artifacts/1/1/487.txt","47121ca863479a8cb6c10907d88073671bc72f44d0209948989c682c37a999ba","91"
"provengo_project/products/internal/artifacts/1/1/488.txt","afd9836988940fd1a5205054a13d24a831be81e238eb9292e725382edb0a3cc8","483"
"provengo_project/products/internal/artifacts/1/1/489","1292657051cc8bc54de0c9120f6f4d2f2a67eb61c130b9e53e44235441c3d147","163"
"provengo_project/products/internal/artifacts/1/1/49.txt","2ce22add4d4d383cf5744802f17272b38fa2f509e370b6a59b26b326202ed7c4","86"
"provengo_project/products/internal/artifacts/1/1/490.txt","c649a8fd5f02c3aa6455dedf6e33057e9977e228d28a1f11026c3029579e76ea","91"
"provengo_project/products/internal/artifacts/1/1/491.txt","f06f286185d2a43bf4e1fe63f7e197c1745cf3bf6b5cf3abb0331d64b2818e5d","483"
"provengo_project/products/internal/artifacts/1/1/492","1292657051cc8bc54de0c9120f6f4d2f2a67eb61c130b9e53e44235441c3d147","163"
"provengo_project/products/internal/artifacts/1/1/493.txt","fbb027433422d9a516529bf76b8ce8166c273dc15138cf3f4e1fcccb9d88cb37","91"
"provengo_project/products/internal/artifacts/1/1/494.txt","9cabef0b119c018e2ef33ee861e31eb3971333d71eb8a22923677cf3ec40510e","483"
"provengo_project/products/internal/artifacts/1/1/495","1292657051cc8bc54de0c9120f6f4d2f2a67eb61c130b9e53e44235441c3d147","163"
"provengo_project/products/internal/artifacts/1/1/496.txt","14e0d16cfc2d06834744930f94e081e7eb8113d783c94acfee18e6b089360e21","123"
"provengo_project/products/internal/artifacts/1/1/497.txt","30a88508f7223034f11a52403e9342a4f4601607dc285f613d8d9929fac4e19c","483"
"provengo_project/products/internal/artifacts/1/1/498","1292657051cc8bc54de0c9120f6f4d2f2a67eb61c130b9e53e44235441c3d147","163"
"provengo_project/products/internal/artifacts/1/1/499.txt","d43039f54d17db6dd750893053d43bb352e5c6f8fc6d9d3494aec32478e57c09","46"
"provengo_project/products/internal/artifacts/1/1/5.txt","359bed8312ab625ec61b9723871773f7677128a6db6f3a01a27b7773f3ac23a4","1951"
"provengo_project/products/internal/artifacts/1/1/50.txt","c59026aaa32673adbd2227ca5a1693c6cfc872c655afdd5d0625efff4507952d","480"
"provengo_project/products/internal/artifacts/1/1/500.txt","0853543c96ae1e3b978ad26768ceb75657873bcdbac2a94a3222a939061d6779","1254"
"provengo_project/products/internal/artifacts/1/1/501.json","f2653b56b1bb8ee82063d7cd33315ce9485990f4c00a365ed6f73d42ecad606b","913"
"provengo_project/products/internal/artifacts/1/1/502.txt","6f33efcd247f88278356548deb226398132c45ef6ac5108db7bff20d7dc0cef2","47"
"provengo_project/products/internal/artifacts/1/1/503.txt","10ac005df3bcaa401f16867c0205d8ceb96b25679dc931d08da674fc57a43ca4","675"
"provengo_project/products/internal/artifacts/1/1/504.json","025f4084b7ad7483fea3421e49e12c806dde77f2ee575a907c0ff879c2cc9705","336"
"provengo_project/products/internal/artifacts/1/1/505.txt","a9326a862e9bcedfe9ec058e86b126a08ec144c3db83d2506d8834c566b0dfd7","106"
"provengo_project/products/internal/artifacts/1/1/506.txt","1060d43e5ca23e782ce516bf02b8625c6b53ffaa663e98fa998ab7126ae8161b","484"
"provengo_project/products/internal/artifacts/1/1/507","4d8a91176c1b14a17c7b424a316a755633a25e0d4b292966886244400ed31d6b","164"
"provengo_project/products/internal/artifacts/1/1/508.txt","8fb6a7cb8feb9981c3829d90551a80b362691d9f485bd53cc8fcd7feae68896e","78"
"provengo_project/products/internal/artifacts/1/1/509.txt","45d0c3ed146c64c10e0be868e02e57a04b7a500036f691bf2dc84c4b713c7f66","1254"
"provengo_project/products/internal/artifacts/1/1/51","6aa6557d935d2ab82b41d5c31cc9946b31aea19c1b02b23109e5d6b94c226dbf","160"
"provengo_project/products/internal/artifacts/1/1/510.json","bccf630b413f0964e620e2f0907e4df16dffc492e59a5a04669b02d2309d26b4","913"
"provengo_project/products/internal/artifacts/1/1/511.txt","fa4ed6e833a07e87870590595b676bf67bee8b5c90847837dac2a2df3f7da61d","94"
"provengo_project/products/internal/artifacts/1/1/512.txt","3cf245055023ffd617ebfc58091007dcf9af164fcb8cdbc01fc5af75aff8866f","483"
"provengo_project/products/internal/artifacts/1/1/513","1292657051cc8bc54de0c9120f6f4d2f2a67eb61c130b9e53e44235441c3d147","163"
"provengo_project/products/internal/artifacts/1/1/514.txt","b64370a4caefa8241804b82360b6ebcc0d33508f390c4ac9ce286da418b9a60b","78"
"provengo_project/products/internal/artifacts/1/1/515.txt","5de2453c495504a0b63818cc5598bb6bbf4770a96b4f6ae2222232bce57e3b0d","1254"
"provengo_project/products/internal/artifacts/1/1/516.json","9c88c4d92d43a9f0c5559b56b52dd30a843a529cc6debdd0943d6f8c48f6f2af","913"
"provengo_project/products/internal/artifacts/1/1/517.txt","082a4eef509a7443e19b43e9b10d6f7f6f39b0020175bbc906a112f3d1665976","123"
"provengo_project/products/internal/artifacts/1/1/518.txt","f39633b35584ec6e92c7766bfc4b9925218a53139e36fafa513b45df00d5c581","483"
"provengo_project/products/internal/artifacts/1/1/519","1292657051cc8bc54de0c9120f6f4d2f2a67eb61c130b9e53e44235441c3d147","163"
"provengo_project/products/internal/artifacts/1/1/52.txt","4ee5317314554aa791d82932300f3cf072a5c6839decb87f5126df3d72f235c6","105"
"provengo_project/products/internal/artifacts/1/1/520.txt","443bc77d470c99948472978bb462feadfbeedf23e4ac76bd3cc490346ed1690d","47"
"provengo_project/products/internal/artifacts/1/1/521.txt","555bdb0b3410c26317f506c6416f60da7134315ff0fbc2367b6daf296fd3984d","675"
"provengo_project/products/internal/artifacts/1/1/522.json","ba280b532b407bff2fa4bff23ac42214f6bc3335ce5fcb0a6bc18f4c3610c21c","336"
"provengo_project/products/internal/artifacts/1/1/523.txt","65b8ca538fb600c121c723bcdaa094ab8d7936d7468766401483ad5f8ec5e383","103"
"provengo_project/products/internal/artifacts/1/1/524.txt","5e1dc1d0df5daf24b622832a428efc2452043aa4fd3a1e445f0175384133e667","484"
"provengo_project/products/internal/artifacts/1/1/525","4d8a91176c1b14a17c7b424a316a755633a25e0d4b292966886244400ed31d6b","164"
"provengo_project/products/internal/artifacts/1/1/526.txt","c649a8fd5f02c3aa6455dedf6e33057e9977e228d28a1f11026c3029579e76ea","91"
"provengo_project/products/internal/artifacts/1/1/527.txt","fc11064440498c88b690dfaa38f4ae702d2e62707b3ef2952f852f8611c5cb47","483"
"provengo_project/products/internal/artifacts/1/1/528","1292657051cc8bc54de0c9120f6f4d2f2a67eb61c130b9e53e44235441c3d147","163"
"provengo_project/products/internal/artifacts/1/1/529.txt","42d7e247acd913bd79da2b4e7476f89775bbaebad09609230897a706b010fb8d","94"
"provengo_project/products/internal/artifacts/1/1/53.txt","f79df57156303f20367b03fd3e26ff9c3d475cda495f60869ce1302bc6b3e467","475"
"provengo_project/products/internal/artifacts/1/1/530.txt","c25407296025aa30a4183b1aacb2ac65f74ed2f0b9d6a5500154095dd2952cc4","483"
"provengo_project/products/internal/artifacts/1/1/531","1292657051cc8bc54de0c9120f6f4d2f2a67eb61c130b9e53e44235441c3d147","163"
"provengo_project/products/internal/artifacts/1/1/532.txt","b83cece32b411d8a7011e97b31c0e260f96e1732ab0319e15f972c9fd7c96580","106"
"provengo_project/products/internal/artifacts/1/1/533.txt","f4f578d3147622db97e33816264633f243fc01dda49205e968ec8916344360ca","484"
"provengo_project/products/internal/artifacts/1/1/534","4d8a91176c1b14a17c7b424a316a755633a25e0d4b292966886244400ed31d6b","164"
"provengo_project/products/internal/artifacts/1/1/535.txt","8530705b674523f779bce2502ff6c37148b2e842c56d6708058258885f09ab2a","123"
"provengo_project/products/internal/artifacts/1/1/536.txt","d02d439ff32cddd08ec51c792e34f2165822096130d7e44a65e9af4fce8b2e3e","483"
"provengo_project/products/internal/artifacts/1/1/537","1292657051cc8bc54de0c9120f6f4d2f2a67eb61c130b9e53e44235441c3d147","163"
"provengo_project/products/internal/artifacts/1/1/538.txt","5d1691c1afb282652fce08cc81a5969171e8dbe99bcfeff7779fbf6ba604dc2a","94"
"provengo_project/products/internal/artifacts/1/1/539.txt","0dcde7830f4f315b759c03158d9ccf099b8dd641e2c80a04310572ae654c078e","483"
"provengo_project/products/internal/artifacts/1/1/54","280e57409ea85f059c98bae40f8d47eb7d383aa45eb25ac61f2021699a1d08df","155"
"provengo_project/products/internal/artifacts/1/1/540","1292657051cc8bc54de0c9120f6f4d2f2a67eb61c130b9e53e44235441c3d147","163"
"provengo_project/products/internal/artifacts/1/1/541.txt","fbb027433422d9a516529bf76b8ce8166c273dc15138cf3f4e1fcccb9d88cb37","91"
"provengo_project/products/internal/artifacts/1/1/542.txt","6f2a07080261585742a73dfffa126b171d45f6a7aec698be07b420b3cc2dd371","483"
"provengo_project/products/internal/artifacts/1/1/543","1292657051cc8bc54de0c9120f6f4d2f2a67eb61c130b9e53e44235441c3d147","163"
"provengo_project/products/internal/artifacts/1/1/544.txt","9540b254e8bb1587d566bdadf87e267f8d51fb5f316dc312d7e836fdcc73cb86","78"
"provengo_project/products/internal/artifacts/1/1/545.txt","49f784d07d7be48780eb732c48a017329616a6aeba6d27e9106a2ab8b3b39b4d","1254"
"provengo_project/products/internal/artifacts/1/1/546.json","7e50f10ce48eee3787b67bbafdbce726a84f42e22a6fb3572f5adfb17b9b6d69","913"
"provengo_project/products/internal/artifacts/1/1/547.txt","af2577df55877fb345f3a154bc092aed33380122c083b86568696ce209252d25","78"
"provengo_project/products/internal/artifacts/1/1/548.txt","00493e6406c180bce738779f2e36efe363bd4d315f037361c58b8aa7c291d080","1254"
"provengo_project/products/internal/artifacts/1/1/549.json","f2653b56b1bb8ee82063d7cd33315ce9485990f4c00a365ed6f73d42ecad606b","913"
"provengo_project/products/internal/artifacts/1/1/55.txt","b17dde805d2f957c089ff5c70fa56edc5b230a4282d8aac9bd975453a62e7910","85"
"provengo_project/products/internal/artifacts/1/1/550.txt","cb25d8a2cd80c413cf1bcfeb03ba314d962f9aa6e93eee5a26e3e22038f82af9","47"
"provengo_project/products/internal/artifacts/1/1/551.txt","f32038a774f2ef9cb648fe2964354444b96f9a780c15a5178a20351c620b0741","675"
"provengo_project/products/internal/artifacts/1/1/552.json","698543294701b99ad969718129c3fa300debbb4fe389b05c50a838c36d0d6bf0","336"
"provengo_project/products/internal/artifacts/1/1/553.txt","96e810fb003a275cb4e30ec448d47b77724faf9facf434ada836eb483755feed","123"
"provengo_project/products/internal/artifacts/1/1/554.txt","1e792e0b1122d4c38c67118579b9ecaf6aa633067e7064a6be1609b547b8e898","483"
"provengo_project/products/internal/artifacts/1/1/555","1292657051cc8bc54de0c9120f6f4d2f2a67eb61c130b9e53e44235441c3d147","163"
"provengo_project/products/internal/artifacts/1/1/556.txt","573ea76aaffdbd8a7dc296427589794754a3381ba301cc2eae9eec36758107f4","94"
"provengo_project/products/internal/artifacts/1/1/557.txt","a086840be34b2a6914cabf553941ea4da32a738ac0b5638d8cb172e3c611aeb2","483"
"provengo_project/products/internal/artifacts/1/1/558","1292657051cc8bc54de0c9120f6f4d2f2a67eb61c130b9e53e44235441c3d147","163"
"provengo_project/products/internal/artifacts/1/1/559.txt","23abd50db9fa15781656538203d997b0763d84df632f6d097ffa89426ebffea1","46"
"provengo_project/products/internal/artifacts/1/1/56.txt","c0b568d7ccbd0ab28dff4dc2017c544c836c7b0b2cd217b642bac50e9b069dc2","475"
"provengo_project/products/internal/artifacts/1/1/560.txt","7130a5ec561dab9a393e3f145efd65bf7ac95f90a0024ec7b3cc3b24058528e1","1254"
"provengo_project/products/internal/artifacts/1/1/561.json","6364ed92f40207c4dcc6710231c44e949b0b3a3ab08e785884bd9e11f51d502a","913"
"provengo_project/products/internal/artifacts/1/1/562.txt","46be8ceddb881f0d74381644cb74da2c342e6c5ccf159c88c7a7d681cd5ca52a","103"
"provengo_project/products/internal/artifacts/1/1/563.txt","b0723307176754804f123f096bd2a30aeab35c93faa48713af0298d8a114c4c0","484"
"provengo_project/products/internal/artifacts/1/1/564","4d8a91176c1b14a17c7b424a316a755633a25e0d4b292966886244400ed31d6b","164"
"provengo_project/products/internal/artifacts/1/1/565.txt","f5bc72bb212bc2c1157be2bcfc138340cde40f56a6a31d9cc2f99ce83567d7f3","78"
"provengo_project/products/internal/artifacts/1/1/566.txt","55fc8df018149bab54c161fdbe8a8c70969c10e97b18cb86a8554c55714ae2c0","1254"
"provengo_project/products/internal/artifacts/1/1/567.json","6364ed92f40207c4dcc6710231c44e949b0b3a3ab08e785884bd9e11f51d502a","913"
"provengo_project/products/internal/artifacts/1/1/568.txt","37b2567e44508d1fdd995e990efce94335436278ec8b0bc72120fc86402f2550","82"
"provengo_project/products/internal/artifacts/1/1/569.txt","0a7b73d3a0dc377e03e82ab36e6a3cb46290c91521dceb24daaed4196ad386c6","211"
"provengo_project/products/internal/artifacts/1/1/57","280e57409ea85f059c98bae40f8d47eb7d383aa45eb25ac61f2021699a1d08df","155"
"provengo_project/products/internal/artifacts/1/1/570.txt","e3b0c44298fc1c149afbf4c8996fb92427ae41e4649b934ca495991b7852b855","0"
"provengo_project/products/internal/artifacts/1/1/571.txt","1a2ff93b5f589642d88d05ec4f3da95b0b1ac7779d120a9f8a78ee4e4d00a167","82"
"provengo_project/products/internal/artifacts/1/1/572.txt","fcd53dce4d4d9210c0db1ed5463bfb782c302e99729153f4d3deabf8d0b69296","211"
"provengo_project/products/internal/artifacts/1/1/573.txt","e3b0c44298fc1c149afbf4c8996fb92427ae41e4649b934ca495991b7852b855","0"
"provengo_project/products/internal/artifacts/1/1/574.txt","39abd7f67d03fcac175b07a23667bd99fb6e2d622eedd3346b70936ed502d526","111"
"provengo_project/products/internal/artifacts/1/1/575.txt","adb13af201339438e4c9e03e8099d8f29a69137af7bb627e3e6bde87106abc9f","836"
"provengo_project/products/internal/artifacts/1/1/576.json","07d7d6bca481c69e25215065b4872cc20252f18c980877faee52fa892d12aaaf","591"
"provengo_project/products/internal/artifacts/1/1/577.txt","82f68add473064167df3d86caaf05e60566c5956992e9d87408c53afbceda548","82"
"provengo_project/products/internal/artifacts/1/1/578.txt","8617339aa78de84fe91d8b11ee0d6debf02f5d9abc85d099a9dc199d79c2fead","211"
"provengo_project/products/internal/artifacts/1/1/579.txt","e3b0c44298fc1c149afbf4c8996fb92427ae41e4649b934ca495991b7852b855","0"
"provengo_project/products/internal/artifacts/1/1/58.txt","b7b7c393d234815c99fd2150cd19b4f9e5f7b4f60b4c0456ab32409c0f0e03c1","110"
"provengo_project/products/internal/artifacts/1/1/580.txt","61851fc81ebb34c87d2a91dd55a833460270eef4e972733433a0fde13647119f","113"
"provengo_project/products/internal/artifacts/1/1/581.txt","edb8e4d9674c3b67656071e8b7f2f0dc714b7ec7fe56aab95ea062c720740800","838"
"provengo_project/products/internal/artifacts/1/1/582.json","ba4c572057096bdcff3549b9df78391a0b03cd4acdd0133dba7a692a2c6f4dbc","593"
"provengo_project/products/internal/artifacts/1/1/583.txt","571972a81bc9370169982c5b6cdc93976e8413320425bbe2789e53bf857468c6","113"
"provengo_project/products/internal/artifacts/1/1/584.txt","3d723d491c9dc918969eff9c410e1d851d7bd50a19401004a798ead39ad4252f","838"
"provengo_project/products/internal/artifacts/1/1/585.json","929075895037e2ead1c9778fee3273a75f4ce6a82b9f311583cef8dfe6f2a77f","593"
"provengo_project/products/internal/artifacts/1/1/586.txt","b0a05c71ee0f5236b812b70f9b34a398c8e35fedbb3bf6f9c80870a4c0121019","79"
"provengo_project/products/internal/artifacts/1/1/587.txt","a7e57cb856e3ec17fdf93197a7b4fe37d85dda05b2ddd465dcdd2cf1d23761dc","480"
"provengo_project/products/internal/artifacts/1/1/588","6aa6557d935d2ab82b41d5c31cc9946b31aea19c1b02b23109e5d6b94c226dbf","160"
"provengo_project/products/internal/artifacts/1/1/589.txt","51ad8a643f9fdea9c88f3cfb9585fe3bdcd6d7c2272853076b33020e4ecc9164","46"
"provengo_project/products/internal/artifacts/1/1/59.txt","f6c821d74837e718aced86169357c60ca3104b626c9be47d037955caf6a562b0","955"
"provengo_project/products/internal/artifacts/1/1/590.txt","6cf41a746bf9096317d82c8f6b08ec5b9608b988d1a2a0e212ad537732aa56f2","1210"
"provengo_project/products/internal/artifacts/1/1/591.json","b279085df80b60f613e89c8263a194210cb4f2b4b7f168de129240bf0f611905","869"
"provengo_project/products/internal/artifacts/1/1/592.txt","dac582579e028c198800c4fc840ea5aeb6b3b30f2f723992c98751fbedf1158f","113"
"provengo_project/products/internal/artifacts/1/1/593.txt","c77c163b033af5620f41ef35d553070afd3e8f137b6d09ff94738c6118c718ca","838"
"provengo_project/products/internal/artifacts/1/1/594.json","bea77bd29e63299c3507205be4d3acb03d3bcd8e9f5a6af202cf6438f858e255","593"
"provengo_project/products/internal/artifacts/1/1/595.txt","e554aad6bbcd5e410ce95615a0fdc0d043802b337ae2705e6d391dad0a85332e","113"
"provengo_project/products/internal/artifacts/1/1/596.txt","496b6e799363f97077db4d47d2611c3154a5bce9ab44a72d4ff4ba042fb5a354","838"
"provengo_project/products/internal/artifacts/1/1/597.json","af54554dbb85fad79276c4ea62828fdcac450cb85c1712ed672cce34066ec614","593"
"provengo_project/products/internal/artifacts/1/1/598.txt","4b3c5bf59130516cba5bccd80403ce8a9024071759e25214851d4d3d2969a7c3","46"
"provengo_project/products/internal/artifacts/1/1/599.txt","69cb9de0eac7e7d3aef4bae5c7cfa1a6854fbd32c4971ccc6d9a4bb47c00f560","1208"
"provengo_project/products/internal/artifacts/1/1/6.json","c6cc68d105c146223662e1ae2199654fa60f98cdb214348e3edb2e318c5d7532","1640"
"provengo_project/products/internal/artifacts/1/1/60.json","6ee0bc0e718c591ecd4843cca837f523e5d64034aeccf8c4cbd5538574981aa8","710"
"provengo_project/products/internal/artifacts/1/1/600.json","00f1910972f45cb165deac1712d8fbbbe316e81958ac1d98fe39b8537fb942ce","867"
"provengo_project/products/internal/artifacts/1/1/601.txt","b0a05c71ee0f5236b812b70f9b34a398c8e35fedbb3bf6f9c80870a4c0121019","79"
"provengo_project/products/internal/artifacts/1/1/602.txt","63b2b67aeaf79339d56335c8de0aa0fc81f9e350e281c4d28e4afc18db9cc088","480"
"provengo_project/products/internal/artifacts/1/1/603","6aa6557d935d2ab82b41d5c31cc9946b31aea19c1b02b23109e5d6b94c226dbf","160"
"provengo_project/products/internal/artifacts/1/1/604.txt","efb53b54d273bbc512a419f00cba09b8d86eb15bde7737fbb2d0a7ae3a11bdd8","107"
"provengo_project/products/internal/artifacts/1/1/605.txt","679a4ba4af1cb1625b08e9123f222d4855742350c24e8596f4ad94fa6feb83b0","477"
"provengo_project/products/internal/artifacts/1/1/606","853a7a90af1a61b7c607f5ea78022e5f0b6598344f7f7ab3eaf3088b25570975","157"
"provengo_project/products/internal/artifacts/1/1/607.txt","b7b71d4b1fc9b6c63e3b73d39bfbfc60c3a252d9fc4f544cbefaf944ec49f552","79"
"provengo_project/products/internal/artifacts/1/1/608.txt","d891ae56ec83ad3a90172af06faa60cf667dde4c6b3132ad54d65e4b902a31a1","480"
"provengo_project/products/internal/artifacts/1/1/609","6aa6557d935d2ab82b41d5c31cc9946b31aea19c1b02b23109e5d6b94c226dbf","160"
"provengo_project/products/internal/artifacts/1/1/61.txt","4152eb787562f2cbe1d12e698769bd01dd0c1467946527634df19fe42f1091f8","102"
"provengo_project/products/internal/artifacts/1/1/610.txt","e06742b4bf35b5170a5894b3f632964816e08ddc7a7c77d98fa3427245b483d7","113"
"provengo_project/products/internal/artifacts/1/1/611.txt","cbf8ed241e2dac8d9efb046233e28bc73082505bf4ba204c58dea18a5e0fac28","838"
"provengo_project/products/internal/artifacts/1/1/612.json","efb76df9f38a5a0b0817e3787bea8f1f68f67471b63d8f910104476cc7a10307","593"
"provengo_project/products/internal/artifacts/1/1/613.txt","b7b71d4b1fc9b6c63e3b73d39bfbfc60c3a252d9fc4f544cbefaf944ec49f552","79"
"provengo_project/products/internal/artifacts/1/1/614.txt","646e34f478f546b44771d47d4cfe8d6e6d6cea8d87fe140042b97c2a9d0dfbc1","480"
"provengo_project/products/internal/artifacts/1/1/615","6aa6557d935d2ab82b41d5c31cc9946b31aea19c1b02b23109e5d6b94c226dbf","160"
"provengo_project/products/internal/artifacts/1/1/616.txt","d43039f54d17db6dd750893053d43bb352e5c6f8fc6d9d3494aec32478e57c09","46"
"provengo_project/products/internal/artifacts/1/1/617.txt","78601b03ec026806113ef981ca4909507241dfcb95ef8bbaa4c285fdda5cba45","1210"
"provengo_project/products/internal/artifacts/1/1/618.json","5bfb4c533aeca01f390af8379a1739a489534180230516d2926f9cce48436583","869"
"provengo_project/products/internal/artifacts/1/1/619.txt","e3b06568884325d630e2e25405f0d2cdc88fdf510983df37711090d941bb1094","107"
"provengo_project/products/internal/artifacts/1/1/62.txt","d0ce880f55346854e2d92c9833c58009f1f85806c9889948bcf36992ca5d4b3b","304"
"provengo_project/products/internal/artifacts/1/1/620.txt","ac816b3fcde49c0e3f25064a77cdfa7e2fec21efd191e42bdb83ddf8ef64f2e0","477"
"provengo_project/products/internal/artifacts/1/1/621","853a7a90af1a61b7c607f5ea78022e5f0b6598344f7f7ab3eaf3088b25570975","157"
"provengo_project/products/internal/artifacts/1/1/622.txt","37b2567e44508d1fdd995e990efce94335436278ec8b0bc72120fc86402f2550","82"
"provengo_project/products/internal/artifacts/1/1/623.txt","b8090f5ea72f4b13efaa1a8c541d6254a9549faf34b2b585962608966e1640b9","477"
"provengo_project/products/internal/artifacts/1/1/624","853a7a90af1a61b7c607f5ea78022e5f0b6598344f7f7ab3eaf3088b25570975","157"
"provengo_project/products/internal/artifacts/1/1/625.txt","bb4be63744987013c9cd310fd9d374beaffaa7f585688f3a96c4b3c7f3abad44","46"
"provengo_project/products/internal/artifacts/1/1/626.txt","719308d61e08497fa9993debe52d74c0e356e70f4e9790bb94a8285f46efb027","1210"
"provengo_project/products/internal/artifacts/1/1/627.json","8ed7f4da8dd467047062e182cf7ab993c920d0864a2283418270bc18216bbb9a","869"
"provengo_project/products/internal/artifacts/1/1/628.txt","82f68add473064167df3d86caaf05e60566c5956992e9d87408c53afbceda548","82"
"provengo_project/products/internal/artifacts/1/1/629.txt","8a9154edb6bfad3f11bb16295ede147c9ffab9b52ea13d8a2bf3af3bbbe5c922","477"
"provengo_project/products/internal/artifacts/1/1/63.json","2a2bcb6c43cb07f6fdfe78dd0a3de00e1a00febefc00b9d23eff0896753524d6","60"
"provengo_project/products/internal/artifacts/1/1/630","853a7a90af1a61b7c607f5ea78022e5f0b6598344f7f7ab3eaf3088b25570975","157"
"provengo_project/products/internal/artifacts/1/1/631.txt","23abd50db9fa15781656538203d997b0763d84df632f6d097ffa89426ebffea1","46"
"provengo_project/products/internal/artifacts/1/1/632.txt","acc8207394f0c0501e49eaf317867982b23b11718cfe53f3a96cf4a42db91820","1210"
"provengo_project/products/internal/artifacts/1/1/633.json","34ef79df71c8831a4bcc2516a5be900b18af4231c0cb47cda4ca534435eaad53","869"
"provengo_project/products/internal/artifacts/1/1/634.txt","a643c5e9db8d741084609f143a6bdfd12e17f4406eaeac19104e0479e3972c94","46"
"provengo_project/products/internal/artifacts/1/1/635.txt","5f1d3a5f4979d29f3312986dc939c712ba5617aacae63113df73bb100f7e2b36","1210"
"provengo_project/products/internal/artifacts/1/1/636.json","148bf29aa34319b51f67ec9f92582bb86756b1210c846605bcccd3471b7683a4","869"
"provengo_project/products/internal/artifacts/1/1/637.txt","bf89938cf0c845a19dbf33137cf316d92e0fe7b31022a20ed0c98e5a4ba01d0e","79"
"provengo_project/products/internal/artifacts/1/1/638.txt","cb4c31e268821eecf3c87813837315ad0d5fe20361435d45d7754549749c5731","480"
"provengo_project/products/internal/artifacts/1/1/639","6aa6557d935d2ab82b41d5c31cc9946b31aea19c1b02b23109e5d6b94c226dbf","160"
"provengo_project/products/internal/artifacts/1/1/64.txt","6de1b30c469e92d36b7f9c9950df6205ad23d50ec8b138766c1339940c4efe3e","109"
"provengo_project/products/internal/artifacts/1/1/640.txt","bf89938cf0c845a19dbf33137cf316d92e0fe7b31022a20ed0c98e5a4ba01d0e","79"
"provengo_project/products/internal/artifacts/1/1/641.txt","09b8145ba953ea314b959a23bb2b990ff61cadc369404c55b60af8e29f16f189","480"
"provengo_project/products/internal/artifacts/1/1/642","6aa6557d935d2ab82b41d5c31cc9946b31aea19c1b02b23109e5d6b94c226dbf","160"
"provengo_project/products/internal/artifacts/1/1/643.txt","0d2f584707c5b4d2bafb74ae72f42db8cc999a95b6eafc9c9879fc38d8d87327","107"
"provengo_project/products/internal/artifacts/1/1/644.txt","ddba74e8fa50deee5bf78972f31643903e5d7a4bc9bfd71b648ee82271202dee","477"
"provengo_project/products/internal/artifacts/1/1/645","853a7a90af1a61b7c607f5ea78022e5f0b6598344f7f7ab3eaf3088b25570975","157"
"provengo_project/products/internal/artifacts/1/1/646.txt","6b088824080506f2c0ec6b7da5cb3635e464c8da3d9dd1d6ad687940c9cbe1e3","81"
"provengo_project/products/internal/artifacts/1/1/647.txt","bfb2b46afcbe603456e559e7eea82ad9a2174d7baf37e5aa5d6ce6c4fe23f633","211"
"provengo_project/products/internal/artifacts/1/1/648.txt","e3b0c44298fc1c149afbf4c8996fb92427ae41e4649b934ca495991b7852b855","0"
"provengo_project/products/internal/artifacts/1/1/649.txt","f04f888df8f2934404017c94528d2be32a67c5a67d0a2bd7f696eabfb3dd5a28","81"
"provengo_project/products/internal/artifacts/1/1/65.txt","e6271db8f358a4895c6020364695d6b9182be37c2056f2b8b2a07babf178c20f","497"
"provengo_project/products/internal/artifacts/1/1/650.txt","ae1a721abd5904e15ab037fdd35fbadf2814989b24f278b48ea7996ca8a7573d","211"
"provengo_project/products/internal/artifacts/1/1/651.txt","e3b0c44298fc1c149afbf4c8996fb92427ae41e4649b934ca495991b7852b855","0"
"provengo_project/products/internal/artifacts/1/1/652.txt","455ca116a788dc234f848fb38678f29976e7580a46872b2de3308dac62c06d61","81"
"provengo_project/products/internal/artifacts/1/1/653.txt","89c485cea7d71c000fc971c297f633a6b72ed6802c1c527fc8bab30e2b84ec26","211"
"provengo_project/products/internal/artifacts/1/1/654.txt","e3b0c44298fc1c149afbf4c8996fb92427ae41e4649b934ca495991b7852b855","0"
"provengo_project/products/internal/artifacts/1/1/655.txt","1a2ff93b5f589642d88d05ec4f3da95b0b1ac7779d120a9f8a78ee4e4d00a167","82"
"provengo_project/products/internal/artifacts/1/1/656.txt","a47eda42cea90f8f93b6c496dc336cac96564d7deedaa48d6fd1aeb354305ad2","477"
"provengo_project/products/internal/artifacts/1/1/657","853a7a90af1a61b7c607f5ea78022e5f0b6598344f7f7ab3eaf3088b25570975","157"
"provengo_project/products/internal/artifacts/1/1/658.txt","b3691015b1fa2ece4b01ec9c8b22966d6c07553a4c620e3b40f97a65ce6e44db","81"
"provengo_project/products/internal/artifacts/1/1/659.txt","053b77b47bea91d0011ea976b212f4dcaa64097619d80b3f966782cb88d1b177","211"
"provengo_project/products/internal/artifacts/1/1/66.json","a4edd33123051ac9d5d4f44e5ec6ece0db5b2902b08fda5b75d9387188d2c384","252"
"provengo_project/products/internal/artifacts/1/1/660.txt","e3b0c44298fc1c149afbf4c8996fb92427ae41e4649b934ca495991b7852b855","0"
"provengo_project/products/internal/artifacts/1/1/661.txt","7ee3e84b8a178c6e97309d7f070ee737061dd1775ebb2499efad8de61aa7f438","81"
"provengo_project/products/internal/artifacts/1/1/662.txt","84207dea43487a870be81e9442f17092facb16830efe82a0578cbd579da04802","211"
"provengo_project/products/internal/artifacts/1/1/663.txt","e3b0c44298fc1c149afbf4c8996fb92427ae41e4649b934ca495991b7852b855","0"
"provengo_project/products/internal/artifacts/1/1/664.txt","9540b254e8bb1587d566bdadf87e267f8d51fb5f316dc312d7e836fdcc73cb86","78"
"provengo_project/products/internal/artifacts/1/1/665.txt","15b52280191ec7cfafc49a2ba97b3a97b5ea1db11c5d8ba3163f75b0cc1ad9a7","475"
"provengo_project/products/internal/artifacts/1/1/666","280e57409ea85f059c98bae40f8d47eb7d383aa45eb25ac61f2021699a1d08df","155"
"provengo_project/products/internal/artifacts/1/1/667.txt","9c1f66ddf2c9cd0caa6224668deb0c102606086492878ef9d5b7fb159eededf0","78"
"provengo_project/products/internal/artifacts/1/1/668.txt","733ab447be680a24199d472d224f9644c811c2a87c2ed99a8324b23c2f9f1914","475"
"provengo_project/products/internal/artifacts/1/1/669","280e57409ea85f059c98bae40f8d47eb7d383aa45eb25ac61f2021699a1d08df","155"
"provengo_project/products/internal/artifacts/1/1/67.txt","69a7dbcaddec3f6186d2e55c30fb69d3ceb4c8fb54ef23916236e4ccc85291ec","139"
"provengo_project/products/internal/artifacts/1/1/670.txt","48026472c9da2c064ecbfd783857fad5e02f96f3d4af885e64934cc58b194b7d","81"
"provengo_project/products/internal/artifacts/1/1/671.txt","148248efc89b585343b5b123416c0bf8152c82cf2527aa29e2e63681cbdacfb8","211"
"provengo_project/products/internal/artifacts/1/1/672.txt","e3b0c44298fc1c149afbf4c8996fb92427ae41e4649b934ca495991b7852b855","0"
"provengo_project/products/internal/artifacts/1/1/673.txt","af2577df55877fb345f3a154bc092aed33380122c083b86568696ce209252d25","78"
"provengo_project/products/internal/artifacts/1/1/674.txt","7f55c8fc3d09b5f407c78d6759db4082efcbb992abb74f9848660b7a3e593fad","475"
"provengo_project/products/internal/artifacts/1/1/675","280e57409ea85f059c98bae40f8d47eb7d383aa45eb25ac61f2021699a1d08df","155"
"provengo_project/products/internal/artifacts/1/1/676.txt","b64370a4caefa8241804b82360b6ebcc0d33508f390c4ac9ce286da418b9a60b","78"
"provengo_project/products/internal/artifacts/1/1/677.txt","8564085cf0f1bbb3b9656dd8a25539ff03401fe6c4bdc87dfa87711273614549","475"
"provengo_project/products/internal/artifacts/1/1/678","280e57409ea85f059c98bae40f8d47eb7d383aa45eb25ac61f2021699a1d08df","155"
"provengo_project/products/internal/artifacts/1/1/679.txt","9540b254e8bb1587d566bdadf87e267f8d51fb5f316dc312d7e836fdcc73cb86","78"
"provengo_project/products/internal/artifacts/1/1/68.txt","e2d7c950b1598a72e9f6047343905d386fdf27b409a61c6af20c72fee2f29715","475"
"provengo_project/products/internal/artifacts/1/1/680.txt","f89450ecd6781977aa2944d1ac4f048e36b1ebea0c318c66087abc2f1fa24c96","475"
"provengo_project/products/internal/artifacts/1/1/681","280e57409ea85f059c98bae40f8d47eb7d383aa45eb25ac61f2021699a1d08df","155"
"provengo_project/products/internal/artifacts/1/1/682.txt","af2577df55877fb345f3a154bc092aed33380122c083b86568696ce209252d25","78"
"provengo_project/products/internal/artifacts/1/1/683.txt","a52d561361d9693b0a6fc36a64830677d65a3685f714a458d525c621897f4ca3","475"
"provengo_project/products/internal/artifacts/1/1/684","280e57409ea85f059c98bae40f8d47eb7d383aa45eb25ac61f2021699a1d08df","155"
"provengo_project/products/internal/artifacts/1/1/685.txt","62dcba16c5e15a5cc669659923a3e4ef073e6ad08e49cdeb852749416763d77d","118"
"provengo_project/products/internal/artifacts/1/1/686.txt","295277c52ffa97b6cf22191b9180457b3dd66e4aaa4e446d607ba81c616d708a","475"
"provengo_project/products/internal/artifacts/1/1/687","280e57409ea85f059c98bae40f8d47eb7d383aa45eb25ac61f2021699a1d08df","155"
"provengo_project/products/internal/artifacts/1/1/688.txt","9c1f66ddf2c9cd0caa6224668deb0c102606086492878ef9d5b7fb159eededf0","78"
"provengo_project/products/internal/artifacts/1/1/689.txt","c18044fc9d9293a8ee1d1dd39752cfa41125de1465e9849e5c95c17b9e7838df","475"
"provengo_project/products/internal/artifacts/1/1/69.json","aa1e9d8efc327c43e91ee6ad17892c3e0b3d45cc6080b25b413d9e1d2e273b22","230"
"provengo_project/products/internal/artifacts/1/1/690","280e57409ea85f059c98bae40f8d47eb7d383aa45eb25ac61f2021699a1d08df","155"
"provengo_project/products/internal/artifacts/1/1/691.txt","f04f888df8f2934404017c94528d2be32a67c5a67d0a2bd7f696eabfb3dd5a28","81"
"provengo_project/products/internal/artifacts/1/1/692.txt","7a869e501619ba82784d0f39a5ed23498f1e6b43c1d221239343df704f5a5e81","475"
"provengo_project/products/internal/artifacts/1/1/693","280e57409ea85f059c98bae40f8d47eb7d383aa45eb25ac61f2021699a1d08df","155"
"provengo_project/products/internal/artifacts/1/1/694.txt","911f65ab624a6633370a09e7ac29c14a077ee97d58297baca074d89d28576d28","118"
"provengo_project/products/internal/artifacts/1/1/695.txt","9b4cf1eb069e25c2130a2492e3c68de5b74186c52e895c36b4b598c9ad1d8562","475"
"provengo_project/products/internal/artifacts/1/1/696","280e57409ea85f059c98bae40f8d47eb7d383aa45eb25ac61f2021699a1d08df","155"
"provengo_project/products/internal/artifacts/1/1/697.txt","8237a60ffe1908d48492e6f7d1fde639d3748fc742078d8e08622bc610184b59","118"
"provengo_project/products/internal/artifacts/1/1/698.txt","b12741f062b6cd1ad4326185c5583465e2fc350e38e7e535a6b986656cc8c58f","475"
"provengo_project/products/internal/artifacts/1/1/699","280e57409ea85f059c98bae40f8d47eb7d383aa45eb25ac61f2021699a1d08df","155"
"provengo_project/products/internal/artifacts/1/1/7.txt","2221c33233872e4adcc3efadca586dd79bcfd40c6651599ca057098d6b3b79cd","99"
"provengo_project/products/internal/artifacts/1/1/70.txt","1f43d8a7087f2f0f737b588e16ab8b48e076ff8e26d1f09880a140c69668a67c","136"
"provengo_project/products/internal/artifacts/1/1/700.txt","b64370a4caefa8241804b82360b6ebcc0d33508f390c4ac9ce286da418b9a60b","78"
"provengo_project/products/internal/artifacts/1/1/701.txt","d151bc4f4d4c559c5a9a198554ce956eea52d9c278a157701b3f8e77768c2da8","475"
"provengo_project/products/internal/artifacts/1/1/702","280e57409ea85f059c98bae40f8d47eb7d383aa45eb25ac61f2021699a1d08df","155"
"provengo_project/products/internal/artifacts/1/1/703.txt","f5bc72bb212bc2c1157be2bcfc138340cde40f56a6a31d9cc2f99ce83567d7f3","78"
"provengo_project/products/internal/artifacts/1/1/704.txt","2990e1d9c499a151ee0da50075b80955db467ffd2ddfe91250d3de8b38cca811","475"
"provengo_project/products/internal/artifacts/1/1/705","280e57409ea85f059c98bae40f8d47eb7d383aa45eb25ac61f2021699a1d08df","155"
"provengo_project/products/internal/artifacts/1/1/706.txt","8fb6a7cb8feb9981c3829d90551a80b362691d9f485bd53cc8fcd7feae68896e","78"
"provengo_project/products/internal/artifacts/1/1/707.txt","c5fcd85e7483678f113c3ddaa5aac81c48cbbc63e744666e932bc3ea8c82f8e5","475"
"provengo_project/products/internal/artifacts/1/1/708","280e57409ea85f059c98bae40f8d47eb7d383aa45eb25ac61f2021699a1d08df","155"
"provengo_project/products/internal/artifacts/1/1/709.txt","5d05fe0eeb145854aa9a00494c2f859bee4a3a00e12086f6965c52793b0489c3","118"
"provengo_project/products/internal/artifacts/1/1/71.txt","dc352a2cfce1dca882b2750ac3e7caff22d6d1b48b88dce5bc196bb1ab6f0012","470"
"provengo_project/products/internal/artifacts/1/1/710.txt","5c90fe70ee35f07255b6d6296b5241e7da6307681823a1b5c40cba22fb0dbdc9","475"
"provengo_project/products/internal/artifacts/1/1/711","280e57409ea85f059c98bae40f8d47eb7d383aa45eb25ac61f2021699a1d08df","155"
"provengo_project/products/internal/artifacts/1/1/712.txt","6b088824080506f2c0ec6b7da5cb3635e464c8da3d9dd1d6ad687940c9cbe1e3","81"
"provengo_project/products/internal/artifacts/1/1/713.txt","548ac1046f3dee2f90c7ecd3fce54f32e364a1dbb80441a79b9f9ba2e6a61340","475"
"provengo_project/products/internal/artifacts/1/1/714","280e57409ea85f059c98bae40f8d47eb7d383aa45eb25ac61f2021699a1d08df","155"
"provengo_project/products/internal/artifacts/1/1/715.txt","7ee3e84b8a178c6e97309d7f070ee737061dd1775ebb2499efad8de61aa7f438","81"
"provengo_project/products/internal/artifacts/1/1/716.txt","f4a2815503981ca672e67353a061c6f207ce045998db32d5cfadc511193788d6","475"
"provengo_project/products/internal/artifacts/1/1/717","280e57409ea85f059c98bae40f8d47eb7d383aa45eb25ac61f2021699a1d08df","155"
"provengo_project/products/internal/artifacts/1/1/718.txt","455ca116a788dc234f848fb38678f29976e7580a46872b2de3308dac62c06d61","81"
"provengo_project/products/internal/artifacts/1/1/719.txt","94ffd73effd7f65f92b457fe6517a54ca80c20b57bca8655cc5cc763a598b933","475"
"provengo_project/products/internal/artifacts/1/1/72.json","77e7c5e2cd031b3d73ed87f52ecd2f48bcc682c81725699fd0f0d4bd7ea6c8aa","225"
"provengo_project/products/internal/artifacts/1/1/720","280e57409ea85f059c98bae40f8d47eb7d383aa45eb25ac61f2021699a1d08df","155"
"provengo_project/products/internal/artifacts/1/1/721.txt","6d6c2e616679ff45a581c596f9aa9d65239bcc26f636127179aaa9499071402c","83"
"provengo_project/products/internal/artifacts/1/1/722.txt","e2ae8591c86e2102926a7248e97049de78ce2436d8b06e483a8e8105c5a32447","211"
"provengo_project/products/internal/artifacts/1/1/723.txt","e3b0c44298fc1c149afbf4c8996fb92427ae41e4649b934ca495991b7852b855","0"
"provengo_project/products/internal/artifacts/1/1/724.txt","8fb6a7cb8feb9981c3829d90551a80b362691d9f485bd53cc8fcd7feae68896e","78"
"provengo_project/products/internal/artifacts/1/1/725.txt","450fb3135655d2896119838fca21f63f208bb4295aeca031c11c961244192cd7","475"
"provengo_project/products/internal/artifacts/1/1/726","280e57409ea85f059c98bae40f8d47eb7d383aa45eb25ac61f2021699a1d08df","155"
"provengo_project/products/internal/artifacts/1/1/727.txt","158f090401215a92bd85b42dbcd9a68d7a814a3669d13fea391161c48f5f0649","118"
"provengo_project/products/internal/artifacts/1/1/728.txt","81d7545f8e5e4ef81d9c7a1d72385cd56922f5ad520ecd7e6e5780d5354cf075","475"
"provengo_project/products/internal/artifacts/1/1/729","280e57409ea85f059c98bae40f8d47eb7d383aa45eb25ac61f2021699a1d08df","155"
"provengo_project/products/internal/artifacts/1/1/73.txt","582f35f9a545dc1575fc3eb48e70c44282e98b1f26886cc006e2eca7c9e3efcb","109"
"provengo_project/products/internal/artifacts/1/1/730.txt","b3691015b1fa2ece4b01ec9c8b22966d6c07553a4c620e3b40f97a65ce6e44db","81"
"provengo_project/products/internal/artifacts/1/1/731.txt","d3eee39f8345337d09c1b10feede42dde62034cf6dfbc48cd69eff52078aa224","475"
"provengo_project/products/internal/artifacts/1/1/732","280e57409ea85f059c98bae40f8d47eb7d383aa45eb25ac61f2021699a1d08df","155"
"provengo_project/products/internal/artifacts/1/1/733.txt","f5bc72bb212bc2c1157be2bcfc138340cde40f56a6a31d9cc2f99ce83567d7f3","78"
"provengo_project/products/internal/artifacts/1/1/734.txt","2d6550969f19bd7a2e37bc77d41c17f99badcf2cb5651cf8b5555c7b85f96f99","475"
"provengo_project/products/internal/artifacts/1/1/735","280e57409ea85f059c98bae40f8d47eb7d383aa45eb25ac61f2021699a1d08df","155"
"provengo_project/products/internal/artifacts/1/1/736.txt","ee4bd16c395ebe4cf18f108b08d4945f3ddc1e7c931caf3a1ee46ce02812fbe0","118"
"provengo_project/products/internal/artifacts/1/1/737.txt","08794dbe06b189fb0da4cfbfbda76cb6d97af4ba3b4fb807fed3336be26fb33d","475"
"provengo_project/products/internal/artifacts/1/1/738","280e57409ea85f059c98bae40f8d47eb7d383aa45eb25ac61f2021699a1d08df","155"
"provengo_project/products/internal/artifacts/1/1/739.txt","48026472c9da2c064ecbfd783857fad5e02f96f3d4af885e64934cc58b194b7d","81"
"provengo_project/products/internal/artifacts/1/1/74.txt","44e66593c4277506420b2b4d4ef7d3ff49a5f228bdcf5403e51d7e5eb497f33b","497"
"provengo_project/products/internal/artifacts/1/1/740.txt","31cd5966273486c8c9397caa29e84f98f4b19702655a9a90144c18277e39c684","475"
"provengo_project/products/internal/artifacts/1/1/741","280e57409ea85f059c98bae40f8d47eb7d383aa45eb25ac61f2021699a1d08df","155"
"provengo_project/products/internal/artifacts/1/1/742.txt","6970650cbabda9b89d00383024f4d01927abe700de79bb8fe86dc791cf802ba8","80"
"provengo_project/products/internal/artifacts/1/1/743.txt","44dba45e0070a6cf58e056b4b5d239417328a996409c8d9013bae03e3367bbbe","479"
"provengo_project/products/internal/artifacts/1/1/744","6eae3a3efff86e1a5a1ca4f1e6c966623b03f1010273e2eabb5e5833f97cdcb5","159"
"provengo_project/products/internal/artifacts/1/1/745.txt","6970650cbabda9b89d00383024f4d01927abe700de79bb8fe86dc791cf802ba8","80"
"provengo_project/products/internal/artifacts/1/1/746.txt","a38f279447058a20593c9a7a36a147bd0ffd478ae5fd7e08140753ddd1bb5a19","479"
"provengo_project/products/internal/artifacts/1/1/747","6eae3a3efff86e1a5a1ca4f1e6c966623b03f1010273e2eabb5e5833f97cdcb5","159"
"provengo_project/products/internal/artifacts/1/1/748.txt","f1ffabc2f6f67046d65cad22d8b23899f944f4ae695e3557a86d39311754538a","108"
"provengo_project/products/internal/artifacts/1/1/749.txt","daf26f6b076b4bd648d2e85fb97306ffdcc648cb026eb62af391a26e655ec3b5","479"
"provengo_project/products/internal/artifacts/1/1/75.json","401cba6ec516937cae20c8c07cc4d03aa9ee81f30733591f8a355c3354e3b341","252"
"provengo_project/products/internal/artifacts/1/1/750","6eae3a3efff86e1a5a1ca4f1e6c966623b03f1010273e2eabb5e5833f97cdcb5","159"
"provengo_project/products/internal/artifacts/1/1/751.txt","6d6c2e616679ff45a581c596f9aa9d65239bcc26f636127179aaa9499071402c","83"
"provengo_project/products/internal/artifacts/1/1/752.txt","a41b490b538931b625df25c9bf1258664a9d41f54bb1ad04faedfc941e322074","479"
"provengo_project/products/internal/artifacts/1/1/753","6eae3a3efff86e1a5a1ca4f1e6c966623b03f1010273e2eabb5e5833f97cdcb5","159"
"provengo_project/products/internal/artifacts/1/1/76.txt","a087d8b696ea9eafd8417773a21315c336be58839fa66586ec01b91cad9596c3","109"
"provengo_project/products/internal/artifacts/1/1/77.txt","bc08a02999ac36ca85861ad982df460f2f570f08bdb2dd12e988f44ccf55c65e","497"
"provengo_project/products/internal/artifacts/1/1/78.json","90b8ee92fa5fd581470c74218f09f91657367a4b91ac36905c05c04f58556f22","252"
"provengo_project/products/internal/artifacts/1/1/79.txt","3c2fefe9ecdf8b5b1a57599cce7389166a0bc30523fa7a5c9eb37940df268d2e","108"
"provengo_project/products/internal/artifacts/1/1/8.txt","055b1318e8a2f728aca13eea744f305c86d85dc46efc75158df4446a3c146eba","518"
"provengo_project/products/internal/artifacts/1/1/80.txt","7f2c98bfb20b7dcb89a185c0eebfe5188c27626cc3783d851671ecfa761c5049","496"
"provengo_project/products/internal/artifacts/1/1/81.json","c905a90ce24396c7d970bc7a38c99b2ea5a0e74f91bb41564042f61f09ad2f3b","251"
"provengo_project/products/internal/artifacts/1/1/82.txt","a643c5e9db8d741084609f143a6bdfd12e17f4406eaeac19104e0479e3972c94","46"
"provengo_project/products/internal/artifacts/1/1/83.txt","ac3439798cb1ccce3537373819bceff941d4c1ad733b56526a1ce0e4a63d1a32","1211"
"provengo_project/products/internal/artifacts/1/1/84.json","94a0b03324bfa70c82d206c38f6f9092268105626c27a7479df4e6ffe5f27efd","870"
"provengo_project/products/internal/artifacts/1/1/85.txt","db236dd93c13b7edaa04bf484d12c928f3f0f59ab24d9f86d089e377231a5bf3","140"
"provengo_project/products/internal/artifacts/1/1/86.txt","1aca52a9638fe7c20dfc8aee95d70138b8f5e0340e565f6442377f903395d75f","476"
"provengo_project/products/internal/artifacts/1/1/87.json","98b41bd13de64588871bff253eab02868f99e736acd3b9162115233a19bb953b","231"
"provengo_project/products/internal/artifacts/1/1/88.txt","f3dd2b5d6743911bd0aebc8ed1c66fa58b078bb587d1e4a186be3584ea1b8eb8","136"
"provengo_project/products/internal/artifacts/1/1/89.txt","2313a012559ef9fdd10278d48d4b2aad11f62fd3dda30906483cd5d0465c9b7a","472"
"provengo_project/products/internal/artifacts/1/1/9.json","07b0ac033b439b6c66987665ac45c234cefec63ee25f0142d023438b6d503259","273"
"provengo_project/products/internal/artifacts/1/1/90.json","39484b36567abb893652a869d02017e73c5219f8c31b5959014b0e3a2eef58f1","227"
"provengo_project/products/internal/artifacts/1/1/91.txt","d43039f54d17db6dd750893053d43bb352e5c6f8fc6d9d3494aec32478e57c09","46"
"provengo_project/products/internal/artifacts/1/1/92.txt","8efaf5c77d249c7ab56540c77913b14787d127c37722f2cd577a4d83bd854518","2398"
"provengo_project/products/internal/artifacts/1/1/93.json","65451d9a4d80a42345e19e2c3922c7d71d769a11d4f5e84473c995b8ff5f7107","2056"
"provengo_project/products/internal/artifacts/1/1/94.txt","3e45e6ba4b4df3f332e76559d8d15da0e1a1ef60c84e5946d4efa08639365d7a","102"
"provengo_project/products/internal/artifacts/1/1/95.txt","806bee593845f9a31ceed9aae01b528bb81ba68f9ba6fe7a72500e54e5abf91a","304"
"provengo_project/products/internal/artifacts/1/1/96.json","0b5837fc7374adb8b8709745e086162791dee3d5d027a691797c693cd3cdf910","60"
"provengo_project/products/internal/artifacts/1/1/97.txt","443bc77d470c99948472978bb462feadfbeedf23e4ac76bd3cc490346ed1690d","47"
"provengo_project/products/internal/artifacts/1/1/98.txt","5be7f397c48be364e87e77e66d4db2e5bf6dc98ae8175b76896159b197d1a3b1","679"
"provengo_project/products/internal/artifacts/1/1/99.json","cadd8fe439d1c14de2661fcede5c66dcbc8a21f2039e763ee2209fa3dca53659","340"
"provengo_project/products/internal/runs-db.db","988070ab1d783001d0c9867675f7b9646b7b2dd04f7cc7993296f7892300001d","211202048"
"provengo_project/README.md","82a51797a17bc39b6603171c1fffafba49a3d9c24e369eec6bdb8d85fcdf8827","3612"
"provengo_project/spec/js/concurrent-epochs.vikunja.js","14089d8af0b24d05d0657bd0c9819965555edb2b31489a31f375bf5704c79b64","11726"
"provengo_project/spec/js/conflict.vikunja.js","4bc160d431c9b71ad53b0bf3f030daba550c0b043db50117535f1188f7c9d0b1","25162"
"provengo_project/spec/js/disabled/hello-world.js","86253af6bc213bec40e9dc0f3c6d03134a32c1b31c0a618d77afbe9ad15b8cdd","1383"
"provengo_project/spec/js/disjoint-patch.vikunja.js","664d65d5c68bb35bdeba42b1e7c4d1965f0b7e921fb461dfa625844ae56ef5b3","12684"
"provengo_project/spec/js/interfaces.vikunja.js","4f3d87b29568f3fd8f5242619ff52d76527e3e37ed8bdde98b307732a14a8279","70681"
"provengo_project/spec/js/negative.vikunja.js","fce8fa40b505267970a4b7a8ec43a9a56ff5c12907a188cb96c4a08de6e4ea72","40326"
"provengo_project/spec/js/stories.vikunja.js","6cf567bd13c746d407a498a65b718e34c1fbdb4e0ae5c1d7d4e2d1d0d1fcfac6","96877"
"provengo-create.log","f737be33ec53973e96fd90cb31a786af92d5072384f20853c11987178c2e50a2","615"
"provengo-run.log","652002803b91b910a43444217e24aa7913b2df94927204da32a07502fbd2414a","493996"
"proxy.stderr.log","e3b0c44298fc1c149afbf4c8996fb92427ae41e4649b934ca495991b7852b855","0"
"proxy.stdout.log","3e9637744efb4ab698c24160de5114f08dad58e2ed8ca2d3342c0306f2754d3c","84"
"resource-oracle-manifest.json","e194caa11d330c0931039ca254abffb2d59ba1b0d632e3d95f787f3bd156da08","7774"
"resource-verifier-evaluation.json","8df3099c0f14382f84df56fdc4cb959e1035b51a603cb5a65ffe9dfc8e6247f1","13186"
"run-metadata.json","a78410e09b801c4e0bc4635a2086a589adaadb6ecfe1fde0bbb18e61a4523dac","1459"
