"Path","SHA256","SizeBytes"
"action-oracle-manifest.json","bee9413a32bd298b35dd6c3a7f0885fa459c7014a3b71ec9904d7c118c5a8888","4888"
"action-verifier-evaluation.json","ee91a3469f2067fa3751fe85207732dd6035bd1e5a6ef9dbf24de46a93cffa08","10310"
"conflict-oracle-manifest.json","5fb68ed66657be80bad42727c2b2b6107093a2959773c39f6a1b99cef396086c","1750"
"conflict-verifier-evaluation.json","a01bcc0970a4401ea5600832d7975a87e7f4b62ca13e4180c26ff03396591334","12888"
"disjoint-patch-oracle-manifest.json","0a95f88db29fe7d95d9979511e60a652a37a50e834c0d970f0b29e0bee542ea0","854"
"disjoint-patch-verifier-evaluation.json","216c526e5718f166451449f58d0645e5c35ea44128cfd03f7284b7af708136c4","4465"
"http-trace.jsonl","4c798cf005c69e916b3501fe343412564886b9bb28090991bebc81ff3d7d1bad","221070"
"negative-oracle-manifest.json","dbdbca34d29b967ff1fd429dd783b965b902b4701b35d8f46f61ca83d1c2131c","3169"
"negative-verifier-evaluation.json","e38ca70e0bdc4c04060d55ed7a0b117eaed5183ebf025d0fe1d1ff290f56db7b","21500"
"phase7-multi-resource-evaluation.json","51f86acb61a099038266e639ba942a8920a10e766a68f9bc542b244f4635a03f","1443"
"post-delete-probe.json","d4ce05f7429e5725ef151cc9875d865d36f2d5555c618d5c786a3f73a9103fbd","309"
"provengo_project/.gitignore","f09e023c25978720ed9122360581f2fca50cb612504daed3337ab662e7106366","32"
"provengo_project/config/provengo.yml","c9f786e7a9b6c9ef172d545a122d1c77c287abe624abcc96e069ec0a32b7bbc2","1194"
"provengo_project/data/data.js","55e30a0929c59d9578c5695169b772d147c20b0ad8a7d556eb38c4defd8404b7","131"
"provengo_project/meta-spec/book-writer.js","977303cc03f87fd6561e4435e4cbbb34c85559a94b7aacefdbe9c71b0cb5ac42","3926"
"provengo_project/meta-spec/ensemble-code.js","7e9e842a753bf38111af0cbfbf1bdaf8b88602fd620ff5fdd919fe8d23f45ab5","2692"
"provengo_project/meta-spec/scenario-metadata.js","53f129542f1903bf3f7c2ef55914c0df227d58111a71c7c6053d40792b79cd65","479"
"provengo_project/meta-spec/script-writer.js","f197d272e5524bd0b4ab1f59289b300232c7a8ebc060f8ffeba993fc7eaae0f9","3034"
"provengo_project/products/internal/artifacts/1/1/1.txt","7a4b91a94e57e350196342e008c2693ce8604a9eba6aa139a4c983b3b807738f","100"
"provengo_project/products/internal/artifacts/1/1/10.txt","1451cb8fce8c4e2284bde75773470cd0850598b2ce6bf6d3572d282f6cd9e27c","99"
"provengo_project/products/internal/artifacts/1/1/100.txt","c56338e245b677dc2d7675a28793d72eeb7273cfc2418bebd5183024b5ee5b01","139"
"provengo_project/products/internal/artifacts/1/1/101.txt","4ea497d943c276ba9742a1fb6a93b773d1cecc3eb040a3367a1c5c77fde557cb","475"
"provengo_project/products/internal/artifacts/1/1/102.json","af2621eca45a2c5b9eb95f3e75fd7e071fc26ac07d0bd9b9aa41dc557b156f2a","230"
"provengo_project/products/internal/artifacts/1/1/103.txt","13bac2bcddbc726204ae0482ece3da6230d5a70e78e6288e469c63e64c3fe449","47"
"provengo_project/products/internal/artifacts/1/1/104.txt","536e68a9003dabdd421d88133343ca526bdbed83d9897cbf52416262f419870e","679"
"provengo_project/products/internal/artifacts/1/1/105.json","82177614f13440eab85203f69a21fb985a7a9ec7c6e386278efcdc8ae17c97a3","340"
"provengo_project/products/internal/artifacts/1/1/106.txt","2506b103c75937acfe07359dcb4a57da4d1a3c488f9ae378d48a00192386a934","46"
"provengo_project/products/internal/artifacts/1/1/107.txt","23e0894ebe8e678006136947ca703605549874b6e84ee6e703a262b38fac1891","1811"
"provengo_project/products/internal/artifacts/1/1/108.json","4871ee23242f8ceeae69af498d1a7d2bdb7616c529bec4b7369271fe1d7ec7ea","1469"
"provengo_project/products/internal/artifacts/1/1/109.txt","a598770ecf610afd80528a676ee5470365076799749d9f37567939646e335ade","136"
"provengo_project/products/internal/artifacts/1/1/11.txt","f8a0146cebe11ad6a07d56c9cc9cd5ff38b00352ee68cfd14e43555506460573","518"
"provengo_project/products/internal/artifacts/1/1/110.txt","ee1f674219356e62fd21a070fffa074397296155151758a86867e993516ce189","472"
"provengo_project/products/internal/artifacts/1/1/111.json","1809d185f29b40def8ad56e8bc4fd43063e8f5e3d1f4167c6954f89642121c79","227"
"provengo_project/products/internal/artifacts/1/1/112.txt","3824bbd993057eab0afed09eaa12e91290088a4c5c98af6551db8a12f3b3d8fa","109"
"provengo_project/products/internal/artifacts/1/1/113.txt","ec8a05a040bdd1546eeebd6072cfb24e068df0283c297295b53a6fd0d977f296","497"
"provengo_project/products/internal/artifacts/1/1/114.json","75cd71da727703428c927c1e02108e577e171e2a8f99f732adec4794e1af9970","252"
"provengo_project/products/internal/artifacts/1/1/115.txt","1ae40be9e34070c4717f8cccb8c4010632f9b1c3ce948e4185955789c3f686d6","46"
"provengo_project/products/internal/artifacts/1/1/116.txt","4fd7397ae1e9a06220c6c32894716d8e27e9008d2f99d87673a1eac5e9167608","2396"
"provengo_project/products/internal/artifacts/1/1/117.json","731432e0263c3ec0d3d3fecec4b959e77baea9831ac8543adbe0d67f5aaf2b4a","2054"
"provengo_project/products/internal/artifacts/1/1/118.txt","8b5ef51be642165e5dfc932dcce0eafea584428e8e87933bbb76ce5184b955af","111"
"provengo_project/products/internal/artifacts/1/1/119.txt","24c098964a86a91f139e5bf6c2900e83ea65485ffb5db1fdb0d0d2ebe2ccd4bc","382"
"provengo_project/products/internal/artifacts/1/1/12.json","2e15d75e31287edc8307459f8d2100d4633e04c5a97e6b21879cac55a07b091d","273"
"provengo_project/products/internal/artifacts/1/1/120.json","2d896974881f189aba0953efd3761bc8102a706a4fc35f58d1ec2fcc2449930b","137"
"provengo_project/products/internal/artifacts/1/1/121.txt","7ee72230641740f3ebe7c00d8d4dc451d9dbf324b3620de7ab93aebf8364e072","121"
"provengo_project/products/internal/artifacts/1/1/122.txt","e4312c8a525dd71824a926de15e6530ae26ee67c6ff75185cfb88fba17a34db5","836"
"provengo_project/products/internal/artifacts/1/1/123.json","5c18b526f0d839f1de23cc761fde87a165fc09228be61ff0c1b97a6e7860fa82","591"
"provengo_project/products/internal/artifacts/1/1/124.txt","a0eaf8fe15e6a3164e5f23e2393beca722505a08a07e0212359faa73740e173d","102"
"provengo_project/products/internal/artifacts/1/1/125.txt","9bebc69bf560004ca70015bf157d6ae6f636d38839e7bf3c5f72809a875bb0f2","304"
"provengo_project/products/internal/artifacts/1/1/126.json","1bfc6a2c5882015698cd1bc6d6b444678c7c8adf45f55ed27531508a4e6731c6","60"
"provengo_project/products/internal/artifacts/1/1/127.txt","2506b103c75937acfe07359dcb4a57da4d1a3c488f9ae378d48a00192386a934","46"
"provengo_project/products/internal/artifacts/1/1/128.txt","9b46ccaa5b6cef3b74c12d81514f56505f61372c77e805aa25774cbabcc87fa8","1811"
"provengo_project/products/internal/artifacts/1/1/129.json","4871ee23242f8ceeae69af498d1a7d2bdb7616c529bec4b7369271fe1d7ec7ea","1469"
"provengo_project/products/internal/artifacts/1/1/13.txt","336a0b5c41292e3278bdd49dec56eca4b6ddd687eb45d5c731ac2f721b1466d0","110"
"provengo_project/products/internal/artifacts/1/1/130.txt","438fbc711a52e7005817ea6f51dd82532f8de2037b8aec761d7125848331cb1e","121"
"provengo_project/products/internal/artifacts/1/1/131.txt","864f8c15865333432c35e405e3022d6e109598a4096b1f66a28a33816c9ea26d","836"
"provengo_project/products/internal/artifacts/1/1/132.json","a667dd35ff2389de509135722dad9014a56451332a604ac2a1e0310668c93b48","591"
"provengo_project/products/internal/artifacts/1/1/133.txt","4ee5317314554aa791d82932300f3cf072a5c6839decb87f5126df3d72f235c6","105"
"provengo_project/products/internal/artifacts/1/1/134.txt","24ac230b05decf9a410e8cace1bbeceff364560d0c4baa4e62b04603a308d10c","475"
"provengo_project/products/internal/artifacts/1/1/135","280e57409ea85f059c98bae40f8d47eb7d383aa45eb25ac61f2021699a1d08df","155"
"provengo_project/products/internal/artifacts/1/1/136.txt","7a9d08f7e0a733fa605753af07e7f998914c602cfc3672602b94eb5490f11c3c","59"
"provengo_project/products/internal/artifacts/1/1/137.txt","689aa083dd54ad38f53c0040359eba3b00af5a9ca457ffc8823abe40f2ef0ee7","702"
"provengo_project/products/internal/artifacts/1/1/138.json","70ba27f4bb578e6635b45497b57ab18d5f9052e2f55fb735efae9a6288d06ef0","357"
"provengo_project/products/internal/artifacts/1/1/139.txt","a19c6d913a01933f898242b77474c91503b6d1f42cb416661943a2a247390006","78"
"provengo_project/products/internal/artifacts/1/1/14.txt","7fffd2180538d0589b363a2a2f3a32d99b650814a3c2303a43a37c351f890bdd","955"
"provengo_project/products/internal/artifacts/1/1/140.txt","cfe2289ba7a6e1f7a558b2a835c184d4d15fc74235d0999a7dceb9f345f98110","2671"
"provengo_project/products/internal/artifacts/1/1/141.json","5ef33ac53941f89a7b8e59c177e01ba51aa35ca3d1c6179933b2476da3d3d7ed","2329"
"provengo_project/products/internal/artifacts/1/1/142.txt","bf07a30065804b3e06bc88c806991fb6fdec391865935c962f7a6d8e2f5c87d7","59"
"provengo_project/products/internal/artifacts/1/1/143.txt","ff79783e60d5ddda2c50d57aaf0848db0cae482982c6b5e0d84554130e1fa1b1","703"
"provengo_project/products/internal/artifacts/1/1/144.json","d59401bf2a3a048141b1b60fe76b459682869d5eb11205fa43c7d36b45e24c5b","358"
"provengo_project/products/internal/artifacts/1/1/145.txt","c68d277c0f7388c58a441822fd4cd3cc309f9534b59c3eb87c0f5163ed7a41d0","46"
"provengo_project/products/internal/artifacts/1/1/146.txt","aebb42c0f88d9ccb2c39dbaca9efcfcbcef9303e70742a3719d6869fcec168cc","2425"
"provengo_project/products/internal/artifacts/1/1/147.json","89cb6ea22aa57c14bcaa1b7b656f10171b8d0407942ae308750e95b63d928603","2083"
"provengo_project/products/internal/artifacts/1/1/148.txt","157caa532a960955ae5eb734c275fb3c0c0f5bf672bbbbec89ba88b5276c8843","47"
"provengo_project/products/internal/artifacts/1/1/149.txt","bd4efec91f109a62d1955f4e9bf2ef4280fc7fbf906a733b5dcb8fca7c046bfb","679"
"provengo_project/products/internal/artifacts/1/1/15.json","9eee73657fdc39d20c79a572e4ff57d79c9351191f56a446c863ef26669bc357","710"
"provengo_project/products/internal/artifacts/1/1/150.json","4bb84457d8430b033ec11f00f6e374ceb43e579be7db60a8bd46d5d759111a97","340"
"provengo_project/products/internal/artifacts/1/1/151.txt","a18f740c2ad88dae86e88dfd357e8540934c33dae651b522d3e93e65340ae874","102"
"provengo_project/products/internal/artifacts/1/1/152.txt","f3ceaf9264b3887a1d92ba3f37ee83ceda2688bb552dd1e3b058629c03c1877f","304"
"provengo_project/products/internal/artifacts/1/1/153.json","dd793cc92f0c25c18fc813f710afb27bff840ccf89237a1c36a797e6f05b0dce","60"
"provengo_project/products/internal/artifacts/1/1/154.txt","5f2d97e94d52bf5db7773cbff2a1e45254abb5c29df390e3ac25c133eca76ae2","110"
"provengo_project/products/internal/artifacts/1/1/155.txt","4d70b532b0ef9dc85673641addb3cd8875f6dc36a49ae6a7d193b215d2de0450","506"
"provengo_project/products/internal/artifacts/1/1/156.json","ba97baf031111ba7c53fcacba37885138c480fe464a59710991aa0337eb76e68","261"
"provengo_project/products/internal/artifacts/1/1/157.txt","b4cae1dad3a1fa51aab7354d7cdd2fd8ea38624ef7e12842f1c20c5cc43e82c5","121"
"provengo_project/products/internal/artifacts/1/1/158.txt","2db238cb5c2b884cacb758e3c312520de5f5b267fa90751d3fa87ba248a22abf","836"
"provengo_project/products/internal/artifacts/1/1/159.json","6acdac8b8e27b05360bba210fad853a51204ae9c654202667ca1214cb8e1df16","591"
"provengo_project/products/internal/artifacts/1/1/16.txt","b17dde805d2f957c089ff5c70fa56edc5b230a4282d8aac9bd975453a62e7910","85"
"provengo_project/products/internal/artifacts/1/1/160.txt","5e628535a2963df77320880b24af8abbd4d642ad07356426d21b031a2087a180","79"
"provengo_project/products/internal/artifacts/1/1/161.txt","e906c659d7a9beaeb3ff220a70c2b4f5156baebbe904cc2d89d5b7695007d4b3","687"
"provengo_project/products/internal/artifacts/1/1/162.json","1152e644e725a267cb4d7268467e185ec7c47932ab086ac519ee36268ea207e5","348"
"provengo_project/products/internal/artifacts/1/1/163.txt","d146acce372aea837e198700709d4b4a80ab800334bc04c1b03c3b18b0fa8e27","59"
"provengo_project/products/internal/artifacts/1/1/164.txt","89f1e3e2bb1b71da71edbb3daccde1fb91fc1fee959903829e8194caf68a24c5","702"
"provengo_project/products/internal/artifacts/1/1/165.json","3a86b4606b9b3e4f2710af8454149075cede029a621f8c9efc7e316372d39e31","357"
"provengo_project/products/internal/artifacts/1/1/166.txt","a19c6d913a01933f898242b77474c91503b6d1f42cb416661943a2a247390006","78"
"provengo_project/products/internal/artifacts/1/1/167.txt","8b20cbbeef1a3b0a8ecc96744508b6ff462f03ed6222ba014616bd97f337ca31","2671"
"provengo_project/products/internal/artifacts/1/1/168.json","dfc9faf7135c3b8390169e665d8778da4a72eb01ece0bf0892ddfefec5646ec9","2329"
"provengo_project/products/internal/artifacts/1/1/169.txt","90a879ce40ba28d12ad6eb6dbdd05d7c6d503ce4fb749f4ea39f96e3453deb4a","46"
"provengo_project/products/internal/artifacts/1/1/17.txt","eb56e6aeac140dcfeb9dc4f61fd1b8bc76070651cac8cd4e18e978dcda27cc4d","475"
"provengo_project/products/internal/artifacts/1/1/170.txt","db4b788d57b96dc3976582a7e4806e4f078f77d7983ad1a4e431eccbcb452ab1","2671"
"provengo_project/products/internal/artifacts/1/1/171.json","dfc9faf7135c3b8390169e665d8778da4a72eb01ece0bf0892ddfefec5646ec9","2329"
"provengo_project/products/internal/artifacts/1/1/172.txt","c68d277c0f7388c58a441822fd4cd3cc309f9534b59c3eb87c0f5163ed7a41d0","46"
"provengo_project/products/internal/artifacts/1/1/173.txt","0cfb2614eb48c2e01c6912d150fd26618ec31fde3e271f4900188376c40f406a","2425"
"provengo_project/products/internal/artifacts/1/1/174.json","65dd7d9879d2f38caf93bca397681c565dcf838d2a71d9029e1060a133004ef4","2083"
"provengo_project/products/internal/artifacts/1/1/175.txt","32f3067e7672557f04e068cfe41770b8e0801c11fa28003c5c98dd7a019afe55","110"
"provengo_project/products/internal/artifacts/1/1/176.txt","7314a641132f7bd00305676bade4efbd559071d7b5dbf1b24988651d89f3ddf9","506"
"provengo_project/products/internal/artifacts/1/1/177.json","b7f5576761b296777c72ce780187a7eed4e63127e5e6322eb3037ee5f8fb22d7","261"
"provengo_project/products/internal/artifacts/1/1/178.txt","138a2b557e66b09dd1bc365d367230b27cba41b11bf393aea409c66533fe887b","112"
"provengo_project/products/internal/artifacts/1/1/179.txt","d5a0a04cfc2d8fa22a54185e3af184565be0c7723119490ddde85d3ba02085f9","383"
"provengo_project/products/internal/artifacts/1/1/18","280e57409ea85f059c98bae40f8d47eb7d383aa45eb25ac61f2021699a1d08df","155"
"provengo_project/products/internal/artifacts/1/1/180.json","f87e3c114cf9a97384f54875d34b3619a08d93d40a4c266372f16a3fd220a449","138"
"provengo_project/products/internal/artifacts/1/1/181.txt","3121d02287919c5f48e47e451bacbf5e0cc701b0deadee3e49f480bfa4a14df1","110"
"provengo_project/products/internal/artifacts/1/1/182.txt","f920e4760d496944bc0cf69dcd9bb8f01a5bd185e5b9b220a0b5673c33873717","506"
"provengo_project/products/internal/artifacts/1/1/183.json","d77bf6275be90f151111d35ad41e72017b35fac87bb2b6cd81ea5c9aacfec3d2","261"
"provengo_project/products/internal/artifacts/1/1/184.txt","c97cc44238bf4998614270e9223b98d2cb013321e92de4b0687425e80e98477c","78"
"provengo_project/products/internal/artifacts/1/1/185.txt","b56f5e0095d1c0353622c505e0527fad71349a35b79ed2bacf236e42b498c11d","2425"
"provengo_project/products/internal/artifacts/1/1/186.json","65dd7d9879d2f38caf93bca397681c565dcf838d2a71d9029e1060a133004ef4","2083"
"provengo_project/products/internal/artifacts/1/1/187.txt","43820b544f1190db88304e43942842481aef93837a2a82b5a9380e6f0f799a6e","121"
"provengo_project/products/internal/artifacts/1/1/188.txt","8b3784be95407b2dcd1677973f77557605679d9ebf5668c1bf14f5cdbbbd8ddd","836"
"provengo_project/products/internal/artifacts/1/1/189.json","3934c83751aee280a6500653d4949b15f8bf72c6dd6ca0b91f5d15f4d9421779","591"
"provengo_project/products/internal/artifacts/1/1/19.txt","c5e5aa9388732828c67ef2cd3db4b21db25cbb3b81fb6d174617a143b5bba1b8","110"
"provengo_project/products/internal/artifacts/1/1/190.txt","df6d87129280e98ec8f06997c47a1cd77d8bc5cfbaabd139388b4e4713087a90","102"
"provengo_project/products/internal/artifacts/1/1/191.txt","d0beaf009a9447da2b31540bd5c15f75188eff88d51d5150b7f838fea82f1aea","304"
"provengo_project/products/internal/artifacts/1/1/192.json","fb957369d18b0fadd899c7aed8ff1bb404d4024feb35b13b95a5fb67001bd648","60"
"provengo_project/products/internal/artifacts/1/1/193.txt","b34652d5cc578f065edef88cbd034e5b5abffec5ca04e336ddde086a54e6c65b","85"
"provengo_project/products/internal/artifacts/1/1/194.txt","70ea1eeb9468cf1cdddc0d0e184b909c36ad451594bfd4c5ca91d9c2623b7baa","720"
"provengo_project/products/internal/artifacts/1/1/195.json","538813def4ce4ea2b31cc9801d6ef31bb85ec7fcfa3feb5aef779705f323dc69","401"
"provengo_project/products/internal/artifacts/1/1/196.txt","509cca52831c32f885fe3119970bf400ecdba82f77d641e2e13e6c9f8139f201","112"
"provengo_project/products/internal/artifacts/1/1/197.txt","a504e35dadee887af6fdb0a3866ee71c410222ae90013719d5339fb66b90c704","383"
"provengo_project/products/internal/artifacts/1/1/198.json","1642eabf414e39f599af55564939245ed55f9a6a50fceab542cceb9c2bde6679","138"
"provengo_project/products/internal/artifacts/1/1/199.txt","73268b8d4e21b73b3bd6e491a0fe04057497909a7309f38fae5c919d0bb55a1a","79"
"provengo_project/products/internal/artifacts/1/1/2.txt","9a4d55730bc243d3864b02a883d9dc6531c2adda49bf193863a1454e6a0f497f","2037"
"provengo_project/products/internal/artifacts/1/1/20.txt","d7f1e173911dbe65d2e6f74229c6fa35032849856dd45aedd7ebd3eea617a8e8","954"
"provengo_project/products/internal/artifacts/1/1/200.txt","edc2d6696ca8abf8f531419c764023707157618e5fbfed38e8f5204b0d392530","687"
"provengo_project/products/internal/artifacts/1/1/201.json","7b3b78031d004982deca7144e6ca2d8413409fffd4d94163696b0bf4488b211b","348"
"provengo_project/products/internal/artifacts/1/1/202.txt","c106497b7bc9c08d2d43c2d70674fb308201fa616b5a7de2aec2767976602974","121"
"provengo_project/products/internal/artifacts/1/1/203.txt","f3bd1bd4e9314d57d1b0fbf701d4e24a70c278d9bd9607ae396089717410107b","836"
"provengo_project/products/internal/artifacts/1/1/204.json","8305bec9937c4de743c77d43e263047622a9647c71c1ea9d3e1dedaad767d3dc","591"
"provengo_project/products/internal/artifacts/1/1/205.txt","8b1eed76bd96fd2312b42b0ccad94e37215baae7c07f5d3f1c67ac5520598413","85"
"provengo_project/products/internal/artifacts/1/1/206.txt","1bdd4d4467857edb54d69f0728172ec79e05fd5ecd88bba708d4d1a52e2d2bc8","720"
"provengo_project/products/internal/artifacts/1/1/207.json","b60d3bdfe90ee458cf0f1653754c75845dca54a426c831de96bc76fb8609f538","401"
"provengo_project/products/internal/artifacts/1/1/208.txt","1ae40be9e34070c4717f8cccb8c4010632f9b1c3ce948e4185955789c3f686d6","46"
"provengo_project/products/internal/artifacts/1/1/209.txt","71fd9c22c4e7658ceba1d949fd51fadeb16355e6dee3c8c39854dc56346429b5","2412"
"provengo_project/products/internal/artifacts/1/1/21.json","c79902af5b590b3b3dc0eb33c3b6babee56e136bdf46f9b9a536041b73d71e09","709"
"provengo_project/products/internal/artifacts/1/1/210.json","7ff3a348e9b90294aee07f51786938f1bf76e09611d38748044545f90e4063c9","2070"
"provengo_project/products/internal/artifacts/1/1/211.txt","7adf99c27bffcfa24b02fb30ed9031fea0c53e411160e29f68640d867adefe90","121"
"provengo_project/products/internal/artifacts/1/1/212.txt","8614bca062b8ab4efff89692ac79645524663f16348489bb019a77f3bd919a4a","836"
"provengo_project/products/internal/artifacts/1/1/213.json","be51158537cd28a1e33b560c046da0676fd07787ff8850fe44badcb618f1a4b0","591"
"provengo_project/products/internal/artifacts/1/1/214.txt","1d921c7c15fd9795bcd2b2254520ede506258262483660dbf2acedba3ffa43da","78"
"provengo_project/products/internal/artifacts/1/1/215.txt","6b9a4b7bf45a5a86202ccfccbb5735c0ae62d2dd0f794809f13f3039b853bd8f","2677"
"provengo_project/products/internal/artifacts/1/1/216.json","aa4c38470e306961e9173adad1e20adefc3ce125df8195653d42620ed88fbbbd","2335"
"provengo_project/products/internal/artifacts/1/1/217.txt","1e7666c5f8e94fce0af5ff94377a20d1f989cd8fad69409637c3df8792a79120","59"
"provengo_project/products/internal/artifacts/1/1/218.txt","8423a831bd1960e2eb1d49cf324846e5304f4c5a0912d67ae398754a7704db1a","703"
"provengo_project/products/internal/artifacts/1/1/219.json","a18515dc367594fb2b7396b190530de8b502b339b871e3c3723974a209391cc2","358"
"provengo_project/products/internal/artifacts/1/1/22.txt","3278fa620f495a472bafe709d6f20e91aee873fccc5e600da075767c3d2370f1","88"
"provengo_project/products/internal/artifacts/1/1/220.txt","c97cc44238bf4998614270e9223b98d2cb013321e92de4b0687425e80e98477c","78"
"provengo_project/products/internal/artifacts/1/1/221.txt","ed35b2671f3bfe36b6cb4385db4ae1c0f26d67177eadb26955e3bad8af26b51b","2425"
"provengo_project/products/internal/artifacts/1/1/222.json","13f3d4f64cac0f9afe1f3313ffdf7954deef05786078c1cf894297abbc665ade","2083"
"provengo_project/products/internal/artifacts/1/1/223.txt","82d0f6121fa569997efcda33add9f58faa7a1dc0c2006da0f86e86418a232b4e","110"
"provengo_project/products/internal/artifacts/1/1/224.txt","1fcd852fb5b1ed96964b9c5fab74b4cf1c4e68e5bc5f4cd97e91a1225bca20b1","506"
"provengo_project/products/internal/artifacts/1/1/225.json","efbd28092ae8110b6231d20c62c0444e201d7b25c54b37901d4bacf9dccf34c6","261"
"provengo_project/products/internal/artifacts/1/1/226.txt","144c9f7b0facb31c92659b725d5e22c4160ce3b39752f4f7e1433eb977c8c6e5","79"
"provengo_project/products/internal/artifacts/1/1/227.txt","2e82bbfc5c813516e2466aa85b72396f863f05d38497273835a125c5266ed23d","687"
"provengo_project/products/internal/artifacts/1/1/228.json","61ac9cd1fca8a3b6e6d4f72b512c587e41d1526b02c4dc8102d2a5754775a6a3","348"
"provengo_project/products/internal/artifacts/1/1/229.txt","12b8d63932757b020418b5669ab4bd2797155a26664720ed829647326ce3f268","121"
"provengo_project/products/internal/artifacts/1/1/23.txt","7fbed78291a7d024c48bacc5676269c7e1406ec47614ec1b1232fe2157e08043","479"
"provengo_project/products/internal/artifacts/1/1/230.txt","f31a7c75ce30708fe0b202e180240778ed13d1726c3e7171ef04fc96bbe4dde6","836"
"provengo_project/products/internal/artifacts/1/1/231.json","28fcb1698f79a509e3aa5b45fc1d2b5e0180604e3c200619d0180d1905b81a15","591"
"provengo_project/products/internal/artifacts/1/1/232.txt","99234c421d724564f816c23c58ca6dea67dbd2c60cb42270baf85222ea099b03","110"
"provengo_project/products/internal/artifacts/1/1/233.txt","e8734904498587450f1ef7f225d6a8b8ba6e43a79bc0c3ad889c0ab8091c0ba4","506"
"provengo_project/products/internal/artifacts/1/1/234.json","6458c670e7235b05f56bfc3468e9e8c9195782812fb8e1c6e5ea2a2a10aa9359","261"
"provengo_project/products/internal/artifacts/1/1/235.txt","ef610f9c963f541fce84b0dd41217a26ebc0cb6263479c3ce5c47f4d39e4da2a","46"
"provengo_project/products/internal/artifacts/1/1/236.txt","de38119326b3d4739724cbfd43fba822a24e8db6a02b52f3e3f1a020b82e47db","2677"
"provengo_project/products/internal/artifacts/1/1/237.json","78ac9da6c667488f104392f1050d272bf7f75f13e04db10e939e3557db351464","2335"
"provengo_project/products/internal/artifacts/1/1/238.txt","9e0d4a4759c94d10a1beabde0b1a67e3b737ea86994c1d628b626db540aa2e6d","46"
"provengo_project/products/internal/artifacts/1/1/239.txt","4b0a164aa43a90338c723e8a7d1ad66a2c5db3bb90386f9999218b5db5f2dfcb","2081"
"provengo_project/products/internal/artifacts/1/1/24","6eae3a3efff86e1a5a1ca4f1e6c966623b03f1010273e2eabb5e5833f97cdcb5","159"
"provengo_project/products/internal/artifacts/1/1/240.json","c54b81d0a141a6af670f535d0f68d3dc1a091f4d616ec5134862105a4ebc5a7c","1739"
"provengo_project/products/internal/artifacts/1/1/241.txt","5e628535a2963df77320880b24af8abbd4d642ad07356426d21b031a2087a180","79"
"provengo_project/products/internal/artifacts/1/1/242.txt","b5a83a138d7496f79b1b7fba911520c4145cb99f9ef0f5e8b99bf9a4346bc09c","687"
"provengo_project/products/internal/artifacts/1/1/243.json","8a40cd6f717de1bed32610d58abae96b84422dd83594e7979f7e98be50da2857","348"
"provengo_project/products/internal/artifacts/1/1/244.txt","ef610f9c963f541fce84b0dd41217a26ebc0cb6263479c3ce5c47f4d39e4da2a","46"
"provengo_project/products/internal/artifacts/1/1/245.txt","4fd6d38a4254a9c16a06e45a7827a1e0768fc8e69b582790c7c0bb3d4cc1a2ba","2677"
"provengo_project/products/internal/artifacts/1/1/246.json","78ac9da6c667488f104392f1050d272bf7f75f13e04db10e939e3557db351464","2335"
"provengo_project/products/internal/artifacts/1/1/247.txt","90a879ce40ba28d12ad6eb6dbdd05d7c6d503ce4fb749f4ea39f96e3453deb4a","46"
"provengo_project/products/internal/artifacts/1/1/248.txt","7800c898cd65e9e4b7381e37d02e0a43a6067392cbe338fb41a582359fe31e18","2686"
"provengo_project/products/internal/artifacts/1/1/249.json","048674eb121f8d18ced41e13b28ccf6f3ba09ae4716c76d66027d87d1019fe99","2344"
"provengo_project/products/internal/artifacts/1/1/25.txt","3217cc005767117017b2dba7181902ad9e441aaf6c5f659da28f2b8126837698","99"
"provengo_project/products/internal/artifacts/1/1/250.txt","56f011ff2b49aa6d21795a895e4498cf787cd0418ea3e83cc2926889f1748f23","78"
"provengo_project/products/internal/artifacts/1/1/251.txt","b6f599921d7078e223ec80922a6e85f752c899fe0a852bd2e7d5a5bc13c8f3d4","1820"
"provengo_project/products/internal/artifacts/1/1/252.json","7309b6800392e6d89fa0a7519daafaafa8c051e831f75a11f988ca84578dd7b0","1478"
"provengo_project/products/internal/artifacts/1/1/253.txt","e3bfa786f76aed2880be0d15d866860e647cb1725d4138077ef4563eb4072771","121"
"provengo_project/products/internal/artifacts/1/1/254.txt","a7631ef44d120413e14550c94e0d47aa1c9503c2eca1d40a1d46a799931ca88d","836"
"provengo_project/products/internal/artifacts/1/1/255.json","02f0200263071efd7f8023dc019cdaa2c62eeba160d9e59dd3f1c4e9043633b0","591"
"provengo_project/products/internal/artifacts/1/1/256.txt","8bc78843726bdc7132a2ba6d9ff6d6f49f3d7b824e89c55b7aed3ce718858a76","78"
"provengo_project/products/internal/artifacts/1/1/257.txt","1e958865035366e34acc55335698d791c2b1b3d993c327e8faa8706ed160de10","2419"
"provengo_project/products/internal/artifacts/1/1/258.json","882356cda499fb9faea2865f833bc238b2a3508f17369c80e1a174350fa96145","2077"
"provengo_project/products/internal/artifacts/1/1/259.txt","dc26e32bf0c464b4493243ab7b7403c9e1dd8071226d9424b6705e74e383df90","126"
"provengo_project/products/internal/artifacts/1/1/26.txt","7aae008a87ecb87417ffac9419f2f1a7c49311c16bb536a493d4777ed0b3e18b","518"
"provengo_project/products/internal/artifacts/1/1/260.txt","5f07df9a5960930bef3921601c96514a2f1cb596446f9509260e3135fb4f8421","397"
"provengo_project/products/internal/artifacts/1/1/261.json","fae85342be23ef7a3bdaa898ddca72841d6928078b7da2592d4973266722e488","152"
"provengo_project/products/internal/artifacts/1/1/262.txt","d4365cccaecd2a69867cde6fd6de3d669315a31041f06ccd11b66d24be79b955","91"
"provengo_project/products/internal/artifacts/1/1/263.txt","781ae437595ed7908f04af05cf869e0510defac03aa9c44388dac628dff27bb8","717"
"provengo_project/products/internal/artifacts/1/1/264.json","9f55eda4bf96e5c3a7b4f7458c8b9ee4aaeb63b168098baec7d1ee7de8e955a1","372"
"provengo_project/products/internal/artifacts/1/1/265.txt","bc06b5163b330674d5e6089a5d5d44096dbd6d10f3dda19298e65864057efc36","110"
"provengo_project/products/internal/artifacts/1/1/266.txt","690538d0031378bf877ff266669ffffefd1e9c873d54073d59667a0afd170185","506"
"provengo_project/products/internal/artifacts/1/1/267.json","708c3242e9b6b894450ff1a85005e329cb2007726e4b44dd768901373b695fa9","261"
"provengo_project/products/internal/artifacts/1/1/268.txt","9e87066e56017d57fd0c0cbc76e65a4e9b51dbd71b46ddf1a24178732f54a964","112"
"provengo_project/products/internal/artifacts/1/1/269.txt","c3d136919dbd82bb77e39aa7cf802714be43f7b1c5cd7c485c8d1444918115bc","383"
"provengo_project/products/internal/artifacts/1/1/27.json","252a96cba81255b34cb4acaaa803f0161bca215cf5377605d0d145513269cbe3","273"
"provengo_project/products/internal/artifacts/1/1/270.json","eaaf4002f196a6a01ae10752825f615c7639e13d523ac38be2429ea28b95fa81","138"
"provengo_project/products/internal/artifacts/1/1/271.txt","7a9d08f7e0a733fa605753af07e7f998914c602cfc3672602b94eb5490f11c3c","59"
"provengo_project/products/internal/artifacts/1/1/272.txt","e326aa6281d6bebf48fc3781ba93be941998b7bb397e344273f7d41319692df1","703"
"provengo_project/products/internal/artifacts/1/1/273.json","7246239fb0ca4a57a4cce46f921b720648989ac898ae2f64fb6b4e8339f062bb","358"
"provengo_project/products/internal/artifacts/1/1/274.txt","6739ffff684ee81db8b94be242407df4e70d0b4720d9db64276822beb8a12339","126"
"provengo_project/products/internal/artifacts/1/1/275.txt","257863c267be49b2e3e9b7d7a4bfc77b4ddd43f86e4e3063d987079ef3bfe4f0","397"
"provengo_project/products/internal/artifacts/1/1/276.json","8257a4e6d8541c2dd6342338a6b8a1313df83985f9ce36eb745585184d9d29df","152"
"provengo_project/products/internal/artifacts/1/1/277.txt","a9fcefe090cbdea63189a59dd1623da6228f24eeb0ac03117bf34b6933e84901","121"
"provengo_project/products/internal/artifacts/1/1/278.txt","cafe027e9355547bb00372a25462b6d144f32e712c4c67b0799ce53583e28754","836"
"provengo_project/products/internal/artifacts/1/1/279.json","9cef6f53400e50e04ea2b9c3167eca161bef66a719b24026294123a43f95f06f","591"
"provengo_project/products/internal/artifacts/1/1/28.txt","4811cd8ead17bce587ece732f72e1b677b12162c957ddaa4a6de99669f43cdda","108"
"provengo_project/products/internal/artifacts/1/1/280.txt","bf07a30065804b3e06bc88c806991fb6fdec391865935c962f7a6d8e2f5c87d7","59"
"provengo_project/products/internal/artifacts/1/1/281.txt","16f1e8080ec25dffef9388ae617aab834d37354ac7ffcc877e54272cfb8ed26c","703"
"provengo_project/products/internal/artifacts/1/1/282.json","eae8b7b39aa140a10993ed1d1003827822412d65818d3b0f60eddfe8bdedbee5","358"
"provengo_project/products/internal/artifacts/1/1/283.txt","d4365cccaecd2a69867cde6fd6de3d669315a31041f06ccd11b66d24be79b955","91"
"provengo_project/products/internal/artifacts/1/1/284.txt","9d4513ab4abb444efc6095593c87181c7795b59f7425ded48ed1c85e06ab9325","717"
"provengo_project/products/internal/artifacts/1/1/285.json","105ce0db6bcb04135c75b22113545a6d27556d92c2df2d1baa0a7be197c29df7","372"
"provengo_project/products/internal/artifacts/1/1/286.txt","8bc78843726bdc7132a2ba6d9ff6d6f49f3d7b824e89c55b7aed3ce718858a76","78"
"provengo_project/products/internal/artifacts/1/1/287.txt","926d4c1949bc178a5af62a7659e17eee751a0154fb3d68b80cdc43db695fa9b1","2419"
"provengo_project/products/internal/artifacts/1/1/288.json","c5f58779fd259660cee54e48f23d067c2d855d498c19a9b3e95d28a676d52125","2077"
"provengo_project/products/internal/artifacts/1/1/289.txt","144c9f7b0facb31c92659b725d5e22c4160ce3b39752f4f7e1433eb977c8c6e5","79"
"provengo_project/products/internal/artifacts/1/1/29.txt","5e6238f2779d3b7a4ffd7b1d18141f89dc82e06b25a0cf28ae8e9935c8fbbf51","953"
"provengo_project/products/internal/artifacts/1/1/290.txt","1db184856c7efaa5bf559983c1060c0c69a5e86cc92fbcbac3abab8de0f8fa3b","687"
"provengo_project/products/internal/artifacts/1/1/291.json","39e94ca3afeda11f340e317f7c7cd2194483ca3c780d89dd659270a0231b2d68","348"
"provengo_project/products/internal/artifacts/1/1/292.txt","65271533e8c4963dd38a5dcaeb3b0f64c18f62738bb0074cda6410d9f1dcec29","85"
"provengo_project/products/internal/artifacts/1/1/293.txt","ee9ffad9bf1fa260fcef307d565e6486865f3d06c444c246a3144de0fbc62448","720"
"provengo_project/products/internal/artifacts/1/1/294.json","5a754870ac8e35c6a20b97f4babda9322e6e485a02c8cf34c24ad71fc1a9578d","401"
"provengo_project/products/internal/artifacts/1/1/295.txt","30d1052d5520cd44d7d3c79ea1c101c08598589e9c449f641a8c8c2ecb077622","121"
"provengo_project/products/internal/artifacts/1/1/296.txt","f8fd1df159d80f92b9ca0ec7f16d64f13bb89f5fd74f14060a9e5749c492219c","836"
"provengo_project/products/internal/artifacts/1/1/297.json","add0b71d688fbefa564aa7d27652911bc52639992a0d1ddb101c65caee28b5e2","591"
"provengo_project/products/internal/artifacts/1/1/298.txt","6c440094ec235b4a3f627e4ec80f6987bf5170f01af3d52d9b6f4b94ee8f0f20","126"
"provengo_project/products/internal/artifacts/1/1/299.txt","9e6ef83b29f4db9bc7e2ea7d5881a7895194d2731cc967c415402c093f97c1e0","397"
"provengo_project/products/internal/artifacts/1/1/3.json","db4e191f89c155ac581de512abdd49cbad522c3296d3071f17fcc89cdbcefe82","1734"
"provengo_project/products/internal/artifacts/1/1/30.json","a55ede236c43218a777559adcea7700a3312257cab3cdc3214b2ea1152ddea78","708"
"provengo_project/products/internal/artifacts/1/1/300.json","db95d6f75868b55e4b56d12a0f13197836f2c6b2353b6858cfef819fb7b18045","152"
"provengo_project/products/internal/artifacts/1/1/301.txt","e2db7872e325194dead881f534243bcc8569cbaf0ece1111b7529da7bb180852","91"
"provengo_project/products/internal/artifacts/1/1/302.txt","7e1b925c9e3927cb1848407cb4c9e357449679a691e43afe2cb48eba03b4e5ea","717"
"provengo_project/products/internal/artifacts/1/1/303.json","98dbf1c65b4c8dfce98971c75f756516275708f1185ede81c778660efcc7b591","372"
"provengo_project/products/internal/artifacts/1/1/304.txt","1d921c7c15fd9795bcd2b2254520ede506258262483660dbf2acedba3ffa43da","78"
"provengo_project/products/internal/artifacts/1/1/305.txt","52d762f31046f0c8d15f4019b4b359a837a8b9c22d8d567e30672cf174d1b76f","2677"
"provengo_project/products/internal/artifacts/1/1/306.json","efc858f0b1746404164bf98b207d5106ba785c614330a0067d9ba78788646e9b","2335"
"provengo_project/products/internal/artifacts/1/1/307.txt","1e7666c5f8e94fce0af5ff94377a20d1f989cd8fad69409637c3df8792a79120","59"
"provengo_project/products/internal/artifacts/1/1/308.txt","a258950b2471262b7e045af856bc323fd0f004d540ae0038f9b6f8a003a19d13","703"
"provengo_project/products/internal/artifacts/1/1/309.json","14a8661fa0a82de31ff4657f2143243f0e56173b084ffc4e50c6fdc95113ed74","358"
"provengo_project/products/internal/artifacts/1/1/31.txt","4aef6dc19e92e2d54dc1ea15558818d3fad3dac619ca60f7528325fda372d6b8","110"
"provengo_project/products/internal/artifacts/1/1/310.txt","df6df45c95d58853cec7db7dd6d62663db491e1f197a6274114836f7779c8bbd","126"
"provengo_project/products/internal/artifacts/1/1/311.txt","cb449642e5c3af305f78d19fec67d87dd1ff02a909dc9c21ee0b969e2398a97a","397"
"provengo_project/products/internal/artifacts/1/1/312.json","009f5a0e7af65dda716ae9f24d10bf3a84ff692f48579c025076bcdbbfb17661","152"
"provengo_project/products/internal/artifacts/1/1/313.txt","e2db7872e325194dead881f534243bcc8569cbaf0ece1111b7529da7bb180852","91"
"provengo_project/products/internal/artifacts/1/1/314.txt","0ba64e98c34cd0db8b501599d37ff4e19db4b86a7a169485b7b1aa496fc7c364","717"
"provengo_project/products/internal/artifacts/1/1/315.json","127a812b456e1f6075459418f0d1905261f52ba1f6f674c8d03b3b4d12bdc112","372"
"provengo_project/products/internal/artifacts/1/1/316.txt","9f8d970517d7d47e89c0406c2d30deb857ef1fb833b2f80884dc16b0aa42ea9d","126"
"provengo_project/products/internal/artifacts/1/1/317.txt","d678e89f295e88be3e6c169660648ea350fb3862a37dc55cdb817091d7f55ef2","397"
"provengo_project/products/internal/artifacts/1/1/318.json","8138eb4bb89918a1963730728a07f5e023811cf463e331f6c39b7c28f49f3649","152"
"provengo_project/products/internal/artifacts/1/1/319.txt","5ffea4f8037e383b06ee976ecd778360ab3c387c5da7d570df59dfbec4c369fe","126"
"provengo_project/products/internal/artifacts/1/1/32.txt","8f6e68bc0ac50d73b057c5b94db2a4b6a0f9bb76c6f24c616b53aea30fa2b56f","955"
"provengo_project/products/internal/artifacts/1/1/320.txt","7cf484bce7efbb63bf77e1f4c4b7219498f48795978b20999ae113c957221c32","397"
"provengo_project/products/internal/artifacts/1/1/321.json","9d2f52228dcef041e8f8a77c68eb62fefd8d4540fffb3b5e808f5135bfa0803a","152"
"provengo_project/products/internal/artifacts/1/1/322.txt","cc409dc5cd0f3845245eaa27f095e983c6b1e5b40b828d9b959eb64d8338b7f7","91"
"provengo_project/products/internal/artifacts/1/1/323.txt","db73de259699b5e5a14994f8004e556b839608ed2f179b48e6f3337ece015d51","717"
"provengo_project/products/internal/artifacts/1/1/324.json","97fa393524a76195ead285d0d26a430d6b0f36d5aafb8cac82553a1b6a933944","372"
"provengo_project/products/internal/artifacts/1/1/325.txt","5fcda9b6676d1d3fa4b37a4115ad1129e60e02732e98d13f3b90dc815ac8c311","126"
"provengo_project/products/internal/artifacts/1/1/326.txt","025d8c365a92b3bb54bfb5f1198423765547c5b9ea4f06654288374f8109378e","396"
"provengo_project/products/internal/artifacts/1/1/327.json","98c4645dd9194503332161fcb26b52d816205430c5ead0232e28f08dd1f155d1","151"
"provengo_project/products/internal/artifacts/1/1/328.txt","cce1191e8eb35afa09239cddc3f2be167466925f2f7f7f7e6284dc344281de3a","126"
"provengo_project/products/internal/artifacts/1/1/329.txt","c1239b5b953709002428576dfafc334ad4d06aba56cbdd529fc2fada87b10b55","397"
"provengo_project/products/internal/artifacts/1/1/33.json","b5ebd11e5316a8d004e3b33803650ba71a0727bbe747cbef89808acd4f17e5df","710"
"provengo_project/products/internal/artifacts/1/1/330.json","9346a77ca1cce17c2516752c2857fb86bae66d85d33706885577bd555c9cfdab","152"
"provengo_project/products/internal/artifacts/1/1/331.txt","2d9f4a3bf1e98c40dcffa771ab757a25f2fab6ebba85bc37d09e62eefe14c295","91"
"provengo_project/products/internal/artifacts/1/1/332.txt","afa09738bfa9474ee9b0af6e93ddf7f7464d717ff856b933e8af3cf182bf2a49","717"
"provengo_project/products/internal/artifacts/1/1/333.json","c1482a11e67d5110d3b2c17892907c98039cd78af665a24ab63ed3ff33eed3ae","372"
"provengo_project/products/internal/artifacts/1/1/334.txt","3d4f212b58cdf3b69c4d1799b30472c9e4417bdc3b2c0cfdf2f25bde90955f3f","129"
"provengo_project/products/internal/artifacts/1/1/335.txt","6d1f4f7542c87dffd713169cdb6e1498c137a9084c541eb761e6dca448366e37","1647"
"provengo_project/products/internal/artifacts/1/1/336.json","a1e5521b69619df432f289e52520a078c00ee3808638f714d7a4606491086ed6","1401"
"provengo_project/products/internal/artifacts/1/1/337.txt","bb1794967ff3fa69e809e6d121d7e58a29c9e9b3ca90fa0f2427739df16ee9e8","129"
"provengo_project/products/internal/artifacts/1/1/338.txt","ff62fa992e2bf402211aab17e1e3e5bda762e290175b563bc30bc633b6720f93","2246"
"provengo_project/products/internal/artifacts/1/1/339.json","5f17df23f6bbc3182760b34cd715b8b15b3e291898719f21bfb492f424be0c05","2000"
"provengo_project/products/internal/artifacts/1/1/34.txt","23abb3f18e75bfcd9ee0416e9f82e1c79e55c9a28d0a9f281f19fbc2397d6a3a","109"
"provengo_project/products/internal/artifacts/1/1/340.txt","353224c7990f3807280a04054d746fa41784d81114bea8d400a8ba71ddbab203","141"
"provengo_project/products/internal/artifacts/1/1/341.txt","24812f3b42dd050e5602a26864e7e6834da007ef02bbf35ba01eebc19a06f8db","1925"
"provengo_project/products/internal/artifacts/1/1/342.json","6eefb7614d38e3e8acea4f04a38eb925d83b64eb7745de0d0e870c381cc0e89f","1679"
"provengo_project/products/internal/artifacts/1/1/343.txt","6d54d21f55b81e4871213f58343c72f72b935a310930bb8ffafe1a1b0ad360ef","129"
"provengo_project/products/internal/artifacts/1/1/344.txt","32b4165056a798bfe2bea08d17f621650711bc450bb01311d4e262ffb5388518","2528"
"provengo_project/products/internal/artifacts/1/1/345.json","769d89520b7f8fa6aedde0e075a832aa18599338b4319a13ffacfd846a32f25a","2282"
"provengo_project/products/internal/artifacts/1/1/346.txt","9d7a034fbc332da0b943294f4836dd1a888f42473f6e6bf22a028919529e14fd","141"
"provengo_project/products/internal/artifacts/1/1/347.txt","e67de9beb1fb3c6be83c112464c37a1dbb24473b05b1d859e3f049a00b9c7eab","2283"
"provengo_project/products/internal/artifacts/1/1/348.json","581bf22566da739d2c4873a5f9c4f1a453016a0d0f515400e8f315210990aeef","2037"
"provengo_project/products/internal/artifacts/1/1/349.txt","a9af66834f5dea4f1009492cf1b60741321f4609631808cbea72f69e5b126091","141"
"provengo_project/products/internal/artifacts/1/1/35.txt","1eca7f1af89b43c677d085d8a01daaafce020af4e5d85b4320029f32d50d4694","496"
"provengo_project/products/internal/artifacts/1/1/350.txt","23147d7f8d28189fc9796ca37b524f89250df2e96d1a75edcd0c4e2f0019aadc","2308"
"provengo_project/products/internal/artifacts/1/1/351.json","1647a98fe4d498a7fbf23ec5fbf06a4bbd65ebcc37716d6e2d30b25cbbc93404","2062"
"provengo_project/products/internal/artifacts/1/1/352.txt","a6018e226ae33aeac9ea5e429c8e38007b5a28aa30632e0453d8f473b8e4bb6c","129"
"provengo_project/products/internal/artifacts/1/1/353.txt","a81acf2274692586da809b2de9cbb80fa6837d934ee4831bc942fad42d1f007f","2321"
"provengo_project/products/internal/artifacts/1/1/354.json","f80b4b06251b72564df312a39bb48057a3b838c69e7d2ada17ba604cc724e8d2","2075"
"provengo_project/products/internal/artifacts/1/1/355.txt","4c32fc97a6dd58307fbefc592945460ed99eeb1b02d97472ce11b27c43093369","141"
"provengo_project/products/internal/artifacts/1/1/356.txt","03c7c7fd5b656f39e0f39f1fe7b9fca00262edb6220adbd05008e422357c01a9","2559"
"provengo_project/products/internal/artifacts/1/1/357.json","212e4447055d869e824564177a3735c92544bb9de7015b6470ed661b5a036f7d","2313"
"provengo_project/products/internal/artifacts/1/1/358.txt","ff71fb46472b9f7d2b0aad6acb790f79e8ced5b134832cd4df5f6dd447760b0c","129"
"provengo_project/products/internal/artifacts/1/1/359.txt","2ba7d202acc396be9001bcb85c3b4b53f93fb8e8cc848d0a1d7ce6aa2b0f3bd0","1970"
"provengo_project/products/internal/artifacts/1/1/36.json","db455e7c8266d0f55a8c13e4757a86902b7c9cdcb15b81c32597ff289b1db663","251"
"provengo_project/products/internal/artifacts/1/1/360.json","ed88165718d150a4831f8f41bbf723e94c8e970390a1e924046a07eaff629ce7","1724"
"provengo_project/products/internal/artifacts/1/1/361.txt","d8204f96f432549eaaab57fe4c14e75fde2ebac2ff2d4e5ddb3eec39e5a08223","141"
"provengo_project/products/internal/artifacts/1/1/362.txt","0085103026a5855f0aca23e3df21c33abc69c3caf4df0b089ae8aecff95bba1d","1716"
"provengo_project/products/internal/artifacts/1/1/363.json","ee002267e37a903bab3dbd0859560429ee699fc8b048edc2062fdaf2959dcc24","1470"
"provengo_project/products/internal/artifacts/1/1/364.txt","8bc78843726bdc7132a2ba6d9ff6d6f49f3d7b824e89c55b7aed3ce718858a76","78"
"provengo_project/products/internal/artifacts/1/1/365.txt","2e18dfc030af224980f38ad027ee15b56d3ba274c58deb6481d5718039668a4b","2533"
"provengo_project/products/internal/artifacts/1/1/366.json","f77d096a861ce48b0b0b118a37cbad934337aa99defa845679e31a5e03b4f93c","2191"
"provengo_project/products/internal/artifacts/1/1/367.txt","3d408eb15cfc9973e96a3b2c1b44dceba637853ccacfcccbdf3aff3ab125f219","141"
"provengo_project/products/internal/artifacts/1/1/368.txt","e5ed164afca040f2df2edb9b884bdf536ea2bc18c23bd38d9027e997d8a70d7c","2606"
"provengo_project/products/internal/artifacts/1/1/369.json","f0a564655ab9bd3e6d5d91a6904bf43660efb2678ef715e68a5868e334be6acb","2360"
"provengo_project/products/internal/artifacts/1/1/37.txt","9e0d4a4759c94d10a1beabde0b1a67e3b737ea86994c1d628b626db540aa2e6d","46"
"provengo_project/products/internal/artifacts/1/1/370.txt","9156d28ccd6fe073a0ab03c7b90cdd647ed0b95bd6d4801421b6cdd25da0eca2","129"
"provengo_project/products/internal/artifacts/1/1/371.txt","27a63651b97a69578ff30535a8c9e634784ddc22be5961f5f2b8413c1b3d1e2b","2613"
"provengo_project/products/internal/artifacts/1/1/372.json","0bf3fbc222104916a97863370cd8496cab207f3c46a2f19638bca7abd1328752","2367"
"provengo_project/products/internal/artifacts/1/1/373.txt","56f011ff2b49aa6d21795a895e4498cf787cd0418ea3e83cc2926889f1748f23","78"
"provengo_project/products/internal/artifacts/1/1/374.txt","760a423ad982fa996e76579d9692d3d9efcbef2b8025c039803bfa9c2365c126","1903"
"provengo_project/products/internal/artifacts/1/1/375.json","011e2f9fb8594d3cdc116087a39726893cae66526f98c3785a1cd2ffe4af329d","1561"
"provengo_project/products/internal/artifacts/1/1/376.txt","a19c6d913a01933f898242b77474c91503b6d1f42cb416661943a2a247390006","78"
"provengo_project/products/internal/artifacts/1/1/377.txt","c96955e4c011a38567c412b3ab8914451febe403fed68d901a0eb79b343fdd62","2800"
"provengo_project/products/internal/artifacts/1/1/378.json","0942a3a9626879142736d2c004777ba49ed6ae087f7bd40d728ac0a76beb8164","2458"
"provengo_project/products/internal/artifacts/1/1/379.txt","fa7873612cb983aa549ff247e200735ef65070c4397bfac91fb5bd8206b7212d","78"
"provengo_project/products/internal/artifacts/1/1/38.txt","06968b8bbb6c1b2144e605f2e9425ac5d1fe12fee4b3f8ac3a6886073753342b","1211"
"provengo_project/products/internal/artifacts/1/1/380.txt","16a35add097504a2453a148e0f2061d301bfa170414337370d9a56cabaa16017","2157"
"provengo_project/products/internal/artifacts/1/1/381.json","7825ecced4292eab43b3e6aaf660e1ff52798883b8b1e5c47ff9140f28d4b06b","1815"
"provengo_project/products/internal/artifacts/1/1/382.txt","1d921c7c15fd9795bcd2b2254520ede506258262483660dbf2acedba3ffa43da","78"
"provengo_project/products/internal/artifacts/1/1/383.txt","b6e22defd720c2f4c489d60e28b443820514ae22043b125cae93ba16fdcc26ae","2791"
"provengo_project/products/internal/artifacts/1/1/384.json","82325f6395b7876970a76982a866ae89f90457d4174eac0639c264e0c9dfd7f3","2449"
"provengo_project/products/internal/artifacts/1/1/385.txt","c97cc44238bf4998614270e9223b98d2cb013321e92de4b0687425e80e98477c","78"
"provengo_project/products/internal/artifacts/1/1/386.txt","20d236bed9b280f1739e7185507b99fbdf0fdb5cae46456887d06b484fec5635","2546"
"provengo_project/products/internal/artifacts/1/1/387.json","97ad99449ed7e692be22408c4a887002ff73d8604453d9f1835f6b5e52ebcb6e","2204"
"provengo_project/products/internal/artifacts/1/1/388.txt","e5b60e685f11b0141cda5e3c1de3cc7d7df427dd9a71de09cd36cfca8669f338","94"
"provengo_project/products/internal/artifacts/1/1/389.txt","d3755e74c33d7e21e2e1997410c88e4fbbd7943c08ec7b865af9f91a419268c6","211"
"provengo_project/products/internal/artifacts/1/1/39.json","be94bec2c28c28cd9c1a0b93e33852af287ad04b5b39914ffa4aeeb06533fecb","870"
"provengo_project/products/internal/artifacts/1/1/390.txt","e3b0c44298fc1c149afbf4c8996fb92427ae41e4649b934ca495991b7852b855","0"
"provengo_project/products/internal/artifacts/1/1/391.txt","474fd30263754bf655f28681181df83e3a1ec8ef5320d2a8e32cec79d7157776","103"
"provengo_project/products/internal/artifacts/1/1/392.txt","72dc8b694d6500c5020ca5fa917393f56fcd037818ec8cf585168d2768d0b60d","211"
"provengo_project/products/internal/artifacts/1/1/393.txt","e3b0c44298fc1c149afbf4c8996fb92427ae41e4649b934ca495991b7852b855","0"
"provengo_project/products/internal/artifacts/1/1/394.txt","8a0783d77ca808d190244570a2f1455e501d1480d9841c23b7323423f56ac294","94"
"provengo_project/products/internal/artifacts/1/1/395.txt","deabdb2ca836f60a7cc1fe50fbeed4186931fa4befeeb156c64f768979ff721c","211"
"provengo_project/products/internal/artifacts/1/1/396.txt","e3b0c44298fc1c149afbf4c8996fb92427ae41e4649b934ca495991b7852b855","0"
"provengo_project/products/internal/artifacts/1/1/397.txt","9b68d4897e92599c62f33ecd0ca40f38023d3ad5fedc7d1f93bfc7a6617053bb","106"
"provengo_project/products/internal/artifacts/1/1/398.txt","91b96d4278f1f997715bbf2a9da471e732e49a0fa474982451e162215c3bed7d","211"
"provengo_project/products/internal/artifacts/1/1/399.txt","e3b0c44298fc1c149afbf4c8996fb92427ae41e4649b934ca495991b7852b855","0"
"provengo_project/products/internal/artifacts/1/1/4.txt","e84a2d7e3b9eafe6e56f6509da7cdd9ab3dbd28fdd50aa01e4b187075afab1fd","80"
"provengo_project/products/internal/artifacts/1/1/40.txt","69c30fbf1d2d7b2794367d22e9b8137ef5456d87c0ad31ed6a1507182f8f1dfc","109"
"provengo_project/products/internal/artifacts/1/1/400.txt","b585ded570a536fc1d77dddcf84d9d2f12ac57669338122214a7742c9a78d2a5","92"
"provengo_project/products/internal/artifacts/1/1/401.txt","7086a9b7b1af0ac2bc5a59e7cef53a903c01ba87edb68c258a6bfed81bf64631","211"
"provengo_project/products/internal/artifacts/1/1/402.txt","e3b0c44298fc1c149afbf4c8996fb92427ae41e4649b934ca495991b7852b855","0"
"provengo_project/products/internal/artifacts/1/1/403.txt","fba353e87969e92a76b0463ded900ced67b8effb196daee09669c2306e25f5a5","98"
"provengo_project/products/internal/artifacts/1/1/404.txt","c284babd840bc83f16121bda43d316fca7919409c44e82afa41057fd0403fd31","494"
"provengo_project/products/internal/artifacts/1/1/405.json","9deeaded0e4f3eae040e942599bb6f3fad0d5612b2e7e04d6b7fb58de74c629b","249"
"provengo_project/products/internal/artifacts/1/1/406.txt","c933cfaa5c884e0fdcebbafdb4ae186baf23857db399cc014afb816f479bf273","107"
"provengo_project/products/internal/artifacts/1/1/407.txt","686f5af5ba9bbdbdb3e2c82a42f145b2b5710cb7e1a4f974cf2e4f3077093008","211"
"provengo_project/products/internal/artifacts/1/1/408.txt","e3b0c44298fc1c149afbf4c8996fb92427ae41e4649b934ca495991b7852b855","0"
"provengo_project/products/internal/artifacts/1/1/409.txt","55b26a2e568a0a3aedf8cb92447d1191f31b1485110f65188b13b5be46458780","106"
"provengo_project/products/internal/artifacts/1/1/41.txt","7cca85311f6d6d4a9d157145df1da849bfa031ad2aa8ae8f8470b0f72f5e4859","497"
"provengo_project/products/internal/artifacts/1/1/410.txt","a854e68648279c850737bf581d3ea29def2eefd2ebac4227886d6885d685f7cc","211"
"provengo_project/products/internal/artifacts/1/1/411.txt","e3b0c44298fc1c149afbf4c8996fb92427ae41e4649b934ca495991b7852b855","0"
"provengo_project/products/internal/artifacts/1/1/412.txt","ac62387a8527d975b2fe0ce22f7abc6f38e4ec890a9cdc6935a9d729e658b75b","92"
"provengo_project/products/internal/artifacts/1/1/413.txt","26c6cd3d812d20d24197044a396acbad4e3133a3966da027f32503866654c0e1","211"
"provengo_project/products/internal/artifacts/1/1/414.txt","e3b0c44298fc1c149afbf4c8996fb92427ae41e4649b934ca495991b7852b855","0"
"provengo_project/products/internal/artifacts/1/1/415.txt","85412eb8b0aec1f0d97f21c6408d69f8be192abc78d3535d7587e350a42e8b53","98"
"provengo_project/products/internal/artifacts/1/1/416.txt","70446d52be54159bfa5971555690e911556b7f00397e9fc9514eeffaf052cf01","494"
"provengo_project/products/internal/artifacts/1/1/417.json","fe837284dbbeab9d203db1a938d65c6ec870ed9d3f5a3e9b54f5e0dc3178cde9","249"
"provengo_project/products/internal/artifacts/1/1/418.txt","e98e7488a3a546b6a7f1f1939223f88a2a09ef9138d89de8b1d9f3bafe969761","94"
"provengo_project/products/internal/artifacts/1/1/419.txt","dd6b57ad11a922f10104cd0691e9aab198660e076eb6bce0aba4fe296b5620b8","211"
"provengo_project/products/internal/artifacts/1/1/42.json","d689f0a2c5100fc28817fee17233c884fda523956d1b0721184505f80f5aa465","252"
"provengo_project/products/internal/artifacts/1/1/420.txt","e3b0c44298fc1c149afbf4c8996fb92427ae41e4649b934ca495991b7852b855","0"
"provengo_project/products/internal/artifacts/1/1/421.txt","ab45e45b9ac344802659dc8619e23e9a62cefd0394107fbd540d1206f5f4e1af","103"
"provengo_project/products/internal/artifacts/1/1/422.txt","d48b4a2bec290c229f93af6c3b0a80907d540bc5875e075f66b452525e1dd3ee","211"
"provengo_project/products/internal/artifacts/1/1/423.txt","e3b0c44298fc1c149afbf4c8996fb92427ae41e4649b934ca495991b7852b855","0"
"provengo_project/products/internal/artifacts/1/1/424.txt","2d5564a1e7cd9a63c8826e0c2b6dee2bc3f5024d64e113da24ad6a21d9389cb1","94"
"provengo_project/products/internal/artifacts/1/1/425.txt","1892c2cb69211eb7f45d84c1233703e3bebd9860aca2a57fab2afe0dc74ad269","211"
"provengo_project/products/internal/artifacts/1/1/426.txt","e3b0c44298fc1c149afbf4c8996fb92427ae41e4649b934ca495991b7852b855","0"
"provengo_project/products/internal/artifacts/1/1/427.txt","087aaef17938bdb65f4531d75a7032390f6e60ba1a9c9d6a8243c4ca5718cbda","92"
"provengo_project/products/internal/artifacts/1/1/428.txt","6a3ec178a55e96b0113653e42d8da72e1d5a70df6d4b0a6b1ee17a1e33c8535b","211"
"provengo_project/products/internal/artifacts/1/1/429.txt","e3b0c44298fc1c149afbf4c8996fb92427ae41e4649b934ca495991b7852b855","0"
"provengo_project/products/internal/artifacts/1/1/43.txt","ed42fc66aaa133c99a39018bef2c0f7fed634c3ea906dffff3662b43732f0d9b","110"
"provengo_project/products/internal/artifacts/1/1/430.txt","e2db7872e325194dead881f534243bcc8569cbaf0ece1111b7529da7bb180852","91"
"provengo_project/products/internal/artifacts/1/1/431.txt","611e752fb36f8986545d70770548515154003b1f5f2e0d4a50ba270ae7aa8db7","483"
"provengo_project/products/internal/artifacts/1/1/432","1292657051cc8bc54de0c9120f6f4d2f2a67eb61c130b9e53e44235441c3d147","163"
"provengo_project/products/internal/artifacts/1/1/433.txt","446063561e1fb5cf1ed5e56ada1f1fccab70a3ffff65984cc152b99f77fa1f0d","98"
"provengo_project/products/internal/artifacts/1/1/434.txt","488d041c2d766aa5ec3860a977e1db91e167f22d362d962bc14ac2d246847537","494"
"provengo_project/products/internal/artifacts/1/1/435.json","48fc87f630877195f8d28a78de75278961b5dfe43c9564ac14f8a6ecb9c627e4","249"
"provengo_project/products/internal/artifacts/1/1/436.txt","65271533e8c4963dd38a5dcaeb3b0f64c18f62738bb0074cda6410d9f1dcec29","85"
"provengo_project/products/internal/artifacts/1/1/437.txt","0a75918e511cc7048a9d91c8e8ee8971b103dae8e49e6570a5c7fd755047ab16","460"
"provengo_project/products/internal/artifacts/1/1/438.json","be5cde8432cd0cd9bdcee53d32db8fb244796bc5b6a5140d0966b9c002550535","141"
"provengo_project/products/internal/artifacts/1/1/439.txt","8b1eed76bd96fd2312b42b0ccad94e37215baae7c07f5d3f1c67ac5520598413","85"
"provengo_project/products/internal/artifacts/1/1/44.txt","1f7fb310a1e8c97a50811566d437b77258bc1f1985a62db88a5763c45c2980aa","955"
"provengo_project/products/internal/artifacts/1/1/440.txt","7c2c775940ad7a9366b9897b3256508552c94a19ae2b2bfccca70715d17aabd6","460"
"provengo_project/products/internal/artifacts/1/1/441.json","be5cde8432cd0cd9bdcee53d32db8fb244796bc5b6a5140d0966b9c002550535","141"
"provengo_project/products/internal/artifacts/1/1/442.txt","867265c029196cf75ff18f67e722c639e7af90918320bdde20e327ffaa96cc8b","103"
"provengo_project/products/internal/artifacts/1/1/443.txt","3093cad38cc9511e9d0c8623b3fcc6653a2f773d64aa4dff6849601fd3d33d2c","1949"
"provengo_project/products/internal/artifacts/1/1/444.json","a074a6387c96dc701a3e7f675172dcf1e99ba3f29b7a6f96897ec297697550fa","1646"
"provengo_project/products/internal/artifacts/1/1/445.txt","b34652d5cc578f065edef88cbd034e5b5abffec5ca04e336ddde086a54e6c65b","85"
"provengo_project/products/internal/artifacts/1/1/446.txt","4e48b1087c9692a95121c8dedb2f7a90fc9bcd154913012e349ef30d85db0235","460"
"provengo_project/products/internal/artifacts/1/1/447.json","be5cde8432cd0cd9bdcee53d32db8fb244796bc5b6a5140d0966b9c002550535","141"
"provengo_project/products/internal/artifacts/1/1/448.txt","e2db7872e325194dead881f534243bcc8569cbaf0ece1111b7529da7bb180852","91"
"provengo_project/products/internal/artifacts/1/1/449.txt","796a59060cbb38f8bcb4c90d975b3c18d6ab3144cd0c9268000a1f1a47c10139","483"
"provengo_project/products/internal/artifacts/1/1/45.json","86cc2964412006e0aef84d09857f10ceee281b15fb51a6b91758763034a53936","710"
"provengo_project/products/internal/artifacts/1/1/450","1292657051cc8bc54de0c9120f6f4d2f2a67eb61c130b9e53e44235441c3d147","163"
"provengo_project/products/internal/artifacts/1/1/451.txt","d4365cccaecd2a69867cde6fd6de3d669315a31041f06ccd11b66d24be79b955","91"
"provengo_project/products/internal/artifacts/1/1/452.txt","cd7ef6559653753a358f33aa0ab1429ac450d0165168b15017a590f8bf948278","483"
"provengo_project/products/internal/artifacts/1/1/453","1292657051cc8bc54de0c9120f6f4d2f2a67eb61c130b9e53e44235441c3d147","163"
"provengo_project/products/internal/artifacts/1/1/454.txt","6343f6914c3ef1414a811008514aa7dbb6a6f7c6400febe8ee2a3ca14f306032","47"
"provengo_project/products/internal/artifacts/1/1/455.txt","a9b6ca1cf4067919a087363ae40ed0d6fa9442d1c94203f3585c556dcc281a33","675"
"provengo_project/products/internal/artifacts/1/1/456.json","487ef14be5963a7ab31e101051abb3404211bf2f3e7fd8a037683c9ef20ddf3c","336"
"provengo_project/products/internal/artifacts/1/1/457.txt","90a879ce40ba28d12ad6eb6dbdd05d7c6d503ce4fb749f4ea39f96e3453deb4a","46"
"provengo_project/products/internal/artifacts/1/1/458.txt","87007bce3735cf7d643006d7e85eaeeb0d9eda20649e04420948b58363287d8b","1256"
"provengo_project/products/internal/artifacts/1/1/459.json","2b7fb6f63d0f571ba358c94553c6747d2813aa4f77fd962b76b9fe0d8a5cee3e","915"
"provengo_project/products/internal/artifacts/1/1/46.txt","2ce22add4d4d383cf5744802f17272b38fa2f509e370b6a59b26b326202ed7c4","86"
"provengo_project/products/internal/artifacts/1/1/460.txt","ef610f9c963f541fce84b0dd41217a26ebc0cb6263479c3ce5c47f4d39e4da2a","46"
"provengo_project/products/internal/artifacts/1/1/461.txt","b44f29f4fab7681772cb1989fb5b1d22439a9685ca5a93b83f735b4f6d0118e7","1256"
"provengo_project/products/internal/artifacts/1/1/462.json","1689d22da1b64e75a2e71a99e4c3375ead9f7b1daa1dfdd93be59945bb4a136c","915"
"provengo_project/products/internal/artifacts/1/1/463.txt","e84a2d7e3b9eafe6e56f6509da7cdd9ab3dbd28fdd50aa01e4b187075afab1fd","80"
"provengo_project/products/internal/artifacts/1/1/464.txt","c64c43c2ad09416f49d52fa1cbbd45976b1ffb4d515fa0e7b799170cab13e522","1962"
"provengo_project/products/internal/artifacts/1/1/465.json","f88ad9af5c816ac24ac1d97b7fec62db2ca7762d84997b71f9bc9f46d89b7ae4","1651"
"provengo_project/products/internal/artifacts/1/1/466.txt","3aa0aeedb79f8d914de16ca7be0815a633e09ef7787a5d3c92b3be395dadc227","123"
"provengo_project/products/internal/artifacts/1/1/467.txt","eb8deef0447d5167fe57eadd054bb7ce85ce5b59167ff86c5051b7132d831f10","483"
"provengo_project/products/internal/artifacts/1/1/468","1292657051cc8bc54de0c9120f6f4d2f2a67eb61c130b9e53e44235441c3d147","163"
"provengo_project/products/internal/artifacts/1/1/469.txt","cc409dc5cd0f3845245eaa27f095e983c6b1e5b40b828d9b959eb64d8338b7f7","91"
"provengo_project/products/internal/artifacts/1/1/47.txt","09a9d75a72a45696d7020d6042426e66e61f92828b5ed4cc5cdebc1169a8cc4c","480"
"provengo_project/products/internal/artifacts/1/1/470.txt","9fb526b32990e6650ce8842c99a1cb69eb9647b0b15e2c404f0781fbe482edb5","483"
"provengo_project/products/internal/artifacts/1/1/471","1292657051cc8bc54de0c9120f6f4d2f2a67eb61c130b9e53e44235441c3d147","163"
"provengo_project/products/internal/artifacts/1/1/472.txt","13bac2bcddbc726204ae0482ece3da6230d5a70e78e6288e469c63e64c3fe449","47"
"provengo_project/products/internal/artifacts/1/1/473.txt","4c914c3c3bd1f36365ebdd5e1ac656d96d6d5610cf194f122d48962f275f83cb","675"
"provengo_project/products/internal/artifacts/1/1/474.json","f57a4d236995a644f725f32eff2ec28eb1c6790d9e3efa6b29ce4d845a5587ce","336"
"provengo_project/products/internal/artifacts/1/1/475.txt","c68d277c0f7388c58a441822fd4cd3cc309f9534b59c3eb87c0f5163ed7a41d0","46"
"provengo_project/products/internal/artifacts/1/1/476.txt","8918908eed1bba925f9494963c1340f466c02ca6abc5ec34465b726fe74e0221","1256"
"provengo_project/products/internal/artifacts/1/1/477.json","c2e20cd3bd3e4a8ea4dfe0b43cfcf8c85c53444014f47ec366e7461357d11284","915"
"provengo_project/products/internal/artifacts/1/1/478.txt","1ae40be9e34070c4717f8cccb8c4010632f9b1c3ce948e4185955789c3f686d6","46"
"provengo_project/products/internal/artifacts/1/1/479.txt","696418936ff438cfe2a95a7524d58469030d6aca528f43e4a7ccaca5267030eb","1256"
"provengo_project/products/internal/artifacts/1/1/48","6aa6557d935d2ab82b41d5c31cc9946b31aea19c1b02b23109e5d6b94c226dbf","160"
"provengo_project/products/internal/artifacts/1/1/480.json","8554006b92cbb2662b784873c891b7bcf8037404c434f7955398e853c6655bf5","915"
"provengo_project/products/internal/artifacts/1/1/481.txt","9e0d4a4759c94d10a1beabde0b1a67e3b737ea86994c1d628b626db540aa2e6d","46"
"provengo_project/products/internal/artifacts/1/1/482.txt","8bc4b1ded262606678139554152f8b400eceb4eee98acefb0b80ee3a015638c8","1256"
"provengo_project/products/internal/artifacts/1/1/483.json","ff17dab621216c09dd5c2833bdf3149fd3e3d519ef18ce3e580bfeb90a84320b","915"
"provengo_project/products/internal/artifacts/1/1/484.txt","8a0783d77ca808d190244570a2f1455e501d1480d9841c23b7323423f56ac294","94"
"provengo_project/products/internal/artifacts/1/1/485.txt","a8e82eed7d10fe075800998492382546fbb18aa6be27844093f7537d3cd79b79","483"
"provengo_project/products/internal/artifacts/1/1/486","1292657051cc8bc54de0c9120f6f4d2f2a67eb61c130b9e53e44235441c3d147","163"
"provengo_project/products/internal/artifacts/1/1/487.txt","157caa532a960955ae5eb734c275fb3c0c0f5bf672bbbbec89ba88b5276c8843","47"
"provengo_project/products/internal/artifacts/1/1/488.txt","7ffc23bbad52c83fb91eb33c31590cfb0d5c6af07c4aa2e8efe3844f9caaecc6","675"
"provengo_project/products/internal/artifacts/1/1/489.json","115e94839a461fa5d70b62261d706b48e492c00315a913746e763b20ced74ae8","336"
"provengo_project/products/internal/artifacts/1/1/49.txt","9c3fd4e7e989937d1039e632641dcd46e21103d0f01a9bed1cce8618102a5e1a","110"
"provengo_project/products/internal/artifacts/1/1/490.txt","d4365cccaecd2a69867cde6fd6de3d669315a31041f06ccd11b66d24be79b955","91"
"provengo_project/products/internal/artifacts/1/1/491.txt","32878f93c1dd66a435c0f3bff2b40549a89f6fde2ad593e0d4d5b2b8fabc0031","483"
"provengo_project/products/internal/artifacts/1/1/492","1292657051cc8bc54de0c9120f6f4d2f2a67eb61c130b9e53e44235441c3d147","163"
"provengo_project/products/internal/artifacts/1/1/493.txt","55b26a2e568a0a3aedf8cb92447d1191f31b1485110f65188b13b5be46458780","106"
"provengo_project/products/internal/artifacts/1/1/494.txt","cf5c7c256732e02aef1fbbd10dfe7b0a67e9108dcd55f42cd72c0f7d4bc4a016","484"
"provengo_project/products/internal/artifacts/1/1/495","4d8a91176c1b14a17c7b424a316a755633a25e0d4b292966886244400ed31d6b","164"
"provengo_project/products/internal/artifacts/1/1/496.txt","1d921c7c15fd9795bcd2b2254520ede506258262483660dbf2acedba3ffa43da","78"
"provengo_project/products/internal/artifacts/1/1/497.txt","e324ebf422fc3792eeecc2e3533beea7b9201df64ee416fe7b9f690f27b0829f","1256"
"provengo_project/products/internal/artifacts/1/1/498.json","1689d22da1b64e75a2e71a99e4c3375ead9f7b1daa1dfdd93be59945bb4a136c","915"
"provengo_project/products/internal/artifacts/1/1/499.txt","2d9f4a3bf1e98c40dcffa771ab757a25f2fab6ebba85bc37d09e62eefe14c295","91"
"provengo_project/products/internal/artifacts/1/1/5.txt","bcba4b1fe86aafb0dfe36d90bf320dab9e7778a0e9a4814a1098172b91e3ca29","1951"
"provengo_project/products/internal/artifacts/1/1/50.txt","6644a0ae597f16ffa89ee1d7c30fd5698e2709d60ffed8b134e6f0342657085f","955"
"provengo_project/products/internal/artifacts/1/1/500.txt","8c256865e49b55f20f5c6ca3a7554608d48e0fb199b6b144c60e85659dd86e40","483"
"provengo_project/products/internal/artifacts/1/1/501","1292657051cc8bc54de0c9120f6f4d2f2a67eb61c130b9e53e44235441c3d147","163"
"provengo_project/products/internal/artifacts/1/1/502.txt","cc409dc5cd0f3845245eaa27f095e983c6b1e5b40b828d9b959eb64d8338b7f7","91"
"provengo_project/products/internal/artifacts/1/1/503.txt","6e7bd34bead9338addbdfc3596ef3fe350b4abe7967499decfced3974c87c520","483"
"provengo_project/products/internal/artifacts/1/1/504","1292657051cc8bc54de0c9120f6f4d2f2a67eb61c130b9e53e44235441c3d147","163"
"provengo_project/products/internal/artifacts/1/1/505.txt","08da1fed1bc4073a41ae925def7c120c503cd2573ef85bcc61ff463a77acb4d6","123"
"provengo_project/products/internal/artifacts/1/1/506.txt","dc4f1bd8d3c899098a36dc815a1632cc28a6b91e39647936557f37b63b5dab0e","483"
"provengo_project/products/internal/artifacts/1/1/507","1292657051cc8bc54de0c9120f6f4d2f2a67eb61c130b9e53e44235441c3d147","163"
"provengo_project/products/internal/artifacts/1/1/508.txt","e5b60e685f11b0141cda5e3c1de3cc7d7df427dd9a71de09cd36cfca8669f338","94"
"provengo_project/products/internal/artifacts/1/1/509.txt","2a4326e473707237a636e45e176bc7d955878570f344a93568b3074180655292","483"
"provengo_project/products/internal/artifacts/1/1/51.json","7fc5c347a2acc82d0b0174589856a3001cbec3a858722cebf120e5c487002dfa","710"
"provengo_project/products/internal/artifacts/1/1/510","1292657051cc8bc54de0c9120f6f4d2f2a67eb61c130b9e53e44235441c3d147","163"
"provengo_project/products/internal/artifacts/1/1/511.txt","11b60ea1314cee773339713a9c5404ef7b695323cfc61d419a0e038acf4c7ecc","82"
"provengo_project/products/internal/artifacts/1/1/512.txt","5289d371cee75d263499cd9a11b3f47ce08fd237e73fea3543366039eb6a52c5","211"
"provengo_project/products/internal/artifacts/1/1/513.txt","e3b0c44298fc1c149afbf4c8996fb92427ae41e4649b934ca495991b7852b855","0"
"provengo_project/products/internal/artifacts/1/1/514.txt","b9ee0364c7593808c33f3f5681c18504da7f45d89bcb2478bcb887009e6d77da","82"
"provengo_project/products/internal/artifacts/1/1/515.txt","f276bb22d1f4208a8e2eba92620921a81077b37649a1538cf0683c2bbfccacc1","211"
"provengo_project/products/internal/artifacts/1/1/516.txt","e3b0c44298fc1c149afbf4c8996fb92427ae41e4649b934ca495991b7852b855","0"
"provengo_project/products/internal/artifacts/1/1/517.txt","c933cfaa5c884e0fdcebbafdb4ae186baf23857db399cc014afb816f479bf273","107"
"provengo_project/products/internal/artifacts/1/1/518.txt","179a8412fdf12c83148a637349ca782730461f7771efada92c43137684c656a1","484"
"provengo_project/products/internal/artifacts/1/1/519","4d8a91176c1b14a17c7b424a316a755633a25e0d4b292966886244400ed31d6b","164"
"provengo_project/products/internal/artifacts/1/1/52.txt","6b931160e5d897764ee6eea72a77eb27e9e9844d7f414419d88d6bff1ee67494","113"
"provengo_project/products/internal/artifacts/1/1/520.txt","094a7579f22f4a2b9abdb5897193333dc4bb0fa7a4cccffcc24e00a480caed06","82"
"provengo_project/products/internal/artifacts/1/1/521.txt","ca55bbd03603fdf86b1e8186ddfa2972195e97fbf4f5b2a8b8e370219b1f082e","211"
"provengo_project/products/internal/artifacts/1/1/522.txt","e3b0c44298fc1c149afbf4c8996fb92427ae41e4649b934ca495991b7852b855","0"
"provengo_project/products/internal/artifacts/1/1/523.txt","c97cc44238bf4998614270e9223b98d2cb013321e92de4b0687425e80e98477c","78"
"provengo_project/products/internal/artifacts/1/1/524.txt","ef3d19f3ab950d7b58d97f827b9e93bd049d137ed5e68e3f631d1dbe116e5700","1256"
"provengo_project/products/internal/artifacts/1/1/525.json","c2e20cd3bd3e4a8ea4dfe0b43cfcf8c85c53444014f47ec366e7461357d11284","915"
"provengo_project/products/internal/artifacts/1/1/526.txt","6c9faac4f488da117a0bb5a8943ed755c8f2a4581e39ae01fda3d38e3f26d01c","123"
"provengo_project/products/internal/artifacts/1/1/527.txt","6193e9d69956657668b51b28369e0701a96ecb77f9ea312410ebc9d68dd55e83","483"
"provengo_project/products/internal/artifacts/1/1/528","1292657051cc8bc54de0c9120f6f4d2f2a67eb61c130b9e53e44235441c3d147","163"
"provengo_project/products/internal/artifacts/1/1/529.txt","9b68d4897e92599c62f33ecd0ca40f38023d3ad5fedc7d1f93bfc7a6617053bb","106"
"provengo_project/products/internal/artifacts/1/1/53.txt","17bc574214a081b8864b1f5b30652158f052a9e93cfbcd44e8b202c0e41bd090","1959"
"provengo_project/products/internal/artifacts/1/1/530.txt","26cfe48e364675bc9d75e9d28df10d3a6402570e134db9457fd7e0b112410a67","484"
"provengo_project/products/internal/artifacts/1/1/531","4d8a91176c1b14a17c7b424a316a755633a25e0d4b292966886244400ed31d6b","164"
"provengo_project/products/internal/artifacts/1/1/532.txt","ab45e45b9ac344802659dc8619e23e9a62cefd0394107fbd540d1206f5f4e1af","103"
"provengo_project/products/internal/artifacts/1/1/533.txt","309f9b451281ad4f1065a1e1da4482a06e5a2e1900e33952efc6e3c277427c49","484"
"provengo_project/products/internal/artifacts/1/1/534","4d8a91176c1b14a17c7b424a316a755633a25e0d4b292966886244400ed31d6b","164"
"provengo_project/products/internal/artifacts/1/1/535.txt","e98e7488a3a546b6a7f1f1939223f88a2a09ef9138d89de8b1d9f3bafe969761","94"
"provengo_project/products/internal/artifacts/1/1/536.txt","8eb50b92a2cb45c240b9e2fa6f6b69b171bcbe0f4e796ec4ca5329722cde479a","483"
"provengo_project/products/internal/artifacts/1/1/537","1292657051cc8bc54de0c9120f6f4d2f2a67eb61c130b9e53e44235441c3d147","163"
"provengo_project/products/internal/artifacts/1/1/538.txt","474fd30263754bf655f28681181df83e3a1ec8ef5320d2a8e32cec79d7157776","103"
"provengo_project/products/internal/artifacts/1/1/539.txt","01f54965ce1c4228182782f530ca662b849bcd2f5454833b11f4059ddc5770cd","484"
"provengo_project/products/internal/artifacts/1/1/54.json","95db99fb3882408834400220988a2a7b07cc1b44153dc7b50bcd18afc23d0ded","1656"
"provengo_project/products/internal/artifacts/1/1/540","4d8a91176c1b14a17c7b424a316a755633a25e0d4b292966886244400ed31d6b","164"
"provengo_project/products/internal/artifacts/1/1/541.txt","a19c6d913a01933f898242b77474c91503b6d1f42cb416661943a2a247390006","78"
"provengo_project/products/internal/artifacts/1/1/542.txt","4d3ef88be4ed74fa920368798da0b2bfc830260231a908065c6b66d3c5431da3","1256"
"provengo_project/products/internal/artifacts/1/1/543.json","2b7fb6f63d0f571ba358c94553c6747d2813aa4f77fd962b76b9fe0d8a5cee3e","915"
"provengo_project/products/internal/artifacts/1/1/544.txt","8bc78843726bdc7132a2ba6d9ff6d6f49f3d7b824e89c55b7aed3ce718858a76","78"
"provengo_project/products/internal/artifacts/1/1/545.txt","4b438a0ac91e1f9843a6a8ba75aea04a8ba04d12a914a1e603c34282b9cfb7ab","1256"
"provengo_project/products/internal/artifacts/1/1/546.json","8554006b92cbb2662b784873c891b7bcf8037404c434f7955398e853c6655bf5","915"
"provengo_project/products/internal/artifacts/1/1/547.txt","144c9f7b0facb31c92659b725d5e22c4160ce3b39752f4f7e1433eb977c8c6e5","79"
"provengo_project/products/internal/artifacts/1/1/548.txt","14c370234469a8e2d8bf5a8c5f89c32673f3196cab1290afc41afcdf341e6876","480"
"provengo_project/products/internal/artifacts/1/1/549","6aa6557d935d2ab82b41d5c31cc9946b31aea19c1b02b23109e5d6b94c226dbf","160"
"provengo_project/products/internal/artifacts/1/1/55.txt","e84a2d7e3b9eafe6e56f6509da7cdd9ab3dbd28fdd50aa01e4b187075afab1fd","80"
"provengo_project/products/internal/artifacts/1/1/550.txt","ac5bba364364fa0ec4addbb3798465b71e52d7f80429705d368be0aa080f14e3","113"
"provengo_project/products/internal/artifacts/1/1/551.txt","9fddcbb8bc978501a1469aaa766b8b2af01d2204123ba11460f84d1aa13b0e31","838"
"provengo_project/products/internal/artifacts/1/1/552.json","0664f5fa3e0bd0343bca830197e55767c90ff609aba0c347e40f22fa89740978","593"
"provengo_project/products/internal/artifacts/1/1/553.txt","fa7873612cb983aa549ff247e200735ef65070c4397bfac91fb5bd8206b7212d","78"
"provengo_project/products/internal/artifacts/1/1/554.txt","0442e64337b289318f4c1b35e868b9a48bf75c664c99eaae974f1c1f75106a3b","1256"
"provengo_project/products/internal/artifacts/1/1/555.json","ff17dab621216c09dd5c2833bdf3149fd3e3d519ef18ce3e580bfeb90a84320b","915"
"provengo_project/products/internal/artifacts/1/1/556.txt","73268b8d4e21b73b3bd6e491a0fe04057497909a7309f38fae5c919d0bb55a1a","79"
"provengo_project/products/internal/artifacts/1/1/557.txt","ae6a48f02afbb63365cd4aa1e4774f84251dfbcd347094bfd01349315425fff1","480"
"provengo_project/products/internal/artifacts/1/1/558","6aa6557d935d2ab82b41d5c31cc9946b31aea19c1b02b23109e5d6b94c226dbf","160"
"provengo_project/products/internal/artifacts/1/1/559.txt","ddbd48755eadbd9b6a6a8193167e4f443483e0080aabe8227d7141f909aa1674","113"
"provengo_project/products/internal/artifacts/1/1/56.txt","14ab44bf4da1d278d6229681a25b04e94b0ffc4fde11f9f93faf12a5bf461a86","1972"
"provengo_project/products/internal/artifacts/1/1/560.txt","9df95853a93c774cc8b3523ec2c15dbd9ea354ed282001ec283e36a79e17332c","838"
"provengo_project/products/internal/artifacts/1/1/561.json","f8bf4a15dbead26f6535b4fefd8f4f1af1f681752d57f17e77979a0d60226764","593"
"provengo_project/products/internal/artifacts/1/1/562.txt","2d9f4a3bf1e98c40dcffa771ab757a25f2fab6ebba85bc37d09e62eefe14c295","91"
"provengo_project/products/internal/artifacts/1/1/563.txt","4d6467cf2e044fbef2be39a59dc833851dc8e8687bb0e8e087cb19a6e4c641a0","483"
"provengo_project/products/internal/artifacts/1/1/564","1292657051cc8bc54de0c9120f6f4d2f2a67eb61c130b9e53e44235441c3d147","163"
"provengo_project/products/internal/artifacts/1/1/565.txt","b08c2013e31f2bf6813da0af1260f97a782a03da8e5da234340f82b6fdc3d372","111"
"provengo_project/products/internal/artifacts/1/1/566.txt","888c16b719491b7898bda9b015eec86375666955dade4b155791cb258885a9e4","835"
"provengo_project/products/internal/artifacts/1/1/567.json","3008303767580b41806ce1fe21b2fd69172c5435357872e91315c8b523a353ed","590"
"provengo_project/products/internal/artifacts/1/1/568.txt","7c50350600da120e10290e22255239e1beb9f00053ae3a77d944c5d8c7dc7b4e","123"
"provengo_project/products/internal/artifacts/1/1/569.txt","1dda48d1ad0a88bfb4fb7623021fea47ef203fd3cd870c62abf6c7ec31b14746","483"
"provengo_project/products/internal/artifacts/1/1/57.json","3fa962c6aa83aa214e7e165be322f42a7e60fcb2f42b63f5417c33e9c700f8a8","1661"
"provengo_project/products/internal/artifacts/1/1/570","1292657051cc8bc54de0c9120f6f4d2f2a67eb61c130b9e53e44235441c3d147","163"
"provengo_project/products/internal/artifacts/1/1/571.txt","5e628535a2963df77320880b24af8abbd4d642ad07356426d21b031a2087a180","79"
"provengo_project/products/internal/artifacts/1/1/572.txt","a15ae407dfb9004efd96515cdbe42800a02f6392eb69864270db4001bf24f239","480"
"provengo_project/products/internal/artifacts/1/1/573","6aa6557d935d2ab82b41d5c31cc9946b31aea19c1b02b23109e5d6b94c226dbf","160"
"provengo_project/products/internal/artifacts/1/1/574.txt","53775a8bbb7c05c6b47e2ba7a24387bbfed6d8f3e959fc4d6cb25a6e14a4b078","113"
"provengo_project/products/internal/artifacts/1/1/575.txt","3df9c2a328a6cdb59a36d0f03ad317fd44f4e02dbf38748a551c26e31531c677","838"
"provengo_project/products/internal/artifacts/1/1/576.json","c8c268be455e26983b0299cfa040f42fe418e6a718f2557b83cdc090b3870cb5","593"
"provengo_project/products/internal/artifacts/1/1/577.txt","2d5564a1e7cd9a63c8826e0c2b6dee2bc3f5024d64e113da24ad6a21d9389cb1","94"
"provengo_project/products/internal/artifacts/1/1/578.txt","c66f9d0e1dc53220aeb670ae9d93fca49f1696efe85731063b84f1d1a1e21aff","483"
"provengo_project/products/internal/artifacts/1/1/579","1292657051cc8bc54de0c9120f6f4d2f2a67eb61c130b9e53e44235441c3d147","163"
"provengo_project/products/internal/artifacts/1/1/58.txt","d146acce372aea837e198700709d4b4a80ab800334bc04c1b03c3b18b0fa8e27","59"
"provengo_project/products/internal/artifacts/1/1/580.txt","2506b103c75937acfe07359dcb4a57da4d1a3c488f9ae378d48a00192386a934","46"
"provengo_project/products/internal/artifacts/1/1/581.txt","93f1f13ac927b8e614c2b101068f2ae0ed1dcae005821940ad6af71dca729888","1208"
"provengo_project/products/internal/artifacts/1/1/582.json","3045dd739d3ee01b97b7039d8c4b07015042e24ca80472e068948ad0f5d7e699","867"
"provengo_project/products/internal/artifacts/1/1/583.txt","07d2b8ec2bc90b0fde48529e06d46844eb551b927736239fb3330f82fecc3284","113"
"provengo_project/products/internal/artifacts/1/1/584.txt","9401ba8b48f0a6a0008936f8caae3418ed3a1c0911401ea2b310bcdca1293215","838"
"provengo_project/products/internal/artifacts/1/1/585.json","d5020f5164c056bb382b604e997384eac45988602e583a00e9e83f4e9b284fc1","593"
"provengo_project/products/internal/artifacts/1/1/586.txt","144c9f7b0facb31c92659b725d5e22c4160ce3b39752f4f7e1433eb977c8c6e5","79"
"provengo_project/products/internal/artifacts/1/1/587.txt","099ef6dae4761dfc7ad1926dddb8b2f1469efed1b291c49705953e37bdbee1be","480"
"provengo_project/products/internal/artifacts/1/1/588","6aa6557d935d2ab82b41d5c31cc9946b31aea19c1b02b23109e5d6b94c226dbf","160"
"provengo_project/products/internal/artifacts/1/1/589.txt","7b29b63dc1c718bb8fb401ec4453f786021774d247aa50c23bfaa59d0620e712","113"
"provengo_project/products/internal/artifacts/1/1/59.txt","08f6c0f234174be26c2cc249d7a4e3a2b410c62c629b7bb0e080707a015b3480","703"
"provengo_project/products/internal/artifacts/1/1/590.txt","f74588e98d889cb178538c527b2611e59e2c6bc40a898070e5374bcdb8275e4d","838"
"provengo_project/products/internal/artifacts/1/1/591.json","76ed697f5623353903e3ac969bdf50e7c675eca46d56271613d4225a6a8d0f79","593"
"provengo_project/products/internal/artifacts/1/1/592.txt","73268b8d4e21b73b3bd6e491a0fe04057497909a7309f38fae5c919d0bb55a1a","79"
"provengo_project/products/internal/artifacts/1/1/593.txt","a088b6abfcd1a82fb35c8d9a9b404dcc91f6f765e25259f8c035ca4a63e60f06","480"
"provengo_project/products/internal/artifacts/1/1/594","6aa6557d935d2ab82b41d5c31cc9946b31aea19c1b02b23109e5d6b94c226dbf","160"
"provengo_project/products/internal/artifacts/1/1/595.txt","40c44a3ca334c3067a0be7e32b8fa753c7de253cac8c421e834d4dead6096cfd","107"
"provengo_project/products/internal/artifacts/1/1/596.txt","b39a6f41b17da569aa9c6bb4b79d2a24ff31117c6bcb7f23857f69fadbbc8951","477"
"provengo_project/products/internal/artifacts/1/1/597","853a7a90af1a61b7c607f5ea78022e5f0b6598344f7f7ab3eaf3088b25570975","157"
"provengo_project/products/internal/artifacts/1/1/598.txt","1ae40be9e34070c4717f8cccb8c4010632f9b1c3ce948e4185955789c3f686d6","46"
"provengo_project/products/internal/artifacts/1/1/599.txt","95ea6640ba2606c62bd84d492156045d38385381780547a18da8ba3b84e8945d","1210"
"provengo_project/products/internal/artifacts/1/1/6.json","204a9d9fcffcd593077726d450dd7b9d8268778d773d89b4de4be1f87299cfcc","1640"
"provengo_project/products/internal/artifacts/1/1/60.json","b4940b5c331bdd10d7f0356f899dd5e1e312ac83b4496a63ff0f34da94091174","358"
"provengo_project/products/internal/artifacts/1/1/600.json","3aa1e49cd2683c1c91a78544cc8744130a9e8087b62bd54f15ddf79c309f37c2","869"
"provengo_project/products/internal/artifacts/1/1/601.txt","cc52f9c432e45656e0a9b188e6ba4f7387218f8f88464601cf252c7ac26441d9","107"
"provengo_project/products/internal/artifacts/1/1/602.txt","f9a584339f67a87a46aa16a234cbfdfbeae87290574e921e9caf2e5c05f186be","477"
"provengo_project/products/internal/artifacts/1/1/603","853a7a90af1a61b7c607f5ea78022e5f0b6598344f7f7ab3eaf3088b25570975","157"
"provengo_project/products/internal/artifacts/1/1/604.txt","90a879ce40ba28d12ad6eb6dbdd05d7c6d503ce4fb749f4ea39f96e3453deb4a","46"
"provengo_project/products/internal/artifacts/1/1/605.txt","e1333dfd8025763e1333dcd050022b37a9e4a0dc577f8c06b1aa0d137bd2f7a6","1210"
"provengo_project/products/internal/artifacts/1/1/606.json","96f40db49f5484a6e581920fb37c6d0b8a99b2aca914c3afeb00afcf6d09964a","869"
"provengo_project/products/internal/artifacts/1/1/607.txt","11b60ea1314cee773339713a9c5404ef7b695323cfc61d419a0e038acf4c7ecc","82"
"provengo_project/products/internal/artifacts/1/1/608.txt","10216c849f3d7598766c0f02ba3634633e533a75a8842d9be3f2166628a78998","477"
"provengo_project/products/internal/artifacts/1/1/609","853a7a90af1a61b7c607f5ea78022e5f0b6598344f7f7ab3eaf3088b25570975","157"
"provengo_project/products/internal/artifacts/1/1/61.txt","7868ef62f49212fccc72847252fe02deed00faf5536ff432190411814ef93d79","136"
"provengo_project/products/internal/artifacts/1/1/610.txt","ef610f9c963f541fce84b0dd41217a26ebc0cb6263479c3ce5c47f4d39e4da2a","46"
"provengo_project/products/internal/artifacts/1/1/611.txt","cbe927c6070d1cde6829f663e6cacf64bb18b9614f967cfadde032f07756ca16","1210"
"provengo_project/products/internal/artifacts/1/1/612.json","157bfb378a6d69200fafce9c3c9870020abfdaf36bd52da2e22bffd617ec7bd6","869"
"provengo_project/products/internal/artifacts/1/1/613.txt","5e628535a2963df77320880b24af8abbd4d642ad07356426d21b031a2087a180","79"
"provengo_project/products/internal/artifacts/1/1/614.txt","ac6d666681ceb37101839734209140497f1aa1d4cc916b2cf25933fe05ec8eca","480"
"provengo_project/products/internal/artifacts/1/1/615","6aa6557d935d2ab82b41d5c31cc9946b31aea19c1b02b23109e5d6b94c226dbf","160"
"provengo_project/products/internal/artifacts/1/1/616.txt","b9ee0364c7593808c33f3f5681c18504da7f45d89bcb2478bcb887009e6d77da","82"
"provengo_project/products/internal/artifacts/1/1/617.txt","5f25b8525cd425a085903ebcfe64637b6d341f2f133ba700874dcdddfda4adce","477"
"provengo_project/products/internal/artifacts/1/1/618","853a7a90af1a61b7c607f5ea78022e5f0b6598344f7f7ab3eaf3088b25570975","157"
"provengo_project/products/internal/artifacts/1/1/619.txt","758cad4075dffd83509315d918e54084d788936459741231edaec962674a5921","107"
"provengo_project/products/internal/artifacts/1/1/62.txt","636ee1fae07d7c837ca6a4c2b083dc1d376589faac5c3add396d9910adf114d2","472"
"provengo_project/products/internal/artifacts/1/1/620.txt","72bd439df1ceab499e3e35cb38c11be54835d7b4363e956e31584e8fa85e09e2","477"
"provengo_project/products/internal/artifacts/1/1/621","853a7a90af1a61b7c607f5ea78022e5f0b6598344f7f7ab3eaf3088b25570975","157"
"provengo_project/products/internal/artifacts/1/1/622.txt","094a7579f22f4a2b9abdb5897193333dc4bb0fa7a4cccffcc24e00a480caed06","82"
"provengo_project/products/internal/artifacts/1/1/623.txt","2dc84a68d65983a1cdf9f8fdf118a3f5ec8a7a4a3a66f1a290d4d66164a1073d","477"
"provengo_project/products/internal/artifacts/1/1/624","853a7a90af1a61b7c607f5ea78022e5f0b6598344f7f7ab3eaf3088b25570975","157"
"provengo_project/products/internal/artifacts/1/1/625.txt","c68d277c0f7388c58a441822fd4cd3cc309f9534b59c3eb87c0f5163ed7a41d0","46"
"provengo_project/products/internal/artifacts/1/1/626.txt","e201c00c43386969ae3e00daa94043859c7859820202e19cd1ef89ddcb0a5e20","1210"
"provengo_project/products/internal/artifacts/1/1/627.json","2faaccd33a8564edb5a46c64787c262e3254514afc6db40fa7a4a039619bf8b3","869"
"provengo_project/products/internal/artifacts/1/1/628.txt","9e0d4a4759c94d10a1beabde0b1a67e3b737ea86994c1d628b626db540aa2e6d","46"
"provengo_project/products/internal/artifacts/1/1/629.txt","8e60e052ff1a2406e4b1594da6341d985fc7976d0ead52697fa3295fb75126e3","1210"
"provengo_project/products/internal/artifacts/1/1/63.json","9d719743177e596b6d3131a62e5900317a3de3e6ec855e3b9dc45e8784a3d8d7","227"
"provengo_project/products/internal/artifacts/1/1/630.json","e8a307c4e7f017273fda31b775ffb920048c9686295728215cb093538551bf5e","869"
"provengo_project/products/internal/artifacts/1/1/631.txt","2a1f4a70e2cc5085c11223a272168a35b9130c2ad46666eb696d83642fabd100","81"
"provengo_project/products/internal/artifacts/1/1/632.txt","b5f5a75b62d69b4dcacce235d361a4d193a5ae040c7ce721e7f4601ce2c1dde7","211"
"provengo_project/products/internal/artifacts/1/1/633.txt","e3b0c44298fc1c149afbf4c8996fb92427ae41e4649b934ca495991b7852b855","0"
"provengo_project/products/internal/artifacts/1/1/634.txt","48ee056695ff6d4ab371f6cf656e595e2770262dd3a6450bd288e3bd3b387a45","81"
"provengo_project/products/internal/artifacts/1/1/635.txt","e4b4da5e3b440228fecd920706104d96f2735be2e452772e2f5c38ada639982c","211"
"provengo_project/products/internal/artifacts/1/1/636.txt","e3b0c44298fc1c149afbf4c8996fb92427ae41e4649b934ca495991b7852b855","0"
"provengo_project/products/internal/artifacts/1/1/637.txt","cd6dcf24eef80e39afe1aaf738b26f6b54ae83b77046e5ab7b28208d9f355a03","81"
"provengo_project/products/internal/artifacts/1/1/638.txt","601d00539271fc75edba7f4f57a7c7a6f513addff48fb4bb0292dbeb16f9c77c","211"
"provengo_project/products/internal/artifacts/1/1/639.txt","e3b0c44298fc1c149afbf4c8996fb92427ae41e4649b934ca495991b7852b855","0"
"provengo_project/products/internal/artifacts/1/1/64.txt","0740ace767041845b60e959b8dd79266c1842d24802fb5e57e0270fa85b3be7a","139"
"provengo_project/products/internal/artifacts/1/1/640.txt","11facca793ce4e98c0d318da81a6306a15fbfde0638520b44619135ade7c650c","81"
"provengo_project/products/internal/artifacts/1/1/641.txt","cfc64b802ee972cf8520f12a7fe0696d5830fb26b6f759275f69e35e01e722a0","211"
"provengo_project/products/internal/artifacts/1/1/642.txt","e3b0c44298fc1c149afbf4c8996fb92427ae41e4649b934ca495991b7852b855","0"
"provengo_project/products/internal/artifacts/1/1/643.txt","934abd04a9f24f283348c2677ef8af2d4583e4db2c93670a854fa33a1e96dee4","81"
"provengo_project/products/internal/artifacts/1/1/644.txt","51565a41156f0ceeece43bf022a29e4df3d4cefd7aa16a3ceb2b38144a0897d3","211"
"provengo_project/products/internal/artifacts/1/1/645.txt","e3b0c44298fc1c149afbf4c8996fb92427ae41e4649b934ca495991b7852b855","0"
"provengo_project/products/internal/artifacts/1/1/646.txt","8bc78843726bdc7132a2ba6d9ff6d6f49f3d7b824e89c55b7aed3ce718858a76","78"
"provengo_project/products/internal/artifacts/1/1/647.txt","9ea0c6a45281e0e9897ff630d869a921acae8639c9b1b4206774a825f9fcd58f","475"
"provengo_project/products/internal/artifacts/1/1/648","280e57409ea85f059c98bae40f8d47eb7d383aa45eb25ac61f2021699a1d08df","155"
"provengo_project/products/internal/artifacts/1/1/649.txt","250ffe3aa1f45394d56f03b55a711c910ef58240ecdd5b1798d8e7cea4ea799d","81"
"provengo_project/products/internal/artifacts/1/1/65.txt","f550c9bddc90af58c7c88958bc2074bf8a8a47103c71af50121d7ec66ad95f78","475"
"provengo_project/products/internal/artifacts/1/1/650.txt","ceed415715feb5de2a83b7f6db701a7d33e76af92be067bc62166a9e5ed49d07","211"
"provengo_project/products/internal/artifacts/1/1/651.txt","e3b0c44298fc1c149afbf4c8996fb92427ae41e4649b934ca495991b7852b855","0"
"provengo_project/products/internal/artifacts/1/1/652.txt","fa7873612cb983aa549ff247e200735ef65070c4397bfac91fb5bd8206b7212d","78"
"provengo_project/products/internal/artifacts/1/1/653.txt","c4c48b643ed6d3868d19a75e87616ec7fa8891a39c45624d2230da600be6abc0","475"
"provengo_project/products/internal/artifacts/1/1/654","280e57409ea85f059c98bae40f8d47eb7d383aa45eb25ac61f2021699a1d08df","155"
"provengo_project/products/internal/artifacts/1/1/655.txt","1d921c7c15fd9795bcd2b2254520ede506258262483660dbf2acedba3ffa43da","78"
"provengo_project/products/internal/artifacts/1/1/656.txt","da54d5a1466e2f54a7eb85c5e133b8187c3a32f307e7d7f5557cd996ee971b7c","475"
"provengo_project/products/internal/artifacts/1/1/657","280e57409ea85f059c98bae40f8d47eb7d383aa45eb25ac61f2021699a1d08df","155"
"provengo_project/products/internal/artifacts/1/1/658.txt","c97cc44238bf4998614270e9223b98d2cb013321e92de4b0687425e80e98477c","78"
"provengo_project/products/internal/artifacts/1/1/659.txt","396c0f4ef506377724dbf808cf89b3901cdecbcd24d37b0ef5de1816f094b92c","475"
"provengo_project/products/internal/artifacts/1/1/66.json","887f00575c1cacb461c1a4c209795c7b49b0caec81aadcb96c6b3fc65b3aab86","230"
"provengo_project/products/internal/artifacts/1/1/660","280e57409ea85f059c98bae40f8d47eb7d383aa45eb25ac61f2021699a1d08df","155"
"provengo_project/products/internal/artifacts/1/1/661.txt","8bc78843726bdc7132a2ba6d9ff6d6f49f3d7b824e89c55b7aed3ce718858a76","78"
"provengo_project/products/internal/artifacts/1/1/662.txt","314f7d748eda8315ed57606d3d222abec24c0c68660ba215212a024f7520602b","475"
"provengo_project/products/internal/artifacts/1/1/663","280e57409ea85f059c98bae40f8d47eb7d383aa45eb25ac61f2021699a1d08df","155"
"provengo_project/products/internal/artifacts/1/1/664.txt","a19c6d913a01933f898242b77474c91503b6d1f42cb416661943a2a247390006","78"
"provengo_project/products/internal/artifacts/1/1/665.txt","98302deb587717323bdaeeb7a9e3cdc8666dcb2da39dad85cade29808090595a","475"
"provengo_project/products/internal/artifacts/1/1/666","280e57409ea85f059c98bae40f8d47eb7d383aa45eb25ac61f2021699a1d08df","155"
"provengo_project/products/internal/artifacts/1/1/667.txt","c97cc44238bf4998614270e9223b98d2cb013321e92de4b0687425e80e98477c","78"
"provengo_project/products/internal/artifacts/1/1/668.txt","32503c871435ca4f09d84131c2230ac74b6056c0129e19e0662eccc38353a0ce","475"
"provengo_project/products/internal/artifacts/1/1/669","280e57409ea85f059c98bae40f8d47eb7d383aa45eb25ac61f2021699a1d08df","155"
"provengo_project/products/internal/artifacts/1/1/67.txt","e9c9da5ea39e0458315c3b4d0cb1850c2546f2d8aa9333ddb637b3733941c4e4","113"
"provengo_project/products/internal/artifacts/1/1/670.txt","9802362e05e0debdcd9750d71054f96d1e886cb6f9cd8ffe3fb0e3de7637c305","118"
"provengo_project/products/internal/artifacts/1/1/671.txt","2adfa18618df3e722b05601fc090a860dab2d34173e7848b7f5f84f2b55ff985","475"
"provengo_project/products/internal/artifacts/1/1/672","280e57409ea85f059c98bae40f8d47eb7d383aa45eb25ac61f2021699a1d08df","155"
"provengo_project/products/internal/artifacts/1/1/673.txt","a19c6d913a01933f898242b77474c91503b6d1f42cb416661943a2a247390006","78"
"provengo_project/products/internal/artifacts/1/1/674.txt","f89bcdbebabedb749bbb59edfe3c1fa4b249c84e604db9682ef94e9462e252de","475"
"provengo_project/products/internal/artifacts/1/1/675","280e57409ea85f059c98bae40f8d47eb7d383aa45eb25ac61f2021699a1d08df","155"
"provengo_project/products/internal/artifacts/1/1/676.txt","1d921c7c15fd9795bcd2b2254520ede506258262483660dbf2acedba3ffa43da","78"
"provengo_project/products/internal/artifacts/1/1/677.txt","127126dcb6e2dd21e4e89053aa69759614f0b60deec32b99e5261999bfcf3fa1","475"
"provengo_project/products/internal/artifacts/1/1/678","280e57409ea85f059c98bae40f8d47eb7d383aa45eb25ac61f2021699a1d08df","155"
"provengo_project/products/internal/artifacts/1/1/679.txt","4a94cbc827211b5ed5b525fafe3dc42e95851c401403781c25088a902fb86c24","118"
"provengo_project/products/internal/artifacts/1/1/68.txt","fb75c49a561d4b8aa4b0d58144974a5cb6c9151d840bb4fdec30cbebcaaf0a37","1959"
"provengo_project/products/internal/artifacts/1/1/680.txt","8a6b0370148a49b4dd3e47bed3f2596da9675a0816f3287d54a777a5de90fa50","475"
"provengo_project/products/internal/artifacts/1/1/681","280e57409ea85f059c98bae40f8d47eb7d383aa45eb25ac61f2021699a1d08df","155"
"provengo_project/products/internal/artifacts/1/1/682.txt","fa7873612cb983aa549ff247e200735ef65070c4397bfac91fb5bd8206b7212d","78"
"provengo_project/products/internal/artifacts/1/1/683.txt","050bd42645d672b7577db009533024e5def3deb13dd2e04f81c2adac50fa5a3c","475"
"provengo_project/products/internal/artifacts/1/1/684","280e57409ea85f059c98bae40f8d47eb7d383aa45eb25ac61f2021699a1d08df","155"
"provengo_project/products/internal/artifacts/1/1/685.txt","05881b4933c003fdf7bb625080c0227bef8b8a2c982775c2c1a009d71cfe3f08","118"
"provengo_project/products/internal/artifacts/1/1/686.txt","7c30003fa3c0e2ed64eb103ce3019fc48edec2b62729eeaf86f51b24f47c5cbc","475"
"provengo_project/products/internal/artifacts/1/1/687","280e57409ea85f059c98bae40f8d47eb7d383aa45eb25ac61f2021699a1d08df","155"
"provengo_project/products/internal/artifacts/1/1/688.txt","0d11cd9158f7c6c4086224ba82abb50ab511da16bcacd22edb1742935589b54f","118"
"provengo_project/products/internal/artifacts/1/1/689.txt","24f926599cefde5efb95dd8ffa4acfe4bd8c8ef9479d43d21b8b17713db52d99","475"
"provengo_project/products/internal/artifacts/1/1/69.json","313ec7c5503bc806c9f75817bf3d46e2ed3ce4d2be05210d5546509b9d1279b5","1656"
"provengo_project/products/internal/artifacts/1/1/690","280e57409ea85f059c98bae40f8d47eb7d383aa45eb25ac61f2021699a1d08df","155"
"provengo_project/products/internal/artifacts/1/1/691.txt","2a1f4a70e2cc5085c11223a272168a35b9130c2ad46666eb696d83642fabd100","81"
"provengo_project/products/internal/artifacts/1/1/692.txt","e07d9f18b52705945dfee8d370125182c7b1d4d1bec9d051cda5257387e472ce","475"
"provengo_project/products/internal/artifacts/1/1/693","280e57409ea85f059c98bae40f8d47eb7d383aa45eb25ac61f2021699a1d08df","155"
"provengo_project/products/internal/artifacts/1/1/694.txt","48ee056695ff6d4ab371f6cf656e595e2770262dd3a6450bd288e3bd3b387a45","81"
"provengo_project/products/internal/artifacts/1/1/695.txt","e0309a275b9e4048b71b4942683d46719e15d12994e2685ec3bf9990898ae2f1","475"
"provengo_project/products/internal/artifacts/1/1/696","280e57409ea85f059c98bae40f8d47eb7d383aa45eb25ac61f2021699a1d08df","155"
"provengo_project/products/internal/artifacts/1/1/697.txt","11facca793ce4e98c0d318da81a6306a15fbfde0638520b44619135ade7c650c","81"
"provengo_project/products/internal/artifacts/1/1/698.txt","75f17e3b3f781f74c82dd6e550d664ad47d3060423df3f1995407fa9e264d9d0","475"
"provengo_project/products/internal/artifacts/1/1/699","280e57409ea85f059c98bae40f8d47eb7d383aa45eb25ac61f2021699a1d08df","155"
"provengo_project/products/internal/artifacts/1/1/7.txt","2221c33233872e4adcc3efadca586dd79bcfd40c6651599ca057098d6b3b79cd","99"
"provengo_project/products/internal/artifacts/1/1/70.txt","e84a2d7e3b9eafe6e56f6509da7cdd9ab3dbd28fdd50aa01e4b187075afab1fd","80"
"provengo_project/products/internal/artifacts/1/1/700.txt","934abd04a9f24f283348c2677ef8af2d4583e4db2c93670a854fa33a1e96dee4","81"
"provengo_project/products/internal/artifacts/1/1/701.txt","d0e06fb08fc48584ec08e80819228420d75f4e3e30c6bf0ac9a97d3bd98d6736","475"
"provengo_project/products/internal/artifacts/1/1/702","280e57409ea85f059c98bae40f8d47eb7d383aa45eb25ac61f2021699a1d08df","155"
"provengo_project/products/internal/artifacts/1/1/703.txt","8203f6fa13343188fc82b03636a2d48b28d7d1ea6c9593341101958030f9bc5a","118"
"provengo_project/products/internal/artifacts/1/1/704.txt","158307a940752fa1c8669b27ee57b8c0733b5b15a768366b1d709095ef2dda14","475"
"provengo_project/products/internal/artifacts/1/1/705","280e57409ea85f059c98bae40f8d47eb7d383aa45eb25ac61f2021699a1d08df","155"
"provengo_project/products/internal/artifacts/1/1/706.txt","56f011ff2b49aa6d21795a895e4498cf787cd0418ea3e83cc2926889f1748f23","78"
"provengo_project/products/internal/artifacts/1/1/707.txt","61b0684e4d6fb92e2757b33273e9af97240a98b6efdc4a92a5d3d9f50891c3b7","475"
"provengo_project/products/internal/artifacts/1/1/708","280e57409ea85f059c98bae40f8d47eb7d383aa45eb25ac61f2021699a1d08df","155"
"provengo_project/products/internal/artifacts/1/1/709.txt","cd6dcf24eef80e39afe1aaf738b26f6b54ae83b77046e5ab7b28208d9f355a03","81"
"provengo_project/products/internal/artifacts/1/1/71.txt","647f17aca052fe1d243325f7908ef3ebfe20304c1fa14e871bf2db9f089e820e","1972"
"provengo_project/products/internal/artifacts/1/1/710.txt","888487e3cd74f4df9f5e8820e6f5dacc86389344073ad2ebc6de62a5ba20af83","475"
"provengo_project/products/internal/artifacts/1/1/711","280e57409ea85f059c98bae40f8d47eb7d383aa45eb25ac61f2021699a1d08df","155"
"provengo_project/products/internal/artifacts/1/1/712.txt","56f011ff2b49aa6d21795a895e4498cf787cd0418ea3e83cc2926889f1748f23","78"
"provengo_project/products/internal/artifacts/1/1/713.txt","e8b1a6163ef2db82b16ecaed37bc06064ef3c07c4b5d45ad0c2bb28bf1ed83ea","475"
"provengo_project/products/internal/artifacts/1/1/714","280e57409ea85f059c98bae40f8d47eb7d383aa45eb25ac61f2021699a1d08df","155"
"provengo_project/products/internal/artifacts/1/1/715.txt","88691955d9617f81bcc2b09e80a7d034a812ccfaf946d64041402ff01084dc8d","118"
"provengo_project/products/internal/artifacts/1/1/716.txt","45b0c75ae75032d25330aa0534b6b5b16db48cee5a3a458d0e0795b284b62c91","475"
"provengo_project/products/internal/artifacts/1/1/717","280e57409ea85f059c98bae40f8d47eb7d383aa45eb25ac61f2021699a1d08df","155"
"provengo_project/products/internal/artifacts/1/1/718.txt","250ffe3aa1f45394d56f03b55a711c910ef58240ecdd5b1798d8e7cea4ea799d","81"
"provengo_project/products/internal/artifacts/1/1/719.txt","6752faa70667bc48d23b26a71239141dfcd424e94f31b10f47e17025ac0eecec","475"
"provengo_project/products/internal/artifacts/1/1/72.json","c97b9c70ef1652b9afe1961953995917e2c8596c7edcbd4b968c24bb2b37941e","1661"
"provengo_project/products/internal/artifacts/1/1/720","280e57409ea85f059c98bae40f8d47eb7d383aa45eb25ac61f2021699a1d08df","155"
"provengo_project/products/internal/artifacts/1/1/721.txt","0e55ba6e44dfc3352eef11170f081190bb8b8fa3481dd4bf0b2dbd2c3b47bff7","83"
"provengo_project/products/internal/artifacts/1/1/722.txt","b32cddcc6762d329605bd586f48e406a4aa63cdcc35d39257797b757f57a637d","211"
"provengo_project/products/internal/artifacts/1/1/723.txt","e3b0c44298fc1c149afbf4c8996fb92427ae41e4649b934ca495991b7852b855","0"
"provengo_project/products/internal/artifacts/1/1/724.txt","e84a2d7e3b9eafe6e56f6509da7cdd9ab3dbd28fdd50aa01e4b187075afab1fd","80"
"provengo_project/products/internal/artifacts/1/1/725.txt","0e3ed192bcb941745fd00f18e6e8e881724e09de5db2cf41a5c2a6972f9f7ca4","479"
"provengo_project/products/internal/artifacts/1/1/726","6eae3a3efff86e1a5a1ca4f1e6c966623b03f1010273e2eabb5e5833f97cdcb5","159"
"provengo_project/products/internal/artifacts/1/1/727.txt","e84a2d7e3b9eafe6e56f6509da7cdd9ab3dbd28fdd50aa01e4b187075afab1fd","80"
"provengo_project/products/internal/artifacts/1/1/728.txt","ef7268ecfecbfd7cf2de6c0f554c1f450bec90d9bdc7b347fdf203e613725426","479"
"provengo_project/products/internal/artifacts/1/1/729","6eae3a3efff86e1a5a1ca4f1e6c966623b03f1010273e2eabb5e5833f97cdcb5","159"
"provengo_project/products/internal/artifacts/1/1/73.txt","4a0030393ec90615757778335969fbf2529eb442a6ece029261574e416795322","108"
"provengo_project/products/internal/artifacts/1/1/730.txt","4e83f55516a3247752e63ae94c7496654c7a57ee20d5a986f93f55bcba11c46f","108"
"provengo_project/products/internal/artifacts/1/1/731.txt","6e4c2b96bb1378b731ca42d18c37128569aa77a1d5ee49d37f134724bf4a2e1c","479"
"provengo_project/products/internal/artifacts/1/1/732","6eae3a3efff86e1a5a1ca4f1e6c966623b03f1010273e2eabb5e5833f97cdcb5","159"
"provengo_project/products/internal/artifacts/1/1/733.txt","0e55ba6e44dfc3352eef11170f081190bb8b8fa3481dd4bf0b2dbd2c3b47bff7","83"
"provengo_project/products/internal/artifacts/1/1/734.txt","bf381c74ded43f1c4e4a190bdcf74ff3b38bb6549f104fe51bbb108d760e025a","479"
"provengo_project/products/internal/artifacts/1/1/735","6eae3a3efff86e1a5a1ca4f1e6c966623b03f1010273e2eabb5e5833f97cdcb5","159"
"provengo_project/products/internal/artifacts/1/1/74.txt","b94c288f434cd973153762bc52756a4f314d7892b1aec77aef1503a9e82b4f6a","496"
"provengo_project/products/internal/artifacts/1/1/75.json","2c9b8d8bc3df8527a1a1267c347bae3ad65632a016c8c520b7d64922b4b436d8","251"
"provengo_project/products/internal/artifacts/1/1/76.txt","c68d277c0f7388c58a441822fd4cd3cc309f9534b59c3eb87c0f5163ed7a41d0","46"
"provengo_project/products/internal/artifacts/1/1/77.txt","acef059928b923414226631ef3e0cad873d6bc709d1bac6473c4d80c79d6a1cd","1809"
"provengo_project/products/internal/artifacts/1/1/78.json","7ad11dfd637735a13b909720368489a08198911544265d3726aeaa52c1f5590e","1467"
"provengo_project/products/internal/artifacts/1/1/79.txt","6343f6914c3ef1414a811008514aa7dbb6a6f7c6400febe8ee2a3ca14f306032","47"
"provengo_project/products/internal/artifacts/1/1/8.txt","fc24b11d1efcd0e2400a6556f0f99055844303593d1ba670885c570abecc5e16","518"
"provengo_project/products/internal/artifacts/1/1/80.txt","6211f3c67300e8309b1098754883ae6a1cde7fced7f3dc35a049667d843353a8","679"
"provengo_project/products/internal/artifacts/1/1/81.json","e167b7b3a40ac30bde8d2e02f15272feccf4ac08a0f49f1a0538158f9e56a5a8","340"
"provengo_project/products/internal/artifacts/1/1/82.txt","49c5cc218ab87332277089c9f0e70b4e1db2f93dd5a5d0fb320d4845c87db0fa","121"
"provengo_project/products/internal/artifacts/1/1/83.txt","d86b2856f88934e7684938b98640db5335543f3a24e94e1b96aee09353d94dac","836"
"provengo_project/products/internal/artifacts/1/1/84.json","d8da862f7ac2f278147ff0d74450c7803ff67154d6198b4539fcd5864192b706","591"
"provengo_project/products/internal/artifacts/1/1/85.txt","a350f4fe88962195b14b035fcef3926091cfe66ea9acc7f717eec7dfb843f4aa","140"
"provengo_project/products/internal/artifacts/1/1/86.txt","c7975928988db12697ccf2712ade0762b999e8fdd51c8c141d073c798a78fd1a","476"
"provengo_project/products/internal/artifacts/1/1/87.json","f732d91321c1b37b33969977433a8aa8e35463e413dd5574c1a1dda5284a36a2","231"
"provengo_project/products/internal/artifacts/1/1/88.txt","90a879ce40ba28d12ad6eb6dbdd05d7c6d503ce4fb749f4ea39f96e3453deb4a","46"
"provengo_project/products/internal/artifacts/1/1/89.txt","c05b42a568d0d471127ea38c70c5f0a433bc25775650df3e2f7daf829fc32e85","1809"
"provengo_project/products/internal/artifacts/1/1/9.json","16c27a464e78c99694694a8f3f5abaa6561e19e9f8cb4595293e3fcce9ccf62e","273"
"provengo_project/products/internal/artifacts/1/1/90.json","347cb66c63072274642a3bb9b16d602c62960850fb07f8ba2835b72b8fb81c88","1467"
"provengo_project/products/internal/artifacts/1/1/91.txt","072c2fea0589e42899d6ae5afcaf27a3fab4fbfd8411ecc9444957ca9ff04737","121"
"provengo_project/products/internal/artifacts/1/1/92.txt","d2dab9a9bb8b76e728dc77139eaf226891f7f256afc5708231530592702eb3e5","836"
"provengo_project/products/internal/artifacts/1/1/93.json","ee979ec8b330e9d7e5fcf2461be3af546aabd574b1db43709ac4c5bb82e27a4d","591"
"provengo_project/products/internal/artifacts/1/1/94.txt","fa7873612cb983aa549ff247e200735ef65070c4397bfac91fb5bd8206b7212d","78"
"provengo_project/products/internal/artifacts/1/1/95.txt","745905b7695b6d30a2766015423507766bfcd476a5b30606fc927dabbe31d5fa","1218"
"provengo_project/products/internal/artifacts/1/1/96.json","577f49e9f0dbd31210216b6622117ad85752f5b3122e4abb25bdf30583092c37","877"
"provengo_project/products/internal/artifacts/1/1/97.txt","ef610f9c963f541fce84b0dd41217a26ebc0cb6263479c3ce5c47f4d39e4da2a","46"
"provengo_project/products/internal/artifacts/1/1/98.txt","374254ffcce5479caa7a8b0ba203b312c643da0615f081b56c4ce98897f79dbf","1211"
"provengo_project/products/internal/artifacts/1/1/99.json","a2b9c28d5a387e168727f6a48d3def8299cc048d52f9c1607db67a233433428a","870"
"provengo_project/products/internal/runs-db.db","2a129059dd2c19a955931d430c4e88daf25bc04557cf8c53b2ba0bfed200b824","197820416"
"provengo_project/README.md","5ed172c7e267000802ed3a3662f269607d5cf1c629137379c9496a866f772434","3668"
"provengo_project/spec/js/conflict.vikunja.js","4bc160d431c9b71ad53b0bf3f030daba550c0b043db50117535f1188f7c9d0b1","25162"
"provengo_project/spec/js/disabled/hello-world.js","86253af6bc213bec40e9dc0f3c6d03134a32c1b31c0a618d77afbe9ad15b8cdd","1383"
"provengo_project/spec/js/disjoint-patch.vikunja.js","664d65d5c68bb35bdeba42b1e7c4d1965f0b7e921fb461dfa625844ae56ef5b3","12684"
"provengo_project/spec/js/interfaces.vikunja.js","4f3d87b29568f3fd8f5242619ff52d76527e3e37ed8bdde98b307732a14a8279","70681"
"provengo_project/spec/js/negative.vikunja.js","fce8fa40b505267970a4b7a8ec43a9a56ff5c12907a188cb96c4a08de6e4ea72","40326"
"provengo_project/spec/js/stories.vikunja.js","6cf567bd13c746d407a498a65b718e34c1fbdb4e0ae5c1d7d4e2d1d0d1fcfac6","96877"
"provengo-create.log","34ebe433ba215955934eda6bd1bbc6f226d427f7b030f5f24b3aeb3b9fc85489","623"
"provengo-run.log","0122149ad2ba5fc20967ea939a0c4e55622b393237e2b9ea5634cc056c119ab1","424172"
"proxy.stderr.log","e3b0c44298fc1c149afbf4c8996fb92427ae41e4649b934ca495991b7852b855","0"
"proxy.stdout.log","3e9637744efb4ab698c24160de5114f08dad58e2ed8ca2d3342c0306f2754d3c","84"
"resource-oracle-manifest.json","e194caa11d330c0931039ca254abffb2d59ba1b0d632e3d95f787f3bd156da08","7774"
"resource-verifier-evaluation.json","5345ad1754fa45012cc8bd469d22725489dbfcda1939e750ac226dd8a8d1e229","13186"
"run-metadata.json","c869592cda627049c9189ff7cce0c6ef172fd2978a3428fb69606ffe6b682116","1818"
