"Path","SHA256","SizeBytes"
"evidence-summary.json","eb8b6d496ffa61c57d68a398b9b1e0a98d350bf155a59e571524f5a356e6c57b","1435"
"model/generated-interleaved-relational-lifecycle/dependency_graph.json","275e217c2a37d3b3640e8c0584be14176edee25e17a678fc207c76bff0f758e5","1074"
"model/generated-interleaved-relational-lifecycle/generation_report.json","959644fd62850dab7063df1aa39aaeb2650f4d6e49a6f3c4356074187b055861","18803"
"model/generated-interleaved-relational-lifecycle/interfaces.vikunja.js","db759926b95b633393175e0472a59bef6da85184ab4f6cce510c59a26ee0e803","56359"
"model/generated-interleaved-relational-lifecycle/stories.vikunja.js","68e18faf9a574f631f21a8fdd59682bb8cfc61a3cf108871c1c0a242f681ee2c","56645"
"model/relations-projection-manifest.json","39bb6c73fce77e5c2a81e6b05baf70d67f4f99bdd86449f18d2fc5f612dc8388","2052"
"model/vikunja-relations-openapi.json","033cdd4ded8565aea6c9a724b89eed7f84bf1152b8102621858841027a8ac8df","288016"
"runs/phase5-interleaved-bp-seed-20261301-20260920_155456_990/http-trace.jsonl","b5c195f951fa93f9a742df54106e8b480492b9dedf09ee232b94a511a812e3b2","91400"
"runs/phase5-interleaved-bp-seed-20261301-20260920_155456_990/phase5-interleaved-bp-evaluation.json","64385344041030adbd0869666b675dad4444ad71b78cc59f6be9ae39d28cf8cc","1144"
"runs/phase5-interleaved-bp-seed-20261301-20260920_155456_990/post-delete-probe.json","21794d3dc0f2a6bd346b5382f9288f8b9376ea3d6f97730f6c2482522cbe3b72","401"
"runs/phase5-interleaved-bp-seed-20261301-20260920_155456_990/provengo_project/.gitignore","f09e023c25978720ed9122360581f2fca50cb612504daed3337ab662e7106366","32"
"runs/phase5-interleaved-bp-seed-20261301-20260920_155456_990/provengo_project/.vscode/mcp.json","6e0a0c795dc197f1d4e07744a4e361e7cf92d6a2f5d276d0f1d5ce31f35169fb","143"
"runs/phase5-interleaved-bp-seed-20261301-20260920_155456_990/provengo_project/config/provengo.yml","172d59431475ba56c192df94b270f8d71e618b53c62c45beace120ee769cd8a3","1260"
"runs/phase5-interleaved-bp-seed-20261301-20260920_155456_990/provengo_project/data/data.js","55e30a0929c59d9578c5695169b772d147c20b0ad8a7d556eb38c4defd8404b7","131"
"runs/phase5-interleaved-bp-seed-20261301-20260920_155456_990/provengo_project/meta-spec/book-writer.js","977303cc03f87fd6561e4435e4cbbb34c85559a94b7aacefdbe9c71b0cb5ac42","3926"
"runs/phase5-interleaved-bp-seed-20261301-20260920_155456_990/provengo_project/meta-spec/ensemble-code.js","7e9e842a753bf38111af0cbfbf1bdaf8b88602fd620ff5fdd919fe8d23f45ab5","2692"
"runs/phase5-interleaved-bp-seed-20261301-20260920_155456_990/provengo_project/meta-spec/scenario-metadata.js","53f129542f1903bf3f7c2ef55914c0df227d58111a71c7c6053d40792b79cd65","479"
"runs/phase5-interleaved-bp-seed-20261301-20260920_155456_990/provengo_project/meta-spec/script-writer.js","f197d272e5524bd0b4ab1f59289b300232c7a8ebc060f8ffeba993fc7eaae0f9","3034"
"runs/phase5-interleaved-bp-seed-20261301-20260920_155456_990/provengo_project/products/internal/artifacts/1/1/1.txt","dae5fd38e469c93590d018f5a3ad1711d51a76c842562c89b7de779d28dfad38","101"
"runs/phase5-interleaved-bp-seed-20261301-20260920_155456_990/provengo_project/products/internal/artifacts/1/1/10.txt","35511050730d26aad0d358ae1aec6bf00f2caf3c6507360490a2db0822c5e8f5","110"
"runs/phase5-interleaved-bp-seed-20261301-20260920_155456_990/provengo_project/products/internal/artifacts/1/1/100.txt","744d6571675af3398ca6365f0a097eb32f6a3f57c27c07705accad5fe0b60f5e","135"
"runs/phase5-interleaved-bp-seed-20261301-20260920_155456_990/provengo_project/products/internal/artifacts/1/1/101.txt","b9346e9fdc336a19c4ea88716318f8ffd62d9d0d636b71cbed80ca816fbd92c5","470"
"runs/phase5-interleaved-bp-seed-20261301-20260920_155456_990/provengo_project/products/internal/artifacts/1/1/102.json","afecf11a3d561ac60b611f8cf9281c4333d70e041df075d74fc91cf036ae9b65","226"
"runs/phase5-interleaved-bp-seed-20261301-20260920_155456_990/provengo_project/products/internal/artifacts/1/1/103.txt","3c843cda3af817e7209fd6ca3f3d606dec86708d7585cf0a9de881dd148ac1d6","45"
"runs/phase5-interleaved-bp-seed-20261301-20260920_155456_990/provengo_project/products/internal/artifacts/1/1/104.txt","7e165b44c419dbee2b8d4a399238e15c63c138ad143ad8a231fd5ea9239b7ec2","2405"
"runs/phase5-interleaved-bp-seed-20261301-20260920_155456_990/provengo_project/products/internal/artifacts/1/1/105.json","0413b4b2979836277deb05e69a9797fb1ad1914640806811457f269d687f2993","2064"
"runs/phase5-interleaved-bp-seed-20261301-20260920_155456_990/provengo_project/products/internal/artifacts/1/1/106.txt","08f26b0901d7b0500ef28a6cbdf9df820a1e3d04a8d92f64324d66997ff9fa9c","45"
"runs/phase5-interleaved-bp-seed-20261301-20260920_155456_990/provengo_project/products/internal/artifacts/1/1/107.txt","055d329b941fffbcf517a29bf49791e2e38cf6d669655c1dc14b52b233902019","1803"
"runs/phase5-interleaved-bp-seed-20261301-20260920_155456_990/provengo_project/products/internal/artifacts/1/1/108.json","c4f860f6b5161f64e421997983051591a41fcfcbca29edfd5af7e7e9be38fecb","1462"
"runs/phase5-interleaved-bp-seed-20261301-20260920_155456_990/provengo_project/products/internal/artifacts/1/1/109.txt","a564b6f4528621db7e8547c8af8954b5b6c7e647f0ae71b4d9c476a59d6eff5d","134"
"runs/phase5-interleaved-bp-seed-20261301-20260920_155456_990/provengo_project/products/internal/artifacts/1/1/11.txt","5ff12f0b8d9739aa5e30090a711ed6f70580e498f15b50ee978a1fec06dd6660","952"
"runs/phase5-interleaved-bp-seed-20261301-20260920_155456_990/provengo_project/products/internal/artifacts/1/1/110.txt","65ebb084e1e353b78b728b327a9f79c916f237cb49ccb9841d5fc89f12c6f8a2","469"
"runs/phase5-interleaved-bp-seed-20261301-20260920_155456_990/provengo_project/products/internal/artifacts/1/1/111.json","d2059ba2febf559dd6fb0f9f9c452aac4ac2987c9d857d7f8a3a89274847d1fd","225"
"runs/phase5-interleaved-bp-seed-20261301-20260920_155456_990/provengo_project/products/internal/artifacts/1/1/112.txt","08f26b0901d7b0500ef28a6cbdf9df820a1e3d04a8d92f64324d66997ff9fa9c","45"
"runs/phase5-interleaved-bp-seed-20261301-20260920_155456_990/provengo_project/products/internal/artifacts/1/1/113.txt","641c3dbfb8d80bea4b96797e20e3943d0f54c8a06ad0f57420722cc9b8bc286e","2388"
"runs/phase5-interleaved-bp-seed-20261301-20260920_155456_990/provengo_project/products/internal/artifacts/1/1/114.json","1c70391e796b66c56b5024c7994ad5dc3763dd649f52c141e5a9c4bdbba16303","2047"
"runs/phase5-interleaved-bp-seed-20261301-20260920_155456_990/provengo_project/products/internal/artifacts/1/1/115.txt","3c3742764df7b75161997ad93ca93e32895553231a6dd4c0a3949db7bb87331f","45"
"runs/phase5-interleaved-bp-seed-20261301-20260920_155456_990/provengo_project/products/internal/artifacts/1/1/116.txt","d5993f239a16229fe17a2176443cebbf5c00af16050e42299dbbbe508117476a","1805"
"runs/phase5-interleaved-bp-seed-20261301-20260920_155456_990/provengo_project/products/internal/artifacts/1/1/117.json","c65b87a1fa1fde0538c2f7075cbb24a4e4d74f4d34376412911204f4297c328b","1464"
"runs/phase5-interleaved-bp-seed-20261301-20260920_155456_990/provengo_project/products/internal/artifacts/1/1/118.txt","96a4dbb2f009586c223d587c131faa697a8f789690fa3462a7a4d9a9dda21aa8","104"
"runs/phase5-interleaved-bp-seed-20261301-20260920_155456_990/provengo_project/products/internal/artifacts/1/1/119.txt","df730b640c1ba01ae22fe1c006deb22da83637c25f775e3eab1ad49da7854017","210"
"runs/phase5-interleaved-bp-seed-20261301-20260920_155456_990/provengo_project/products/internal/artifacts/1/1/12.json","a8dd6e5952237d044891f612e61190eb0d4f94a73f5d0d7c0ae997adda612e13","708"
"runs/phase5-interleaved-bp-seed-20261301-20260920_155456_990/provengo_project/products/internal/artifacts/1/1/120.txt","e3b0c44298fc1c149afbf4c8996fb92427ae41e4649b934ca495991b7852b855","0"
"runs/phase5-interleaved-bp-seed-20261301-20260920_155456_990/provengo_project/products/internal/artifacts/1/1/121.txt","be90659e68834358babb033e045526474abba4f27aa5e13d686d36d7315dfb87","101"
"runs/phase5-interleaved-bp-seed-20261301-20260920_155456_990/provengo_project/products/internal/artifacts/1/1/122.txt","f575345c244155c483011b963749fd5423581ec90bd85c5d4c569f7698f3eb6e","210"
"runs/phase5-interleaved-bp-seed-20261301-20260920_155456_990/provengo_project/products/internal/artifacts/1/1/123.txt","e3b0c44298fc1c149afbf4c8996fb92427ae41e4649b934ca495991b7852b855","0"
"runs/phase5-interleaved-bp-seed-20261301-20260920_155456_990/provengo_project/products/internal/artifacts/1/1/124.txt","1c9b2103a3d080b451269d0685ef6dce9ff5d360265f11ef521a83fb89cd676c","104"
"runs/phase5-interleaved-bp-seed-20261301-20260920_155456_990/provengo_project/products/internal/artifacts/1/1/125.txt","cef83188ad5b21232a33df08c5c99e29946bee2468812ec1f714d4d8e0bb2a7b","210"
"runs/phase5-interleaved-bp-seed-20261301-20260920_155456_990/provengo_project/products/internal/artifacts/1/1/126.txt","e3b0c44298fc1c149afbf4c8996fb92427ae41e4649b934ca495991b7852b855","0"
"runs/phase5-interleaved-bp-seed-20261301-20260920_155456_990/provengo_project/products/internal/artifacts/1/1/127.txt","712d64726a257241ae45bb52b58d2db8ad28d24661f96b56769931af4e4a1e1d","101"
"runs/phase5-interleaved-bp-seed-20261301-20260920_155456_990/provengo_project/products/internal/artifacts/1/1/128.txt","e0ca1ab75ca026da2b1e7f35313b2e86f45dbd5daecccb74df438a7d10ce8122","210"
"runs/phase5-interleaved-bp-seed-20261301-20260920_155456_990/provengo_project/products/internal/artifacts/1/1/129.txt","e3b0c44298fc1c149afbf4c8996fb92427ae41e4649b934ca495991b7852b855","0"
"runs/phase5-interleaved-bp-seed-20261301-20260920_155456_990/provengo_project/products/internal/artifacts/1/1/13.txt","315e54c7ec667c41fbaf4f7747d44602f410d2966a602c0a3145728c23a8d7dc","110"
"runs/phase5-interleaved-bp-seed-20261301-20260920_155456_990/provengo_project/products/internal/artifacts/1/1/130.txt","065f782aacd6a34fee89772e9fcb0c44d3e8f078a1230ba1feb496fe22dbbe74","105"
"runs/phase5-interleaved-bp-seed-20261301-20260920_155456_990/provengo_project/products/internal/artifacts/1/1/131.txt","0eea46660ca9f9a761cb24983de33ac0d16042b977d4c5513ecac26e436df17c","210"
"runs/phase5-interleaved-bp-seed-20261301-20260920_155456_990/provengo_project/products/internal/artifacts/1/1/132.txt","e3b0c44298fc1c149afbf4c8996fb92427ae41e4649b934ca495991b7852b855","0"
"runs/phase5-interleaved-bp-seed-20261301-20260920_155456_990/provengo_project/products/internal/artifacts/1/1/133.txt","2a846cf8a8bc15796ba11519e0b09bc5c872306737e769818a53073d113ef4c5","101"
"runs/phase5-interleaved-bp-seed-20261301-20260920_155456_990/provengo_project/products/internal/artifacts/1/1/134.txt","549c435f14621d79e722e6f1cf20852ef59a63fc1049e28d728eb80e6c4d483a","210"
"runs/phase5-interleaved-bp-seed-20261301-20260920_155456_990/provengo_project/products/internal/artifacts/1/1/135.txt","e3b0c44298fc1c149afbf4c8996fb92427ae41e4649b934ca495991b7852b855","0"
"runs/phase5-interleaved-bp-seed-20261301-20260920_155456_990/provengo_project/products/internal/artifacts/1/1/136.txt","c2e39366e92bf3842203c45677d438192509984c62408ddbe9fc7cbfa3699f50","102"
"runs/phase5-interleaved-bp-seed-20261301-20260920_155456_990/provengo_project/products/internal/artifacts/1/1/137.txt","a7b669f349f9cfda84b7c462977226dc2a040c8f860b90fd8eb11c5206a50ac9","210"
"runs/phase5-interleaved-bp-seed-20261301-20260920_155456_990/provengo_project/products/internal/artifacts/1/1/138.txt","e3b0c44298fc1c149afbf4c8996fb92427ae41e4649b934ca495991b7852b855","0"
"runs/phase5-interleaved-bp-seed-20261301-20260920_155456_990/provengo_project/products/internal/artifacts/1/1/139.txt","08f26b0901d7b0500ef28a6cbdf9df820a1e3d04a8d92f64324d66997ff9fa9c","45"
"runs/phase5-interleaved-bp-seed-20261301-20260920_155456_990/provengo_project/products/internal/artifacts/1/1/14.txt","b80451209535a1896ef063d5d2978ee4726f823047520131b804b479725d5c3c","953"
"runs/phase5-interleaved-bp-seed-20261301-20260920_155456_990/provengo_project/products/internal/artifacts/1/1/140.txt","fa8b27b2be6c5321517f62f2a9caf9c501a7aa4364784d9754d6ceb9b85199a6","1207"
"runs/phase5-interleaved-bp-seed-20261301-20260920_155456_990/provengo_project/products/internal/artifacts/1/1/141.json","ec7a28ece8d9b48b9c1ed29131e2bd5a101f63ede6cb0e9edbd743a6a1e61731","867"
"runs/phase5-interleaved-bp-seed-20261301-20260920_155456_990/provengo_project/products/internal/artifacts/1/1/142.txt","a564b6f4528621db7e8547c8af8954b5b6c7e647f0ae71b4d9c476a59d6eff5d","134"
"runs/phase5-interleaved-bp-seed-20261301-20260920_155456_990/provengo_project/products/internal/artifacts/1/1/143.txt","bc152c15cc5ffaa512282f94ddf0a85d31f0383cf1c4cafd56ec3ce16c0ab068","467"
"runs/phase5-interleaved-bp-seed-20261301-20260920_155456_990/provengo_project/products/internal/artifacts/1/1/144.json","a71fc532d8f2c562f03c4b4bf6c40de4cff0c9280c72ae7917ae3bc4181f7d8f","223"
"runs/phase5-interleaved-bp-seed-20261301-20260920_155456_990/provengo_project/products/internal/artifacts/1/1/145.txt","0766308ae342ff0b728ad6e8e986634fc9bbf73f5b0388903158e782f21a2747","45"
"runs/phase5-interleaved-bp-seed-20261301-20260920_155456_990/provengo_project/products/internal/artifacts/1/1/146.txt","5b1254a44849e4cc910b5c2f5b09b44c4d0a6184645c99f8657ba5e871f62a70","1207"
"runs/phase5-interleaved-bp-seed-20261301-20260920_155456_990/provengo_project/products/internal/artifacts/1/1/147.json","e0f24ce9322009152b75f075a8cd18943b2e749effb7fd587ab2c6341ad9e702","867"
"runs/phase5-interleaved-bp-seed-20261301-20260920_155456_990/provengo_project/products/internal/artifacts/1/1/148.txt","f0b6fd2cd6f62f113c8c1d2249077da2215557430ad81ccfc99c7fb966a0eeaf","45"
"runs/phase5-interleaved-bp-seed-20261301-20260920_155456_990/provengo_project/products/internal/artifacts/1/1/149.txt","709b8f8792b7d7e34ed0d77a91f6d36b8cfe9ba96a982d6e778e71649ad60f1e","1207"
"runs/phase5-interleaved-bp-seed-20261301-20260920_155456_990/provengo_project/products/internal/artifacts/1/1/15.json","5958336be833e6093cc03e20c805e069bc0f77bdf4fbd1e19eb7f6a61298790e","709"
"runs/phase5-interleaved-bp-seed-20261301-20260920_155456_990/provengo_project/products/internal/artifacts/1/1/150.json","aeb177eb0ebd27a8785692c8b7f784f055a1248e1d34e52b55c66994fe6a2463","867"
"runs/phase5-interleaved-bp-seed-20261301-20260920_155456_990/provengo_project/products/internal/artifacts/1/1/151.txt","7fc17b52b2e2dc2739d65f0c40ec156cc6af34cb34da6684ed95940e70d9f027","45"
"runs/phase5-interleaved-bp-seed-20261301-20260920_155456_990/provengo_project/products/internal/artifacts/1/1/152.txt","0ba2d1c16daa470464c601587977bf89586388dad87a4e4417e732f12173f02a","1207"
"runs/phase5-interleaved-bp-seed-20261301-20260920_155456_990/provengo_project/products/internal/artifacts/1/1/153.json","e2c4463dbe8b72656d325e17df99fb152c6685f774f04852097cfd6d2c1dd66a","867"
"runs/phase5-interleaved-bp-seed-20261301-20260920_155456_990/provengo_project/products/internal/artifacts/1/1/154.txt","a8a00d2219cec49164f42bfce02700867fe22d6c658c538034cc020577d276bd","45"
"runs/phase5-interleaved-bp-seed-20261301-20260920_155456_990/provengo_project/products/internal/artifacts/1/1/155.txt","65c51244e260b24552aed435fc59ed61b2ad7e1183ad1f01c21cefe613ec540f","1207"
"runs/phase5-interleaved-bp-seed-20261301-20260920_155456_990/provengo_project/products/internal/artifacts/1/1/156.json","8fae42cbf5f1c613770e810abcb01e4d020cbbabf4bed4769bacc48580fb9eea","867"
"runs/phase5-interleaved-bp-seed-20261301-20260920_155456_990/provengo_project/products/internal/artifacts/1/1/157.txt","3c843cda3af817e7209fd6ca3f3d606dec86708d7585cf0a9de881dd148ac1d6","45"
"runs/phase5-interleaved-bp-seed-20261301-20260920_155456_990/provengo_project/products/internal/artifacts/1/1/158.txt","18946cf1e4faaa3ba630fb2a45562e58d361f0801f8f64bedbeb580b2bf8be65","1206"
"runs/phase5-interleaved-bp-seed-20261301-20260920_155456_990/provengo_project/products/internal/artifacts/1/1/159.json","99b249870f6ece5a9af5603c4ae41a55910a7f78423ce3e6ec20a5ac14b8c75c","866"
"runs/phase5-interleaved-bp-seed-20261301-20260920_155456_990/provengo_project/products/internal/artifacts/1/1/16.txt","4995ba90231c0cb27a5297e59ad69871fcdfa9cb2435338cefa4614372af6d88","80"
"runs/phase5-interleaved-bp-seed-20261301-20260920_155456_990/provengo_project/products/internal/artifacts/1/1/160.txt","8921f7fddc284f5ea3b4c36eafb363b2c18f3a79cb1b0ac4d87f6ceddb44803a","45"
"runs/phase5-interleaved-bp-seed-20261301-20260920_155456_990/provengo_project/products/internal/artifacts/1/1/161.txt","44f2aebf0a0b908ff6d7a09a8c837b23975d551a8059c17f0435c2633b16db6f","1207"
"runs/phase5-interleaved-bp-seed-20261301-20260920_155456_990/provengo_project/products/internal/artifacts/1/1/162.json","8a2f010f38c86d2b5af4ef4f54ff347de1bf19c32141c1425a6315630c94727b","867"
"runs/phase5-interleaved-bp-seed-20261301-20260920_155456_990/provengo_project/products/internal/artifacts/1/1/163.txt","a0e58580dc77d236544d2e05aa73343568a2871b800423c6abad0a4845feccff","134"
"runs/phase5-interleaved-bp-seed-20261301-20260920_155456_990/provengo_project/products/internal/artifacts/1/1/164.txt","4dc5b08bf68ef6be1f5df8fac448461c8c60970f5ab99a97830e78b938fc8d44","469"
"runs/phase5-interleaved-bp-seed-20261301-20260920_155456_990/provengo_project/products/internal/artifacts/1/1/165.json","fa6c1faac9d9b41929cebfcd81dd2c0fa933520ca4c11d233394cfa24ebeecc6","225"
"runs/phase5-interleaved-bp-seed-20261301-20260920_155456_990/provengo_project/products/internal/artifacts/1/1/166.txt","ac5f6321ef4dcb609efcb75f7ea8a54680aaa5ef5946ca614e014263341f041a","134"
"runs/phase5-interleaved-bp-seed-20261301-20260920_155456_990/provengo_project/products/internal/artifacts/1/1/167.txt","231600d3bd1010337a4f9df566264bb7f46ee8e44889b7036eeaddac7877b6a0","469"
"runs/phase5-interleaved-bp-seed-20261301-20260920_155456_990/provengo_project/products/internal/artifacts/1/1/168.json","4390375f24b2fa5a2219ea2b4cbc5c240d0083015558f6af47c23c6b8b42a0b9","225"
"runs/phase5-interleaved-bp-seed-20261301-20260920_155456_990/provengo_project/products/internal/artifacts/1/1/169.txt","23b8ff61f966bf89397a28ab344a1e72c6c911a4c521d0e38b73c032f6f31fec","137"
"runs/phase5-interleaved-bp-seed-20261301-20260920_155456_990/provengo_project/products/internal/artifacts/1/1/17.txt","632b497805a71e3e9c1fdf609779cf97a8d19ea6393fb4bb99a723fa4c8a6b52","1946"
"runs/phase5-interleaved-bp-seed-20261301-20260920_155456_990/provengo_project/products/internal/artifacts/1/1/170.txt","726453b3340c3b3909ac0bcf68b9ea69ada9922fdd61473b65901dd8b78a15d8","472"
"runs/phase5-interleaved-bp-seed-20261301-20260920_155456_990/provengo_project/products/internal/artifacts/1/1/171.json","5c10ca78236fa3b20164af7400b0a67fed39928c72e6d82e55c105d147bb57f6","228"
"runs/phase5-interleaved-bp-seed-20261301-20260920_155456_990/provengo_project/products/internal/artifacts/1/1/172.txt","2aa1c93b5faa3f989b8172a91f68ac1946c031f1eafec15bf696bcab84f304fb","111"
"runs/phase5-interleaved-bp-seed-20261301-20260920_155456_990/provengo_project/products/internal/artifacts/1/1/173.txt","c087c8e65951cdd494181ac589273c7e889501328c5273796768e5c290b26a0d","833"
"runs/phase5-interleaved-bp-seed-20261301-20260920_155456_990/provengo_project/products/internal/artifacts/1/1/174.json","f300a9dad3e8107c7b4adb6e69cee1e4124c516484c98c8043f4f0267ce59646","589"
"runs/phase5-interleaved-bp-seed-20261301-20260920_155456_990/provengo_project/products/internal/artifacts/1/1/175.txt","3a0e194d0ca396947600eb7212ac979cb55f2a9626670b83d82e9c5394509bd4","112"
"runs/phase5-interleaved-bp-seed-20261301-20260920_155456_990/provengo_project/products/internal/artifacts/1/1/176.txt","5dcbd66494f27683fd7b1c23985ae0025ec7304c068d3f8f30f21f4c923ea459","836"
"runs/phase5-interleaved-bp-seed-20261301-20260920_155456_990/provengo_project/products/internal/artifacts/1/1/177.json","f1d04714195f7e90bd255b783e2a994bc8debf312eaca2cb02ba13cb375c6e2f","592"
"runs/phase5-interleaved-bp-seed-20261301-20260920_155456_990/provengo_project/products/internal/artifacts/1/1/178.txt","1fa8058599b1d8ac7a4a1760648e69dd76167b254876684cda2a04777f625b18","112"
"runs/phase5-interleaved-bp-seed-20261301-20260920_155456_990/provengo_project/products/internal/artifacts/1/1/179.txt","0814c718a663596d2fe227f7dc4b41c7ff9f28adf396e0081dd95c9297558ded","836"
"runs/phase5-interleaved-bp-seed-20261301-20260920_155456_990/provengo_project/products/internal/artifacts/1/1/18.json","920c640b11c5957fc505b26c6bb02b2bca88484f40e4a3102231730227b5dfce","1636"
"runs/phase5-interleaved-bp-seed-20261301-20260920_155456_990/provengo_project/products/internal/artifacts/1/1/180.json","1a70ee0b36ceb109e729bb0eaf0a46314721ab0137b56cb1150256b817201918","592"
"runs/phase5-interleaved-bp-seed-20261301-20260920_155456_990/provengo_project/products/internal/artifacts/1/1/181.txt","4f3cf0e91d9534dbfc6405bfbd003cf8c9194c646230e110e43ba9df96d466e8","112"
"runs/phase5-interleaved-bp-seed-20261301-20260920_155456_990/provengo_project/products/internal/artifacts/1/1/182.txt","10066b88ba31e91e3aa5ff4c7544d5b95f6b306f80317987ffa421a3268bb8ff","836"
"runs/phase5-interleaved-bp-seed-20261301-20260920_155456_990/provengo_project/products/internal/artifacts/1/1/183.json","986e105e8083e429ab6cdbee6074871afb071c9b18560ded12c31cc881fe73b4","592"
"runs/phase5-interleaved-bp-seed-20261301-20260920_155456_990/provengo_project/products/internal/artifacts/1/1/184.txt","0766308ae342ff0b728ad6e8e986634fc9bbf73f5b0388903158e782f21a2747","45"
"runs/phase5-interleaved-bp-seed-20261301-20260920_155456_990/provengo_project/products/internal/artifacts/1/1/185.txt","57d23b6c3d3fde3d140355a906cf08f42f7b01eb974bc0de8eaf17f951a85916","1804"
"runs/phase5-interleaved-bp-seed-20261301-20260920_155456_990/provengo_project/products/internal/artifacts/1/1/186.json","813310a698881ce0bb34b7f7f45e83b9e0af976bf3f5e74e272b7a6ec7fc8221","1463"
"runs/phase5-interleaved-bp-seed-20261301-20260920_155456_990/provengo_project/products/internal/artifacts/1/1/187.txt","baf09893e42f9a76ced2e618c047e5ec1f1433d4903e6e8921598204c25b5710","112"
"runs/phase5-interleaved-bp-seed-20261301-20260920_155456_990/provengo_project/products/internal/artifacts/1/1/188.txt","30adc11676683d854ff3d9906f72e150f61d9071ffa7a1e348207d47be8c349d","836"
"runs/phase5-interleaved-bp-seed-20261301-20260920_155456_990/provengo_project/products/internal/artifacts/1/1/189.json","45a4438a47d98c329d55f78a0ef39a3f82b22c3cecaf29b182bc4d86632f795b","592"
"runs/phase5-interleaved-bp-seed-20261301-20260920_155456_990/provengo_project/products/internal/artifacts/1/1/19.txt","0d8d0fc21c11cdeb7d4ac2502ceb330ffe80860fd8f175b5b255f73240b85a5f","110"
"runs/phase5-interleaved-bp-seed-20261301-20260920_155456_990/provengo_project/products/internal/artifacts/1/1/190.txt","b1f19ceebd3f52c95b015fc8189f52cdcf71543822148a5e5114bb1cff4be732","112"
"runs/phase5-interleaved-bp-seed-20261301-20260920_155456_990/provengo_project/products/internal/artifacts/1/1/191.txt","69c669662cb758c436a6e8a2b46169e4edcaf6dda5d8cb3c87404f536e81dc87","836"
"runs/phase5-interleaved-bp-seed-20261301-20260920_155456_990/provengo_project/products/internal/artifacts/1/1/192.json","ea5513db55f1af0ec4e71c3712e5d12a868bc57d22855b567c35cf3fab44bb25","592"
"runs/phase5-interleaved-bp-seed-20261301-20260920_155456_990/provengo_project/products/internal/artifacts/1/1/193.txt","3c3742764df7b75161997ad93ca93e32895553231a6dd4c0a3949db7bb87331f","45"
"runs/phase5-interleaved-bp-seed-20261301-20260920_155456_990/provengo_project/products/internal/artifacts/1/1/194.txt","4d2ae2779ef04ee896bd83d3d85959196d330b3693b350f6e21016101140e24d","1803"
"runs/phase5-interleaved-bp-seed-20261301-20260920_155456_990/provengo_project/products/internal/artifacts/1/1/195.json","e5715ba4ab1e45faecf2570e4c581a6c896d44d95fdbd8d0bb83abd6bb9dbef2","1462"
"runs/phase5-interleaved-bp-seed-20261301-20260920_155456_990/provengo_project/products/internal/artifacts/1/1/196.txt","d44c9cfe0eaa5bd44ac7c1a56883306eff30b36ccba3bb632772d8afc4f27e6f","112"
"runs/phase5-interleaved-bp-seed-20261301-20260920_155456_990/provengo_project/products/internal/artifacts/1/1/197.txt","5915093b64ef926c480d89e7bfcc0c2e88e79ec933fb0b5a450ab5d644610e18","836"
"runs/phase5-interleaved-bp-seed-20261301-20260920_155456_990/provengo_project/products/internal/artifacts/1/1/198.json","2110886771c7435ef5854c833215843ba7ad9793a6b2f65ed5ad5e7d9393e171","592"
"runs/phase5-interleaved-bp-seed-20261301-20260920_155456_990/provengo_project/products/internal/artifacts/1/1/199.txt","3c843cda3af817e7209fd6ca3f3d606dec86708d7585cf0a9de881dd148ac1d6","45"
"runs/phase5-interleaved-bp-seed-20261301-20260920_155456_990/provengo_project/products/internal/artifacts/1/1/2.txt","f1fea0501553539062143b765559c938ded8520965cf98e7878043b396115d9d","2032"
"runs/phase5-interleaved-bp-seed-20261301-20260920_155456_990/provengo_project/products/internal/artifacts/1/1/20.txt","961559d78aa8984498037225eaaf3a446aa430c459f8d4579197dffa26bc271e","953"
"runs/phase5-interleaved-bp-seed-20261301-20260920_155456_990/provengo_project/products/internal/artifacts/1/1/200.txt","e046eca9b09ce14c7d8785fb03ae781ccfde80ea6678c2495810af260fdf4761","1805"
"runs/phase5-interleaved-bp-seed-20261301-20260920_155456_990/provengo_project/products/internal/artifacts/1/1/201.json","eac975787c5f5b2a7d02d69b20eb17a132edea224d5497b90672fb131f2debb2","1464"
"runs/phase5-interleaved-bp-seed-20261301-20260920_155456_990/provengo_project/products/internal/artifacts/1/1/202.txt","f162a1a9bb637e2a072f4e8b00b71008e810e2e9e9c65080e3b4e965a1506d4f","112"
"runs/phase5-interleaved-bp-seed-20261301-20260920_155456_990/provengo_project/products/internal/artifacts/1/1/203.txt","dab95f15635549ea089612671c4f1bab210a017e128dc68e5b594c3942de452c","836"
"runs/phase5-interleaved-bp-seed-20261301-20260920_155456_990/provengo_project/products/internal/artifacts/1/1/204.json","1bb41bc033dadb1fef4304031cba70512b57cd07cb43c56644135c0d2caedb3f","592"
"runs/phase5-interleaved-bp-seed-20261301-20260920_155456_990/provengo_project/products/internal/artifacts/1/1/205.txt","a8a00d2219cec49164f42bfce02700867fe22d6c658c538034cc020577d276bd","45"
"runs/phase5-interleaved-bp-seed-20261301-20260920_155456_990/provengo_project/products/internal/artifacts/1/1/206.txt","9ba00951e6189a039112e3ea0f16b05f2c7998fed1ea537cd4e882d181db6cc8","1805"
"runs/phase5-interleaved-bp-seed-20261301-20260920_155456_990/provengo_project/products/internal/artifacts/1/1/207.json","e278394f35d872897de820f26f57b209b1800f8830f3bdd09aca574796eb70f6","1464"
"runs/phase5-interleaved-bp-seed-20261301-20260920_155456_990/provengo_project/products/internal/artifacts/1/1/208.txt","08f26b0901d7b0500ef28a6cbdf9df820a1e3d04a8d92f64324d66997ff9fa9c","45"
"runs/phase5-interleaved-bp-seed-20261301-20260920_155456_990/provengo_project/products/internal/artifacts/1/1/209.txt","8db0ee530a084d8ee7df8a6044b8e5cff864ccb376fd74e67a8a78a6c4141b7d","1802"
"runs/phase5-interleaved-bp-seed-20261301-20260920_155456_990/provengo_project/products/internal/artifacts/1/1/21.json","3a975f090b007f374af33b756584b0067311d60ce04df49eaa9577677ba6d063","709"
"runs/phase5-interleaved-bp-seed-20261301-20260920_155456_990/provengo_project/products/internal/artifacts/1/1/210.json","060bfcd717da81c2e7a61994718d7b90eb0ebe79bf1aaae9c8397dd28a50663e","1461"
"runs/phase5-interleaved-bp-seed-20261301-20260920_155456_990/provengo_project/products/internal/artifacts/1/1/211.txt","f0b6fd2cd6f62f113c8c1d2249077da2215557430ad81ccfc99c7fb966a0eeaf","45"
"runs/phase5-interleaved-bp-seed-20261301-20260920_155456_990/provengo_project/products/internal/artifacts/1/1/212.txt","8cdc05c88fa5d4be0b4c2e93d2b26bc3de1db864e15837d3d806b8b606949216","1802"
"runs/phase5-interleaved-bp-seed-20261301-20260920_155456_990/provengo_project/products/internal/artifacts/1/1/213.json","bfd0af937daedb3acb56c14a07e3fb624cd4899ca0fff8d28c5c47b34e5e8abb","1461"
"runs/phase5-interleaved-bp-seed-20261301-20260920_155456_990/provengo_project/products/internal/artifacts/1/1/214.txt","7fc17b52b2e2dc2739d65f0c40ec156cc6af34cb34da6684ed95940e70d9f027","45"
"runs/phase5-interleaved-bp-seed-20261301-20260920_155456_990/provengo_project/products/internal/artifacts/1/1/215.txt","810a7128a891094ccd24514c354e8960da2346b8c7370565947ec1ed5a956aa9","1802"
"runs/phase5-interleaved-bp-seed-20261301-20260920_155456_990/provengo_project/products/internal/artifacts/1/1/216.json","93ace858d0ce2ca7292065a68ea2e16e7947cf119b7d618ea7bd2fe951e7523c","1461"
"runs/phase5-interleaved-bp-seed-20261301-20260920_155456_990/provengo_project/products/internal/artifacts/1/1/217.txt","8921f7fddc284f5ea3b4c36eafb363b2c18f3a79cb1b0ac4d87f6ceddb44803a","45"
"runs/phase5-interleaved-bp-seed-20261301-20260920_155456_990/provengo_project/products/internal/artifacts/1/1/218.txt","a5484c3285b3e5c463ceea1090165964586fe857ba73f37c9844c82b9c82539f","1802"
"runs/phase5-interleaved-bp-seed-20261301-20260920_155456_990/provengo_project/products/internal/artifacts/1/1/219.json","706d2e7534df0b691bc5e35226d261a038aee5c2319ffffa8ed08bb58fc1a9ae","1461"
"runs/phase5-interleaved-bp-seed-20261301-20260920_155456_990/provengo_project/products/internal/artifacts/1/1/22.txt","933d264596eadd60da026c941d406b9abdd635a2cc118cde7469e83c7d26aa74","110"
"runs/phase5-interleaved-bp-seed-20261301-20260920_155456_990/provengo_project/products/internal/artifacts/1/1/220.txt","bb046d93449266abc64c2526be1126563107a776b601e18b16b4ed3daa90b1c7","80"
"runs/phase5-interleaved-bp-seed-20261301-20260920_155456_990/provengo_project/products/internal/artifacts/1/1/221.txt","453bc8fb93db059bfd694f2fe99555c33c3a51e401d202603c56eb3fe255d14d","210"
"runs/phase5-interleaved-bp-seed-20261301-20260920_155456_990/provengo_project/products/internal/artifacts/1/1/222.txt","e3b0c44298fc1c149afbf4c8996fb92427ae41e4649b934ca495991b7852b855","0"
"runs/phase5-interleaved-bp-seed-20261301-20260920_155456_990/provengo_project/products/internal/artifacts/1/1/223.txt","a78ef7f2bd56149c895aabc6d844f686c184459bfd8c085596a2ac64459e7af7","80"
"runs/phase5-interleaved-bp-seed-20261301-20260920_155456_990/provengo_project/products/internal/artifacts/1/1/224.txt","5fe9ca0b7ddfd7cd60cd3b51389e4e646912693f3e2e89317d342b66d66ce0f1","210"
"runs/phase5-interleaved-bp-seed-20261301-20260920_155456_990/provengo_project/products/internal/artifacts/1/1/225.txt","e3b0c44298fc1c149afbf4c8996fb92427ae41e4649b934ca495991b7852b855","0"
"runs/phase5-interleaved-bp-seed-20261301-20260920_155456_990/provengo_project/products/internal/artifacts/1/1/226.txt","9fffedb909e7b6e058ecb1862efd86c98d71518ea4b5e49a012a8a0298d3baa2","80"
"runs/phase5-interleaved-bp-seed-20261301-20260920_155456_990/provengo_project/products/internal/artifacts/1/1/227.txt","3c64961ac08c8067693b896f5e6fb3011dc4d020918846700d5ae70a0a0a9bc9","210"
"runs/phase5-interleaved-bp-seed-20261301-20260920_155456_990/provengo_project/products/internal/artifacts/1/1/228.txt","e3b0c44298fc1c149afbf4c8996fb92427ae41e4649b934ca495991b7852b855","0"
"runs/phase5-interleaved-bp-seed-20261301-20260920_155456_990/provengo_project/products/internal/artifacts/1/1/229.txt","723c74559a0a34f7775f81a528ebbcc1f2654e944e27f0836864046a8dc88315","80"
"runs/phase5-interleaved-bp-seed-20261301-20260920_155456_990/provengo_project/products/internal/artifacts/1/1/23.txt","84a6f3d11f6d5b5ae1ce2d78564e68cf8dddc4d3d2b20c188f9984f0975ac278","953"
"runs/phase5-interleaved-bp-seed-20261301-20260920_155456_990/provengo_project/products/internal/artifacts/1/1/230.txt","c3b82e1e2fa7c1a3d69c35dc3dfed5f46b516b162b0af94a239a92788ad2cfcb","210"
"runs/phase5-interleaved-bp-seed-20261301-20260920_155456_990/provengo_project/products/internal/artifacts/1/1/231.txt","e3b0c44298fc1c149afbf4c8996fb92427ae41e4649b934ca495991b7852b855","0"
"runs/phase5-interleaved-bp-seed-20261301-20260920_155456_990/provengo_project/products/internal/artifacts/1/1/232.txt","3b8ddbc411b13d90fa7eedbedc5bc6b6c0fe8bbfaa9b4f1549a82d8a1f47dce1","80"
"runs/phase5-interleaved-bp-seed-20261301-20260920_155456_990/provengo_project/products/internal/artifacts/1/1/233.txt","0cb57545e2742aed7d493e7ff56dd26e4a5c676c67fb7bb74ff0e7cb514255ff","210"
"runs/phase5-interleaved-bp-seed-20261301-20260920_155456_990/provengo_project/products/internal/artifacts/1/1/234.txt","e3b0c44298fc1c149afbf4c8996fb92427ae41e4649b934ca495991b7852b855","0"
"runs/phase5-interleaved-bp-seed-20261301-20260920_155456_990/provengo_project/products/internal/artifacts/1/1/235.txt","9f6f27f2162970260e87a032e527094735c8c904a0a48971fd0b2feca701ad4f","80"
"runs/phase5-interleaved-bp-seed-20261301-20260920_155456_990/provengo_project/products/internal/artifacts/1/1/236.txt","2f2d8496373f3c852467ba270a545fed3be95c615fdc1e222b7c5d7bceed8c81","210"
"runs/phase5-interleaved-bp-seed-20261301-20260920_155456_990/provengo_project/products/internal/artifacts/1/1/237.txt","e3b0c44298fc1c149afbf4c8996fb92427ae41e4649b934ca495991b7852b855","0"
"runs/phase5-interleaved-bp-seed-20261301-20260920_155456_990/provengo_project/products/internal/artifacts/1/1/238.txt","bbe4f5cf88c3410b539076922b8020adc801aa9a2129b029ffd5299ca9461ee4","80"
"runs/phase5-interleaved-bp-seed-20261301-20260920_155456_990/provengo_project/products/internal/artifacts/1/1/239.txt","b0d3300136d0126f591060fda74e7172aa464853f59b0271b70bb05888ab55ee","210"
"runs/phase5-interleaved-bp-seed-20261301-20260920_155456_990/provengo_project/products/internal/artifacts/1/1/24.json","3ebbfc05e03bf264aa3cfaa4b46e7e892949d4af3f29b3aa78074e51bca241ed","709"
"runs/phase5-interleaved-bp-seed-20261301-20260920_155456_990/provengo_project/products/internal/artifacts/1/1/240.txt","e3b0c44298fc1c149afbf4c8996fb92427ae41e4649b934ca495991b7852b855","0"
"runs/phase5-interleaved-bp-seed-20261301-20260920_155456_990/provengo_project/products/internal/artifacts/1/1/241.txt","97279433857dd61562aaf2d27be40d8375713e0f0dd3c33bd276eb3fe6500256","80"
"runs/phase5-interleaved-bp-seed-20261301-20260920_155456_990/provengo_project/products/internal/artifacts/1/1/242.txt","ac56fb6bede558b1e1a9107fc9e0e0277f0152edf1ca3b0046a8ec4c22678f71","210"
"runs/phase5-interleaved-bp-seed-20261301-20260920_155456_990/provengo_project/products/internal/artifacts/1/1/243.txt","e3b0c44298fc1c149afbf4c8996fb92427ae41e4649b934ca495991b7852b855","0"
"runs/phase5-interleaved-bp-seed-20261301-20260920_155456_990/provengo_project/products/internal/artifacts/1/1/244.txt","97b3feddd2f9ae64ae267572793ebe0bf6c520b696b17cddfd08a1ab4cc7f4e1","83"
"runs/phase5-interleaved-bp-seed-20261301-20260920_155456_990/provengo_project/products/internal/artifacts/1/1/245.txt","81bf4afa75d9603b20678bd8ae870534caf9091b26056b96c034cbf893e39759","210"
"runs/phase5-interleaved-bp-seed-20261301-20260920_155456_990/provengo_project/products/internal/artifacts/1/1/246.txt","e3b0c44298fc1c149afbf4c8996fb92427ae41e4649b934ca495991b7852b855","0"
"runs/phase5-interleaved-bp-seed-20261301-20260920_155456_990/provengo_project/products/internal/artifacts/1/1/25.txt","43b35dcba72ded19b166ff5b2122db47ca075effe1da69fa07f4070dca2e5ffa","110"
"runs/phase5-interleaved-bp-seed-20261301-20260920_155456_990/provengo_project/products/internal/artifacts/1/1/26.txt","ac26ae2fab5545600fa91cc7e95351bdbf5db0c99f4f9dd1a381a63a07726e0c","953"
"runs/phase5-interleaved-bp-seed-20261301-20260920_155456_990/provengo_project/products/internal/artifacts/1/1/27.json","917adb2a647fe82fb4b90afeaf91bc8b05b46a785855b9f476cc1fc74014d1c2","709"
"runs/phase5-interleaved-bp-seed-20261301-20260920_155456_990/provengo_project/products/internal/artifacts/1/1/28.txt","a8a00d2219cec49164f42bfce02700867fe22d6c658c538034cc020577d276bd","45"
"runs/phase5-interleaved-bp-seed-20261301-20260920_155456_990/provengo_project/products/internal/artifacts/1/1/29.txt","a07627497cc476f26d31c2a6fc7b716dac8714ae9c3267efbd15528c4c89101d","1207"
"runs/phase5-interleaved-bp-seed-20261301-20260920_155456_990/provengo_project/products/internal/artifacts/1/1/3.json","ca95a8607d81d81f0806c38366245cf991ae455b9f6857758b89c4b30fcd66fd","1730"
"runs/phase5-interleaved-bp-seed-20261301-20260920_155456_990/provengo_project/products/internal/artifacts/1/1/30.json","afc9a6c7976480b0d656c346ee5d18e18da15bc799d71461bcfdef0c604dec44","867"
"runs/phase5-interleaved-bp-seed-20261301-20260920_155456_990/provengo_project/products/internal/artifacts/1/1/31.txt","08f26b0901d7b0500ef28a6cbdf9df820a1e3d04a8d92f64324d66997ff9fa9c","45"
"runs/phase5-interleaved-bp-seed-20261301-20260920_155456_990/provengo_project/products/internal/artifacts/1/1/32.txt","cb543984868c26b192ba9234302f63b5df25515378b7a7045af2d65575e4fbd1","1207"
"runs/phase5-interleaved-bp-seed-20261301-20260920_155456_990/provengo_project/products/internal/artifacts/1/1/33.json","b04e3ba3a59dc8f73a484bbe03d4b3226a296ca83787ab767124873f813f7c91","867"
"runs/phase5-interleaved-bp-seed-20261301-20260920_155456_990/provengo_project/products/internal/artifacts/1/1/34.txt","8921f7fddc284f5ea3b4c36eafb363b2c18f3a79cb1b0ac4d87f6ceddb44803a","45"
"runs/phase5-interleaved-bp-seed-20261301-20260920_155456_990/provengo_project/products/internal/artifacts/1/1/35.txt","0a829857999e329f0942005fef8db9bea420fc1c86896df255d5e692bba9e4a6","1207"
"runs/phase5-interleaved-bp-seed-20261301-20260920_155456_990/provengo_project/products/internal/artifacts/1/1/36.json","03c81d4a1b3e201478abe497969b616317a8047cf9bcd39d1c81cd1372dd22dd","867"
"runs/phase5-interleaved-bp-seed-20261301-20260920_155456_990/provengo_project/products/internal/artifacts/1/1/37.txt","f0b6fd2cd6f62f113c8c1d2249077da2215557430ad81ccfc99c7fb966a0eeaf","45"
"runs/phase5-interleaved-bp-seed-20261301-20260920_155456_990/provengo_project/products/internal/artifacts/1/1/38.txt","9492d50269e0fb9fd59ef77da371225a5103f5f60bcd79a23f80517405bfc37b","1207"
"runs/phase5-interleaved-bp-seed-20261301-20260920_155456_990/provengo_project/products/internal/artifacts/1/1/39.json","21c6a5c40576c83e74d03daddfa8a7c8b0a7511e339882afad81c2e61601337e","867"
"runs/phase5-interleaved-bp-seed-20261301-20260920_155456_990/provengo_project/products/internal/artifacts/1/1/4.txt","753a82a1fb393a91f2a96ce9183015cfde62f03e506a2f489e13d1f59f0dcac9","109"
"runs/phase5-interleaved-bp-seed-20261301-20260920_155456_990/provengo_project/products/internal/artifacts/1/1/40.txt","d739ef7e06222de3dc4706fadc8efaf079bcc0d04699744b84163983a37d6f2c","110"
"runs/phase5-interleaved-bp-seed-20261301-20260920_155456_990/provengo_project/products/internal/artifacts/1/1/41.txt","66622bf0bf8b63b79860500529a7d683354a97fb920a82c45926408136ad532a","953"
"runs/phase5-interleaved-bp-seed-20261301-20260920_155456_990/provengo_project/products/internal/artifacts/1/1/42.json","4690565e480d2a7090eb3200237ef6e1ef9cca3a2c04b8a916fc7430818e41a3","709"
"runs/phase5-interleaved-bp-seed-20261301-20260920_155456_990/provengo_project/products/internal/artifacts/1/1/43.txt","3c3742764df7b75161997ad93ca93e32895553231a6dd4c0a3949db7bb87331f","45"
"runs/phase5-interleaved-bp-seed-20261301-20260920_155456_990/provengo_project/products/internal/artifacts/1/1/44.txt","adbfc34e6066dd3c515814af570d43f5cf30da9397c3a0e893a041d819dfb741","1207"
"runs/phase5-interleaved-bp-seed-20261301-20260920_155456_990/provengo_project/products/internal/artifacts/1/1/45.json","67516ac9fbc9ee38df7ae96e887dde1cd2772e3bbe5719226452123481bf3392","867"
"runs/phase5-interleaved-bp-seed-20261301-20260920_155456_990/provengo_project/products/internal/artifacts/1/1/46.txt","ac5f6321ef4dcb609efcb75f7ea8a54680aaa5ef5946ca614e014263341f041a","134"
"runs/phase5-interleaved-bp-seed-20261301-20260920_155456_990/provengo_project/products/internal/artifacts/1/1/47.txt","825ae6e387eb66ed47d06c9de4622787bbaba610a4b267bc628239e343dd7506","469"
"runs/phase5-interleaved-bp-seed-20261301-20260920_155456_990/provengo_project/products/internal/artifacts/1/1/48.json","cee747369f51372f46837c5f487bd57f4b55a333df210772919652a81eeb7287","225"
"runs/phase5-interleaved-bp-seed-20261301-20260920_155456_990/provengo_project/products/internal/artifacts/1/1/49.txt","3c843cda3af817e7209fd6ca3f3d606dec86708d7585cf0a9de881dd148ac1d6","45"
"runs/phase5-interleaved-bp-seed-20261301-20260920_155456_990/provengo_project/products/internal/artifacts/1/1/5.txt","5d3545799d12a5defae8287951e2c4060dad7298a88b37140d943a0cf7195256","952"
"runs/phase5-interleaved-bp-seed-20261301-20260920_155456_990/provengo_project/products/internal/artifacts/1/1/50.txt","ad9e738c1b955f2b854322ec88f68944c70ee0bf14688bdce3ae8fac720d5ecb","1206"
"runs/phase5-interleaved-bp-seed-20261301-20260920_155456_990/provengo_project/products/internal/artifacts/1/1/51.json","aca729d11e80bbe4218ea72b11b0274948799188fcd99208c180c4dbea9617c6","866"
"runs/phase5-interleaved-bp-seed-20261301-20260920_155456_990/provengo_project/products/internal/artifacts/1/1/52.txt","0766308ae342ff0b728ad6e8e986634fc9bbf73f5b0388903158e782f21a2747","45"
"runs/phase5-interleaved-bp-seed-20261301-20260920_155456_990/provengo_project/products/internal/artifacts/1/1/53.txt","2623605a4e20651cd3bb083bfe62c736859a72619526e4bb0c570b699910544c","1207"
"runs/phase5-interleaved-bp-seed-20261301-20260920_155456_990/provengo_project/products/internal/artifacts/1/1/54.json","a4432ff8dc1d41d302d1e2644299a8df73619d20bf9095bbcdde70dfbead1c44","867"
"runs/phase5-interleaved-bp-seed-20261301-20260920_155456_990/provengo_project/products/internal/artifacts/1/1/55.txt","8921f7fddc284f5ea3b4c36eafb363b2c18f3a79cb1b0ac4d87f6ceddb44803a","45"
"runs/phase5-interleaved-bp-seed-20261301-20260920_155456_990/provengo_project/products/internal/artifacts/1/1/56.txt","21d1108db97f8e9e268c3c526eda8d357bcb3f6cdaaef60f1db2776bcaf4f224","1804"
"runs/phase5-interleaved-bp-seed-20261301-20260920_155456_990/provengo_project/products/internal/artifacts/1/1/57.json","13b2b1fa3111c626f14727a81b6a6e368c973944c9ba40a673cbf13e5d12b165","1463"
"runs/phase5-interleaved-bp-seed-20261301-20260920_155456_990/provengo_project/products/internal/artifacts/1/1/58.txt","a8a00d2219cec49164f42bfce02700867fe22d6c658c538034cc020577d276bd","45"
"runs/phase5-interleaved-bp-seed-20261301-20260920_155456_990/provengo_project/products/internal/artifacts/1/1/59.txt","df25a6aaffdacd7720b97798ee13bd83cc7f0abfcf9a85a8df3f42ab31469f6a","1807"
"runs/phase5-interleaved-bp-seed-20261301-20260920_155456_990/provengo_project/products/internal/artifacts/1/1/6.json","64ddefbbc1adc3dd60cfea2b4aea7caa8ddef2060f6a9c1fe2659be568846bec","708"
"runs/phase5-interleaved-bp-seed-20261301-20260920_155456_990/provengo_project/products/internal/artifacts/1/1/60.json","497a9e0594ebb1a1dd54a092c5efa4785d53fe451a8b9edbb5c3703102272846","1466"
"runs/phase5-interleaved-bp-seed-20261301-20260920_155456_990/provengo_project/products/internal/artifacts/1/1/61.txt","7fc17b52b2e2dc2739d65f0c40ec156cc6af34cb34da6684ed95940e70d9f027","45"
"runs/phase5-interleaved-bp-seed-20261301-20260920_155456_990/provengo_project/products/internal/artifacts/1/1/62.txt","d339b85d9b2cbd459f166630dcce26127a11ad6338f0642f6e040958be095882","1207"
"runs/phase5-interleaved-bp-seed-20261301-20260920_155456_990/provengo_project/products/internal/artifacts/1/1/63.json","b9131789a421da1e9a2f42e48be87bcf64196bdcdf0401052da9cdff2dbb16dc","867"
"runs/phase5-interleaved-bp-seed-20261301-20260920_155456_990/provengo_project/products/internal/artifacts/1/1/64.txt","fd57ee3d229aa52a01e195fa29e1f17470fddca54529f18759ec2808a029dd73","137"
"runs/phase5-interleaved-bp-seed-20261301-20260920_155456_990/provengo_project/products/internal/artifacts/1/1/65.txt","0bfc5c879330d33202c2bae4d1566f873c0e7390ee42f9adc69d8c037544fcaf","471"
"runs/phase5-interleaved-bp-seed-20261301-20260920_155456_990/provengo_project/products/internal/artifacts/1/1/66.json","83fb10dbcba81d2e07f0acfe5f098e933987caa423029c3fe6f0dd1eec19447e","227"
"runs/phase5-interleaved-bp-seed-20261301-20260920_155456_990/provengo_project/products/internal/artifacts/1/1/67.txt","a8a00d2219cec49164f42bfce02700867fe22d6c658c538034cc020577d276bd","45"
"runs/phase5-interleaved-bp-seed-20261301-20260920_155456_990/provengo_project/products/internal/artifacts/1/1/68.txt","d79921c3161796455639513259e80feb92972ca93cbebd2ac7b125baaf90f749","2392"
"runs/phase5-interleaved-bp-seed-20261301-20260920_155456_990/provengo_project/products/internal/artifacts/1/1/69.json","4425af8907bdd765d0aff92060fb2f1ff967a0a6868dd3e39b25bbe05362b15b","2051"
"runs/phase5-interleaved-bp-seed-20261301-20260920_155456_990/provengo_project/products/internal/artifacts/1/1/7.txt","d3a731b0cfe3b815694eac2a0c7f21715db1f4bcb19f84edb201d5c9a09bedd5","110"
"runs/phase5-interleaved-bp-seed-20261301-20260920_155456_990/provengo_project/products/internal/artifacts/1/1/70.txt","7fc17b52b2e2dc2739d65f0c40ec156cc6af34cb34da6684ed95940e70d9f027","45"
"runs/phase5-interleaved-bp-seed-20261301-20260920_155456_990/provengo_project/products/internal/artifacts/1/1/71.txt","6db0754fe4452bf63a9a0ec2633a0816d206b6d0db4e04ddc90084f30169fae1","1804"
"runs/phase5-interleaved-bp-seed-20261301-20260920_155456_990/provengo_project/products/internal/artifacts/1/1/72.json","d7f98a3a3673cec054718d0671f19b19b8a2c601c67e7633d8591aa4ca946b4d","1463"
"runs/phase5-interleaved-bp-seed-20261301-20260920_155456_990/provengo_project/products/internal/artifacts/1/1/73.txt","a0e58580dc77d236544d2e05aa73343568a2871b800423c6abad0a4845feccff","134"
"runs/phase5-interleaved-bp-seed-20261301-20260920_155456_990/provengo_project/products/internal/artifacts/1/1/74.txt","5eb99789b27bc311f73e955cc9d0444d4d400290c5576b63fb9638fbd6c6ae95","469"
"runs/phase5-interleaved-bp-seed-20261301-20260920_155456_990/provengo_project/products/internal/artifacts/1/1/75.json","a104a5d6d61783936351df897b2e9fb507c7a2888f512d898c2883ce1e4c9352","225"
"runs/phase5-interleaved-bp-seed-20261301-20260920_155456_990/provengo_project/products/internal/artifacts/1/1/76.txt","7fc17b52b2e2dc2739d65f0c40ec156cc6af34cb34da6684ed95940e70d9f027","45"
"runs/phase5-interleaved-bp-seed-20261301-20260920_155456_990/provengo_project/products/internal/artifacts/1/1/77.txt","e6197556e780c9316d2effc4e47961f94a23c447dd816f4906906ec0eb66aaa3","2401"
"runs/phase5-interleaved-bp-seed-20261301-20260920_155456_990/provengo_project/products/internal/artifacts/1/1/78.json","9d8bf109c7d06a1b2cfdf837452dd20740bd79c3c1da1a64ebf9864555bbc063","2060"
"runs/phase5-interleaved-bp-seed-20261301-20260920_155456_990/provengo_project/products/internal/artifacts/1/1/79.txt","f0b6fd2cd6f62f113c8c1d2249077da2215557430ad81ccfc99c7fb966a0eeaf","45"
"runs/phase5-interleaved-bp-seed-20261301-20260920_155456_990/provengo_project/products/internal/artifacts/1/1/8.txt","6b0fb09ace8479ccc15956a201ccceb271c65023f4f6fd824c73cc4a08a36baf","953"
"runs/phase5-interleaved-bp-seed-20261301-20260920_155456_990/provengo_project/products/internal/artifacts/1/1/80.txt","2fb97da6ed8583803b59328f53943370c58c6a87d1002c43e41284ee8f9c3bce","1804"
"runs/phase5-interleaved-bp-seed-20261301-20260920_155456_990/provengo_project/products/internal/artifacts/1/1/81.json","0f5e2e7855e8e0522ac89ea88e0879c432c2c6057b6ca7d70d22d11c8e0fe8a9","1463"
"runs/phase5-interleaved-bp-seed-20261301-20260920_155456_990/provengo_project/products/internal/artifacts/1/1/82.txt","02db84fddfff7a5716ccc412f7e81a0c2f9f79749a1d3df60aa2d0644b9c2265","138"
"runs/phase5-interleaved-bp-seed-20261301-20260920_155456_990/provengo_project/products/internal/artifacts/1/1/83.txt","64fb6f9d30ee02f7cac9eca3cf9799a6e608e74132f88b6a6804065c7e6c4447","473"
"runs/phase5-interleaved-bp-seed-20261301-20260920_155456_990/provengo_project/products/internal/artifacts/1/1/84.json","ed752057d070c3a702e6bc90c5a2d514feca80fcb00610c38b4b1f1198cb0bcc","229"
"runs/phase5-interleaved-bp-seed-20261301-20260920_155456_990/provengo_project/products/internal/artifacts/1/1/85.txt","f0b6fd2cd6f62f113c8c1d2249077da2215557430ad81ccfc99c7fb966a0eeaf","45"
"runs/phase5-interleaved-bp-seed-20261301-20260920_155456_990/provengo_project/products/internal/artifacts/1/1/86.txt","6aaf9d073dd94babf17d916d072d4b26459f30bd56268e208849d897d20fee9d","2405"
"runs/phase5-interleaved-bp-seed-20261301-20260920_155456_990/provengo_project/products/internal/artifacts/1/1/87.json","a0d780381e55fbad6ffb847044b52f7757f1012f8d6be7e8fa256942fada139c","2064"
"runs/phase5-interleaved-bp-seed-20261301-20260920_155456_990/provengo_project/products/internal/artifacts/1/1/88.txt","0766308ae342ff0b728ad6e8e986634fc9bbf73f5b0388903158e782f21a2747","45"
"runs/phase5-interleaved-bp-seed-20261301-20260920_155456_990/provengo_project/products/internal/artifacts/1/1/89.txt","52db84ba38f2fb9a932ae806cd2d780f10712d9eb18217bd68fa277458baa201","1807"
"runs/phase5-interleaved-bp-seed-20261301-20260920_155456_990/provengo_project/products/internal/artifacts/1/1/9.json","f9b4e2d1750dc778dce98233c371009a32746c461d4ca432d7f3a62cf73e5c69","709"
"runs/phase5-interleaved-bp-seed-20261301-20260920_155456_990/provengo_project/products/internal/artifacts/1/1/90.json","9175182515ab100538bfda331b152522691abbc2d0fbd7b09652aef088bdbcf3","1466"
"runs/phase5-interleaved-bp-seed-20261301-20260920_155456_990/provengo_project/products/internal/artifacts/1/1/91.txt","23b8ff61f966bf89397a28ab344a1e72c6c911a4c521d0e38b73c032f6f31fec","137"
"runs/phase5-interleaved-bp-seed-20261301-20260920_155456_990/provengo_project/products/internal/artifacts/1/1/92.txt","5a2947e68f66e6ee24c04f14b013fc8a578772b1d8f4a665d21750fe1cc13bed","472"
"runs/phase5-interleaved-bp-seed-20261301-20260920_155456_990/provengo_project/products/internal/artifacts/1/1/93.json","57e60cbc35633444d90298bf5808e52d6663394b025446c0b1b069c79f83b054","228"
"runs/phase5-interleaved-bp-seed-20261301-20260920_155456_990/provengo_project/products/internal/artifacts/1/1/94.txt","0766308ae342ff0b728ad6e8e986634fc9bbf73f5b0388903158e782f21a2747","45"
"runs/phase5-interleaved-bp-seed-20261301-20260920_155456_990/provengo_project/products/internal/artifacts/1/1/95.txt","34ed0c8978dfd26ae223187f60d8c1dcfda684a701ed28c94e8b887f4eb9b58f","2391"
"runs/phase5-interleaved-bp-seed-20261301-20260920_155456_990/provengo_project/products/internal/artifacts/1/1/96.json","c162ebf48617ed057176cf4cf4a72ddb49922f8d217b5f4df55dbd3cd8e19edf","2050"
"runs/phase5-interleaved-bp-seed-20261301-20260920_155456_990/provengo_project/products/internal/artifacts/1/1/97.txt","3c843cda3af817e7209fd6ca3f3d606dec86708d7585cf0a9de881dd148ac1d6","45"
"runs/phase5-interleaved-bp-seed-20261301-20260920_155456_990/provengo_project/products/internal/artifacts/1/1/98.txt","4e78dfea365548b76a37c5619e5072cb37e3aa7224d16a176a7f7f51496c31d4","1807"
"runs/phase5-interleaved-bp-seed-20261301-20260920_155456_990/provengo_project/products/internal/artifacts/1/1/99.json","c79cb21ff993d209937b1d458174ebfb27a84bd01e4df577f2cf7adaf9ec909b","1466"
"runs/phase5-interleaved-bp-seed-20261301-20260920_155456_990/provengo_project/products/internal/runs-db.db","24e677f489635e0d5d70b79a80a26115d5897bea2442e1d5cf1625ff015e0721","36564992"
"runs/phase5-interleaved-bp-seed-20261301-20260920_155456_990/provengo_project/README.md","af520a135c0b6ae34addfada2995a2006a7b0fb05c1cf324a79d583ed2500832","3985"
"runs/phase5-interleaved-bp-seed-20261301-20260920_155456_990/provengo_project/spec/js/disabled/hello-world.js","86253af6bc213bec40e9dc0f3c6d03134a32c1b31c0a618d77afbe9ad15b8cdd","1383"
"runs/phase5-interleaved-bp-seed-20261301-20260920_155456_990/provengo_project/spec/js/interfaces.vikunja.js","db759926b95b633393175e0472a59bef6da85184ab4f6cce510c59a26ee0e803","56359"
"runs/phase5-interleaved-bp-seed-20261301-20260920_155456_990/provengo_project/spec/js/stories.vikunja.js","68e18faf9a574f631f21a8fdd59682bb8cfc61a3cf108871c1c0a242f681ee2c","56645"
"runs/phase5-interleaved-bp-seed-20261301-20260920_155456_990/provengo-create.log","8c790086d47a309e9b66934447eac0dca86683e5ef13e0e4c08461e9e8f1250b","1218"
"runs/phase5-interleaved-bp-seed-20261301-20260920_155456_990/provengo-run.log","af73eac47ce65c402dde2157794a770119b24751ac07dd30b020576f47187aae","158386"
"runs/phase5-interleaved-bp-seed-20261301-20260920_155456_990/proxy.stderr.log","e3b0c44298fc1c149afbf4c8996fb92427ae41e4649b934ca495991b7852b855","0"
"runs/phase5-interleaved-bp-seed-20261301-20260920_155456_990/proxy.stdout.log","3e9637744efb4ab698c24160de5114f08dad58e2ed8ca2d3342c0306f2754d3c","84"
"runs/phase5-interleaved-bp-seed-20261301-20260920_155456_990/run-metadata.json","25103fa0660d47d1cf5438ba4f73f33dfcd59f85170f20b126a1d46e07cd766f","796"
"runs/phase5-interleaved-bp-seed-20261302-20260920_155951_466/http-trace.jsonl","a09d9b3095093763cb6b0555b9f0249f53fece18ef373f86815c2dbd181ede3d","90945"
"runs/phase5-interleaved-bp-seed-20261302-20260920_155951_466/phase5-interleaved-bp-evaluation.json","a024e757822ba1b758a85d6e6ef5e31a4513dd2d24bbf7efd9a086680a8b15f9","1144"
"runs/phase5-interleaved-bp-seed-20261302-20260920_155951_466/post-delete-probe.json","8d46abf9359883e0d1e2b4ead48fa9798b667da52568189a3edf0c746cd61927","401"
"runs/phase5-interleaved-bp-seed-20261302-20260920_155951_466/provengo_project/.gitignore","f09e023c25978720ed9122360581f2fca50cb612504daed3337ab662e7106366","32"
"runs/phase5-interleaved-bp-seed-20261302-20260920_155951_466/provengo_project/.vscode/mcp.json","6e0a0c795dc197f1d4e07744a4e361e7cf92d6a2f5d276d0f1d5ce31f35169fb","143"
"runs/phase5-interleaved-bp-seed-20261302-20260920_155951_466/provengo_project/config/provengo.yml","172d59431475ba56c192df94b270f8d71e618b53c62c45beace120ee769cd8a3","1260"
"runs/phase5-interleaved-bp-seed-20261302-20260920_155951_466/provengo_project/data/data.js","55e30a0929c59d9578c5695169b772d147c20b0ad8a7d556eb38c4defd8404b7","131"
"runs/phase5-interleaved-bp-seed-20261302-20260920_155951_466/provengo_project/meta-spec/book-writer.js","977303cc03f87fd6561e4435e4cbbb34c85559a94b7aacefdbe9c71b0cb5ac42","3926"
"runs/phase5-interleaved-bp-seed-20261302-20260920_155951_466/provengo_project/meta-spec/ensemble-code.js","7e9e842a753bf38111af0cbfbf1bdaf8b88602fd620ff5fdd919fe8d23f45ab5","2692"
"runs/phase5-interleaved-bp-seed-20261302-20260920_155951_466/provengo_project/meta-spec/scenario-metadata.js","53f129542f1903bf3f7c2ef55914c0df227d58111a71c7c6053d40792b79cd65","479"
"runs/phase5-interleaved-bp-seed-20261302-20260920_155951_466/provengo_project/meta-spec/script-writer.js","f197d272e5524bd0b4ab1f59289b300232c7a8ebc060f8ffeba993fc7eaae0f9","3034"
"runs/phase5-interleaved-bp-seed-20261302-20260920_155951_466/provengo_project/products/internal/artifacts/1/1/1.txt","dae5fd38e469c93590d018f5a3ad1711d51a76c842562c89b7de779d28dfad38","101"
"runs/phase5-interleaved-bp-seed-20261302-20260920_155951_466/provengo_project/products/internal/artifacts/1/1/10.txt","6f92f7757e864a8aea28afa048c4dfc502ca890e48ee83e43a25cfd0f3f4acd0","110"
"runs/phase5-interleaved-bp-seed-20261302-20260920_155951_466/provengo_project/products/internal/artifacts/1/1/100.txt","c4c88e2c32ece14d6e999a5c0264d724eb7e01d8b4dcecec2c4dba31b62146b3","45"
"runs/phase5-interleaved-bp-seed-20261302-20260920_155951_466/provengo_project/products/internal/artifacts/1/1/101.txt","36f51c31e62ccc96bed8e79f67df00beb285f291e5eead5a1b91fed2eda50ece","2405"
"runs/phase5-interleaved-bp-seed-20261302-20260920_155951_466/provengo_project/products/internal/artifacts/1/1/102.json","0f7be9073dd8b735c28e999bdcaa261a89244ab212445202ea3155f4bead34c8","2064"
"runs/phase5-interleaved-bp-seed-20261302-20260920_155951_466/provengo_project/products/internal/artifacts/1/1/103.txt","368fef6193f6291989e7457961506fb0c50937e722d1e8811c5bebf37b2a8552","45"
"runs/phase5-interleaved-bp-seed-20261302-20260920_155951_466/provengo_project/products/internal/artifacts/1/1/104.txt","66353907f28e4d303be8ec89dff85e135382c9bb5c7a7967263be4ac62661ab9","1803"
"runs/phase5-interleaved-bp-seed-20261302-20260920_155951_466/provengo_project/products/internal/artifacts/1/1/105.json","0f872d582c86e7b8bfa363802c26026c113a048511fb09dabb9c6397a3c28be4","1462"
"runs/phase5-interleaved-bp-seed-20261302-20260920_155951_466/provengo_project/products/internal/artifacts/1/1/106.txt","9aa71c046002f5b9b58fa08e0c0769a584376c15f5fc5fa9260b78841fdc8259","134"
"runs/phase5-interleaved-bp-seed-20261302-20260920_155951_466/provengo_project/products/internal/artifacts/1/1/107.txt","19bb4bad80f7643f60b38d137ec85348c43a9412910a5be212f84c12828b14d4","469"
"runs/phase5-interleaved-bp-seed-20261302-20260920_155951_466/provengo_project/products/internal/artifacts/1/1/108.json","ddcb1b0ca2d8242b751126d8a54dbfe2a99227f99abc59eab5b3c1771ba0f44d","225"
"runs/phase5-interleaved-bp-seed-20261302-20260920_155951_466/provengo_project/products/internal/artifacts/1/1/109.txt","368fef6193f6291989e7457961506fb0c50937e722d1e8811c5bebf37b2a8552","45"
"runs/phase5-interleaved-bp-seed-20261302-20260920_155951_466/provengo_project/products/internal/artifacts/1/1/11.txt","6c2258de011119b245ae62706c07e5b32cab9925fc26d552e0cd85d90f00c06b","953"
"runs/phase5-interleaved-bp-seed-20261302-20260920_155951_466/provengo_project/products/internal/artifacts/1/1/110.txt","85072be9344012b97e2bd15c20b6ecc7f011115190380196ecc74f80a8465302","2388"
"runs/phase5-interleaved-bp-seed-20261302-20260920_155951_466/provengo_project/products/internal/artifacts/1/1/111.json","2c7dc61d4df4f66d80d17b9f4d63b567451b3ed4a85b04621651fa3f1cf86544","2047"
"runs/phase5-interleaved-bp-seed-20261302-20260920_155951_466/provengo_project/products/internal/artifacts/1/1/112.txt","d70f6646e609a90aa2170aa9c4345de3cab2ee656b8c601f68f677cd23a9a3c6","45"
"runs/phase5-interleaved-bp-seed-20261302-20260920_155951_466/provengo_project/products/internal/artifacts/1/1/113.txt","f9f347a1af3f57e1c714fe40b827e67806adc4a09923b10634ba6ec207c0d26f","1805"
"runs/phase5-interleaved-bp-seed-20261302-20260920_155951_466/provengo_project/products/internal/artifacts/1/1/114.json","33b4eeaf84b4b28a2e07231c95d9133ba288435f7f7c8b691178f0d1d64770a4","1464"
"runs/phase5-interleaved-bp-seed-20261302-20260920_155951_466/provengo_project/products/internal/artifacts/1/1/115.txt","a96457d9737efff971f6c26b77eefa918ed811f7749ce13f4352b6cfd0eef9ab","104"
"runs/phase5-interleaved-bp-seed-20261302-20260920_155951_466/provengo_project/products/internal/artifacts/1/1/116.txt","8df34cba8ebfc0c0835710f1fa917bf9d69b6f77f6fa42f7665bbfcd0a2d36f0","210"
"runs/phase5-interleaved-bp-seed-20261302-20260920_155951_466/provengo_project/products/internal/artifacts/1/1/117.txt","e3b0c44298fc1c149afbf4c8996fb92427ae41e4649b934ca495991b7852b855","0"
"runs/phase5-interleaved-bp-seed-20261302-20260920_155951_466/provengo_project/products/internal/artifacts/1/1/118.txt","3ac8e39ff8a2291a327e43a1a105c4d327f3325014cdcab62e3e99b4193ab520","101"
"runs/phase5-interleaved-bp-seed-20261302-20260920_155951_466/provengo_project/products/internal/artifacts/1/1/119.txt","25447b66ae1d3da5a61c063965bd93c69dca48aaf88c84e3ec172d0dc0faef13","210"
"runs/phase5-interleaved-bp-seed-20261302-20260920_155951_466/provengo_project/products/internal/artifacts/1/1/12.json","d124173dac395e987a8c8b5f38ad5f45e35d77d48d4f402a29aca1f19030ef3d","709"
"runs/phase5-interleaved-bp-seed-20261302-20260920_155951_466/provengo_project/products/internal/artifacts/1/1/120.txt","e3b0c44298fc1c149afbf4c8996fb92427ae41e4649b934ca495991b7852b855","0"
"runs/phase5-interleaved-bp-seed-20261302-20260920_155951_466/provengo_project/products/internal/artifacts/1/1/121.txt","1e1f86b5950bb37fd0d801102bdfcefa3d49b8a1082e2ab0d82d9d876dd6323a","101"
"runs/phase5-interleaved-bp-seed-20261302-20260920_155951_466/provengo_project/products/internal/artifacts/1/1/122.txt","dfc773aa2a987e0770e603dd40980c84178cb77a5866d66c27f63dd781ff9b74","210"
"runs/phase5-interleaved-bp-seed-20261302-20260920_155951_466/provengo_project/products/internal/artifacts/1/1/123.txt","e3b0c44298fc1c149afbf4c8996fb92427ae41e4649b934ca495991b7852b855","0"
"runs/phase5-interleaved-bp-seed-20261302-20260920_155951_466/provengo_project/products/internal/artifacts/1/1/124.txt","37f51a9c1716eea525eb41099ba928f10c7141b06a2811d8b58104e62df6027e","105"
"runs/phase5-interleaved-bp-seed-20261302-20260920_155951_466/provengo_project/products/internal/artifacts/1/1/125.txt","4f21bba7a30a636ffd4b515eef13c2b270f3215918b276c6beecd1ea4d241578","210"
"runs/phase5-interleaved-bp-seed-20261302-20260920_155951_466/provengo_project/products/internal/artifacts/1/1/126.txt","e3b0c44298fc1c149afbf4c8996fb92427ae41e4649b934ca495991b7852b855","0"
"runs/phase5-interleaved-bp-seed-20261302-20260920_155951_466/provengo_project/products/internal/artifacts/1/1/127.txt","cc8f39dc9f7c3f2200bf42ef5851731f729307dfce13f2d17bfa99d6eac9a0e5","102"
"runs/phase5-interleaved-bp-seed-20261302-20260920_155951_466/provengo_project/products/internal/artifacts/1/1/128.txt","fedd2d433bcdc9d376005d77cf0b43a24c3d7d4aea34474533d8a7686d1128f9","210"
"runs/phase5-interleaved-bp-seed-20261302-20260920_155951_466/provengo_project/products/internal/artifacts/1/1/129.txt","e3b0c44298fc1c149afbf4c8996fb92427ae41e4649b934ca495991b7852b855","0"
"runs/phase5-interleaved-bp-seed-20261302-20260920_155951_466/provengo_project/products/internal/artifacts/1/1/13.txt","39fd725226196486fff2f8abee366d2025b1e23b3e481e47903327c2e4020c8b","110"
"runs/phase5-interleaved-bp-seed-20261302-20260920_155951_466/provengo_project/products/internal/artifacts/1/1/130.txt","fdf3bdb6da88cff2caf93387364891463b9ffc0933533ae3a7de473e894f138d","45"
"runs/phase5-interleaved-bp-seed-20261302-20260920_155951_466/provengo_project/products/internal/artifacts/1/1/131.txt","6e61a01ef7004d756b514a30b4a4a2c23694a5c7bb822048535375a77308ef5f","1207"
"runs/phase5-interleaved-bp-seed-20261302-20260920_155951_466/provengo_project/products/internal/artifacts/1/1/132.json","66245dd654916e71b0929589ec23bed82151456b71209462392d6258d6092260","867"
"runs/phase5-interleaved-bp-seed-20261302-20260920_155951_466/provengo_project/products/internal/artifacts/1/1/133.txt","1668580cb9506b6af059c53e60342c94eecc55c9101316028e123ada3e264769","45"
"runs/phase5-interleaved-bp-seed-20261302-20260920_155951_466/provengo_project/products/internal/artifacts/1/1/134.txt","3a88d0e824051f73df9ab88cf2cb8d8754df9affe750faeeeeed5788109e64bc","1207"
"runs/phase5-interleaved-bp-seed-20261302-20260920_155951_466/provengo_project/products/internal/artifacts/1/1/135.json","f13680ae3352db4846038e969ca76e3273d178335f12e2f0ee33e3e00e27b790","867"
"runs/phase5-interleaved-bp-seed-20261302-20260920_155951_466/provengo_project/products/internal/artifacts/1/1/136.txt","400c6e89cf46dc124feb9d0cffdbafbff4c6a5bfcb8dde215bed7bca481a998e","101"
"runs/phase5-interleaved-bp-seed-20261302-20260920_155951_466/provengo_project/products/internal/artifacts/1/1/137.txt","24ef4b89464408249b4e7592d03badf6d4dc6c2890654d80c5bf17000b0f1ede","210"
"runs/phase5-interleaved-bp-seed-20261302-20260920_155951_466/provengo_project/products/internal/artifacts/1/1/138.txt","e3b0c44298fc1c149afbf4c8996fb92427ae41e4649b934ca495991b7852b855","0"
"runs/phase5-interleaved-bp-seed-20261302-20260920_155951_466/provengo_project/products/internal/artifacts/1/1/139.txt","36d04c39f8e2bd07e7e588095438aa2fdc2330e442b4dc5df25b19da45efee30","104"
"runs/phase5-interleaved-bp-seed-20261302-20260920_155951_466/provengo_project/products/internal/artifacts/1/1/14.txt","6f9afae7e45fe152feff6d492c8ce41e925d624ae729539205d57dfcc82517bc","953"
"runs/phase5-interleaved-bp-seed-20261302-20260920_155951_466/provengo_project/products/internal/artifacts/1/1/140.txt","a717b7559007160e2407e01d99c58075ba9efa866fc8b9254555ff9f2ff50a51","210"
"runs/phase5-interleaved-bp-seed-20261302-20260920_155951_466/provengo_project/products/internal/artifacts/1/1/141.txt","e3b0c44298fc1c149afbf4c8996fb92427ae41e4649b934ca495991b7852b855","0"
"runs/phase5-interleaved-bp-seed-20261302-20260920_155951_466/provengo_project/products/internal/artifacts/1/1/142.txt","2f8604510fc93a9db78f614df801a8e23b4b885c19b8804f18e051e976b6e562","45"
"runs/phase5-interleaved-bp-seed-20261302-20260920_155951_466/provengo_project/products/internal/artifacts/1/1/143.txt","2714c0e8547eccf2e615f04361ea690323dadfbc7e44d11d6c204e8050fba378","1207"
"runs/phase5-interleaved-bp-seed-20261302-20260920_155951_466/provengo_project/products/internal/artifacts/1/1/144.json","9891b08ebbaeedd1784588a3139cf5d30f387078a108da958711308cb84efe5f","867"
"runs/phase5-interleaved-bp-seed-20261302-20260920_155951_466/provengo_project/products/internal/artifacts/1/1/145.txt","c4f754d7fcde8b4d5c8b1a42051202f1cedbdc84df551557334eebac110bd969","137"
"runs/phase5-interleaved-bp-seed-20261302-20260920_155951_466/provengo_project/products/internal/artifacts/1/1/146.txt","45894659d6bd94457a94417cb812c95270ed53188856ed47fbbdde640c5ab993","472"
"runs/phase5-interleaved-bp-seed-20261302-20260920_155951_466/provengo_project/products/internal/artifacts/1/1/147.json","9fb6e002884c3f453be5867b92c105574f737fe12e1e5721896d4156cc83d0d9","228"
"runs/phase5-interleaved-bp-seed-20261302-20260920_155951_466/provengo_project/products/internal/artifacts/1/1/148.txt","c4c88e2c32ece14d6e999a5c0264d724eb7e01d8b4dcecec2c4dba31b62146b3","45"
"runs/phase5-interleaved-bp-seed-20261302-20260920_155951_466/provengo_project/products/internal/artifacts/1/1/149.txt","03733759e4887a4f1e9fc4da568a6afd8fbf2e13c2b490a1d65e384623b3caf6","1807"
"runs/phase5-interleaved-bp-seed-20261302-20260920_155951_466/provengo_project/products/internal/artifacts/1/1/15.json","5b969d9ede0ceddd1258a9baba218821d721ea23266304dc027db46e23dadf3f","709"
"runs/phase5-interleaved-bp-seed-20261302-20260920_155951_466/provengo_project/products/internal/artifacts/1/1/150.json","50579f8a47d8c7ee07aa0f25a74701aa71702970b86ec061c06be2eb0d61c660","1466"
"runs/phase5-interleaved-bp-seed-20261302-20260920_155951_466/provengo_project/products/internal/artifacts/1/1/151.txt","368fef6193f6291989e7457961506fb0c50937e722d1e8811c5bebf37b2a8552","45"
"runs/phase5-interleaved-bp-seed-20261302-20260920_155951_466/provengo_project/products/internal/artifacts/1/1/152.txt","46b6ef06288788f156ddaa17c91312297240a9faa0f33e44845ea2b3ce255494","1207"
"runs/phase5-interleaved-bp-seed-20261302-20260920_155951_466/provengo_project/products/internal/artifacts/1/1/153.json","426db96bea63239e92f49444176f3c8f04c99e6004a30aa21d722306fe1ce08b","867"
"runs/phase5-interleaved-bp-seed-20261302-20260920_155951_466/provengo_project/products/internal/artifacts/1/1/154.txt","943c13b5fcb19079d2bbb3c3a1b2a9cf3d2d049a7f7ba99424617c3592684c88","134"
"runs/phase5-interleaved-bp-seed-20261302-20260920_155951_466/provengo_project/products/internal/artifacts/1/1/155.txt","43da2321357c15f028dcabe3e8a9501634a9164fff97a16a052d5aa694cf625e","469"
"runs/phase5-interleaved-bp-seed-20261302-20260920_155951_466/provengo_project/products/internal/artifacts/1/1/156.json","c15653438dd573991fc3979d8b66821eb6a5d8e817f3f6f3b94e71fd2dbb35ef","225"
"runs/phase5-interleaved-bp-seed-20261302-20260920_155951_466/provengo_project/products/internal/artifacts/1/1/157.txt","74fc5bb6f4962ccca8930329b0993b769a63bf58ff27c5ec81b6a331453e037f","45"
"runs/phase5-interleaved-bp-seed-20261302-20260920_155951_466/provengo_project/products/internal/artifacts/1/1/158.txt","3f082a57513adf64674861d73497c3dd9187f681ce8f4207a32f11867e6d314b","1207"
"runs/phase5-interleaved-bp-seed-20261302-20260920_155951_466/provengo_project/products/internal/artifacts/1/1/159.json","98fb782b5a4d90fbd26f52d58386156f90ff9a58568518df825617582695d82e","867"
"runs/phase5-interleaved-bp-seed-20261302-20260920_155951_466/provengo_project/products/internal/artifacts/1/1/16.txt","d70f6646e609a90aa2170aa9c4345de3cab2ee656b8c601f68f677cd23a9a3c6","45"
"runs/phase5-interleaved-bp-seed-20261302-20260920_155951_466/provengo_project/products/internal/artifacts/1/1/160.txt","9aa71c046002f5b9b58fa08e0c0769a584376c15f5fc5fa9260b78841fdc8259","134"
"runs/phase5-interleaved-bp-seed-20261302-20260920_155951_466/provengo_project/products/internal/artifacts/1/1/161.txt","ab09561530daf62bfb81c631a9fe3269e02b9061affaa18997aee4596a77306c","469"
"runs/phase5-interleaved-bp-seed-20261302-20260920_155951_466/provengo_project/products/internal/artifacts/1/1/162.json","4e2bcba988a8e07aa9034cfc594b615c855d4e8566fcae02d6d5083ee7a2a850","225"
"runs/phase5-interleaved-bp-seed-20261302-20260920_155951_466/provengo_project/products/internal/artifacts/1/1/163.txt","b130d6fef9198f57c1f4fbcea346b7c7a17ad83063219c1c8ce3841afff0103f","45"
"runs/phase5-interleaved-bp-seed-20261302-20260920_155951_466/provengo_project/products/internal/artifacts/1/1/164.txt","463bf71c89a37b42c7788fb62eac5f14ef2bb76a23e930530245a852bd7c9990","1207"
"runs/phase5-interleaved-bp-seed-20261302-20260920_155951_466/provengo_project/products/internal/artifacts/1/1/165.json","59374f73e75e3516a82dd4b94d72ef5a110fdf103527a12742f1ef6a5faeca36","867"
"runs/phase5-interleaved-bp-seed-20261302-20260920_155951_466/provengo_project/products/internal/artifacts/1/1/166.txt","cc5b9a05eb99639df8f77a550cc5fdbd8bdbf618832eed60cde9578eed9d3fe6","134"
"runs/phase5-interleaved-bp-seed-20261302-20260920_155951_466/provengo_project/products/internal/artifacts/1/1/167.txt","ca6a863a5a49961959ab0d546c5925662bcb6ab1ca72eae09c83da77bac63d39","469"
"runs/phase5-interleaved-bp-seed-20261302-20260920_155951_466/provengo_project/products/internal/artifacts/1/1/168.json","f7fd95ec9ef1dc62a698207bb7fab50368333945cb287694ca752aa4a287dc4e","225"
"runs/phase5-interleaved-bp-seed-20261302-20260920_155951_466/provengo_project/products/internal/artifacts/1/1/169.txt","a472c1a06f05531373740964d49cc6e0c310bb003ac00cc5629a5d7c957813f9","112"
"runs/phase5-interleaved-bp-seed-20261302-20260920_155951_466/provengo_project/products/internal/artifacts/1/1/17.txt","0b4aa0cb85d7ee21f1f4421facc56acc76cf7f4bdfa9e09c5ead4733345a08e7","1207"
"runs/phase5-interleaved-bp-seed-20261302-20260920_155951_466/provengo_project/products/internal/artifacts/1/1/170.txt","92d76b1242d6611c2bcaaa734a91ba74524d5f5940ffd416541dd0c87f65c58f","836"
"runs/phase5-interleaved-bp-seed-20261302-20260920_155951_466/provengo_project/products/internal/artifacts/1/1/171.json","be34525c4bd939e62f2c73f248220235d4446f04bdba521dda41691fdf9d52c2","592"
"runs/phase5-interleaved-bp-seed-20261302-20260920_155951_466/provengo_project/products/internal/artifacts/1/1/172.txt","c741b53469873fe0b6e276a90e6e744431e6941195ffeb0b521150b9be6d4e1c","111"
"runs/phase5-interleaved-bp-seed-20261302-20260920_155951_466/provengo_project/products/internal/artifacts/1/1/173.txt","04452e8ec0b6ac047656a67be4c8f4360628743a6ec13297c5bd79814e6842f5","835"
"runs/phase5-interleaved-bp-seed-20261302-20260920_155951_466/provengo_project/products/internal/artifacts/1/1/174.json","0d8e2455671eb5c89cae1c1b79c77477e4c436e647c0fba5d093626d7aeeda7a","591"
"runs/phase5-interleaved-bp-seed-20261302-20260920_155951_466/provengo_project/products/internal/artifacts/1/1/175.txt","1dca843628004947720400980522ce39a6d39c9f018ef8f5f8e7d0f6c2428fda","112"
"runs/phase5-interleaved-bp-seed-20261302-20260920_155951_466/provengo_project/products/internal/artifacts/1/1/176.txt","a14f7388bdf6a912ad2732858725488d41950adf409ed2de5210c09e12b8aeba","836"
"runs/phase5-interleaved-bp-seed-20261302-20260920_155951_466/provengo_project/products/internal/artifacts/1/1/177.json","79d4688940b08e9965bf51370ec66a01952ab1e1a3b3081162e08826e3dd576b","592"
"runs/phase5-interleaved-bp-seed-20261302-20260920_155951_466/provengo_project/products/internal/artifacts/1/1/178.txt","455f210e01fcaeb5d080163e477857f87c38f89f473fc23e7a373624fa4de122","112"
"runs/phase5-interleaved-bp-seed-20261302-20260920_155951_466/provengo_project/products/internal/artifacts/1/1/179.txt","8990495030241ddd45df84e12f527b9bb1dcf1ae738cc8e8a50905b59c19ead5","836"
"runs/phase5-interleaved-bp-seed-20261302-20260920_155951_466/provengo_project/products/internal/artifacts/1/1/18.json","8bdf3ab49923637be3ae3b51954b91d15dfc34bc60d3d81408238dac37026142","867"
"runs/phase5-interleaved-bp-seed-20261302-20260920_155951_466/provengo_project/products/internal/artifacts/1/1/180.json","518964a6014a59a7db39a826f7cf1c6ebb0f63ba393b9436cdfbb240085488ac","592"
"runs/phase5-interleaved-bp-seed-20261302-20260920_155951_466/provengo_project/products/internal/artifacts/1/1/181.txt","c4c88e2c32ece14d6e999a5c0264d724eb7e01d8b4dcecec2c4dba31b62146b3","45"
"runs/phase5-interleaved-bp-seed-20261302-20260920_155951_466/provengo_project/products/internal/artifacts/1/1/182.txt","2b53d234ba2c0c0e10f4634feccebf1378d1efb5ab0c19f5e44b58f9072f66f8","1806"
"runs/phase5-interleaved-bp-seed-20261302-20260920_155951_466/provengo_project/products/internal/artifacts/1/1/183.json","8377f1f9160761a2f34924f110abc768b6f01b3175a2bc11c72b81709b47ac7c","1465"
"runs/phase5-interleaved-bp-seed-20261302-20260920_155951_466/provengo_project/products/internal/artifacts/1/1/184.txt","1822f6e166d66c5645de9f7339a58533be5db1f0bd8646c5d198f59423938335","112"
"runs/phase5-interleaved-bp-seed-20261302-20260920_155951_466/provengo_project/products/internal/artifacts/1/1/185.txt","73bad13fb61ab3e36e43c3311ae2668121bce9e6d18082fbfe74f79b324d89e5","836"
"runs/phase5-interleaved-bp-seed-20261302-20260920_155951_466/provengo_project/products/internal/artifacts/1/1/186.json","53ded601abfbcc19fa9a3e22b78b784df2b0e14c7305fc576d33277e3efe0758","592"
"runs/phase5-interleaved-bp-seed-20261302-20260920_155951_466/provengo_project/products/internal/artifacts/1/1/187.txt","08be1658da30ce97a72dbd3509b35d317fb28ee0028a56561ee25ac9f2118c50","112"
"runs/phase5-interleaved-bp-seed-20261302-20260920_155951_466/provengo_project/products/internal/artifacts/1/1/188.txt","228b23b7ff93b4b634daf85c11b60079f5e5521e7eb7de52f2a0aa90be6e4773","836"
"runs/phase5-interleaved-bp-seed-20261302-20260920_155951_466/provengo_project/products/internal/artifacts/1/1/189.json","b087b4ac0960f4dae6305e134ef63925c79f0dfc5821b676faaaa1d9f5a9826d","592"
"runs/phase5-interleaved-bp-seed-20261302-20260920_155951_466/provengo_project/products/internal/artifacts/1/1/19.txt","448c1bfbd0c5578f2d17401d446ad32fd5bc3c3353ab6f5fe41d5dbc478f7d5e","110"
"runs/phase5-interleaved-bp-seed-20261302-20260920_155951_466/provengo_project/products/internal/artifacts/1/1/190.txt","995b15965765af728380a3d08ef41310fd81bd4c6d5bbbd44ad698a77207a5be","112"
"runs/phase5-interleaved-bp-seed-20261302-20260920_155951_466/provengo_project/products/internal/artifacts/1/1/191.txt","edcfcbda4b950494f88995e857dd2de732b7389ac3a3b368e9964f90fb1ec20c","836"
"runs/phase5-interleaved-bp-seed-20261302-20260920_155951_466/provengo_project/products/internal/artifacts/1/1/192.json","db073586be520c560a3b995d17b0d5f91320fbd081c6546520d0782f0b7ff215","592"
"runs/phase5-interleaved-bp-seed-20261302-20260920_155951_466/provengo_project/products/internal/artifacts/1/1/193.txt","2f8604510fc93a9db78f614df801a8e23b4b885c19b8804f18e051e976b6e562","45"
"runs/phase5-interleaved-bp-seed-20261302-20260920_155951_466/provengo_project/products/internal/artifacts/1/1/194.txt","8d436a381a168c41fac2c82c59c59cae260723899b9fb777a66355b696651c98","1802"
"runs/phase5-interleaved-bp-seed-20261302-20260920_155951_466/provengo_project/products/internal/artifacts/1/1/195.json","76b54d110ba31a3fe20ee76f468560f317be941a7b1479b8ab917675a0901ddf","1461"
"runs/phase5-interleaved-bp-seed-20261302-20260920_155951_466/provengo_project/products/internal/artifacts/1/1/196.txt","a1773c3571fefc82783d75f08c4d3dd29bb1489f91ca2cdfb4e632f289140c78","112"
"runs/phase5-interleaved-bp-seed-20261302-20260920_155951_466/provengo_project/products/internal/artifacts/1/1/197.txt","bb005d29feb17579b2bcdff9755994970ea6bc150323677d90c77d36a4d8de68","836"
"runs/phase5-interleaved-bp-seed-20261302-20260920_155951_466/provengo_project/products/internal/artifacts/1/1/198.json","11d84d99619c018850b91e5ddf62959e1387a36ad55467bcd1d482e66ccfaa92","592"
"runs/phase5-interleaved-bp-seed-20261302-20260920_155951_466/provengo_project/products/internal/artifacts/1/1/199.txt","368fef6193f6291989e7457961506fb0c50937e722d1e8811c5bebf37b2a8552","45"
"runs/phase5-interleaved-bp-seed-20261302-20260920_155951_466/provengo_project/products/internal/artifacts/1/1/2.txt","7e7a31ae9985b3cf0c22062b14e5a6a7ece5305ea7b8a7c406b98a9463f401f1","2033"
"runs/phase5-interleaved-bp-seed-20261302-20260920_155951_466/provengo_project/products/internal/artifacts/1/1/20.txt","01082dd7b75a5061610e7c1aaac239149aa2cddf4d3fa801b668b0ba4112d06a","952"
"runs/phase5-interleaved-bp-seed-20261302-20260920_155951_466/provengo_project/products/internal/artifacts/1/1/200.txt","bf61e44a23348e527f5e12de75bffa230c3ca4adebfbcc4867512f904f099f0a","1802"
"runs/phase5-interleaved-bp-seed-20261302-20260920_155951_466/provengo_project/products/internal/artifacts/1/1/201.json","3289ec696ddeb9efbd92467af3771e61a2ef5b93ab68149b8791491f053c9f93","1461"
"runs/phase5-interleaved-bp-seed-20261302-20260920_155951_466/provengo_project/products/internal/artifacts/1/1/202.txt","fdf3bdb6da88cff2caf93387364891463b9ffc0933533ae3a7de473e894f138d","45"
"runs/phase5-interleaved-bp-seed-20261302-20260920_155951_466/provengo_project/products/internal/artifacts/1/1/203.txt","84d125b9a6bfbe777582737a5ce0109479ae359854ca1a02547a5bf9c48f89f4","1804"
"runs/phase5-interleaved-bp-seed-20261302-20260920_155951_466/provengo_project/products/internal/artifacts/1/1/204.json","022239eeebf23141150601490141a5cd153a74d32e7b38df6b58229c37a161b6","1463"
"runs/phase5-interleaved-bp-seed-20261302-20260920_155951_466/provengo_project/products/internal/artifacts/1/1/205.txt","1668580cb9506b6af059c53e60342c94eecc55c9101316028e123ada3e264769","45"
"runs/phase5-interleaved-bp-seed-20261302-20260920_155951_466/provengo_project/products/internal/artifacts/1/1/206.txt","256ad0cb344c30ca481f09a8319533a867c56586ff5a3796cf7ff3a131a414b8","1802"
"runs/phase5-interleaved-bp-seed-20261302-20260920_155951_466/provengo_project/products/internal/artifacts/1/1/207.json","115b8e4e12899094c3fad82a0a5ab013cfae45d4006dbcff09f7d9e3e81f0515","1461"
"runs/phase5-interleaved-bp-seed-20261302-20260920_155951_466/provengo_project/products/internal/artifacts/1/1/208.txt","b130d6fef9198f57c1f4fbcea346b7c7a17ad83063219c1c8ce3841afff0103f","45"
"runs/phase5-interleaved-bp-seed-20261302-20260920_155951_466/provengo_project/products/internal/artifacts/1/1/209.txt","724c0ec0644c0e1d26e337f58328c25c3c6cddbe833031b927947cbff43b5082","1802"
"runs/phase5-interleaved-bp-seed-20261302-20260920_155951_466/provengo_project/products/internal/artifacts/1/1/21.json","efdf871fa8a8612ea74ac0288a56d77f61a8e81fd6758fb0db73a5a9450c8807","708"
"runs/phase5-interleaved-bp-seed-20261302-20260920_155951_466/provengo_project/products/internal/artifacts/1/1/210.json","3f27fef74d6ac483c7454de21c8efcef41612fdf7f682d516eba5919f1a0ec09","1461"
"runs/phase5-interleaved-bp-seed-20261302-20260920_155951_466/provengo_project/products/internal/artifacts/1/1/211.txt","74fc5bb6f4962ccca8930329b0993b769a63bf58ff27c5ec81b6a331453e037f","45"
"runs/phase5-interleaved-bp-seed-20261302-20260920_155951_466/provengo_project/products/internal/artifacts/1/1/212.txt","6a01a9340051eeed645e7b549f9d4b002c107f16ff25d5801f0df2424e848acb","1805"
"runs/phase5-interleaved-bp-seed-20261302-20260920_155951_466/provengo_project/products/internal/artifacts/1/1/213.json","172c986004d60e84b25002195c5f655c2bb7f6c24577515973a7c3bf08df27f4","1464"
"runs/phase5-interleaved-bp-seed-20261302-20260920_155951_466/provengo_project/products/internal/artifacts/1/1/214.txt","d70f6646e609a90aa2170aa9c4345de3cab2ee656b8c601f68f677cd23a9a3c6","45"
"runs/phase5-interleaved-bp-seed-20261302-20260920_155951_466/provengo_project/products/internal/artifacts/1/1/215.txt","7a23e1b5cf93c62351bcd74fb1ab28a45400d003e7fd737381b3685118df64c1","1803"
"runs/phase5-interleaved-bp-seed-20261302-20260920_155951_466/provengo_project/products/internal/artifacts/1/1/216.json","8bb60cb7af68f03eeff4b0f98e58b13da8e6acd3c0e831a01b06433fa116ccca","1462"
"runs/phase5-interleaved-bp-seed-20261302-20260920_155951_466/provengo_project/products/internal/artifacts/1/1/217.txt","f2630ef0e7a69aea71933fe11eba4f90eef0647a58795e44dfb3c0cf682f3ed9","80"
"runs/phase5-interleaved-bp-seed-20261302-20260920_155951_466/provengo_project/products/internal/artifacts/1/1/218.txt","89327f1167361cb8d0e85060dbbf534cf7eecc8f30fb14fae707a9a4c0b3ae2c","210"
"runs/phase5-interleaved-bp-seed-20261302-20260920_155951_466/provengo_project/products/internal/artifacts/1/1/219.txt","e3b0c44298fc1c149afbf4c8996fb92427ae41e4649b934ca495991b7852b855","0"
"runs/phase5-interleaved-bp-seed-20261302-20260920_155951_466/provengo_project/products/internal/artifacts/1/1/22.txt","1cb616c4005427f9bba41201d015f7fdd90d9d3b5ed2c3af352045eb245ca82e","110"
"runs/phase5-interleaved-bp-seed-20261302-20260920_155951_466/provengo_project/products/internal/artifacts/1/1/220.txt","9eee4d3003d54dc1bf52159cbf9338e44f233838f6700eb4050a7b26190a934a","80"
"runs/phase5-interleaved-bp-seed-20261302-20260920_155951_466/provengo_project/products/internal/artifacts/1/1/221.txt","eefede3cdd390bd5e9f0aee5d2b1a14d3f55409c224585b536becd019c6dc155","210"
"runs/phase5-interleaved-bp-seed-20261302-20260920_155951_466/provengo_project/products/internal/artifacts/1/1/222.txt","e3b0c44298fc1c149afbf4c8996fb92427ae41e4649b934ca495991b7852b855","0"
"runs/phase5-interleaved-bp-seed-20261302-20260920_155951_466/provengo_project/products/internal/artifacts/1/1/223.txt","761e1dd713e322d42fe3e684bf80c284aa407c567f172ef24865a16dd1f04e79","80"
"runs/phase5-interleaved-bp-seed-20261302-20260920_155951_466/provengo_project/products/internal/artifacts/1/1/224.txt","4adaf505377292ef2a9fad9e03ad9ff6a535f2db96f23a8a575787e5be95d655","210"
"runs/phase5-interleaved-bp-seed-20261302-20260920_155951_466/provengo_project/products/internal/artifacts/1/1/225.txt","e3b0c44298fc1c149afbf4c8996fb92427ae41e4649b934ca495991b7852b855","0"
"runs/phase5-interleaved-bp-seed-20261302-20260920_155951_466/provengo_project/products/internal/artifacts/1/1/226.txt","b03ce31f582a808fc1d854f4a9af396f1c09678d79d9b83e19835d5386d3fecb","80"
"runs/phase5-interleaved-bp-seed-20261302-20260920_155951_466/provengo_project/products/internal/artifacts/1/1/227.txt","f18de8e665915489af8f055da54a443727b67963fee7556e4b1827167d70bcf8","210"
"runs/phase5-interleaved-bp-seed-20261302-20260920_155951_466/provengo_project/products/internal/artifacts/1/1/228.txt","e3b0c44298fc1c149afbf4c8996fb92427ae41e4649b934ca495991b7852b855","0"
"runs/phase5-interleaved-bp-seed-20261302-20260920_155951_466/provengo_project/products/internal/artifacts/1/1/229.txt","fee6060a8fdc5d2dad2323119342e147cf66b382de46d9942664f24a97705efa","80"
"runs/phase5-interleaved-bp-seed-20261302-20260920_155951_466/provengo_project/products/internal/artifacts/1/1/23.txt","cc732e37da5cd8141a1805357ea2ebe45d75a27ed957e0e6da829ef0f7740054","952"
"runs/phase5-interleaved-bp-seed-20261302-20260920_155951_466/provengo_project/products/internal/artifacts/1/1/230.txt","47207ac8b0e25e014841cc47f9e25ca0ba5f51bc64dfd941dc0f9525e1614d33","210"
"runs/phase5-interleaved-bp-seed-20261302-20260920_155951_466/provengo_project/products/internal/artifacts/1/1/231.txt","e3b0c44298fc1c149afbf4c8996fb92427ae41e4649b934ca495991b7852b855","0"
"runs/phase5-interleaved-bp-seed-20261302-20260920_155951_466/provengo_project/products/internal/artifacts/1/1/232.txt","bdef0c76472737849b9450ae1b0ca7b862f8a9829752b8853129c7626f73d76a","80"
"runs/phase5-interleaved-bp-seed-20261302-20260920_155951_466/provengo_project/products/internal/artifacts/1/1/233.txt","2489a51d82d1a9864ee21e96e1b459862040cf78bb682ea82a36b540b5bd02ec","210"
"runs/phase5-interleaved-bp-seed-20261302-20260920_155951_466/provengo_project/products/internal/artifacts/1/1/234.txt","e3b0c44298fc1c149afbf4c8996fb92427ae41e4649b934ca495991b7852b855","0"
"runs/phase5-interleaved-bp-seed-20261302-20260920_155951_466/provengo_project/products/internal/artifacts/1/1/235.txt","fc230ad5b84b622d82387b3614b26b4e3c99738f27ad273e8207dec86c16c064","80"
"runs/phase5-interleaved-bp-seed-20261302-20260920_155951_466/provengo_project/products/internal/artifacts/1/1/236.txt","7cd1feee573011aa2313e4de08c0297cd5ab6389fb2e6b7db7e55fb2546e04b8","210"
"runs/phase5-interleaved-bp-seed-20261302-20260920_155951_466/provengo_project/products/internal/artifacts/1/1/237.txt","e3b0c44298fc1c149afbf4c8996fb92427ae41e4649b934ca495991b7852b855","0"
"runs/phase5-interleaved-bp-seed-20261302-20260920_155951_466/provengo_project/products/internal/artifacts/1/1/238.txt","67512078b6b99a4f17df0a90d022d497e51a30fb8abe3dd664ca97af800ed995","80"
"runs/phase5-interleaved-bp-seed-20261302-20260920_155951_466/provengo_project/products/internal/artifacts/1/1/239.txt","1424d4e7fbc3defa024e67982cba8e79e10f91553201d41daf283770241005eb","210"
"runs/phase5-interleaved-bp-seed-20261302-20260920_155951_466/provengo_project/products/internal/artifacts/1/1/24.json","d58ef5625545c5152ea8d607048f93b544ba07d906d2fcd1b11b70aaf975b701","708"
"runs/phase5-interleaved-bp-seed-20261302-20260920_155951_466/provengo_project/products/internal/artifacts/1/1/240.txt","e3b0c44298fc1c149afbf4c8996fb92427ae41e4649b934ca495991b7852b855","0"
"runs/phase5-interleaved-bp-seed-20261302-20260920_155951_466/provengo_project/products/internal/artifacts/1/1/241.txt","06d66ce029f936fcefec0a3572e35ebbd02ab2752f7d5627aba70d559c0f543f","83"
"runs/phase5-interleaved-bp-seed-20261302-20260920_155951_466/provengo_project/products/internal/artifacts/1/1/242.txt","a74e963dcc23e251e3637b084ac92eb0ca4e1d22cae6990dedde9798e13a19db","210"
"runs/phase5-interleaved-bp-seed-20261302-20260920_155951_466/provengo_project/products/internal/artifacts/1/1/243.txt","e3b0c44298fc1c149afbf4c8996fb92427ae41e4649b934ca495991b7852b855","0"
"runs/phase5-interleaved-bp-seed-20261302-20260920_155951_466/provengo_project/products/internal/artifacts/1/1/25.txt","0506fea61644eb78cb2b9eab5cfd7ac49d62be6f2a2d4a458c752ef02af47d35","110"
"runs/phase5-interleaved-bp-seed-20261302-20260920_155951_466/provengo_project/products/internal/artifacts/1/1/26.txt","af25c0a6507144882890a51db92e902f0d3e63ad1683d7b8f2a4afa87a810221","953"
"runs/phase5-interleaved-bp-seed-20261302-20260920_155951_466/provengo_project/products/internal/artifacts/1/1/27.json","9a5f65e30a5a3c3f4d60622e4cfef11f6c094c24671096e04c8ca20ace28c2b8","709"
"runs/phase5-interleaved-bp-seed-20261302-20260920_155951_466/provengo_project/products/internal/artifacts/1/1/28.txt","f3e76a004a655d433d2f5842f4cfe3881c1477029c0d4d990a87c14f7b245f08","109"
"runs/phase5-interleaved-bp-seed-20261302-20260920_155951_466/provengo_project/products/internal/artifacts/1/1/29.txt","32fa357cefd306c5fc3840dc754f8a12ce48b580b546e8f11ffb83c3866e1015","952"
"runs/phase5-interleaved-bp-seed-20261302-20260920_155951_466/provengo_project/products/internal/artifacts/1/1/3.json","4df1faa93e586fc4f241d0ada8021e32d5e3c1ad4cea9af65f55159952683da8","1731"
"runs/phase5-interleaved-bp-seed-20261302-20260920_155951_466/provengo_project/products/internal/artifacts/1/1/30.json","e4082ba3f2ea5f09bbb29c145718cde19335dbfa9e68c5bdc4aeb423d6964f6a","708"
"runs/phase5-interleaved-bp-seed-20261302-20260920_155951_466/provengo_project/products/internal/artifacts/1/1/31.txt","d2c34f79195312e312c703eec2f5d9c21982ca463283b98d4b6a8519e1a2ce1b","110"
"runs/phase5-interleaved-bp-seed-20261302-20260920_155951_466/provengo_project/products/internal/artifacts/1/1/32.txt","30e43996a1d2b81a7de78deb7e21cd03a411cf9e63e6a24489b7cc6add23141d","953"
"runs/phase5-interleaved-bp-seed-20261302-20260920_155951_466/provengo_project/products/internal/artifacts/1/1/33.json","09ffa79369704d3dc36cb913a0735c68260ebd9717dede210609ac7caa8a1ed1","709"
"runs/phase5-interleaved-bp-seed-20261302-20260920_155951_466/provengo_project/products/internal/artifacts/1/1/34.txt","2f8604510fc93a9db78f614df801a8e23b4b885c19b8804f18e051e976b6e562","45"
"runs/phase5-interleaved-bp-seed-20261302-20260920_155951_466/provengo_project/products/internal/artifacts/1/1/35.txt","e79d35c2ec99e97a8b44df4fd1d467017afa25c651cd69019b96c30b5de96edc","1207"
"runs/phase5-interleaved-bp-seed-20261302-20260920_155951_466/provengo_project/products/internal/artifacts/1/1/36.json","ea427b53bbb7386ad4cfb97ee65eebcb783be1375e2dca8de5915eac0e9df87f","867"
"runs/phase5-interleaved-bp-seed-20261302-20260920_155951_466/provengo_project/products/internal/artifacts/1/1/37.txt","fdf3bdb6da88cff2caf93387364891463b9ffc0933533ae3a7de473e894f138d","45"
"runs/phase5-interleaved-bp-seed-20261302-20260920_155951_466/provengo_project/products/internal/artifacts/1/1/38.txt","bbbee53e1f1638f91a848122c46f26ad8c29ad0d36b128ac18c6551595744294","1207"
"runs/phase5-interleaved-bp-seed-20261302-20260920_155951_466/provengo_project/products/internal/artifacts/1/1/39.json","f1adac8945000c354358232b643d6f60132b6ebe2fd1ed96046692f1e3b35eaf","867"
"runs/phase5-interleaved-bp-seed-20261302-20260920_155951_466/provengo_project/products/internal/artifacts/1/1/4.txt","c6abc06d360e6d3dbf2302d8c883e8f9f7c19f9b50ddf7cdad435ad31786633f","110"
"runs/phase5-interleaved-bp-seed-20261302-20260920_155951_466/provengo_project/products/internal/artifacts/1/1/40.txt","b130d6fef9198f57c1f4fbcea346b7c7a17ad83063219c1c8ce3841afff0103f","45"
"runs/phase5-interleaved-bp-seed-20261302-20260920_155951_466/provengo_project/products/internal/artifacts/1/1/41.txt","66409228d7b2ad0e3d3840ed9b26561eb2d35cb0937f407062d370619df96af3","1207"
"runs/phase5-interleaved-bp-seed-20261302-20260920_155951_466/provengo_project/products/internal/artifacts/1/1/42.json","5ac8fbcb437568b3770b7b73c105112646a04107f85fbaafc6cfc22feb0271bf","867"
"runs/phase5-interleaved-bp-seed-20261302-20260920_155951_466/provengo_project/products/internal/artifacts/1/1/43.txt","cc5b9a05eb99639df8f77a550cc5fdbd8bdbf618832eed60cde9578eed9d3fe6","134"
"runs/phase5-interleaved-bp-seed-20261302-20260920_155951_466/provengo_project/products/internal/artifacts/1/1/44.txt","4184e393f0bd6b0e9c0623790f98a8d62e29af578016b0ea44dfb6af1a856b49","469"
"runs/phase5-interleaved-bp-seed-20261302-20260920_155951_466/provengo_project/products/internal/artifacts/1/1/45.json","e0348473412a85f6f1df63757f42cbd3e9007f6c66057611deb3a88ddfc1d335","225"
"runs/phase5-interleaved-bp-seed-20261302-20260920_155951_466/provengo_project/products/internal/artifacts/1/1/46.txt","1668580cb9506b6af059c53e60342c94eecc55c9101316028e123ada3e264769","45"
"runs/phase5-interleaved-bp-seed-20261302-20260920_155951_466/provengo_project/products/internal/artifacts/1/1/47.txt","42707bdf87e81dc445dbee6be2a31aec43c5fd5708a38f50a9a4a475718e3a96","1207"
"runs/phase5-interleaved-bp-seed-20261302-20260920_155951_466/provengo_project/products/internal/artifacts/1/1/48.json","e2deb5eff47fb1048f946657be9d63e3f3b6ba807ab5192dc61f8203a2ac98ec","867"
"runs/phase5-interleaved-bp-seed-20261302-20260920_155951_466/provengo_project/products/internal/artifacts/1/1/49.txt","368fef6193f6291989e7457961506fb0c50937e722d1e8811c5bebf37b2a8552","45"
"runs/phase5-interleaved-bp-seed-20261302-20260920_155951_466/provengo_project/products/internal/artifacts/1/1/5.txt","a312e3f0d4d8efe632481c39c29a738f8707021535e92582595ae49dee69bd6b","953"
"runs/phase5-interleaved-bp-seed-20261302-20260920_155951_466/provengo_project/products/internal/artifacts/1/1/50.txt","0b964257d882dde3a81df5790577c8d682f1874c8b0190405ee1989855ad6f7e","1207"
"runs/phase5-interleaved-bp-seed-20261302-20260920_155951_466/provengo_project/products/internal/artifacts/1/1/51.json","0d5376a6df1ec008fe332ccb67ec2a103b2388cbcb5bbb56139fd4f6f58bcfeb","867"
"runs/phase5-interleaved-bp-seed-20261302-20260920_155951_466/provengo_project/products/internal/artifacts/1/1/52.txt","c4c88e2c32ece14d6e999a5c0264d724eb7e01d8b4dcecec2c4dba31b62146b3","45"
"runs/phase5-interleaved-bp-seed-20261302-20260920_155951_466/provengo_project/products/internal/artifacts/1/1/53.txt","9febeb003481e7311920fc20d0af7e9e971d1294eade0a8bcb8297897082f053","1206"
"runs/phase5-interleaved-bp-seed-20261302-20260920_155951_466/provengo_project/products/internal/artifacts/1/1/54.json","70cf9b34959dc31225afda0102c72ede538132c1e41fe27e0415de5771f3959f","866"
"runs/phase5-interleaved-bp-seed-20261302-20260920_155951_466/provengo_project/products/internal/artifacts/1/1/55.txt","b130d6fef9198f57c1f4fbcea346b7c7a17ad83063219c1c8ce3841afff0103f","45"
"runs/phase5-interleaved-bp-seed-20261302-20260920_155951_466/provengo_project/products/internal/artifacts/1/1/56.txt","09f96fb5171a4cc6ba7cb94966dae6dd82ceedee8082a12601b84d143a9b52e4","1804"
"runs/phase5-interleaved-bp-seed-20261302-20260920_155951_466/provengo_project/products/internal/artifacts/1/1/57.json","fbd84b590df2d8e7147b29bc4d0ffd8106d6f291e25f4750cf6536b14d5bf09a","1463"
"runs/phase5-interleaved-bp-seed-20261302-20260920_155951_466/provengo_project/products/internal/artifacts/1/1/58.txt","74fc5bb6f4962ccca8930329b0993b769a63bf58ff27c5ec81b6a331453e037f","45"
"runs/phase5-interleaved-bp-seed-20261302-20260920_155951_466/provengo_project/products/internal/artifacts/1/1/59.txt","d54f7fcda7f9fe60e65b5f5d8687852522ce04936609934363976134d6501b8e","1807"
"runs/phase5-interleaved-bp-seed-20261302-20260920_155951_466/provengo_project/products/internal/artifacts/1/1/6.json","db5ca102a74ef02a41c1cf2f87f58249af0435c3cf9abf49f1731c39126c6aa6","709"
"runs/phase5-interleaved-bp-seed-20261302-20260920_155951_466/provengo_project/products/internal/artifacts/1/1/60.json","0c5b23bba5beb46b1e9b71a7af4951e822a21e689c86bfec01d5908eccbf3dc8","1466"
"runs/phase5-interleaved-bp-seed-20261302-20260920_155951_466/provengo_project/products/internal/artifacts/1/1/61.txt","95bd4ab6f0cf2c37c7fd0502724d8da0855a662533da89c85e7ecfbab3d053c9","137"
"runs/phase5-interleaved-bp-seed-20261302-20260920_155951_466/provengo_project/products/internal/artifacts/1/1/62.txt","9acb9261472508138d18a2f215ec434b5db4195b49f4736ea3e756c4e064be9c","472"
"runs/phase5-interleaved-bp-seed-20261302-20260920_155951_466/provengo_project/products/internal/artifacts/1/1/63.json","1e3eea2368de97c9ac764d56c85b3dabb82634da63cf8c4c784191a570dc4750","228"
"runs/phase5-interleaved-bp-seed-20261302-20260920_155951_466/provengo_project/products/internal/artifacts/1/1/64.txt","74fc5bb6f4962ccca8930329b0993b769a63bf58ff27c5ec81b6a331453e037f","45"
"runs/phase5-interleaved-bp-seed-20261302-20260920_155951_466/provengo_project/products/internal/artifacts/1/1/65.txt","a3fa82585b9dafa036e93db2d6f6bd63661f4525a20427858cac1804c5420ff4","2392"
"runs/phase5-interleaved-bp-seed-20261302-20260920_155951_466/provengo_project/products/internal/artifacts/1/1/66.json","35b2b3a189c5633f1c5e4aba37c81747c8cfd43c7b42a1205ca9a4f37945442c","2051"
"runs/phase5-interleaved-bp-seed-20261302-20260920_155951_466/provengo_project/products/internal/artifacts/1/1/67.txt","2f8604510fc93a9db78f614df801a8e23b4b885c19b8804f18e051e976b6e562","45"
"runs/phase5-interleaved-bp-seed-20261302-20260920_155951_466/provengo_project/products/internal/artifacts/1/1/68.txt","8fe863910458574f9ce07f901b738d358ccc7a551419980c47b5d25df3f778f0","1804"
"runs/phase5-interleaved-bp-seed-20261302-20260920_155951_466/provengo_project/products/internal/artifacts/1/1/69.json","399b5ce30765f1528d2571d455eb08e1c1756432e2c30537a84de68f0501b6f1","1463"
"runs/phase5-interleaved-bp-seed-20261302-20260920_155951_466/provengo_project/products/internal/artifacts/1/1/7.txt","e070e3ac9a4162b2d749d04d4fa35c372231cc94952c59e0baf5ed21a3b5aa70","80"
"runs/phase5-interleaved-bp-seed-20261302-20260920_155951_466/provengo_project/products/internal/artifacts/1/1/70.txt","943c13b5fcb19079d2bbb3c3a1b2a9cf3d2d049a7f7ba99424617c3592684c88","134"
"runs/phase5-interleaved-bp-seed-20261302-20260920_155951_466/provengo_project/products/internal/artifacts/1/1/71.txt","1f0270eafb409deda11774cfa72d2af92d9d8788a76ea30b2d9e81b387a2797d","469"
"runs/phase5-interleaved-bp-seed-20261302-20260920_155951_466/provengo_project/products/internal/artifacts/1/1/72.json","600bc4cbec54942a30bc1a2a87213599f2a61c2209bc70ebed112cf986d1fb45","225"
"runs/phase5-interleaved-bp-seed-20261302-20260920_155951_466/provengo_project/products/internal/artifacts/1/1/73.txt","2f8604510fc93a9db78f614df801a8e23b4b885c19b8804f18e051e976b6e562","45"
"runs/phase5-interleaved-bp-seed-20261302-20260920_155951_466/provengo_project/products/internal/artifacts/1/1/74.txt","468e0cb3d100e06e628e4f0b17ebd3666b1eb143884d1e9439464f098cb22603","2401"
"runs/phase5-interleaved-bp-seed-20261302-20260920_155951_466/provengo_project/products/internal/artifacts/1/1/75.json","fa71ad11fba75abef8c381bf4e5603f81df5301cd34287608795a87548cc4de8","2060"
"runs/phase5-interleaved-bp-seed-20261302-20260920_155951_466/provengo_project/products/internal/artifacts/1/1/76.txt","1668580cb9506b6af059c53e60342c94eecc55c9101316028e123ada3e264769","45"
"runs/phase5-interleaved-bp-seed-20261302-20260920_155951_466/provengo_project/products/internal/artifacts/1/1/77.txt","eeabd461bed38f2e4b33e687ca775d04e34b97cca04957003634421fe9924c50","1804"
"runs/phase5-interleaved-bp-seed-20261302-20260920_155951_466/provengo_project/products/internal/artifacts/1/1/78.json","6578490f681d1768d306f228f72fefd0c991154d890456b1e52a04310956851e","1463"
"runs/phase5-interleaved-bp-seed-20261302-20260920_155951_466/provengo_project/products/internal/artifacts/1/1/79.txt","470adf3d18578cb1b345bb417899d0d2e8f99e67546167a20be3d1eb95d49099","138"
"runs/phase5-interleaved-bp-seed-20261302-20260920_155951_466/provengo_project/products/internal/artifacts/1/1/8.txt","f2749a52011cb19f9db42b45ab2b06275b7a3de0384b3e71571ba934efe4298d","1949"
"runs/phase5-interleaved-bp-seed-20261302-20260920_155951_466/provengo_project/products/internal/artifacts/1/1/80.txt","e58dd9e495bc562b0fcd0b34558a307c8cf2e19485973a394b390704062c65c7","473"
"runs/phase5-interleaved-bp-seed-20261302-20260920_155951_466/provengo_project/products/internal/artifacts/1/1/81.json","50ff8940593ba1ca5a18139a195e20f8ae2be595113f5f06689eb53d931cbc15","229"
"runs/phase5-interleaved-bp-seed-20261302-20260920_155951_466/provengo_project/products/internal/artifacts/1/1/82.txt","1668580cb9506b6af059c53e60342c94eecc55c9101316028e123ada3e264769","45"
"runs/phase5-interleaved-bp-seed-20261302-20260920_155951_466/provengo_project/products/internal/artifacts/1/1/83.txt","b5366ed3f132169ce2192866717c39fd12d6f52f45248fef3b0fe49f802ea439","2405"
"runs/phase5-interleaved-bp-seed-20261302-20260920_155951_466/provengo_project/products/internal/artifacts/1/1/84.json","5f9ece6ca2da4f40106ba3a739ffad1669291ee1a80352dc2cc1781465fd060f","2064"
"runs/phase5-interleaved-bp-seed-20261302-20260920_155951_466/provengo_project/products/internal/artifacts/1/1/85.txt","fdf3bdb6da88cff2caf93387364891463b9ffc0933533ae3a7de473e894f138d","45"
"runs/phase5-interleaved-bp-seed-20261302-20260920_155951_466/provengo_project/products/internal/artifacts/1/1/86.txt","adfe820b73c8e7e2253b14822178ec9de08c4f5408b341c61446e6cc315064c2","1807"
"runs/phase5-interleaved-bp-seed-20261302-20260920_155951_466/provengo_project/products/internal/artifacts/1/1/87.json","78e5f03e47d5bc7219849ed6bf62bf309833e1b1b88bd206c1a23bd2b5eb9cca","1466"
"runs/phase5-interleaved-bp-seed-20261302-20260920_155951_466/provengo_project/products/internal/artifacts/1/1/88.txt","c4f754d7fcde8b4d5c8b1a42051202f1cedbdc84df551557334eebac110bd969","137"
"runs/phase5-interleaved-bp-seed-20261302-20260920_155951_466/provengo_project/products/internal/artifacts/1/1/89.txt","b886aa8afd5ce6e7962b2dad8654cb58f093ba4b51e75f89de277c8a1fdd2a44","472"
"runs/phase5-interleaved-bp-seed-20261302-20260920_155951_466/provengo_project/products/internal/artifacts/1/1/9.json","f837894118f4862ab5e5ca6af7d12919d391802e1eacbc5d30d77a32da5c127d","1639"
"runs/phase5-interleaved-bp-seed-20261302-20260920_155951_466/provengo_project/products/internal/artifacts/1/1/90.json","ab114e3aa789c6a89be232e6c5ad46494151dfdca8b3321ff708e6ad6c4b838e","228"
"runs/phase5-interleaved-bp-seed-20261302-20260920_155951_466/provengo_project/products/internal/artifacts/1/1/91.txt","fdf3bdb6da88cff2caf93387364891463b9ffc0933533ae3a7de473e894f138d","45"
"runs/phase5-interleaved-bp-seed-20261302-20260920_155951_466/provengo_project/products/internal/artifacts/1/1/92.txt","0b21a9d980e4fba1ea5cc6596842ae42e433125013ae1b9ee91e7ac54fbab684","2391"
"runs/phase5-interleaved-bp-seed-20261302-20260920_155951_466/provengo_project/products/internal/artifacts/1/1/93.json","90163a8f64f935b96a89b7b98f9dfa94e81fc93d5a018ce210715b1a40b0b1f4","2050"
"runs/phase5-interleaved-bp-seed-20261302-20260920_155951_466/provengo_project/products/internal/artifacts/1/1/94.txt","c4c88e2c32ece14d6e999a5c0264d724eb7e01d8b4dcecec2c4dba31b62146b3","45"
"runs/phase5-interleaved-bp-seed-20261302-20260920_155951_466/provengo_project/products/internal/artifacts/1/1/95.txt","43c2a1e23251aeab50404c610b4e0022cf626d2f0317ff5e3b4c01e38a0e6375","1807"
"runs/phase5-interleaved-bp-seed-20261302-20260920_155951_466/provengo_project/products/internal/artifacts/1/1/96.json","eba01fe2dadad051d9707f7a1264c7f7054684382afd9985a398b62b01f64002","1466"
"runs/phase5-interleaved-bp-seed-20261302-20260920_155951_466/provengo_project/products/internal/artifacts/1/1/97.txt","b54c47956314695b27867c6106f27e940ecbc206153123765ad8ad71fe8c5e88","135"
"runs/phase5-interleaved-bp-seed-20261302-20260920_155951_466/provengo_project/products/internal/artifacts/1/1/98.txt","0d53b589016506c2990ed73d953a2ed0a34f39294b486f72d189ba1767fc0157","470"
"runs/phase5-interleaved-bp-seed-20261302-20260920_155951_466/provengo_project/products/internal/artifacts/1/1/99.json","e72c03eacf969ff7ecfad47021ecf8ef414b888598decd5876d60c35eec737b2","226"
"runs/phase5-interleaved-bp-seed-20261302-20260920_155951_466/provengo_project/products/internal/runs-db.db","818830a30296a6d513f24028b4247ee694a431d390823c879892709bc7af0d7e","36130816"
"runs/phase5-interleaved-bp-seed-20261302-20260920_155951_466/provengo_project/README.md","f6a2b1515a9172420c0af964843d847b9be732120f1297dcfd885afb5666769b","3985"
"runs/phase5-interleaved-bp-seed-20261302-20260920_155951_466/provengo_project/spec/js/disabled/hello-world.js","86253af6bc213bec40e9dc0f3c6d03134a32c1b31c0a618d77afbe9ad15b8cdd","1383"
"runs/phase5-interleaved-bp-seed-20261302-20260920_155951_466/provengo_project/spec/js/interfaces.vikunja.js","db759926b95b633393175e0472a59bef6da85184ab4f6cce510c59a26ee0e803","56359"
"runs/phase5-interleaved-bp-seed-20261302-20260920_155951_466/provengo_project/spec/js/stories.vikunja.js","68e18faf9a574f631f21a8fdd59682bb8cfc61a3cf108871c1c0a242f681ee2c","56645"
"runs/phase5-interleaved-bp-seed-20261302-20260920_155951_466/provengo-create.log","51b46fa8ea29a962643a4590f788c3bc4afaeaae03122adef767a3fb4a4bbd89","1218"
"runs/phase5-interleaved-bp-seed-20261302-20260920_155951_466/provengo-run.log","8fd722f62302a21156f5b4377985182631f9517ceb0749f07a323191456af2be","158024"
"runs/phase5-interleaved-bp-seed-20261302-20260920_155951_466/proxy.stderr.log","e3b0c44298fc1c149afbf4c8996fb92427ae41e4649b934ca495991b7852b855","0"
"runs/phase5-interleaved-bp-seed-20261302-20260920_155951_466/proxy.stdout.log","3e9637744efb4ab698c24160de5114f08dad58e2ed8ca2d3342c0306f2754d3c","84"
"runs/phase5-interleaved-bp-seed-20261302-20260920_155951_466/run-metadata.json","dea342b28c33557424ed2da983d9b5a16f564694dc9f564e9faaacef1065ce0b","796"
"runs/phase5-interleaved-bp-seed-20261303-20260920_160017_307/http-trace.jsonl","71c921984faa3ac3e8022bc5f3563405f622a7f5b6ef90e222aa9ea0d1b91a6b","93639"
"runs/phase5-interleaved-bp-seed-20261303-20260920_160017_307/phase5-interleaved-bp-evaluation.json","912ab9caf4ea0f8ea7fa783c1cbfc0b5a889a1ac2c4536d77de33ed0eee9471e","1150"
"runs/phase5-interleaved-bp-seed-20261303-20260920_160017_307/post-delete-probe.json","4b09237bb50eb06df75647fc6ef1ff0a67d9499a76331db606313fb5e5fabe07","413"
"runs/phase5-interleaved-bp-seed-20261303-20260920_160017_307/provengo_project/.gitignore","f09e023c25978720ed9122360581f2fca50cb612504daed3337ab662e7106366","32"
"runs/phase5-interleaved-bp-seed-20261303-20260920_160017_307/provengo_project/.vscode/mcp.json","6e0a0c795dc197f1d4e07744a4e361e7cf92d6a2f5d276d0f1d5ce31f35169fb","143"
"runs/phase5-interleaved-bp-seed-20261303-20260920_160017_307/provengo_project/config/provengo.yml","172d59431475ba56c192df94b270f8d71e618b53c62c45beace120ee769cd8a3","1260"
"runs/phase5-interleaved-bp-seed-20261303-20260920_160017_307/provengo_project/data/data.js","55e30a0929c59d9578c5695169b772d147c20b0ad8a7d556eb38c4defd8404b7","131"
"runs/phase5-interleaved-bp-seed-20261303-20260920_160017_307/provengo_project/meta-spec/book-writer.js","977303cc03f87fd6561e4435e4cbbb34c85559a94b7aacefdbe9c71b0cb5ac42","3926"
"runs/phase5-interleaved-bp-seed-20261303-20260920_160017_307/provengo_project/meta-spec/ensemble-code.js","7e9e842a753bf38111af0cbfbf1bdaf8b88602fd620ff5fdd919fe8d23f45ab5","2692"
"runs/phase5-interleaved-bp-seed-20261303-20260920_160017_307/provengo_project/meta-spec/scenario-metadata.js","53f129542f1903bf3f7c2ef55914c0df227d58111a71c7c6053d40792b79cd65","479"
"runs/phase5-interleaved-bp-seed-20261303-20260920_160017_307/provengo_project/meta-spec/script-writer.js","f197d272e5524bd0b4ab1f59289b300232c7a8ebc060f8ffeba993fc7eaae0f9","3034"
"runs/phase5-interleaved-bp-seed-20261303-20260920_160017_307/provengo_project/products/internal/artifacts/1/1/1.txt","dae5fd38e469c93590d018f5a3ad1711d51a76c842562c89b7de779d28dfad38","101"
"runs/phase5-interleaved-bp-seed-20261303-20260920_160017_307/provengo_project/products/internal/artifacts/1/1/10.txt","dd2c05103d380d4db35310ef147e7338ef51c3ced719e6196d789f37a46440c3","110"
"runs/phase5-interleaved-bp-seed-20261303-20260920_160017_307/provengo_project/products/internal/artifacts/1/1/100.txt","6b2c0a015ce3f156748f24c8f793e3e3e668668dea13acdc71cb2b94bedb6e1b","136"
"runs/phase5-interleaved-bp-seed-20261303-20260920_160017_307/provengo_project/products/internal/artifacts/1/1/101.txt","d5caa75f6406b671b9cd49303699268ab4e12bef9a9175ffd6fc401d21e488ce","471"
"runs/phase5-interleaved-bp-seed-20261303-20260920_160017_307/provengo_project/products/internal/artifacts/1/1/102.json","255da51c0d795b35e1959c1dd02acd53f04254bf55e5a530585df012207eb87b","227"
"runs/phase5-interleaved-bp-seed-20261303-20260920_160017_307/provengo_project/products/internal/artifacts/1/1/103.txt","1c68e0fde99588669cbcf40f2a4fb593e0eec65f3ac44ddf99164d508e65aa66","46"
"runs/phase5-interleaved-bp-seed-20261303-20260920_160017_307/provengo_project/products/internal/artifacts/1/1/104.txt","0e3317ebaea6b688ef271eeae1c63123eed5ad51b2e896facd7c415488ca8163","2409"
"runs/phase5-interleaved-bp-seed-20261303-20260920_160017_307/provengo_project/products/internal/artifacts/1/1/105.json","46f0d1add6e45987a576005c74a635cf460fa8edc225764e83b902e5c727e5f8","2068"
"runs/phase5-interleaved-bp-seed-20261303-20260920_160017_307/provengo_project/products/internal/artifacts/1/1/106.txt","2f92ce4c6d92fab4dbc7d8335e8c2de69e75d2e488fac00cb691b5c2742a2cd9","45"
"runs/phase5-interleaved-bp-seed-20261303-20260920_160017_307/provengo_project/products/internal/artifacts/1/1/107.txt","92611c559fb39a77e3802c829ab52af4eff54f3e902780578bcc6137c8a1686b","1804"
"runs/phase5-interleaved-bp-seed-20261303-20260920_160017_307/provengo_project/products/internal/artifacts/1/1/108.json","fdadf0572bc62c0e3fe927cfd27a383cc2e59aee234bdb46457785d66413e049","1463"
"runs/phase5-interleaved-bp-seed-20261303-20260920_160017_307/provengo_project/products/internal/artifacts/1/1/109.txt","2ec3138447ea517fd130ad6f3f84128ba12825136093f5742e1ab1f3f91edca7","135"
"runs/phase5-interleaved-bp-seed-20261303-20260920_160017_307/provengo_project/products/internal/artifacts/1/1/11.txt","6b5b31f4af16566f1bb848621233876175ddbbf6851f5f5d8b7a7aa4ffcfeb8d","954"
"runs/phase5-interleaved-bp-seed-20261303-20260920_160017_307/provengo_project/products/internal/artifacts/1/1/110.txt","fdaa62092dfd7decf0c92f3e6b9c2643609e5ca79ce1e7f502a0438b953bac46","469"
"runs/phase5-interleaved-bp-seed-20261303-20260920_160017_307/provengo_project/products/internal/artifacts/1/1/111.json","62cd7c5085be63aa1d6b7828c18cd245e5dfe4cf8329219bdb4f83ab0633a7e3","225"
"runs/phase5-interleaved-bp-seed-20261303-20260920_160017_307/provengo_project/products/internal/artifacts/1/1/112.txt","2f92ce4c6d92fab4dbc7d8335e8c2de69e75d2e488fac00cb691b5c2742a2cd9","45"
"runs/phase5-interleaved-bp-seed-20261303-20260920_160017_307/provengo_project/products/internal/artifacts/1/1/113.txt","5caaf69decc55efbc063d7677c4304011f8db3bd364cc4822be90fab881355eb","2390"
"runs/phase5-interleaved-bp-seed-20261303-20260920_160017_307/provengo_project/products/internal/artifacts/1/1/114.json","759b543b6e1e18eeda34e7442db9553091a6f882252c4a9a80a8189c6d2b0bf5","2049"
"runs/phase5-interleaved-bp-seed-20261303-20260920_160017_307/provengo_project/products/internal/artifacts/1/1/115.txt","7ed7a842b648436bb775093123fd7d829d0742d265ca68ad76cb3a0648ab4b05","46"
"runs/phase5-interleaved-bp-seed-20261303-20260920_160017_307/provengo_project/products/internal/artifacts/1/1/116.txt","a0d16f6498147c4afa2f231d5cd5f9cc220614c393d1294a21d445b53f3126cc","1808"
"runs/phase5-interleaved-bp-seed-20261303-20260920_160017_307/provengo_project/products/internal/artifacts/1/1/117.json","79858fa12348fa3bb64be8de25e177990a46ad3da9ad135fede4a61f1e45bd6f","1467"
"runs/phase5-interleaved-bp-seed-20261303-20260920_160017_307/provengo_project/products/internal/artifacts/1/1/118.txt","372b3036bb4a73baab6693eafdb2026ef8ab5c9e04f028bce74e3ca8f4e5ce34","106"
"runs/phase5-interleaved-bp-seed-20261303-20260920_160017_307/provengo_project/products/internal/artifacts/1/1/119.txt","52ae74a980ead0c00a1282667ced90dbecf358c5eb969d2c5b1b8b449c878c9f","210"
"runs/phase5-interleaved-bp-seed-20261303-20260920_160017_307/provengo_project/products/internal/artifacts/1/1/12.json","89510321344aca8aafe700c2ce340187e15d8e2c5c4ad39aa14bdba6571fd44c","710"
"runs/phase5-interleaved-bp-seed-20261303-20260920_160017_307/provengo_project/products/internal/artifacts/1/1/120.txt","e3b0c44298fc1c149afbf4c8996fb92427ae41e4649b934ca495991b7852b855","0"
"runs/phase5-interleaved-bp-seed-20261303-20260920_160017_307/provengo_project/products/internal/artifacts/1/1/121.txt","9e5dd66274ba3277ad50cf6fa9cfa000e9413bab9b008bbe18ab27fc43d81f08","103"
"runs/phase5-interleaved-bp-seed-20261303-20260920_160017_307/provengo_project/products/internal/artifacts/1/1/122.txt","e9663c5440050f4ada2ed38c09fbb46c6056feca886ded339d5d0ca0a34486e8","210"
"runs/phase5-interleaved-bp-seed-20261303-20260920_160017_307/provengo_project/products/internal/artifacts/1/1/123.txt","e3b0c44298fc1c149afbf4c8996fb92427ae41e4649b934ca495991b7852b855","0"
"runs/phase5-interleaved-bp-seed-20261303-20260920_160017_307/provengo_project/products/internal/artifacts/1/1/124.txt","231992b553dd375ebb7c48a812254a6ab80815e7c2cd227f36127c6fa101debb","102"
"runs/phase5-interleaved-bp-seed-20261303-20260920_160017_307/provengo_project/products/internal/artifacts/1/1/125.txt","48a288ee14af3411ec19c0b3c3054c310af62a83259a833767291dfc513f284f","210"
"runs/phase5-interleaved-bp-seed-20261303-20260920_160017_307/provengo_project/products/internal/artifacts/1/1/126.txt","e3b0c44298fc1c149afbf4c8996fb92427ae41e4649b934ca495991b7852b855","0"
"runs/phase5-interleaved-bp-seed-20261303-20260920_160017_307/provengo_project/products/internal/artifacts/1/1/127.txt","ffff46ee0d7de0d25c9bc20abac66df5f0c92d8b8309309e3b77c90e8525db50","46"
"runs/phase5-interleaved-bp-seed-20261303-20260920_160017_307/provengo_project/products/internal/artifacts/1/1/128.txt","f2965629dcfad161a9e555a6cca54f36503f082589d95b07d4e8b8afe5c5956c","1811"
"runs/phase5-interleaved-bp-seed-20261303-20260920_160017_307/provengo_project/products/internal/artifacts/1/1/129.json","b83970c227331e0f4196d21cb5fa61ea8bf5aff5ba4420a5d3de5c9c5163eeb2","1470"
"runs/phase5-interleaved-bp-seed-20261303-20260920_160017_307/provengo_project/products/internal/artifacts/1/1/13.txt","91fb40e3904e77405170e1f8da6719004301b32a8b404e7ba1cb546372c91a0e","109"
"runs/phase5-interleaved-bp-seed-20261303-20260920_160017_307/provengo_project/products/internal/artifacts/1/1/130.txt","8dc592e931914e8d97e9cb78cbb4960b860a833c38a5e2d2b8220cb2149a3395","102"
"runs/phase5-interleaved-bp-seed-20261303-20260920_160017_307/provengo_project/products/internal/artifacts/1/1/131.txt","fdd5f668b23a190a6c0c8b6ef1f8b2d7c1d803f642ee8785a8ccc737cb55c952","210"
"runs/phase5-interleaved-bp-seed-20261303-20260920_160017_307/provengo_project/products/internal/artifacts/1/1/132.txt","e3b0c44298fc1c149afbf4c8996fb92427ae41e4649b934ca495991b7852b855","0"
"runs/phase5-interleaved-bp-seed-20261303-20260920_160017_307/provengo_project/products/internal/artifacts/1/1/133.txt","a66fb3ed0c4f32156bb4908dea06713419ee8929d7d47e623a19b4603c31118e","103"
"runs/phase5-interleaved-bp-seed-20261303-20260920_160017_307/provengo_project/products/internal/artifacts/1/1/134.txt","937a3c64017ce84cd8ba6838b5406b7f01265696c907af2f9337debe433066a6","210"
"runs/phase5-interleaved-bp-seed-20261303-20260920_160017_307/provengo_project/products/internal/artifacts/1/1/135.txt","e3b0c44298fc1c149afbf4c8996fb92427ae41e4649b934ca495991b7852b855","0"
"runs/phase5-interleaved-bp-seed-20261303-20260920_160017_307/provengo_project/products/internal/artifacts/1/1/136.txt","1c68e0fde99588669cbcf40f2a4fb593e0eec65f3ac44ddf99164d508e65aa66","46"
"runs/phase5-interleaved-bp-seed-20261303-20260920_160017_307/provengo_project/products/internal/artifacts/1/1/137.txt","020c075a831017e01c6d8977cb98f1ab5156885d7d80a48ff9d4303a49819a30","1209"
"runs/phase5-interleaved-bp-seed-20261303-20260920_160017_307/provengo_project/products/internal/artifacts/1/1/138.json","a84f839e5016a744c2d03c04b2d56f55b3ebab22cc618d1395a70f84dcba1db6","869"
"runs/phase5-interleaved-bp-seed-20261303-20260920_160017_307/provengo_project/products/internal/artifacts/1/1/139.txt","2f92ce4c6d92fab4dbc7d8335e8c2de69e75d2e488fac00cb691b5c2742a2cd9","45"
"runs/phase5-interleaved-bp-seed-20261303-20260920_160017_307/provengo_project/products/internal/artifacts/1/1/14.txt","d1e419c84c5e7febdbcb87c2eda966469ed601d27be5c1d78a9ed3d4f7d938dc","953"
"runs/phase5-interleaved-bp-seed-20261303-20260920_160017_307/provengo_project/products/internal/artifacts/1/1/140.txt","df2aa86af4ab8c3a58861c360161574e5542ebedd401760e8d95dbe27c4358b7","1207"
"runs/phase5-interleaved-bp-seed-20261303-20260920_160017_307/provengo_project/products/internal/artifacts/1/1/141.json","e4c3b45ffcff673693ef15e98a31303448b0ad934c6662a29e2cca824456e312","867"
"runs/phase5-interleaved-bp-seed-20261303-20260920_160017_307/provengo_project/products/internal/artifacts/1/1/142.txt","aa10a1a8251d562768a75e556b65dfb1b069b34ca5f64a5f4bcaca13dbcccd61","46"
"runs/phase5-interleaved-bp-seed-20261303-20260920_160017_307/provengo_project/products/internal/artifacts/1/1/143.txt","2a8da352d013eb606979f8a7254f591ca5ca8104e8878d0d3b672ecafa986a91","1807"
"runs/phase5-interleaved-bp-seed-20261303-20260920_160017_307/provengo_project/products/internal/artifacts/1/1/144.json","5b7749d69fa186aeeff6bfdc52ff0645cc291e4d001637559a18d1d5bb218aa4","1466"
"runs/phase5-interleaved-bp-seed-20261303-20260920_160017_307/provengo_project/products/internal/artifacts/1/1/145.txt","56169ff6a6593f2140d57e134730f88ba644c05869fde12b277bf557e6683656","139"
"runs/phase5-interleaved-bp-seed-20261303-20260920_160017_307/provengo_project/products/internal/artifacts/1/1/146.txt","8a399632d6dc5959f592767cef097e19654605b0aafd9fe53d8a8b8955090f7d","474"
"runs/phase5-interleaved-bp-seed-20261303-20260920_160017_307/provengo_project/products/internal/artifacts/1/1/147.json","198dcf5389cb3c8b50a2984c83283fb2439604ee4545ef6578971c263e981ac4","230"
"runs/phase5-interleaved-bp-seed-20261303-20260920_160017_307/provengo_project/products/internal/artifacts/1/1/148.txt","4e0c55ea568a6b8c1424418f376829b1fedf23fab3de0f9afacc99ce2ed13d58","107"
"runs/phase5-interleaved-bp-seed-20261303-20260920_160017_307/provengo_project/products/internal/artifacts/1/1/149.txt","aace9957988421a796c162e1d9aeedef64297163f9f9724a2113073b81543a65","210"
"runs/phase5-interleaved-bp-seed-20261303-20260920_160017_307/provengo_project/products/internal/artifacts/1/1/15.json","95933014f1ebfcb271189598ccea7990ed73891aee4921421a3631dceca9990c","709"
"runs/phase5-interleaved-bp-seed-20261303-20260920_160017_307/provengo_project/products/internal/artifacts/1/1/150.txt","e3b0c44298fc1c149afbf4c8996fb92427ae41e4649b934ca495991b7852b855","0"
"runs/phase5-interleaved-bp-seed-20261303-20260920_160017_307/provengo_project/products/internal/artifacts/1/1/151.txt","c822bee08d74a75e7a83420bf12f09e5aca2b16276c59d5ae2668e9dafc59ca5","105"
"runs/phase5-interleaved-bp-seed-20261303-20260920_160017_307/provengo_project/products/internal/artifacts/1/1/152.txt","e40b6de6714d07f3f69fbc7965d11fd858b3636a8d56024b32afcf3b21713756","210"
"runs/phase5-interleaved-bp-seed-20261303-20260920_160017_307/provengo_project/products/internal/artifacts/1/1/153.txt","e3b0c44298fc1c149afbf4c8996fb92427ae41e4649b934ca495991b7852b855","0"
"runs/phase5-interleaved-bp-seed-20261303-20260920_160017_307/provengo_project/products/internal/artifacts/1/1/154.txt","a442895a36add5ccfffe0527c9cf9ce43c46620ce81d671c85a6e3219913dc28","136"
"runs/phase5-interleaved-bp-seed-20261303-20260920_160017_307/provengo_project/products/internal/artifacts/1/1/155.txt","d05491ac14e7a9972d8ea9841a274d7e0910ba142ad1769bda3e7aeb4f682ae1","471"
"runs/phase5-interleaved-bp-seed-20261303-20260920_160017_307/provengo_project/products/internal/artifacts/1/1/156.json","5b29d58e1f0c1389c41f18f720c9aea2231bd1f46fd16d31fe1bfcdc62bb12f2","227"
"runs/phase5-interleaved-bp-seed-20261303-20260920_160017_307/provengo_project/products/internal/artifacts/1/1/157.txt","61561a2323e07087aa1f09aec388ffeef5f505dcb9d2331ad6a735d59490cb9b","46"
"runs/phase5-interleaved-bp-seed-20261303-20260920_160017_307/provengo_project/products/internal/artifacts/1/1/158.txt","85ef8d3c971e51b92aba7c731e26355785915898f047c4a87f5cba0ff948cc80","1210"
"runs/phase5-interleaved-bp-seed-20261303-20260920_160017_307/provengo_project/products/internal/artifacts/1/1/159.json","454bf412d927de384325dfc36711978e3a788e9c663178bebdd237867513d4c1","870"
"runs/phase5-interleaved-bp-seed-20261303-20260920_160017_307/provengo_project/products/internal/artifacts/1/1/16.txt","82f73a1e910bb1b7ff7baa69248ffc370b61311fb3da0d2947c3c657f3b778d1","80"
"runs/phase5-interleaved-bp-seed-20261303-20260920_160017_307/provengo_project/products/internal/artifacts/1/1/160.txt","e25c1a4211416a11b92ada9b0fd7219e3c66d28cf4878d18b2328d5755c99848","46"
"runs/phase5-interleaved-bp-seed-20261303-20260920_160017_307/provengo_project/products/internal/artifacts/1/1/161.txt","79695af16d46f3306462effe8a86734bd35b49eada70e62f4419b81a3fc6281a","1808"
"runs/phase5-interleaved-bp-seed-20261303-20260920_160017_307/provengo_project/products/internal/artifacts/1/1/162.json","f1e15dafbe7accfc68ef711372c5ba3c8df3dd5cef57b395f40f33c602b14b52","1467"
"runs/phase5-interleaved-bp-seed-20261303-20260920_160017_307/provengo_project/products/internal/artifacts/1/1/163.txt","be20c39e0cb9f50cbc60ec102852d58973adaef597c30a6ef0de56488493454f","45"
"runs/phase5-interleaved-bp-seed-20261303-20260920_160017_307/provengo_project/products/internal/artifacts/1/1/164.txt","0d237cbf54609d88f1345a4f3300c4d6febacc601462154fec3e2233987f7b9f","1207"
"runs/phase5-interleaved-bp-seed-20261303-20260920_160017_307/provengo_project/products/internal/artifacts/1/1/165.json","b108c6f4fb7130592e664e09319c4b28b3746dc307f86d93bd97689cbfb65878","867"
"runs/phase5-interleaved-bp-seed-20261303-20260920_160017_307/provengo_project/products/internal/artifacts/1/1/166.txt","e71b78f8874620fa962d988cd3e3cfb78957e3b3a009dc06b4453f2f15d887e5","135"
"runs/phase5-interleaved-bp-seed-20261303-20260920_160017_307/provengo_project/products/internal/artifacts/1/1/167.txt","56d65db09c16535ebb3c9bb636f7d173711df012ba2f8e2344c4721d451d12e6","470"
"runs/phase5-interleaved-bp-seed-20261303-20260920_160017_307/provengo_project/products/internal/artifacts/1/1/168.json","ed82b588888e6822f47bfa22778d67a90d332d9c0904e92ff0eacab7f5fb4b17","226"
"runs/phase5-interleaved-bp-seed-20261303-20260920_160017_307/provengo_project/products/internal/artifacts/1/1/169.txt","2ec3138447ea517fd130ad6f3f84128ba12825136093f5742e1ab1f3f91edca7","135"
"runs/phase5-interleaved-bp-seed-20261303-20260920_160017_307/provengo_project/products/internal/artifacts/1/1/17.txt","a302d7d16b2eefd9b11f3351c8ee9a1eb8ffdbe2e3b3f155458db488ed057b69","1949"
"runs/phase5-interleaved-bp-seed-20261303-20260920_160017_307/provengo_project/products/internal/artifacts/1/1/170.txt","ff5c4c07b429a98aeaf04ba3f4db35c96474a783c6d87e064761dedc7a672095","470"
"runs/phase5-interleaved-bp-seed-20261303-20260920_160017_307/provengo_project/products/internal/artifacts/1/1/171.json","a61d5036987aef6d77a09bddb1101f72f33bf09f27fa4c0ce6b56606ee395ab7","226"
"runs/phase5-interleaved-bp-seed-20261303-20260920_160017_307/provengo_project/products/internal/artifacts/1/1/172.txt","c74c13eab5c36cf5f21112f1b4171498a6608bb736e082b373b38ea7f03c6b04","113"
"runs/phase5-interleaved-bp-seed-20261303-20260920_160017_307/provengo_project/products/internal/artifacts/1/1/173.txt","00e40685a89e84f4e70fda8b5a0554a4e6372c3cd95394957a7b9b81fe6cb96a","836"
"runs/phase5-interleaved-bp-seed-20261303-20260920_160017_307/provengo_project/products/internal/artifacts/1/1/174.json","e6cf5255c34b8b1ae78c24c3035d8682baa3af2cc692eacce48a551c97966883","592"
"runs/phase5-interleaved-bp-seed-20261303-20260920_160017_307/provengo_project/products/internal/artifacts/1/1/175.txt","91a10583b0c672545b6dd50aeeb1fccb44d145a75e73ff30fd9467a5519825fa","113"
"runs/phase5-interleaved-bp-seed-20261303-20260920_160017_307/provengo_project/products/internal/artifacts/1/1/176.txt","d86d8adc249e523aa0aecd01ff5e770f29778086fed4476e7e25fc7746d7d51d","837"
"runs/phase5-interleaved-bp-seed-20261303-20260920_160017_307/provengo_project/products/internal/artifacts/1/1/177.json","be11289c58634868af7d4f3ea1a0b3cc036060716c92b2baf9b29c91f88139d0","593"
"runs/phase5-interleaved-bp-seed-20261303-20260920_160017_307/provengo_project/products/internal/artifacts/1/1/178.txt","bbb0bd2d5eb4ac8b4da8bd928f270967cbec39d1f875ae08dccccfcc7507458e","113"
"runs/phase5-interleaved-bp-seed-20261303-20260920_160017_307/provengo_project/products/internal/artifacts/1/1/179.txt","019979c54c63a3381ab8d4c4e848d7fb30cb0a9ee8a8e1b1ab3fc0c53c42aa56","836"
"runs/phase5-interleaved-bp-seed-20261303-20260920_160017_307/provengo_project/products/internal/artifacts/1/1/18.json","ca58c7742c121024bc8fdd2cef752ec4c3d26347f11852ec63e160b4ae76d568","1639"
"runs/phase5-interleaved-bp-seed-20261303-20260920_160017_307/provengo_project/products/internal/artifacts/1/1/180.json","5e89816bd3c0a385e9903f707a339e1ff145e2418b43e55e494a0e3b1cb334e6","592"
"runs/phase5-interleaved-bp-seed-20261303-20260920_160017_307/provengo_project/products/internal/artifacts/1/1/181.txt","0161aa9bb357724c9d26fd67f3a8df10c03044fcc44f7e779f6221555bc5106f","113"
"runs/phase5-interleaved-bp-seed-20261303-20260920_160017_307/provengo_project/products/internal/artifacts/1/1/182.txt","9b1a5c89accb9ed8cec2a39c8c2e6f7446b3e13cb21014eab55fc087ce7c5443","837"
"runs/phase5-interleaved-bp-seed-20261303-20260920_160017_307/provengo_project/products/internal/artifacts/1/1/183.json","4aae8e67259d8d687287d6ce8e90c7cfd0c2e7515949e96f8df6f203c0ae306c","593"
"runs/phase5-interleaved-bp-seed-20261303-20260920_160017_307/provengo_project/products/internal/artifacts/1/1/184.txt","9fa739deac46ff7b1caa31a012865ec3eece0388c90f4e6d669dce1e5f640105","112"
"runs/phase5-interleaved-bp-seed-20261303-20260920_160017_307/provengo_project/products/internal/artifacts/1/1/185.txt","ea4eb86edf4b513af8309a12a356a3c2967b769ccee925a4ca73abb0d1f49077","836"
"runs/phase5-interleaved-bp-seed-20261303-20260920_160017_307/provengo_project/products/internal/artifacts/1/1/186.json","f2dc5e47957681fbe9e3214d4df3db1ab1f8d3277e688888e0a578ece4127704","592"
"runs/phase5-interleaved-bp-seed-20261303-20260920_160017_307/provengo_project/products/internal/artifacts/1/1/187.txt","7ed7a842b648436bb775093123fd7d829d0742d265ca68ad76cb3a0648ab4b05","46"
"runs/phase5-interleaved-bp-seed-20261303-20260920_160017_307/provengo_project/products/internal/artifacts/1/1/188.txt","e61215e3160cf2c575b0a4ee317a4d418023d07ef967d2669bc12d189339aecd","1806"
"runs/phase5-interleaved-bp-seed-20261303-20260920_160017_307/provengo_project/products/internal/artifacts/1/1/189.json","6232e6edbd6147bea4727614ce2f826afb0ae0d4f4fde563ece880fa75a412b0","1465"
"runs/phase5-interleaved-bp-seed-20261303-20260920_160017_307/provengo_project/products/internal/artifacts/1/1/19.txt","49a8f72b1e726f0268ff64a60c13016a51c5c5f765ae517f167f793f59a0aaf8","110"
"runs/phase5-interleaved-bp-seed-20261303-20260920_160017_307/provengo_project/products/internal/artifacts/1/1/190.txt","824d3576ea89c98e12ae807fb1af519f81dbcba380642c1982a6919852955119","113"
"runs/phase5-interleaved-bp-seed-20261303-20260920_160017_307/provengo_project/products/internal/artifacts/1/1/191.txt","111f01d31cc1a15148f2d277df1798716ccb4cfecf0e0ebe0073fec7e681fb65","837"
"runs/phase5-interleaved-bp-seed-20261303-20260920_160017_307/provengo_project/products/internal/artifacts/1/1/192.json","2870d1254b59c59a9e4e474a30cc1c587f689cb7818c6b5a6e1738e458fe28d6","593"
"runs/phase5-interleaved-bp-seed-20261303-20260920_160017_307/provengo_project/products/internal/artifacts/1/1/193.txt","e25c1a4211416a11b92ada9b0fd7219e3c66d28cf4878d18b2328d5755c99848","46"
"runs/phase5-interleaved-bp-seed-20261303-20260920_160017_307/provengo_project/products/internal/artifacts/1/1/194.txt","d21887131912dc6c4ba10761e3256ff2dd4a0ce3a692f58e01295e2567d5a720","1806"
"runs/phase5-interleaved-bp-seed-20261303-20260920_160017_307/provengo_project/products/internal/artifacts/1/1/195.json","7905583f7b9549a45155ee61952f834df31081ecc017f6a85f6ffb4c537b1520","1465"
"runs/phase5-interleaved-bp-seed-20261303-20260920_160017_307/provengo_project/products/internal/artifacts/1/1/196.txt","5444a0f6617d6f96b0d6feb16290830835afabb99d6005945a3bc3e5e61aac3e","112"
"runs/phase5-interleaved-bp-seed-20261303-20260920_160017_307/provengo_project/products/internal/artifacts/1/1/197.txt","46cebcf2e22a22d308d305ba16405cb632025737d98f4911090d84364a3d5604","836"
"runs/phase5-interleaved-bp-seed-20261303-20260920_160017_307/provengo_project/products/internal/artifacts/1/1/198.json","f5998c33e53939f0a505d5d01db9b5cbd627067b81d771412b7c30e18d2ffffb","592"
"runs/phase5-interleaved-bp-seed-20261303-20260920_160017_307/provengo_project/products/internal/artifacts/1/1/199.txt","ffff46ee0d7de0d25c9bc20abac66df5f0c92d8b8309309e3b77c90e8525db50","46"
"runs/phase5-interleaved-bp-seed-20261303-20260920_160017_307/provengo_project/products/internal/artifacts/1/1/2.txt","a438c179b54b4eb5bbfff660225eb42a580382dca86bf502b3e0bfe9d7570bdf","2036"
"runs/phase5-interleaved-bp-seed-20261303-20260920_160017_307/provengo_project/products/internal/artifacts/1/1/20.txt","b59f3c6d124b0cfb1e977a05bf1d23a693b5bad2ff37f4abdc0225de1dae8efe","952"
"runs/phase5-interleaved-bp-seed-20261303-20260920_160017_307/provengo_project/products/internal/artifacts/1/1/200.txt","17231b0ebd99b19dfc6895ac3a818b85eb1249707fb8b9d011beb0f318825b6e","1809"
"runs/phase5-interleaved-bp-seed-20261303-20260920_160017_307/provengo_project/products/internal/artifacts/1/1/201.json","62ca92f4dc95e6ef768c496b3014c5cbdf37a5eb8e227f4e7c7b74d51ca4417b","1468"
"runs/phase5-interleaved-bp-seed-20261303-20260920_160017_307/provengo_project/products/internal/artifacts/1/1/202.txt","61561a2323e07087aa1f09aec388ffeef5f505dcb9d2331ad6a735d59490cb9b","46"
"runs/phase5-interleaved-bp-seed-20261303-20260920_160017_307/provengo_project/products/internal/artifacts/1/1/203.txt","6a5413a8c7d36adee182e9d9ae73a88dbc588f9b2241856da7e8932a993bd77a","1805"
"runs/phase5-interleaved-bp-seed-20261303-20260920_160017_307/provengo_project/products/internal/artifacts/1/1/204.json","492d3b60ddd5ba770e57250f9f04c384dabcfad0bbb5f09b7194b5a1f4561eb6","1464"
"runs/phase5-interleaved-bp-seed-20261303-20260920_160017_307/provengo_project/products/internal/artifacts/1/1/205.txt","be20c39e0cb9f50cbc60ec102852d58973adaef597c30a6ef0de56488493454f","45"
"runs/phase5-interleaved-bp-seed-20261303-20260920_160017_307/provengo_project/products/internal/artifacts/1/1/206.txt","d0973cb541ad029ec18f68df06183dd858000257528aec57cf3453694ff48b30","1806"
"runs/phase5-interleaved-bp-seed-20261303-20260920_160017_307/provengo_project/products/internal/artifacts/1/1/207.json","949e53fe68661a6143fa015fe0828eb1036a49386a62eea50af9e391c2136b26","1465"
"runs/phase5-interleaved-bp-seed-20261303-20260920_160017_307/provengo_project/products/internal/artifacts/1/1/208.txt","2f92ce4c6d92fab4dbc7d8335e8c2de69e75d2e488fac00cb691b5c2742a2cd9","45"
"runs/phase5-interleaved-bp-seed-20261303-20260920_160017_307/provengo_project/products/internal/artifacts/1/1/209.txt","274fe7a80099669fe03400a47896448fe506c113f4c1bd9576741bfcc2e628f5","1803"
"runs/phase5-interleaved-bp-seed-20261303-20260920_160017_307/provengo_project/products/internal/artifacts/1/1/21.json","b4dce999dfe7244296a2d5c0a482a7a32c7d5617262e0b1c03b474a1b3af6948","708"
"runs/phase5-interleaved-bp-seed-20261303-20260920_160017_307/provengo_project/products/internal/artifacts/1/1/210.json","33ced2ee8064aadec1bae15fa879e3a005dc2c14612a3dd540ae0866d08db09e","1462"
"runs/phase5-interleaved-bp-seed-20261303-20260920_160017_307/provengo_project/products/internal/artifacts/1/1/211.txt","06a3820851a04fb0297f97dc6deb5899724634bfd9ace90c80c11f0398845c8e","112"
"runs/phase5-interleaved-bp-seed-20261303-20260920_160017_307/provengo_project/products/internal/artifacts/1/1/212.txt","0b58dbfe51edf764d3c8612b6b6c5d07563369ae8cc4e1bec62880c4acf3194d","836"
"runs/phase5-interleaved-bp-seed-20261303-20260920_160017_307/provengo_project/products/internal/artifacts/1/1/213.json","1ae566406f88c8472dc083441c7fdd4e385e4b2ded1dc6a2fa294cde2db26905","592"
"runs/phase5-interleaved-bp-seed-20261303-20260920_160017_307/provengo_project/products/internal/artifacts/1/1/214.txt","aa10a1a8251d562768a75e556b65dfb1b069b34ca5f64a5f4bcaca13dbcccd61","46"
"runs/phase5-interleaved-bp-seed-20261303-20260920_160017_307/provengo_project/products/internal/artifacts/1/1/215.txt","dfebfc87e876c73f7282c7766646d09cc44dc52e2c5ab233c8da5e06c39c986b","1806"
"runs/phase5-interleaved-bp-seed-20261303-20260920_160017_307/provengo_project/products/internal/artifacts/1/1/216.json","52c77448f16ff94cb1c1dda2bb808d5db61498c35c17c53fb4a6b0178cadddef","1465"
"runs/phase5-interleaved-bp-seed-20261303-20260920_160017_307/provengo_project/products/internal/artifacts/1/1/217.txt","1c68e0fde99588669cbcf40f2a4fb593e0eec65f3ac44ddf99164d508e65aa66","46"
"runs/phase5-interleaved-bp-seed-20261303-20260920_160017_307/provengo_project/products/internal/artifacts/1/1/218.txt","2596ffafa6bfa79cd413eab2f4454e5b4c7dead078398b0dd8a524c70ba27bb4","1809"
"runs/phase5-interleaved-bp-seed-20261303-20260920_160017_307/provengo_project/products/internal/artifacts/1/1/219.json","1d1e01cf3e85e9083647ee398f4d450af07cbf47e31a409e996ab876e519fe5b","1468"
"runs/phase5-interleaved-bp-seed-20261303-20260920_160017_307/provengo_project/products/internal/artifacts/1/1/22.txt","1df25fcbc8c9f451078f8e224410b1749cae9f4c6ae620de417844b936ba970a","110"
"runs/phase5-interleaved-bp-seed-20261303-20260920_160017_307/provengo_project/products/internal/artifacts/1/1/220.txt","944cd141c1616074b1e39bb00f6b098910249102af609856db7372377e15b0c3","81"
"runs/phase5-interleaved-bp-seed-20261303-20260920_160017_307/provengo_project/products/internal/artifacts/1/1/221.txt","c1c78ad41d0fbd578cffc2178a8b156895f1412811a4a963ac2ac8b9627a0698","210"
"runs/phase5-interleaved-bp-seed-20261303-20260920_160017_307/provengo_project/products/internal/artifacts/1/1/222.txt","e3b0c44298fc1c149afbf4c8996fb92427ae41e4649b934ca495991b7852b855","0"
"runs/phase5-interleaved-bp-seed-20261303-20260920_160017_307/provengo_project/products/internal/artifacts/1/1/223.txt","6194e16d6e39ef70b6ac88ccf271534cc5d93ccd152b0fd03769140b235db420","80"
"runs/phase5-interleaved-bp-seed-20261303-20260920_160017_307/provengo_project/products/internal/artifacts/1/1/224.txt","da44783543b39d62e3dd5da8f7fe7f80456cd3a0c465d3c48926c0349aec2e1c","210"
"runs/phase5-interleaved-bp-seed-20261303-20260920_160017_307/provengo_project/products/internal/artifacts/1/1/225.txt","e3b0c44298fc1c149afbf4c8996fb92427ae41e4649b934ca495991b7852b855","0"
"runs/phase5-interleaved-bp-seed-20261303-20260920_160017_307/provengo_project/products/internal/artifacts/1/1/226.txt","415bdabaab73fc4ec16d7009cd92e54ba59fc34a051d51974b1093988febb7c9","81"
"runs/phase5-interleaved-bp-seed-20261303-20260920_160017_307/provengo_project/products/internal/artifacts/1/1/227.txt","2448d6ed541f76aba5d212d6e7730da322c364cba0f79a52bb7b740312bda1a9","210"
"runs/phase5-interleaved-bp-seed-20261303-20260920_160017_307/provengo_project/products/internal/artifacts/1/1/228.txt","e3b0c44298fc1c149afbf4c8996fb92427ae41e4649b934ca495991b7852b855","0"
"runs/phase5-interleaved-bp-seed-20261303-20260920_160017_307/provengo_project/products/internal/artifacts/1/1/229.txt","03ba054f7d74211ada47255e0390a6661471516c460db3c9d10f1f9718a9441d","81"
"runs/phase5-interleaved-bp-seed-20261303-20260920_160017_307/provengo_project/products/internal/artifacts/1/1/23.txt","8baefeee7b023b6807952daf007ceb0510f5ca6829b6a9ef47b78fb4e096b97e","954"
"runs/phase5-interleaved-bp-seed-20261303-20260920_160017_307/provengo_project/products/internal/artifacts/1/1/230.txt","dcc3762cd290bdb385d642d42d6eb7393a616427e6906f1cf9fb2c924e7b9340","210"
"runs/phase5-interleaved-bp-seed-20261303-20260920_160017_307/provengo_project/products/internal/artifacts/1/1/231.txt","e3b0c44298fc1c149afbf4c8996fb92427ae41e4649b934ca495991b7852b855","0"
"runs/phase5-interleaved-bp-seed-20261303-20260920_160017_307/provengo_project/products/internal/artifacts/1/1/232.txt","32c4602450d52143ac14639b1aef84ec2648859b2f9c71d15cb1796d3d8fca52","81"
"runs/phase5-interleaved-bp-seed-20261303-20260920_160017_307/provengo_project/products/internal/artifacts/1/1/233.txt","4a4c080e31a52c20096a9953240e2a7b6d625b224f413ff96a7ad048c0e3ec8e","210"
"runs/phase5-interleaved-bp-seed-20261303-20260920_160017_307/provengo_project/products/internal/artifacts/1/1/234.txt","e3b0c44298fc1c149afbf4c8996fb92427ae41e4649b934ca495991b7852b855","0"
"runs/phase5-interleaved-bp-seed-20261303-20260920_160017_307/provengo_project/products/internal/artifacts/1/1/235.txt","7751597a07a0b38c17d356371d1ccf4ea9fd746e083782237b8af6c8aa6ef7ee","81"
"runs/phase5-interleaved-bp-seed-20261303-20260920_160017_307/provengo_project/products/internal/artifacts/1/1/236.txt","a6e6eb6a3fd7aa701f309487777ad2a4fd70ac48bec3f0ea02b08b3bc625a131","210"
"runs/phase5-interleaved-bp-seed-20261303-20260920_160017_307/provengo_project/products/internal/artifacts/1/1/237.txt","e3b0c44298fc1c149afbf4c8996fb92427ae41e4649b934ca495991b7852b855","0"
"runs/phase5-interleaved-bp-seed-20261303-20260920_160017_307/provengo_project/products/internal/artifacts/1/1/238.txt","a2418babeed810f46cbc1440951e5122cc0474ec866c43c3ac36b32c8cb4ae4b","80"
"runs/phase5-interleaved-bp-seed-20261303-20260920_160017_307/provengo_project/products/internal/artifacts/1/1/239.txt","4b938ab1f82597f7de9e15f655186a2e1cba46c34cf065c114042f75145f01d4","210"
"runs/phase5-interleaved-bp-seed-20261303-20260920_160017_307/provengo_project/products/internal/artifacts/1/1/24.json","97cdc863e3a7de0ce56938a08b0e085218028127ba8b5b916b48a32179bf4f7a","710"
"runs/phase5-interleaved-bp-seed-20261303-20260920_160017_307/provengo_project/products/internal/artifacts/1/1/240.txt","e3b0c44298fc1c149afbf4c8996fb92427ae41e4649b934ca495991b7852b855","0"
"runs/phase5-interleaved-bp-seed-20261303-20260920_160017_307/provengo_project/products/internal/artifacts/1/1/241.txt","23ffa558063f27cbdf3cd23f1155b1cb12db5edde87b8d33915c81d89cee932a","81"
"runs/phase5-interleaved-bp-seed-20261303-20260920_160017_307/provengo_project/products/internal/artifacts/1/1/242.txt","a4a0846f022c67ea5a2ad3a5f22932e3eb71df25ddcf288170093819aa1f6948","210"
"runs/phase5-interleaved-bp-seed-20261303-20260920_160017_307/provengo_project/products/internal/artifacts/1/1/243.txt","e3b0c44298fc1c149afbf4c8996fb92427ae41e4649b934ca495991b7852b855","0"
"runs/phase5-interleaved-bp-seed-20261303-20260920_160017_307/provengo_project/products/internal/artifacts/1/1/244.txt","a9722d683c068db009476bc2bf4f9b6b96d8b1d79f895831c98ef58dd156577d","83"
"runs/phase5-interleaved-bp-seed-20261303-20260920_160017_307/provengo_project/products/internal/artifacts/1/1/245.txt","1afc8e30756bf65c7bd485ca960ee7c9d271b7d56822ad44859691c55e5f6814","210"
"runs/phase5-interleaved-bp-seed-20261303-20260920_160017_307/provengo_project/products/internal/artifacts/1/1/246.txt","e3b0c44298fc1c149afbf4c8996fb92427ae41e4649b934ca495991b7852b855","0"
"runs/phase5-interleaved-bp-seed-20261303-20260920_160017_307/provengo_project/products/internal/artifacts/1/1/25.txt","0d9e4b63a6666f57c2518168b67c3c7fa29e195b786e6a549f3b081b45e24992","110"
"runs/phase5-interleaved-bp-seed-20261303-20260920_160017_307/provengo_project/products/internal/artifacts/1/1/26.txt","0d1bd0b7f2b0c66d5dcc955f856078fc6e93068a09f4d0de41f59bd23ffa47ab","954"
"runs/phase5-interleaved-bp-seed-20261303-20260920_160017_307/provengo_project/products/internal/artifacts/1/1/27.json","7b6514dce2a8965eb3daa9539f5a77be640bda6ad20ce57758a68e3f347ac9b4","710"
"runs/phase5-interleaved-bp-seed-20261303-20260920_160017_307/provengo_project/products/internal/artifacts/1/1/28.txt","2f92ce4c6d92fab4dbc7d8335e8c2de69e75d2e488fac00cb691b5c2742a2cd9","45"
"runs/phase5-interleaved-bp-seed-20261303-20260920_160017_307/provengo_project/products/internal/artifacts/1/1/29.txt","9c8dbd841f5375baeed91c1938b769aa55b930f7f00cf30f949f4b21a00d4241","1207"
"runs/phase5-interleaved-bp-seed-20261303-20260920_160017_307/provengo_project/products/internal/artifacts/1/1/3.json","7780554df57b240bdbfbd1487c648c721fa4d63a5e1deb05784d545e012bb2a4","1734"
"runs/phase5-interleaved-bp-seed-20261303-20260920_160017_307/provengo_project/products/internal/artifacts/1/1/30.json","fed09a799f79a95b4292558b20519893d248228bc013fd35858d9d3df82e584a","867"
"runs/phase5-interleaved-bp-seed-20261303-20260920_160017_307/provengo_project/products/internal/artifacts/1/1/31.txt","d467b3e188860045cb43accd574f6dbae4a1611179a9f467bcc9379b19ba4ea4","110"
"runs/phase5-interleaved-bp-seed-20261303-20260920_160017_307/provengo_project/products/internal/artifacts/1/1/32.txt","85da976559e6c67b64f151639fab2b5fbe5f397b115f4dc9bc663b087a0dd2ea","954"
"runs/phase5-interleaved-bp-seed-20261303-20260920_160017_307/provengo_project/products/internal/artifacts/1/1/33.json","f914045d1fe924800bd4edb53371c41feb38b5879922486323e15b32ef93d5a5","710"
"runs/phase5-interleaved-bp-seed-20261303-20260920_160017_307/provengo_project/products/internal/artifacts/1/1/34.txt","be20c39e0cb9f50cbc60ec102852d58973adaef597c30a6ef0de56488493454f","45"
"runs/phase5-interleaved-bp-seed-20261303-20260920_160017_307/provengo_project/products/internal/artifacts/1/1/35.txt","72a68c236c2a4cb197ce7d24fff95ffd3f5260fc251523d555f1c8d1e1f31627","1207"
"runs/phase5-interleaved-bp-seed-20261303-20260920_160017_307/provengo_project/products/internal/artifacts/1/1/36.json","60c4e4b0d4165a964cb009641f42a91d528dba7de8e72ab232b13b56cc7c5521","867"
"runs/phase5-interleaved-bp-seed-20261303-20260920_160017_307/provengo_project/products/internal/artifacts/1/1/37.txt","aa10a1a8251d562768a75e556b65dfb1b069b34ca5f64a5f4bcaca13dbcccd61","46"
"runs/phase5-interleaved-bp-seed-20261303-20260920_160017_307/provengo_project/products/internal/artifacts/1/1/38.txt","f7d4f70e8a50d9861c64f9755f686ec0af8fe18dd6b644636189cbf0eb56a8ce","1210"
"runs/phase5-interleaved-bp-seed-20261303-20260920_160017_307/provengo_project/products/internal/artifacts/1/1/39.json","00e181c6dc09396b527ef058319657f6feef63b9eac50064087c571e0a564a1c","870"
"runs/phase5-interleaved-bp-seed-20261303-20260920_160017_307/provengo_project/products/internal/artifacts/1/1/4.txt","48f09093cdcff4079f7bac22a47ccda8228551fa7fbbf6612698233fc8785330","110"
"runs/phase5-interleaved-bp-seed-20261303-20260920_160017_307/provengo_project/products/internal/artifacts/1/1/40.txt","61561a2323e07087aa1f09aec388ffeef5f505dcb9d2331ad6a735d59490cb9b","46"
"runs/phase5-interleaved-bp-seed-20261303-20260920_160017_307/provengo_project/products/internal/artifacts/1/1/41.txt","b4db9d996bf7a0d5b79a3332018d76514080cccb8eb6b973a557b68c5d68fe26","1210"
"runs/phase5-interleaved-bp-seed-20261303-20260920_160017_307/provengo_project/products/internal/artifacts/1/1/42.json","c5983118dc2691f62f1446bf3a390bef490776ef2a6ca9c3aeaab11e03832786","870"
"runs/phase5-interleaved-bp-seed-20261303-20260920_160017_307/provengo_project/products/internal/artifacts/1/1/43.txt","1c68e0fde99588669cbcf40f2a4fb593e0eec65f3ac44ddf99164d508e65aa66","46"
"runs/phase5-interleaved-bp-seed-20261303-20260920_160017_307/provengo_project/products/internal/artifacts/1/1/44.txt","21f2652bfb7f25b9acf2150b551bc3b67298754189dc8c59df1b266948cc09e3","1209"
"runs/phase5-interleaved-bp-seed-20261303-20260920_160017_307/provengo_project/products/internal/artifacts/1/1/45.json","a59d849a96de050d6b101ec55bd25364a47446fe0e2ef67e3728b759d8a519cb","869"
"runs/phase5-interleaved-bp-seed-20261303-20260920_160017_307/provengo_project/products/internal/artifacts/1/1/46.txt","e71b78f8874620fa962d988cd3e3cfb78957e3b3a009dc06b4453f2f15d887e5","135"
"runs/phase5-interleaved-bp-seed-20261303-20260920_160017_307/provengo_project/products/internal/artifacts/1/1/47.txt","c9ccc9aadf1cb1eac96efb65b5a785ab57c30b437289c09f23838769330baa7a","470"
"runs/phase5-interleaved-bp-seed-20261303-20260920_160017_307/provengo_project/products/internal/artifacts/1/1/48.json","b18cd964a38728dd1b206550a48188b3e2537aa1cc47da9d0c87f2cca245af26","226"
"runs/phase5-interleaved-bp-seed-20261303-20260920_160017_307/provengo_project/products/internal/artifacts/1/1/49.txt","7ed7a842b648436bb775093123fd7d829d0742d265ca68ad76cb3a0648ab4b05","46"
"runs/phase5-interleaved-bp-seed-20261303-20260920_160017_307/provengo_project/products/internal/artifacts/1/1/5.txt","326326c175abe76907277e9668f87539dc6f44f47b6d474f3802d10aaa2cc2b0","953"
"runs/phase5-interleaved-bp-seed-20261303-20260920_160017_307/provengo_project/products/internal/artifacts/1/1/50.txt","5bad7a607a328240e07146bfd7a69c188ea3ab48508db7c7e7d15d6916a0b344","1210"
"runs/phase5-interleaved-bp-seed-20261303-20260920_160017_307/provengo_project/products/internal/artifacts/1/1/51.json","746998ebd7d094fb5cbd75e19d6fe1f8bb1a74f14334a28ab8e0102e5aa36c21","870"
"runs/phase5-interleaved-bp-seed-20261303-20260920_160017_307/provengo_project/products/internal/artifacts/1/1/52.txt","ffff46ee0d7de0d25c9bc20abac66df5f0c92d8b8309309e3b77c90e8525db50","46"
"runs/phase5-interleaved-bp-seed-20261303-20260920_160017_307/provengo_project/products/internal/artifacts/1/1/53.txt","8588eb2546de85617f0add5eaec9a5dcad328bfc1ba00f699b48c3cc75ea6716","1210"
"runs/phase5-interleaved-bp-seed-20261303-20260920_160017_307/provengo_project/products/internal/artifacts/1/1/54.json","93cf75185eda9679aa8efa64a5d750ba5911bba29b78030b09b6b02fe0de0127","870"
"runs/phase5-interleaved-bp-seed-20261303-20260920_160017_307/provengo_project/products/internal/artifacts/1/1/55.txt","e25c1a4211416a11b92ada9b0fd7219e3c66d28cf4878d18b2328d5755c99848","46"
"runs/phase5-interleaved-bp-seed-20261303-20260920_160017_307/provengo_project/products/internal/artifacts/1/1/56.txt","8bb4ca7636c654921de78ce45813723e8f0ed3cacab695e262d74475e9312443","1210"
"runs/phase5-interleaved-bp-seed-20261303-20260920_160017_307/provengo_project/products/internal/artifacts/1/1/57.json","6761824295fded0ca95d3fe4534767fe167d8d1c831fc4e903c4c997bb9fb58b","870"
"runs/phase5-interleaved-bp-seed-20261303-20260920_160017_307/provengo_project/products/internal/artifacts/1/1/58.txt","61561a2323e07087aa1f09aec388ffeef5f505dcb9d2331ad6a735d59490cb9b","46"
"runs/phase5-interleaved-bp-seed-20261303-20260920_160017_307/provengo_project/products/internal/artifacts/1/1/59.txt","d7b054ec3cbaac8efef84afa5a30d3457a0397a012c03c1c659f964aed4cecfe","1807"
"runs/phase5-interleaved-bp-seed-20261303-20260920_160017_307/provengo_project/products/internal/artifacts/1/1/6.json","e6168697a125d2f20c9eed8d9038ec71677aac76a82ed821d0be6d9812e971ee","709"
"runs/phase5-interleaved-bp-seed-20261303-20260920_160017_307/provengo_project/products/internal/artifacts/1/1/60.json","88ed970260e2a33651e61439c896d408e8ff72b3320360a41e9945b8c4bf7c86","1466"
"runs/phase5-interleaved-bp-seed-20261303-20260920_160017_307/provengo_project/products/internal/artifacts/1/1/61.txt","be20c39e0cb9f50cbc60ec102852d58973adaef597c30a6ef0de56488493454f","45"
"runs/phase5-interleaved-bp-seed-20261303-20260920_160017_307/provengo_project/products/internal/artifacts/1/1/62.txt","2faa8a013f038be78664126ca83684442dee0bf31e77a1cc0f0875d554f53c11","1808"
"runs/phase5-interleaved-bp-seed-20261303-20260920_160017_307/provengo_project/products/internal/artifacts/1/1/63.json","1cceb5dd6269058a3596dfb21adcd978b5bca09d06372f3a182618206fa467c0","1467"
"runs/phase5-interleaved-bp-seed-20261303-20260920_160017_307/provengo_project/products/internal/artifacts/1/1/64.txt","c620149bd287f64b7711c88bfddc9a5127796bd29f2e37a120a4c26247f8ccf2","138"
"runs/phase5-interleaved-bp-seed-20261303-20260920_160017_307/provengo_project/products/internal/artifacts/1/1/65.txt","6c5eb8c72e590157d7459879f1a37c1250b747188d97478a1b5131d5924d6424","473"
"runs/phase5-interleaved-bp-seed-20261303-20260920_160017_307/provengo_project/products/internal/artifacts/1/1/66.json","f99ad85f853001b76f40696d3fb8a86def98d45ae50e32779b0bf7bb00ab02a3","229"
"runs/phase5-interleaved-bp-seed-20261303-20260920_160017_307/provengo_project/products/internal/artifacts/1/1/67.txt","be20c39e0cb9f50cbc60ec102852d58973adaef597c30a6ef0de56488493454f","45"
"runs/phase5-interleaved-bp-seed-20261303-20260920_160017_307/provengo_project/products/internal/artifacts/1/1/68.txt","57f51fac9ba6ca751ff0aac93c660c5380a005d98cfabce7aeef51d58e590616","2394"
"runs/phase5-interleaved-bp-seed-20261303-20260920_160017_307/provengo_project/products/internal/artifacts/1/1/69.json","06063be61b1b876fc3d86716d9bb465e78aca45ad01a9bab39be9aa5be14f3f2","2053"
"runs/phase5-interleaved-bp-seed-20261303-20260920_160017_307/provengo_project/products/internal/artifacts/1/1/7.txt","3ba2baa11b54bcc6fb8187e120b9378ea159fa83e2c4409ad463f164cf99c682","110"
"runs/phase5-interleaved-bp-seed-20261303-20260920_160017_307/provengo_project/products/internal/artifacts/1/1/70.txt","aa10a1a8251d562768a75e556b65dfb1b069b34ca5f64a5f4bcaca13dbcccd61","46"
"runs/phase5-interleaved-bp-seed-20261303-20260920_160017_307/provengo_project/products/internal/artifacts/1/1/71.txt","d27405e76e625498671b9db52def5e1c88ba7a496499c29fbbf7ebd0f0275598","1807"
"runs/phase5-interleaved-bp-seed-20261303-20260920_160017_307/provengo_project/products/internal/artifacts/1/1/72.json","b68f64f3fed619efb291b251eb55937a64c37173830107896e540b940aa0a528","1466"
"runs/phase5-interleaved-bp-seed-20261303-20260920_160017_307/provengo_project/products/internal/artifacts/1/1/73.txt","a442895a36add5ccfffe0527c9cf9ce43c46620ce81d671c85a6e3219913dc28","136"
"runs/phase5-interleaved-bp-seed-20261303-20260920_160017_307/provengo_project/products/internal/artifacts/1/1/74.txt","59144d6e469edb7b60893b1b29f9bb4780bfe2a1afc6398d28541cbc37f06e8b","471"
"runs/phase5-interleaved-bp-seed-20261303-20260920_160017_307/provengo_project/products/internal/artifacts/1/1/75.json","81cf134237dc4af7c6af0d42a9d4f3aa4436479021aeb59d722c25e5a3d42768","227"
"runs/phase5-interleaved-bp-seed-20261303-20260920_160017_307/provengo_project/products/internal/artifacts/1/1/76.txt","aa10a1a8251d562768a75e556b65dfb1b069b34ca5f64a5f4bcaca13dbcccd61","46"
"runs/phase5-interleaved-bp-seed-20261303-20260920_160017_307/provengo_project/products/internal/artifacts/1/1/77.txt","50ff08f0cd3890bbb8e5130de7e22ce5b5bc4e9beafd122009b993802fedbbe1","2405"
"runs/phase5-interleaved-bp-seed-20261303-20260920_160017_307/provengo_project/products/internal/artifacts/1/1/78.json","7be76d07066790192fa982afb7cee47f5441d856c2fc299cb54b4a815503b3fd","2064"
"runs/phase5-interleaved-bp-seed-20261303-20260920_160017_307/provengo_project/products/internal/artifacts/1/1/79.txt","e25c1a4211416a11b92ada9b0fd7219e3c66d28cf4878d18b2328d5755c99848","46"
"runs/phase5-interleaved-bp-seed-20261303-20260920_160017_307/provengo_project/products/internal/artifacts/1/1/8.txt","0684a0a02bf632a27f32fe4ed19d27a9a30691f9e2740ee92c9a9f6dc0aeb0a3","953"
"runs/phase5-interleaved-bp-seed-20261303-20260920_160017_307/provengo_project/products/internal/artifacts/1/1/80.txt","9155cbc9314206363fbc08c36226e4d7845e0caee2e28ba7e7aa1eb9ece22d5a","1808"
"runs/phase5-interleaved-bp-seed-20261303-20260920_160017_307/provengo_project/products/internal/artifacts/1/1/81.json","82ad2ed081583fc92a82fdd6e67b89d5d84c069cc5756d7a8238c3900c8508d6","1467"
"runs/phase5-interleaved-bp-seed-20261303-20260920_160017_307/provengo_project/products/internal/artifacts/1/1/82.txt","affd2cd9bcead3f71c37b5eebd6f6d27fd31ca7992ce9aca2f2379ec2524207e","140"
"runs/phase5-interleaved-bp-seed-20261303-20260920_160017_307/provengo_project/products/internal/artifacts/1/1/83.txt","fea9058de67355450b7ffa223eab6b33c10d29d5d23620334fa59a9172f975ee","475"
"runs/phase5-interleaved-bp-seed-20261303-20260920_160017_307/provengo_project/products/internal/artifacts/1/1/84.json","0981f39424c76f4daf3aa6aa447f061b50f6027d03192ff05948c47f4652cf38","231"
"runs/phase5-interleaved-bp-seed-20261303-20260920_160017_307/provengo_project/products/internal/artifacts/1/1/85.txt","e25c1a4211416a11b92ada9b0fd7219e3c66d28cf4878d18b2328d5755c99848","46"
"runs/phase5-interleaved-bp-seed-20261303-20260920_160017_307/provengo_project/products/internal/artifacts/1/1/86.txt","a98d69468f801933944cb28f10f6462a865bc57746f9c416a62fb914821d57c7","2410"
"runs/phase5-interleaved-bp-seed-20261303-20260920_160017_307/provengo_project/products/internal/artifacts/1/1/87.json","b053b10a23f4818428d6d06d2b296eb47e0868250ae33951b3f2295bf50decb2","2069"
"runs/phase5-interleaved-bp-seed-20261303-20260920_160017_307/provengo_project/products/internal/artifacts/1/1/88.txt","ffff46ee0d7de0d25c9bc20abac66df5f0c92d8b8309309e3b77c90e8525db50","46"
"runs/phase5-interleaved-bp-seed-20261303-20260920_160017_307/provengo_project/products/internal/artifacts/1/1/89.txt","d9f708fadfd1f3b205249dedcdd08ab2a2f180dfb56c2ea197f30effd365323d","1811"
"runs/phase5-interleaved-bp-seed-20261303-20260920_160017_307/provengo_project/products/internal/artifacts/1/1/9.json","80445e818421025689e53ebea0b678942f87011ace28973185e03762e0607aef","709"
"runs/phase5-interleaved-bp-seed-20261303-20260920_160017_307/provengo_project/products/internal/artifacts/1/1/90.json","74ff1eb3c23dd2378e19b7a61e3d534ec47d06a3db0d01e3d0e43d160e60b567","1470"
"runs/phase5-interleaved-bp-seed-20261303-20260920_160017_307/provengo_project/products/internal/artifacts/1/1/91.txt","56169ff6a6593f2140d57e134730f88ba644c05869fde12b277bf557e6683656","139"
"runs/phase5-interleaved-bp-seed-20261303-20260920_160017_307/provengo_project/products/internal/artifacts/1/1/92.txt","649c87a0ea7b65d39255b4a87294901ed8fc7b4a6202a5cbb39d09c445afe1b7","473"
"runs/phase5-interleaved-bp-seed-20261303-20260920_160017_307/provengo_project/products/internal/artifacts/1/1/93.json","f4f40c00070fe607faefa58cd29d48e0531f5e9a82223924b27a9b23407d976b","229"
"runs/phase5-interleaved-bp-seed-20261303-20260920_160017_307/provengo_project/products/internal/artifacts/1/1/94.txt","ffff46ee0d7de0d25c9bc20abac66df5f0c92d8b8309309e3b77c90e8525db50","46"
"runs/phase5-interleaved-bp-seed-20261303-20260920_160017_307/provengo_project/products/internal/artifacts/1/1/95.txt","49cab3688b460b423dd296af56415d79d8d3c8f0d59936982b023eeeb05752cb","2396"
"runs/phase5-interleaved-bp-seed-20261303-20260920_160017_307/provengo_project/products/internal/artifacts/1/1/96.json","dfff397e750213ef7a99ba1afa0b1666616baff5787d9554149ce6c24217be73","2055"
"runs/phase5-interleaved-bp-seed-20261303-20260920_160017_307/provengo_project/products/internal/artifacts/1/1/97.txt","1c68e0fde99588669cbcf40f2a4fb593e0eec65f3ac44ddf99164d508e65aa66","46"
"runs/phase5-interleaved-bp-seed-20261303-20260920_160017_307/provengo_project/products/internal/artifacts/1/1/98.txt","7527ee09c4378775afc0d52cf7ac0632324f200d9d5030c673d381896074de8d","1811"
"runs/phase5-interleaved-bp-seed-20261303-20260920_160017_307/provengo_project/products/internal/artifacts/1/1/99.json","878d8344c896105af6e8cdd34eddb8fe79309191ea90366b36c0f4c91e0a4e5a","1470"
"runs/phase5-interleaved-bp-seed-20261303-20260920_160017_307/provengo_project/products/internal/runs-db.db","b3d1fa0b826695edbb25f0fdba9cfd64cbf6149d36518cf301a50233ad3996f5","36564992"
"runs/phase5-interleaved-bp-seed-20261303-20260920_160017_307/provengo_project/README.md","42a255e3423c06901cc4ac1ef23f6bc5c6ffd6b58c7a3f9d22ff1cc08c456668","3985"
"runs/phase5-interleaved-bp-seed-20261303-20260920_160017_307/provengo_project/spec/js/disabled/hello-world.js","86253af6bc213bec40e9dc0f3c6d03134a32c1b31c0a618d77afbe9ad15b8cdd","1383"
"runs/phase5-interleaved-bp-seed-20261303-20260920_160017_307/provengo_project/spec/js/interfaces.vikunja.js","db759926b95b633393175e0472a59bef6da85184ab4f6cce510c59a26ee0e803","56359"
"runs/phase5-interleaved-bp-seed-20261303-20260920_160017_307/provengo_project/spec/js/stories.vikunja.js","68e18faf9a574f631f21a8fdd59682bb8cfc61a3cf108871c1c0a242f681ee2c","56645"
"runs/phase5-interleaved-bp-seed-20261303-20260920_160017_307/provengo-create.log","07031f3ac19c1054ed9ff69b65b62bc0844cbe1bdeeced8effe430009bec05ca","1218"
"runs/phase5-interleaved-bp-seed-20261303-20260920_160017_307/provengo-run.log","e3bbea5105a09efcab4e44970ea3fe19fac0a902a3e1f70a11ab1519b7647fb5","158824"
"runs/phase5-interleaved-bp-seed-20261303-20260920_160017_307/proxy.stderr.log","e3b0c44298fc1c149afbf4c8996fb92427ae41e4649b934ca495991b7852b855","0"
"runs/phase5-interleaved-bp-seed-20261303-20260920_160017_307/proxy.stdout.log","3e9637744efb4ab698c24160de5114f08dad58e2ed8ca2d3342c0306f2754d3c","84"
"runs/phase5-interleaved-bp-seed-20261303-20260920_160017_307/run-metadata.json","e769ae8b47f59a77271a249345df3f9301b31d3ee982ac9c419353cd77d7f7e8","796"
"runs/phase5-interleaved-bp-seed-20261304-20260920_160041_922/http-trace.jsonl","19ee03a08eefec93221af8352f56e4cb50735659d9a59149a859a7ebf6c0945f","93082"
"runs/phase5-interleaved-bp-seed-20261304-20260920_160041_922/phase5-interleaved-bp-evaluation.json","3abc98fd59686d3781212f580f9ca050985a6b28e539d0a0a978a726af001cb4","1152"
"runs/phase5-interleaved-bp-seed-20261304-20260920_160041_922/post-delete-probe.json","c2409ad1bfe94c12f9330f9489439ee18b97a874acd5df35f2e9157694bd9a8d","417"
"runs/phase5-interleaved-bp-seed-20261304-20260920_160041_922/provengo_project/.gitignore","f09e023c25978720ed9122360581f2fca50cb612504daed3337ab662e7106366","32"
"runs/phase5-interleaved-bp-seed-20261304-20260920_160041_922/provengo_project/.vscode/mcp.json","6e0a0c795dc197f1d4e07744a4e361e7cf92d6a2f5d276d0f1d5ce31f35169fb","143"
"runs/phase5-interleaved-bp-seed-20261304-20260920_160041_922/provengo_project/config/provengo.yml","172d59431475ba56c192df94b270f8d71e618b53c62c45beace120ee769cd8a3","1260"
"runs/phase5-interleaved-bp-seed-20261304-20260920_160041_922/provengo_project/data/data.js","55e30a0929c59d9578c5695169b772d147c20b0ad8a7d556eb38c4defd8404b7","131"
"runs/phase5-interleaved-bp-seed-20261304-20260920_160041_922/provengo_project/meta-spec/book-writer.js","977303cc03f87fd6561e4435e4cbbb34c85559a94b7aacefdbe9c71b0cb5ac42","3926"
"runs/phase5-interleaved-bp-seed-20261304-20260920_160041_922/provengo_project/meta-spec/ensemble-code.js","7e9e842a753bf38111af0cbfbf1bdaf8b88602fd620ff5fdd919fe8d23f45ab5","2692"
"runs/phase5-interleaved-bp-seed-20261304-20260920_160041_922/provengo_project/meta-spec/scenario-metadata.js","53f129542f1903bf3f7c2ef55914c0df227d58111a71c7c6053d40792b79cd65","479"
"runs/phase5-interleaved-bp-seed-20261304-20260920_160041_922/provengo_project/meta-spec/script-writer.js","f197d272e5524bd0b4ab1f59289b300232c7a8ebc060f8ffeba993fc7eaae0f9","3034"
"runs/phase5-interleaved-bp-seed-20261304-20260920_160041_922/provengo_project/products/internal/artifacts/1/1/1.txt","dae5fd38e469c93590d018f5a3ad1711d51a76c842562c89b7de779d28dfad38","101"
"runs/phase5-interleaved-bp-seed-20261304-20260920_160041_922/provengo_project/products/internal/artifacts/1/1/10.txt","dd1adb61b06b012b4256d4c2b03f8b69a950c2fe0e2b3af16013f31143229ce7","110"
"runs/phase5-interleaved-bp-seed-20261304-20260920_160041_922/provengo_project/products/internal/artifacts/1/1/100.txt","b6a0c3b01b7b83a74c5de57ea43e70b11aaa7c3cae8205e0f7e53137e0cd648d","137"
"runs/phase5-interleaved-bp-seed-20261304-20260920_160041_922/provengo_project/products/internal/artifacts/1/1/101.txt","8ec4708701b7f998518ed0cdb9de6a0e78648fbc237402e4f8924dac4fbeab72","471"
"runs/phase5-interleaved-bp-seed-20261304-20260920_160041_922/provengo_project/products/internal/artifacts/1/1/102.json","4baa84f4db42ee8c434812d5ebc39a2e271bb0a147972f77b93f69d989d0f040","227"
"runs/phase5-interleaved-bp-seed-20261304-20260920_160041_922/provengo_project/products/internal/artifacts/1/1/103.txt","0493d8bbae85550cb63ebe2b8f154895f7ea7a429a2e05a944acb038262aade4","46"
"runs/phase5-interleaved-bp-seed-20261304-20260920_160041_922/provengo_project/products/internal/artifacts/1/1/104.txt","a573e8b8458c723ed7d7500996b800414965343e618c80d091fb424184962428","2410"
"runs/phase5-interleaved-bp-seed-20261304-20260920_160041_922/provengo_project/products/internal/artifacts/1/1/105.json","37400c4d84a7e56843dcd75d1c0383ad0f7099c771bb1fee8f905fa74ba47135","2069"
"runs/phase5-interleaved-bp-seed-20261304-20260920_160041_922/provengo_project/products/internal/artifacts/1/1/106.txt","02e8955a162363ede2a346cd8e4d93a6d1cecd18764ec8857f34c5145e4de5cd","46"
"runs/phase5-interleaved-bp-seed-20261304-20260920_160041_922/provengo_project/products/internal/artifacts/1/1/107.txt","ec22ca1f75f223d7abf2cd3eff3e05bd03b669531b46ff3382f841014027ec00","1807"
"runs/phase5-interleaved-bp-seed-20261304-20260920_160041_922/provengo_project/products/internal/artifacts/1/1/108.json","c97b73332a1d4881eca97ba5e83c9dd593365e7a4340311f484784d3b683f9cc","1466"
"runs/phase5-interleaved-bp-seed-20261304-20260920_160041_922/provengo_project/products/internal/artifacts/1/1/109.txt","3a92703dc3c429dc6d913f436cbafcd52988852383b5c900cba25fc83b70b729","136"
"runs/phase5-interleaved-bp-seed-20261304-20260920_160041_922/provengo_project/products/internal/artifacts/1/1/11.txt","74ebea5317ba7540d0ab531f596b5988d26b3148715b498fe4a87c1333a522b0","954"
"runs/phase5-interleaved-bp-seed-20261304-20260920_160041_922/provengo_project/products/internal/artifacts/1/1/110.txt","efcbcfff2db1228896d1c1f30594bcaa3b79bfd5ce1b439d16789cef7fe66ad2","471"
"runs/phase5-interleaved-bp-seed-20261304-20260920_160041_922/provengo_project/products/internal/artifacts/1/1/111.json","63139a36b2fe7929e0883f57975296c7d1dd90c25a92b34a87e93b836ca1eb90","227"
"runs/phase5-interleaved-bp-seed-20261304-20260920_160041_922/provengo_project/products/internal/artifacts/1/1/112.txt","02e8955a162363ede2a346cd8e4d93a6d1cecd18764ec8857f34c5145e4de5cd","46"
"runs/phase5-interleaved-bp-seed-20261304-20260920_160041_922/provengo_project/products/internal/artifacts/1/1/113.txt","5243c5bb14853120e81b5ecbfde76c45a684ef6f78180e47e3d94d283cff971d","2393"
"runs/phase5-interleaved-bp-seed-20261304-20260920_160041_922/provengo_project/products/internal/artifacts/1/1/114.json","293e894c1a7a9685adb6dc8f849ab780019b7d2f51a3c1e7d3207227cd11288e","2052"
"runs/phase5-interleaved-bp-seed-20261304-20260920_160041_922/provengo_project/products/internal/artifacts/1/1/115.txt","6a20b5c5f9d27d682d12c7b5a037b9d79b4ba1b7e4a618686429a50e655ddac0","46"
"runs/phase5-interleaved-bp-seed-20261304-20260920_160041_922/provengo_project/products/internal/artifacts/1/1/116.txt","53c15255e0a0f0454bf6f05770eb98001e44b9f3283bdbc1b68129659eadbb95","1809"
"runs/phase5-interleaved-bp-seed-20261304-20260920_160041_922/provengo_project/products/internal/artifacts/1/1/117.json","b3ce542444c74119778cc0f73a2db14208fdd74a9f67d0e6388dd5d4d5456677","1468"
"runs/phase5-interleaved-bp-seed-20261304-20260920_160041_922/provengo_project/products/internal/artifacts/1/1/118.txt","ef2841071d5bd7e24ee6f579a18677f91def8aece270fd7cfa85aacda8d33f71","106"
"runs/phase5-interleaved-bp-seed-20261304-20260920_160041_922/provengo_project/products/internal/artifacts/1/1/119.txt","bb6d6963d1f90fcc58ff5f13a45f377095301878e6f0e05162d3631b802498af","210"
"runs/phase5-interleaved-bp-seed-20261304-20260920_160041_922/provengo_project/products/internal/artifacts/1/1/12.json","a8009d8efe97db19b0f9e839093f86f04cecc879a568267365af44a5adbd3059","710"
"runs/phase5-interleaved-bp-seed-20261304-20260920_160041_922/provengo_project/products/internal/artifacts/1/1/120.txt","e3b0c44298fc1c149afbf4c8996fb92427ae41e4649b934ca495991b7852b855","0"
"runs/phase5-interleaved-bp-seed-20261304-20260920_160041_922/provengo_project/products/internal/artifacts/1/1/121.txt","84c2a8f7366f3150e8cd594e93ca08e1f285d6cf49303921a231b43faa2fa71d","104"
"runs/phase5-interleaved-bp-seed-20261304-20260920_160041_922/provengo_project/products/internal/artifacts/1/1/122.txt","a1aa83398bf882ce3141b787123c300eb2a88516b982fb24355c98146c3e75c7","210"
"runs/phase5-interleaved-bp-seed-20261304-20260920_160041_922/provengo_project/products/internal/artifacts/1/1/123.txt","e3b0c44298fc1c149afbf4c8996fb92427ae41e4649b934ca495991b7852b855","0"
"runs/phase5-interleaved-bp-seed-20261304-20260920_160041_922/provengo_project/products/internal/artifacts/1/1/124.txt","a9ee5d11534570a45522c7bce53ad401ca48844098f4d39bfeda51f0fb58b82c","106"
"runs/phase5-interleaved-bp-seed-20261304-20260920_160041_922/provengo_project/products/internal/artifacts/1/1/125.txt","9255f6f990359cffc11db4eef7790d4058c56c6a542468503960d1eb78ebc6d6","210"
"runs/phase5-interleaved-bp-seed-20261304-20260920_160041_922/provengo_project/products/internal/artifacts/1/1/126.txt","e3b0c44298fc1c149afbf4c8996fb92427ae41e4649b934ca495991b7852b855","0"
"runs/phase5-interleaved-bp-seed-20261304-20260920_160041_922/provengo_project/products/internal/artifacts/1/1/127.txt","84f6c7b8a6f3abd5882039f9b06061533b3b52bfd83312f29fc00abd7bd8a4a7","103"
"runs/phase5-interleaved-bp-seed-20261304-20260920_160041_922/provengo_project/products/internal/artifacts/1/1/128.txt","7cb1961f583295b8fe2c5b0a5c83d6420fcf8e2ff1d8f51db399d79aac96a678","210"
"runs/phase5-interleaved-bp-seed-20261304-20260920_160041_922/provengo_project/products/internal/artifacts/1/1/129.txt","e3b0c44298fc1c149afbf4c8996fb92427ae41e4649b934ca495991b7852b855","0"
"runs/phase5-interleaved-bp-seed-20261304-20260920_160041_922/provengo_project/products/internal/artifacts/1/1/13.txt","1ffb3a33f88a604c0b96657cbd3b855c586381e53d989dc490640ac327e457f6","110"
"runs/phase5-interleaved-bp-seed-20261304-20260920_160041_922/provengo_project/products/internal/artifacts/1/1/130.txt","0ccb479187320aba5419e6f6db2f38918f3e3ad340736f7dcc7417e80008712c","103"
"runs/phase5-interleaved-bp-seed-20261304-20260920_160041_922/provengo_project/products/internal/artifacts/1/1/131.txt","def8181b78836ae9aa8b04007b1130afa06afe2e1d9b7e930082644d7df2fb1a","210"
"runs/phase5-interleaved-bp-seed-20261304-20260920_160041_922/provengo_project/products/internal/artifacts/1/1/132.txt","e3b0c44298fc1c149afbf4c8996fb92427ae41e4649b934ca495991b7852b855","0"
"runs/phase5-interleaved-bp-seed-20261304-20260920_160041_922/provengo_project/products/internal/artifacts/1/1/133.txt","84eb15c90534b0d6cac339d3cf6fb184882b647c343823b9235c5406a5f30429","107"
"runs/phase5-interleaved-bp-seed-20261304-20260920_160041_922/provengo_project/products/internal/artifacts/1/1/134.txt","f2b1ca068e5fa1ac3ffdcbfb6ddf9ef59cb41b6afb58ac4e6188d9844ffdec3c","210"
"runs/phase5-interleaved-bp-seed-20261304-20260920_160041_922/provengo_project/products/internal/artifacts/1/1/135.txt","e3b0c44298fc1c149afbf4c8996fb92427ae41e4649b934ca495991b7852b855","0"
"runs/phase5-interleaved-bp-seed-20261304-20260920_160041_922/provengo_project/products/internal/artifacts/1/1/136.txt","13d33c408bc301bbfd83c2e0ae4ae485c21848b49713b0efdab844c0e455fdc5","103"
"runs/phase5-interleaved-bp-seed-20261304-20260920_160041_922/provengo_project/products/internal/artifacts/1/1/137.txt","6f309780bc9040f7a44a856af57a3a5cadc8a1886cfa37812cac8ea8ca9b68bf","210"
"runs/phase5-interleaved-bp-seed-20261304-20260920_160041_922/provengo_project/products/internal/artifacts/1/1/138.txt","e3b0c44298fc1c149afbf4c8996fb92427ae41e4649b934ca495991b7852b855","0"
"runs/phase5-interleaved-bp-seed-20261304-20260920_160041_922/provengo_project/products/internal/artifacts/1/1/139.txt","02e8955a162363ede2a346cd8e4d93a6d1cecd18764ec8857f34c5145e4de5cd","46"
"runs/phase5-interleaved-bp-seed-20261304-20260920_160041_922/provengo_project/products/internal/artifacts/1/1/14.txt","7f2329bf355a7d20db2990707f6185e9b4691be251e804b338c9dc44b74a7a5c","954"
"runs/phase5-interleaved-bp-seed-20261304-20260920_160041_922/provengo_project/products/internal/artifacts/1/1/140.txt","628ceb236d1739e12ba8c64cd5f242e8a906881150a0b1d716743fc52ed69cdc","1210"
"runs/phase5-interleaved-bp-seed-20261304-20260920_160041_922/provengo_project/products/internal/artifacts/1/1/141.json","0d1dd144c43d92f20801999a5542bd917ff06bca76a2e60a17e3a481b408a99f","870"
"runs/phase5-interleaved-bp-seed-20261304-20260920_160041_922/provengo_project/products/internal/artifacts/1/1/142.txt","0493d8bbae85550cb63ebe2b8f154895f7ea7a429a2e05a944acb038262aade4","46"
"runs/phase5-interleaved-bp-seed-20261304-20260920_160041_922/provengo_project/products/internal/artifacts/1/1/143.txt","13d7f35374b2b53854d7f7f64ab3f931e2c968b67a2a2c48a71788d67b9371b1","1209"
"runs/phase5-interleaved-bp-seed-20261304-20260920_160041_922/provengo_project/products/internal/artifacts/1/1/144.json","5f054f6507063467f45abb3907bf6590bfa76dcda8a9bc9fac929be48d1e8020","869"
"runs/phase5-interleaved-bp-seed-20261304-20260920_160041_922/provengo_project/products/internal/artifacts/1/1/145.txt","fca899175c682ba604517e3a183596bba7b4767dafdb4d3c9f47128a34df5a2a","46"
"runs/phase5-interleaved-bp-seed-20261304-20260920_160041_922/provengo_project/products/internal/artifacts/1/1/146.txt","fea1f33b0c203789d5823efc55511438e78e5d4825cc9fdebf6cf552eb370f3b","1210"
"runs/phase5-interleaved-bp-seed-20261304-20260920_160041_922/provengo_project/products/internal/artifacts/1/1/147.json","6ff03a91a113f999f194fb2e3528c0d615c9698fc4332d69658c4c3270021789","870"
"runs/phase5-interleaved-bp-seed-20261304-20260920_160041_922/provengo_project/products/internal/artifacts/1/1/148.txt","3a92703dc3c429dc6d913f436cbafcd52988852383b5c900cba25fc83b70b729","136"
"runs/phase5-interleaved-bp-seed-20261304-20260920_160041_922/provengo_project/products/internal/artifacts/1/1/149.txt","a59382a389dbf4f03907afc9090273f382c71a827ba6cd4eb3d5bf1e6e159cb4","471"
"runs/phase5-interleaved-bp-seed-20261304-20260920_160041_922/provengo_project/products/internal/artifacts/1/1/15.json","74229b0beea4f6e9ef0812ceecb576669eaac69932ec5b2e7591015e471ac4d6","710"
"runs/phase5-interleaved-bp-seed-20261304-20260920_160041_922/provengo_project/products/internal/artifacts/1/1/150.json","aabd249bf862b02f5df601c466115e1fba94f4b962c1536670da30fd375f85fa","227"
"runs/phase5-interleaved-bp-seed-20261304-20260920_160041_922/provengo_project/products/internal/artifacts/1/1/151.txt","87b0401bdb2108391775f3b3403fdca9af1716c4b4a6c4444a641a1636268f7c","139"
"runs/phase5-interleaved-bp-seed-20261304-20260920_160041_922/provengo_project/products/internal/artifacts/1/1/152.txt","b6f0657d7222316508dd8d619ac4d3d5bf313f822cc811bfec9b37326051e5fb","474"
"runs/phase5-interleaved-bp-seed-20261304-20260920_160041_922/provengo_project/products/internal/artifacts/1/1/153.json","edc6da449a6d1fc3cf2846b0157fe5adcb95368ec290d4fbfdb07b37bb28c9f9","230"
"runs/phase5-interleaved-bp-seed-20261304-20260920_160041_922/provengo_project/products/internal/artifacts/1/1/154.txt","ea52fe7370343745f38ee6387d45e5dabac69a7195cac7b7616596dbcff42d44","46"
"runs/phase5-interleaved-bp-seed-20261304-20260920_160041_922/provengo_project/products/internal/artifacts/1/1/155.txt","640996e313664353a7220d1797b0cc506130b645712174f55f6a26a06b29fe6b","1210"
"runs/phase5-interleaved-bp-seed-20261304-20260920_160041_922/provengo_project/products/internal/artifacts/1/1/156.json","32d5cc092d49afa74010f06b5248b4495ab05801cdfc4e0a585c3d9cfb9566c2","870"
"runs/phase5-interleaved-bp-seed-20261304-20260920_160041_922/provengo_project/products/internal/artifacts/1/1/157.txt","44f24e9c197de7936f710cbbf8a7a415bf282b3d5c948630d7573db121fbd037","46"
"runs/phase5-interleaved-bp-seed-20261304-20260920_160041_922/provengo_project/products/internal/artifacts/1/1/158.txt","82eacb07799b3ca2ad76906f43cd942f53a4af14052811563b40fac4c8914da8","1210"
"runs/phase5-interleaved-bp-seed-20261304-20260920_160041_922/provengo_project/products/internal/artifacts/1/1/159.json","638e3b97ad5865047a61ccc9c1e7a171b0ee07c6eef5bf910f762c025895d38c","870"
"runs/phase5-interleaved-bp-seed-20261304-20260920_160041_922/provengo_project/products/internal/artifacts/1/1/16.txt","5ee85bf63b1bccf389fc1c5662f812af575043c7b0cbe3da29f324f51ed06b07","109"
"runs/phase5-interleaved-bp-seed-20261304-20260920_160041_922/provengo_project/products/internal/artifacts/1/1/160.txt","9702c23c2625170e5919764ba0c5993b10ba08d0ec499f76b2d1a592f55b5c31","136"
"runs/phase5-interleaved-bp-seed-20261304-20260920_160041_922/provengo_project/products/internal/artifacts/1/1/161.txt","70f6c38b8b36484c9f1d3514d176af1b0d064529fb5eb9e50021c2681e4745ff","471"
"runs/phase5-interleaved-bp-seed-20261304-20260920_160041_922/provengo_project/products/internal/artifacts/1/1/162.json","52c40f6d09b80fc4f20e8aabdac42e0db3a37e8b475cfaa11fec9150c970b96a","227"
"runs/phase5-interleaved-bp-seed-20261304-20260920_160041_922/provengo_project/products/internal/artifacts/1/1/163.txt","9ef14891a3c82c9eeaf5d094e24b9ee557219a65c9d5003ba850491b4e4c31da","46"
"runs/phase5-interleaved-bp-seed-20261304-20260920_160041_922/provengo_project/products/internal/artifacts/1/1/164.txt","872fbf75a9e3cf704816147969d84b5a66febd664273bc61c0d9a8de8be44099","1210"
"runs/phase5-interleaved-bp-seed-20261304-20260920_160041_922/provengo_project/products/internal/artifacts/1/1/165.json","3b0102930eb032960a5196c2001760b7fecda9dba3decbf44a548c7b53a0a72f","870"
"runs/phase5-interleaved-bp-seed-20261304-20260920_160041_922/provengo_project/products/internal/artifacts/1/1/166.txt","dddf9d417a8efb946cdc11a01d8953cf0abfb49141dac11a272945511e244386","46"
"runs/phase5-interleaved-bp-seed-20261304-20260920_160041_922/provengo_project/products/internal/artifacts/1/1/167.txt","df1ebf4e5f05be5dd7cffae8da498957c6f7477350f1fa0df809bf94d6fe66a8","1808"
"runs/phase5-interleaved-bp-seed-20261304-20260920_160041_922/provengo_project/products/internal/artifacts/1/1/168.json","b76e3c2b4f1efeb3b2d4e4ed5c008bac9aa641ccf2ee7ab1503b97e3ceb03458","1467"
"runs/phase5-interleaved-bp-seed-20261304-20260920_160041_922/provengo_project/products/internal/artifacts/1/1/169.txt","7508d89a93b18307b856b91d203f8d3291edb9a0ba1e8bb2a09bbe81f76fbcc8","136"
"runs/phase5-interleaved-bp-seed-20261304-20260920_160041_922/provengo_project/products/internal/artifacts/1/1/17.txt","d24a883face05f8d970528e27b29d86557a744210ce44955f3b88a2618314278","952"
"runs/phase5-interleaved-bp-seed-20261304-20260920_160041_922/provengo_project/products/internal/artifacts/1/1/170.txt","d6ceb2b38ab943f791e9e7818d73f700dda871611e7083e3f3ebed6a05fa8a40","470"
"runs/phase5-interleaved-bp-seed-20261304-20260920_160041_922/provengo_project/products/internal/artifacts/1/1/171.json","866b92903a73b2c3b9d075f22c4f85fec536c9e2c073cd1346d52e0d50788c80","226"
"runs/phase5-interleaved-bp-seed-20261304-20260920_160041_922/provengo_project/products/internal/artifacts/1/1/172.txt","3e48b56652316ffb316219777069f7eb1649e4dd3df3fc6cc8e2627b669034ce","113"
"runs/phase5-interleaved-bp-seed-20261304-20260920_160041_922/provengo_project/products/internal/artifacts/1/1/173.txt","5cd33cbd9f10dfc9fb3293acfbad8f88861b4df91688c02a91e5866e67d8faae","837"
"runs/phase5-interleaved-bp-seed-20261304-20260920_160041_922/provengo_project/products/internal/artifacts/1/1/174.json","ed88f56f12cd7d298e46df20c274093bf8f460f17c8fd87816413fe4b4b90df0","593"
"runs/phase5-interleaved-bp-seed-20261304-20260920_160041_922/provengo_project/products/internal/artifacts/1/1/175.txt","76bae3957e700b1047e75d133908397cfa5a4dc33c1dbbbf7f71428241e91f75","112"
"runs/phase5-interleaved-bp-seed-20261304-20260920_160041_922/provengo_project/products/internal/artifacts/1/1/176.txt","f7dc0e7dccdc1532c508e04613ca12f183c7e939dfe40aaf0a03783af6825411","836"
"runs/phase5-interleaved-bp-seed-20261304-20260920_160041_922/provengo_project/products/internal/artifacts/1/1/177.json","19cbd3b430c5e49179d87ab87bfe204eb976cd28effe6097bbb368bcfcf67d4b","592"
"runs/phase5-interleaved-bp-seed-20261304-20260920_160041_922/provengo_project/products/internal/artifacts/1/1/178.txt","dddf9d417a8efb946cdc11a01d8953cf0abfb49141dac11a272945511e244386","46"
"runs/phase5-interleaved-bp-seed-20261304-20260920_160041_922/provengo_project/products/internal/artifacts/1/1/179.txt","c014f0324718792e38efdb5e19e6ffc13d07124ccc80e164c5668206859c3e4c","1807"
"runs/phase5-interleaved-bp-seed-20261304-20260920_160041_922/provengo_project/products/internal/artifacts/1/1/18.json","a2f618c5c012d6c281bdd96b34545440a93c218f969d1cde1f977e9a9c0de276","708"
"runs/phase5-interleaved-bp-seed-20261304-20260920_160041_922/provengo_project/products/internal/artifacts/1/1/180.json","41bd4f79e368c2e53160af9a5fdd84372665ec88d01a1686c40347d435f5b5d4","1466"
"runs/phase5-interleaved-bp-seed-20261304-20260920_160041_922/provengo_project/products/internal/artifacts/1/1/181.txt","21975d2ddd0d92ec0a6a40785740dcc14ddbed72ce0ab6727fefad661a3f56dc","113"
"runs/phase5-interleaved-bp-seed-20261304-20260920_160041_922/provengo_project/products/internal/artifacts/1/1/182.txt","b739405ecded7b00c1b2ed745a9eeff27bf9f774fc7845bf0380e5083d1b6576","837"
"runs/phase5-interleaved-bp-seed-20261304-20260920_160041_922/provengo_project/products/internal/artifacts/1/1/183.json","fb31a7eee1c3aaddc1db68add9f04df96de6fba2d8b631715bee760ac4db0532","593"
"runs/phase5-interleaved-bp-seed-20261304-20260920_160041_922/provengo_project/products/internal/artifacts/1/1/184.txt","659336c29348bf5ccf26b42013052d57ca339ba92ae065fd496f03f9ce8cf41c","113"
"runs/phase5-interleaved-bp-seed-20261304-20260920_160041_922/provengo_project/products/internal/artifacts/1/1/185.txt","e095275d8a1c258445dda5f30d092b54548097b95bdbe4947d046a5b984b68e9","837"
"runs/phase5-interleaved-bp-seed-20261304-20260920_160041_922/provengo_project/products/internal/artifacts/1/1/186.json","cc9d1fe639b5c11b8a432790688e70c665a14c074bc35de2697e411bdd292540","593"
"runs/phase5-interleaved-bp-seed-20261304-20260920_160041_922/provengo_project/products/internal/artifacts/1/1/187.txt","b94ddc037a3c4a9aad07c1094ad952fc7274c801d1b13181ff202d8e3b0a2ac3","113"
"runs/phase5-interleaved-bp-seed-20261304-20260920_160041_922/provengo_project/products/internal/artifacts/1/1/188.txt","c211eec2444e45ac9dd77376b48f46cacd0f9336c7d2e9081480b0b836ebfaa4","837"
"runs/phase5-interleaved-bp-seed-20261304-20260920_160041_922/provengo_project/products/internal/artifacts/1/1/189.json","acb163b08a8663fab23c99220f863882e34c7d80220a1ad0958c1fdbed5b3563","593"
"runs/phase5-interleaved-bp-seed-20261304-20260920_160041_922/provengo_project/products/internal/artifacts/1/1/19.txt","a6b1b235e9bc1bd4d595121aed214e66a18d3fd1de33277fc13b4cd68ce58137","110"
"runs/phase5-interleaved-bp-seed-20261304-20260920_160041_922/provengo_project/products/internal/artifacts/1/1/190.txt","f72675a6f72d51ee2e6917a1c0b21c95bf1c01f3cdd904e3676d3b37687c4aea","113"
"runs/phase5-interleaved-bp-seed-20261304-20260920_160041_922/provengo_project/products/internal/artifacts/1/1/191.txt","8d0808a865e967d8a0711d370adc5e0b7a3d79417794d1069d02d16d82036c4c","837"
"runs/phase5-interleaved-bp-seed-20261304-20260920_160041_922/provengo_project/products/internal/artifacts/1/1/192.json","779c62507a2b81fff651637699fd78c0067167133464b07c039f706630d2ca9c","593"
"runs/phase5-interleaved-bp-seed-20261304-20260920_160041_922/provengo_project/products/internal/artifacts/1/1/193.txt","6d452a0fa707085d569a044e4cd6f3da46c2a248845ea65bd90c73a2ce3283ad","113"
"runs/phase5-interleaved-bp-seed-20261304-20260920_160041_922/provengo_project/products/internal/artifacts/1/1/194.txt","cc0517e6578b2bf5816dca012c248d1ebae1e8c4dec0a24834e0e089a02700d7","837"
"runs/phase5-interleaved-bp-seed-20261304-20260920_160041_922/provengo_project/products/internal/artifacts/1/1/195.json","5a94f52be286c204536c64f5dd3cf6f79e45d00a8f1a449ac348300fe41478d2","593"
"runs/phase5-interleaved-bp-seed-20261304-20260920_160041_922/provengo_project/products/internal/artifacts/1/1/196.txt","44f24e9c197de7936f710cbbf8a7a415bf282b3d5c948630d7573db121fbd037","46"
"runs/phase5-interleaved-bp-seed-20261304-20260920_160041_922/provengo_project/products/internal/artifacts/1/1/197.txt","6d4d6abf7b5d41b38ad3da47e008a08a43f265865de338e2c1622ce218e4af2c","1806"
"runs/phase5-interleaved-bp-seed-20261304-20260920_160041_922/provengo_project/products/internal/artifacts/1/1/198.json","8b478d49478f024c6c46b2110b4be44701c3d1a0f1c6d3fa681af601f24266e0","1465"
"runs/phase5-interleaved-bp-seed-20261304-20260920_160041_922/provengo_project/products/internal/artifacts/1/1/199.txt","51ad35ff816bb9c30fa0be38763690a418ceb470fd4bec50d2fe31c99a88178a","113"
"runs/phase5-interleaved-bp-seed-20261304-20260920_160041_922/provengo_project/products/internal/artifacts/1/1/2.txt","9d7cfbc83f14addf436f2a7c0d70eff077cfa657625db5d8a0e73f8b06e92f41","2035"
"runs/phase5-interleaved-bp-seed-20261304-20260920_160041_922/provengo_project/products/internal/artifacts/1/1/20.txt","9b5cf415a5ce5114e36a98424122def5553f6c955ced2b9bffce39b6d92153f0","954"
"runs/phase5-interleaved-bp-seed-20261304-20260920_160041_922/provengo_project/products/internal/artifacts/1/1/200.txt","a47cd658fad6010ae6ee9ec6ce1c33a059ff99700242a24c286bb2ca6940f105","837"
"runs/phase5-interleaved-bp-seed-20261304-20260920_160041_922/provengo_project/products/internal/artifacts/1/1/201.json","934339d75a9836f881df5e40a17660022560da0693e4181bc552487f9a7cff61","593"
"runs/phase5-interleaved-bp-seed-20261304-20260920_160041_922/provengo_project/products/internal/artifacts/1/1/202.txt","6a20b5c5f9d27d682d12c7b5a037b9d79b4ba1b7e4a618686429a50e655ddac0","46"
"runs/phase5-interleaved-bp-seed-20261304-20260920_160041_922/provengo_project/products/internal/artifacts/1/1/203.txt","7247eeb52c8eb6ecf0e1874d1247c03a391a4ac5090e95b834e51740b2a2ab8c","1807"
"runs/phase5-interleaved-bp-seed-20261304-20260920_160041_922/provengo_project/products/internal/artifacts/1/1/204.json","28c98709309065ac90cb960c1fc222fde9aa05c7032a3003bd6216242b173014","1466"
"runs/phase5-interleaved-bp-seed-20261304-20260920_160041_922/provengo_project/products/internal/artifacts/1/1/205.txt","ea52fe7370343745f38ee6387d45e5dabac69a7195cac7b7616596dbcff42d44","46"
"runs/phase5-interleaved-bp-seed-20261304-20260920_160041_922/provengo_project/products/internal/artifacts/1/1/206.txt","7f393bffcaa70568ba4f00538b28d0f532a0a1558d9e71a3e547df4d1ffe0d7a","1809"
"runs/phase5-interleaved-bp-seed-20261304-20260920_160041_922/provengo_project/products/internal/artifacts/1/1/207.json","1d9f483c29a080f0f950bf58e47415866fdebb111c604f46b32934b7056f612b","1468"
"runs/phase5-interleaved-bp-seed-20261304-20260920_160041_922/provengo_project/products/internal/artifacts/1/1/208.txt","fca899175c682ba604517e3a183596bba7b4767dafdb4d3c9f47128a34df5a2a","46"
"runs/phase5-interleaved-bp-seed-20261304-20260920_160041_922/provengo_project/products/internal/artifacts/1/1/209.txt","3d262c60175d9aed63ca5777630e017f5324d23424948e14f78b83e1daa10031","1808"
"runs/phase5-interleaved-bp-seed-20261304-20260920_160041_922/provengo_project/products/internal/artifacts/1/1/21.json","83f9ea0fea17d158779a05725fdc07c0a526ac75a1a4ed102ab72ee966f3954f","710"
"runs/phase5-interleaved-bp-seed-20261304-20260920_160041_922/provengo_project/products/internal/artifacts/1/1/210.json","4b6a36e84be68be83f66b2f900f088604d9238edbf5a54c091d263a3bc8306d8","1467"
"runs/phase5-interleaved-bp-seed-20261304-20260920_160041_922/provengo_project/products/internal/artifacts/1/1/211.txt","0493d8bbae85550cb63ebe2b8f154895f7ea7a429a2e05a944acb038262aade4","46"
"runs/phase5-interleaved-bp-seed-20261304-20260920_160041_922/provengo_project/products/internal/artifacts/1/1/212.txt","e07f7ccc999124a6dd0f30e210cd2c1395ae58c706eaecca5580d96cd6a4c411","1809"
"runs/phase5-interleaved-bp-seed-20261304-20260920_160041_922/provengo_project/products/internal/artifacts/1/1/213.json","171468ed8c045ebfc96feaa67dc208171b55fe70c11713db54e5dc75b5321c4f","1468"
"runs/phase5-interleaved-bp-seed-20261304-20260920_160041_922/provengo_project/products/internal/artifacts/1/1/214.txt","02e8955a162363ede2a346cd8e4d93a6d1cecd18764ec8857f34c5145e4de5cd","46"
"runs/phase5-interleaved-bp-seed-20261304-20260920_160041_922/provengo_project/products/internal/artifacts/1/1/215.txt","d9de228bd0bda62c60edf058a32199beca9248fc6a96d72e578c99cf95b46b40","1806"
"runs/phase5-interleaved-bp-seed-20261304-20260920_160041_922/provengo_project/products/internal/artifacts/1/1/216.json","1efa47b0e55e598876a936ae1da742a2655effd48f21e30ffe8b2ac211d3e26a","1465"
"runs/phase5-interleaved-bp-seed-20261304-20260920_160041_922/provengo_project/products/internal/artifacts/1/1/217.txt","9ef14891a3c82c9eeaf5d094e24b9ee557219a65c9d5003ba850491b4e4c31da","46"
"runs/phase5-interleaved-bp-seed-20261304-20260920_160041_922/provengo_project/products/internal/artifacts/1/1/218.txt","726c62f184c28ae5dec913ead3c0687633e1255c2ab255aeb20711c5ec63e849","1806"
"runs/phase5-interleaved-bp-seed-20261304-20260920_160041_922/provengo_project/products/internal/artifacts/1/1/219.json","caa8e2b26022a6f6591da34a452f1b17e3bbb093d5e168841ee2f9c9c04306fb","1465"
"runs/phase5-interleaved-bp-seed-20261304-20260920_160041_922/provengo_project/products/internal/artifacts/1/1/22.txt","44f24e9c197de7936f710cbbf8a7a415bf282b3d5c948630d7573db121fbd037","46"
"runs/phase5-interleaved-bp-seed-20261304-20260920_160041_922/provengo_project/products/internal/artifacts/1/1/220.txt","200dfd14dd7409e67c70e8c70b93c79db308cbb589c72840a87ee852c3da6d30","81"
"runs/phase5-interleaved-bp-seed-20261304-20260920_160041_922/provengo_project/products/internal/artifacts/1/1/221.txt","4ff4f9f1a4bd988bf40d6c581722abf68a7100ab0b6c5791ba71b90ce7001da2","210"
"runs/phase5-interleaved-bp-seed-20261304-20260920_160041_922/provengo_project/products/internal/artifacts/1/1/222.txt","e3b0c44298fc1c149afbf4c8996fb92427ae41e4649b934ca495991b7852b855","0"
"runs/phase5-interleaved-bp-seed-20261304-20260920_160041_922/provengo_project/products/internal/artifacts/1/1/223.txt","56fb977663f0802534f47a089ca7c04a82613e1cde943fda75eaa40b782878d1","81"
"runs/phase5-interleaved-bp-seed-20261304-20260920_160041_922/provengo_project/products/internal/artifacts/1/1/224.txt","1f766d9195eb8a2f942d183ea367fcfb024020cf0caece6ba547461fe3091d7a","210"
"runs/phase5-interleaved-bp-seed-20261304-20260920_160041_922/provengo_project/products/internal/artifacts/1/1/225.txt","e3b0c44298fc1c149afbf4c8996fb92427ae41e4649b934ca495991b7852b855","0"
"runs/phase5-interleaved-bp-seed-20261304-20260920_160041_922/provengo_project/products/internal/artifacts/1/1/226.txt","be27c704358a032f04faa3bf6a8fa38d0e6015e5f9495f8264f12af3b12e73b9","81"
"runs/phase5-interleaved-bp-seed-20261304-20260920_160041_922/provengo_project/products/internal/artifacts/1/1/227.txt","8e9baaaf804fd9f51d8e31eaf49469adf1ca0b589920b2f6e9ff7be6eb757756","210"
"runs/phase5-interleaved-bp-seed-20261304-20260920_160041_922/provengo_project/products/internal/artifacts/1/1/228.txt","e3b0c44298fc1c149afbf4c8996fb92427ae41e4649b934ca495991b7852b855","0"
"runs/phase5-interleaved-bp-seed-20261304-20260920_160041_922/provengo_project/products/internal/artifacts/1/1/229.txt","6851ceff46bb626ee424eda0e17901e31f830c5997a6bf2f43d49248eb7a7661","81"
"runs/phase5-interleaved-bp-seed-20261304-20260920_160041_922/provengo_project/products/internal/artifacts/1/1/23.txt","7bdf9c96a2dba10fa8ca9d0517f08a8a2c47b914315f93fa3dd6c3cddb9dac9e","1210"
"runs/phase5-interleaved-bp-seed-20261304-20260920_160041_922/provengo_project/products/internal/artifacts/1/1/230.txt","6f431ee626cac742c3bb4a5947e581db9dddca3e681958dceedfe1d7868960f8","210"
"runs/phase5-interleaved-bp-seed-20261304-20260920_160041_922/provengo_project/products/internal/artifacts/1/1/231.txt","e3b0c44298fc1c149afbf4c8996fb92427ae41e4649b934ca495991b7852b855","0"
"runs/phase5-interleaved-bp-seed-20261304-20260920_160041_922/provengo_project/products/internal/artifacts/1/1/232.txt","fa99a914dbd30039119987b0b2480049759b0c5333e9e9d21109eaba032934ac","81"
"runs/phase5-interleaved-bp-seed-20261304-20260920_160041_922/provengo_project/products/internal/artifacts/1/1/233.txt","1acf7e0bfd735b37c749b8ce2114ace3323bdaa51060d9e2b2119f26ebcd9a77","210"
"runs/phase5-interleaved-bp-seed-20261304-20260920_160041_922/provengo_project/products/internal/artifacts/1/1/234.txt","e3b0c44298fc1c149afbf4c8996fb92427ae41e4649b934ca495991b7852b855","0"
"runs/phase5-interleaved-bp-seed-20261304-20260920_160041_922/provengo_project/products/internal/artifacts/1/1/235.txt","ac2c269c4e9f48ede973b46a63839585f6ea4da7e181d69ab739310c9d53a01f","81"
"runs/phase5-interleaved-bp-seed-20261304-20260920_160041_922/provengo_project/products/internal/artifacts/1/1/236.txt","9790ae6f4af0549e78e6499246691b58c58ed33e6adbac8e4a8c5f62ef7e5733","210"
"runs/phase5-interleaved-bp-seed-20261304-20260920_160041_922/provengo_project/products/internal/artifacts/1/1/237.txt","e3b0c44298fc1c149afbf4c8996fb92427ae41e4649b934ca495991b7852b855","0"
"runs/phase5-interleaved-bp-seed-20261304-20260920_160041_922/provengo_project/products/internal/artifacts/1/1/238.txt","7696074230cefa61fecb8ef4ae7e2e64f5cb6b5f862ff54c1dbbf78ce40015bb","81"
"runs/phase5-interleaved-bp-seed-20261304-20260920_160041_922/provengo_project/products/internal/artifacts/1/1/239.txt","5bda55e7a43705e7ea7c888d22ffeec83b3968537b4673f3a92617e8b4b3938f","210"
"runs/phase5-interleaved-bp-seed-20261304-20260920_160041_922/provengo_project/products/internal/artifacts/1/1/24.json","cda83f94611586c40fd0cecaf1621b6893d8aea9317b540b1cfe1c0919f7d069","870"
"runs/phase5-interleaved-bp-seed-20261304-20260920_160041_922/provengo_project/products/internal/artifacts/1/1/240.txt","e3b0c44298fc1c149afbf4c8996fb92427ae41e4649b934ca495991b7852b855","0"
"runs/phase5-interleaved-bp-seed-20261304-20260920_160041_922/provengo_project/products/internal/artifacts/1/1/241.txt","ce5ac688684547de217a97b742c852a1e39e50643e4a5b4d53dbe51f80ddc5e3","81"
"runs/phase5-interleaved-bp-seed-20261304-20260920_160041_922/provengo_project/products/internal/artifacts/1/1/242.txt","7db15906403717e11167b213c82353911156985323073c91708417621e1aa45e","210"
"runs/phase5-interleaved-bp-seed-20261304-20260920_160041_922/provengo_project/products/internal/artifacts/1/1/243.txt","e3b0c44298fc1c149afbf4c8996fb92427ae41e4649b934ca495991b7852b855","0"
"runs/phase5-interleaved-bp-seed-20261304-20260920_160041_922/provengo_project/products/internal/artifacts/1/1/244.txt","6479fc237edad060455668af9a86939f25bd804c1e345b6ca84dcca9c3148861","83"
"runs/phase5-interleaved-bp-seed-20261304-20260920_160041_922/provengo_project/products/internal/artifacts/1/1/245.txt","a558d4543fb75181006978e2b87ef953490d4e60ccba1ceb134e829510b9acac","210"
"runs/phase5-interleaved-bp-seed-20261304-20260920_160041_922/provengo_project/products/internal/artifacts/1/1/246.txt","e3b0c44298fc1c149afbf4c8996fb92427ae41e4649b934ca495991b7852b855","0"
"runs/phase5-interleaved-bp-seed-20261304-20260920_160041_922/provengo_project/products/internal/artifacts/1/1/25.txt","bd616896a5bd313153b04efda30de4f4db4f157eeee77bf416ea410c19f97c73","110"
"runs/phase5-interleaved-bp-seed-20261304-20260920_160041_922/provengo_project/products/internal/artifacts/1/1/26.txt","747640159a383cfce583aa167588754a43dfea9620a1f62de065bc2b1fa0ce30","954"
"runs/phase5-interleaved-bp-seed-20261304-20260920_160041_922/provengo_project/products/internal/artifacts/1/1/27.json","3e194257d79a85b05ea4c03df00c4d558b05d077aabc08c848d9393fcbb901f7","710"
"runs/phase5-interleaved-bp-seed-20261304-20260920_160041_922/provengo_project/products/internal/artifacts/1/1/28.txt","dddf9d417a8efb946cdc11a01d8953cf0abfb49141dac11a272945511e244386","46"
"runs/phase5-interleaved-bp-seed-20261304-20260920_160041_922/provengo_project/products/internal/artifacts/1/1/29.txt","57f5ad55eef2d201b4b8fcce599e64c87135eeef860f543d1921e577abdd87ec","1210"
"runs/phase5-interleaved-bp-seed-20261304-20260920_160041_922/provengo_project/products/internal/artifacts/1/1/3.json","d26e14b8cdbf597a9edc586fd53a07134508ceae62450cd882be0cfac16197e4","1733"
"runs/phase5-interleaved-bp-seed-20261304-20260920_160041_922/provengo_project/products/internal/artifacts/1/1/30.json","542bc29be41137dc5c1b3d983b10a7f0589af6bb22350578db5bd49d35590150","870"
"runs/phase5-interleaved-bp-seed-20261304-20260920_160041_922/provengo_project/products/internal/artifacts/1/1/31.txt","e06c78ac78d279240ca808ae9f26cc2cbf7f7c98dd6cfeab448e5fba36858f0a","80"
"runs/phase5-interleaved-bp-seed-20261304-20260920_160041_922/provengo_project/products/internal/artifacts/1/1/32.txt","d82a51e7be45f8e159efa3113b6cad343597a3e3ccc99c4de27af7c067807d41","1949"
"runs/phase5-interleaved-bp-seed-20261304-20260920_160041_922/provengo_project/products/internal/artifacts/1/1/33.json","747146d562224a019f8d6dd8738cd36a21d033be3a6b1893cf2771d8e1e199f6","1639"
"runs/phase5-interleaved-bp-seed-20261304-20260920_160041_922/provengo_project/products/internal/artifacts/1/1/34.txt","6a20b5c5f9d27d682d12c7b5a037b9d79b4ba1b7e4a618686429a50e655ddac0","46"
"runs/phase5-interleaved-bp-seed-20261304-20260920_160041_922/provengo_project/products/internal/artifacts/1/1/35.txt","3659e9cf094c64928a770e5cce10cd02e28c518b63be597072dd606b4e82bc7c","1210"
"runs/phase5-interleaved-bp-seed-20261304-20260920_160041_922/provengo_project/products/internal/artifacts/1/1/36.json","c06a34ea41c3fdf9b055c93cac4f0794673c4b3ca80a9c65660acee46cd47ec9","870"
"runs/phase5-interleaved-bp-seed-20261304-20260920_160041_922/provengo_project/products/internal/artifacts/1/1/37.txt","4d84fe2b6d1eb247e34cbae5c01226c67a52a766700dbd4a44b07916ecf8a428","110"
"runs/phase5-interleaved-bp-seed-20261304-20260920_160041_922/provengo_project/products/internal/artifacts/1/1/38.txt","dd7df7de661b3231f9eaf648f3e5068de7f0c551b9523ff77c80459d46fa35d3","954"
"runs/phase5-interleaved-bp-seed-20261304-20260920_160041_922/provengo_project/products/internal/artifacts/1/1/39.json","a8bf2e8b00a9bee70b51beff3a437264283213d240a1a1c94eb6720c493ea978","710"
"runs/phase5-interleaved-bp-seed-20261304-20260920_160041_922/provengo_project/products/internal/artifacts/1/1/4.txt","8b648d184494d0d9695ad29b57aa8a842892350d046b7a0185d49c58263be87f","110"
"runs/phase5-interleaved-bp-seed-20261304-20260920_160041_922/provengo_project/products/internal/artifacts/1/1/40.txt","9ef14891a3c82c9eeaf5d094e24b9ee557219a65c9d5003ba850491b4e4c31da","46"
"runs/phase5-interleaved-bp-seed-20261304-20260920_160041_922/provengo_project/products/internal/artifacts/1/1/41.txt","334d7f316b9ed09688e79ec814a5b24f10df7d41fb02e5b82870efae69cc3f38","1210"
"runs/phase5-interleaved-bp-seed-20261304-20260920_160041_922/provengo_project/products/internal/artifacts/1/1/42.json","042c5c01470d467c29dac634a636a175e2966fe2d0bf73fdd9e29d40f341f5c4","870"
"runs/phase5-interleaved-bp-seed-20261304-20260920_160041_922/provengo_project/products/internal/artifacts/1/1/43.txt","02e8955a162363ede2a346cd8e4d93a6d1cecd18764ec8857f34c5145e4de5cd","46"
"runs/phase5-interleaved-bp-seed-20261304-20260920_160041_922/provengo_project/products/internal/artifacts/1/1/44.txt","53a01297e80fdee97d4f0b4131c1270c7ebdd3d98185e9adc8e95361c05ff858","1210"
"runs/phase5-interleaved-bp-seed-20261304-20260920_160041_922/provengo_project/products/internal/artifacts/1/1/45.json","26993c4e24ed9dda4e439026085fb15988bf02653087e12b7d5017f080f8c7b2","870"
"runs/phase5-interleaved-bp-seed-20261304-20260920_160041_922/provengo_project/products/internal/artifacts/1/1/46.txt","7508d89a93b18307b856b91d203f8d3291edb9a0ba1e8bb2a09bbe81f76fbcc8","136"
"runs/phase5-interleaved-bp-seed-20261304-20260920_160041_922/provengo_project/products/internal/artifacts/1/1/47.txt","d626cd184c54eb8793ceea8b20e3ba371156b92d6ba414a25dc1b5c1b99ec308","471"
"runs/phase5-interleaved-bp-seed-20261304-20260920_160041_922/provengo_project/products/internal/artifacts/1/1/48.json","afd710743a0d638739d77053299ae799f50a6cbe0d613c647a4ab07ef62f2773","227"
"runs/phase5-interleaved-bp-seed-20261304-20260920_160041_922/provengo_project/products/internal/artifacts/1/1/49.txt","ea52fe7370343745f38ee6387d45e5dabac69a7195cac7b7616596dbcff42d44","46"
"runs/phase5-interleaved-bp-seed-20261304-20260920_160041_922/provengo_project/products/internal/artifacts/1/1/5.txt","5a00c9349152bfb13d55c35ca34e93e4162a78e68799427ff68017273c24b21f","953"
"runs/phase5-interleaved-bp-seed-20261304-20260920_160041_922/provengo_project/products/internal/artifacts/1/1/50.txt","4b28f962b72489f873ce67b3c4294fb74621bb5eac870ec7afe4cde291f7aa10","1811"
"runs/phase5-interleaved-bp-seed-20261304-20260920_160041_922/provengo_project/products/internal/artifacts/1/1/51.json","e76591e70ae71cc18e0bc71d715dcfd8b21e47a1555014153c9d7bb19be86097","1470"
"runs/phase5-interleaved-bp-seed-20261304-20260920_160041_922/provengo_project/products/internal/artifacts/1/1/52.txt","fca899175c682ba604517e3a183596bba7b4767dafdb4d3c9f47128a34df5a2a","46"
"runs/phase5-interleaved-bp-seed-20261304-20260920_160041_922/provengo_project/products/internal/artifacts/1/1/53.txt","f6ce256a5420307778a6f275ccb1aeb1a0416351367b97b410295274b8089c94","1210"
"runs/phase5-interleaved-bp-seed-20261304-20260920_160041_922/provengo_project/products/internal/artifacts/1/1/54.json","41505b1691e477a91d0bcb44231b9f0e016949c243366e5871826fc8069b5b2d","870"
"runs/phase5-interleaved-bp-seed-20261304-20260920_160041_922/provengo_project/products/internal/artifacts/1/1/55.txt","9ef14891a3c82c9eeaf5d094e24b9ee557219a65c9d5003ba850491b4e4c31da","46"
"runs/phase5-interleaved-bp-seed-20261304-20260920_160041_922/provengo_project/products/internal/artifacts/1/1/56.txt","7e42dc47fd6af4759e840340030d0f54e6f0d8ebf4021cac90970a6ffdc1a3ae","1808"
"runs/phase5-interleaved-bp-seed-20261304-20260920_160041_922/provengo_project/products/internal/artifacts/1/1/57.json","93c9b6761c4430f954fe24465f84aa988f8e68f735e3916befca50fa8f3c1070","1467"
"runs/phase5-interleaved-bp-seed-20261304-20260920_160041_922/provengo_project/products/internal/artifacts/1/1/58.txt","ea52fe7370343745f38ee6387d45e5dabac69a7195cac7b7616596dbcff42d44","46"
"runs/phase5-interleaved-bp-seed-20261304-20260920_160041_922/provengo_project/products/internal/artifacts/1/1/59.txt","6c4249c28ddd3b6e3e31025aab490ce67b1c6ce08cb19fa8800572cab53bd9aa","1811"
"runs/phase5-interleaved-bp-seed-20261304-20260920_160041_922/provengo_project/products/internal/artifacts/1/1/6.json","513f5da8cd6cf90642e9e8934985500857a8e333da7cb7af25c518fe9b8c02e6","709"
"runs/phase5-interleaved-bp-seed-20261304-20260920_160041_922/provengo_project/products/internal/artifacts/1/1/60.json","e76591e70ae71cc18e0bc71d715dcfd8b21e47a1555014153c9d7bb19be86097","1470"
"runs/phase5-interleaved-bp-seed-20261304-20260920_160041_922/provengo_project/products/internal/artifacts/1/1/61.txt","4b2db279de293dd2b88e10d1d7a3389d3eea69d07969f7f0d490e220496e4cb0","139"
"runs/phase5-interleaved-bp-seed-20261304-20260920_160041_922/provengo_project/products/internal/artifacts/1/1/62.txt","624f57f2806b10d0a7d804f27ffa7707e76d0313533f8b2f3ea67dbda66ae5e4","474"
"runs/phase5-interleaved-bp-seed-20261304-20260920_160041_922/provengo_project/products/internal/artifacts/1/1/63.json","cb1e47785b961786730843c539981721bbcd11c11cb0531e70fc436a1972f3b7","230"
"runs/phase5-interleaved-bp-seed-20261304-20260920_160041_922/provengo_project/products/internal/artifacts/1/1/64.txt","0493d8bbae85550cb63ebe2b8f154895f7ea7a429a2e05a944acb038262aade4","46"
"runs/phase5-interleaved-bp-seed-20261304-20260920_160041_922/provengo_project/products/internal/artifacts/1/1/65.txt","5e56b9dd94848d8b3c9d9227a26861a2c0ded896db6bc070254b2c0086219a30","1209"
"runs/phase5-interleaved-bp-seed-20261304-20260920_160041_922/provengo_project/products/internal/artifacts/1/1/66.json","9ab3a4d5e846bd42bf8049f429cfe058e0f7da1ce9396e2901aec6ed3ca30d02","869"
"runs/phase5-interleaved-bp-seed-20261304-20260920_160041_922/provengo_project/products/internal/artifacts/1/1/67.txt","ea52fe7370343745f38ee6387d45e5dabac69a7195cac7b7616596dbcff42d44","46"
"runs/phase5-interleaved-bp-seed-20261304-20260920_160041_922/provengo_project/products/internal/artifacts/1/1/68.txt","5378c4f30745f418e5012c06bb37b94a95d4b77533249eac3408e2669def55d8","2397"
"runs/phase5-interleaved-bp-seed-20261304-20260920_160041_922/provengo_project/products/internal/artifacts/1/1/69.json","41b5b15d3e6032f197cb2a1b3bed9f0f02f983db6497a2f8ecf6b23e376cab44","2056"
"runs/phase5-interleaved-bp-seed-20261304-20260920_160041_922/provengo_project/products/internal/artifacts/1/1/7.txt","e22a566a201dcf002af661ec6ae094fccbd87f17a87f9a2473ba846e27fb3973","110"
"runs/phase5-interleaved-bp-seed-20261304-20260920_160041_922/provengo_project/products/internal/artifacts/1/1/70.txt","44f24e9c197de7936f710cbbf8a7a415bf282b3d5c948630d7573db121fbd037","46"
"runs/phase5-interleaved-bp-seed-20261304-20260920_160041_922/provengo_project/products/internal/artifacts/1/1/71.txt","748d22cab0abe951c2a676ce5f9403ec2e1c76011f38a75abaf3cdac1ee52ad3","1808"
"runs/phase5-interleaved-bp-seed-20261304-20260920_160041_922/provengo_project/products/internal/artifacts/1/1/72.json","8dce5dcfd94a38133984eb39fbb314e20f4e45b725aaa2b44e9014e24bc6e7c0","1467"
"runs/phase5-interleaved-bp-seed-20261304-20260920_160041_922/provengo_project/products/internal/artifacts/1/1/73.txt","9702c23c2625170e5919764ba0c5993b10ba08d0ec499f76b2d1a592f55b5c31","136"
"runs/phase5-interleaved-bp-seed-20261304-20260920_160041_922/provengo_project/products/internal/artifacts/1/1/74.txt","f09cd598b9b78a89bbe1d5ce6f6fb15ec1f714d703f5bb917a776f995074ab4c","471"
"runs/phase5-interleaved-bp-seed-20261304-20260920_160041_922/provengo_project/products/internal/artifacts/1/1/75.json","d756c8cb2959ef410e2423efb968c87b34bca013afc72787102d30f2b6b7f88d","227"
"runs/phase5-interleaved-bp-seed-20261304-20260920_160041_922/provengo_project/products/internal/artifacts/1/1/76.txt","44f24e9c197de7936f710cbbf8a7a415bf282b3d5c948630d7573db121fbd037","46"
"runs/phase5-interleaved-bp-seed-20261304-20260920_160041_922/provengo_project/products/internal/artifacts/1/1/77.txt","b13622fd8cb53b31488a1458c756b12d5082df4b1b195e17a8b46eec7f29c886","2406"
"runs/phase5-interleaved-bp-seed-20261304-20260920_160041_922/provengo_project/products/internal/artifacts/1/1/78.json","c1624a5201883f6fbfc3b6611720458472b2ba9954f3fcb379263de92aeb157f","2065"
"runs/phase5-interleaved-bp-seed-20261304-20260920_160041_922/provengo_project/products/internal/artifacts/1/1/79.txt","dddf9d417a8efb946cdc11a01d8953cf0abfb49141dac11a272945511e244386","46"
"runs/phase5-interleaved-bp-seed-20261304-20260920_160041_922/provengo_project/products/internal/artifacts/1/1/8.txt","a4c64d7f5520895e6b3e7a1dbfc3159202880b0c154c4a893c1a98376f83a3f7","954"
"runs/phase5-interleaved-bp-seed-20261304-20260920_160041_922/provengo_project/products/internal/artifacts/1/1/80.txt","964c176d78fca13e8ce15b40f62b500c482ab2caeae24ff7625c669cbecbc9f1","1808"
"runs/phase5-interleaved-bp-seed-20261304-20260920_160041_922/provengo_project/products/internal/artifacts/1/1/81.json","cadb644c0ee6d644224bdf616ea89003d1580dcbbc28b68ce3f3a90c33b28a2f","1467"
"runs/phase5-interleaved-bp-seed-20261304-20260920_160041_922/provengo_project/products/internal/artifacts/1/1/82.txt","19f373edd256dc232e7c2a60a86d3d01961cf624406d4ea906e00c1509c7230b","140"
"runs/phase5-interleaved-bp-seed-20261304-20260920_160041_922/provengo_project/products/internal/artifacts/1/1/83.txt","d8bd204207188ebd376022dfdb6c9e0c421d841e46fe0d02757eda2ba567a348","475"
"runs/phase5-interleaved-bp-seed-20261304-20260920_160041_922/provengo_project/products/internal/artifacts/1/1/84.json","bb560b0f1b2359e08da91e4787e82a2b2538bfda4d91428343174df1008e5181","231"
"runs/phase5-interleaved-bp-seed-20261304-20260920_160041_922/provengo_project/products/internal/artifacts/1/1/85.txt","dddf9d417a8efb946cdc11a01d8953cf0abfb49141dac11a272945511e244386","46"
"runs/phase5-interleaved-bp-seed-20261304-20260920_160041_922/provengo_project/products/internal/artifacts/1/1/86.txt","2faa09d5d6c4a6a9000562a15fee6c4d2c913c316f5ca921ed82c6a120922041","2410"
"runs/phase5-interleaved-bp-seed-20261304-20260920_160041_922/provengo_project/products/internal/artifacts/1/1/87.json","9a3932e54bc494490cb32368631f675a1016bceb4c89993abfc660586c220a06","2069"
"runs/phase5-interleaved-bp-seed-20261304-20260920_160041_922/provengo_project/products/internal/artifacts/1/1/88.txt","fca899175c682ba604517e3a183596bba7b4767dafdb4d3c9f47128a34df5a2a","46"
"runs/phase5-interleaved-bp-seed-20261304-20260920_160041_922/provengo_project/products/internal/artifacts/1/1/89.txt","15b07e2acee10292aac727da4f853f2fa0b8609ffa90de1cbdbead3c85dfa481","1811"
"runs/phase5-interleaved-bp-seed-20261304-20260920_160041_922/provengo_project/products/internal/artifacts/1/1/9.json","32086e0f3e3683326ea1323c2045775723ca5ffb0b32e4267fedc962a687f963","710"
"runs/phase5-interleaved-bp-seed-20261304-20260920_160041_922/provengo_project/products/internal/artifacts/1/1/90.json","655e71144cec319ef482aae7c6d4c0fc896a76d0ad519edd9c5a118f999a1406","1470"
"runs/phase5-interleaved-bp-seed-20261304-20260920_160041_922/provengo_project/products/internal/artifacts/1/1/91.txt","87b0401bdb2108391775f3b3403fdca9af1716c4b4a6c4444a641a1636268f7c","139"
"runs/phase5-interleaved-bp-seed-20261304-20260920_160041_922/provengo_project/products/internal/artifacts/1/1/92.txt","84f83b409ee82c4e5260b1bff7715f4a2960f438dcfc3ef068ce0b7ba59b6f5b","474"
"runs/phase5-interleaved-bp-seed-20261304-20260920_160041_922/provengo_project/products/internal/artifacts/1/1/93.json","7b3a9772e30002ab16c3e75914783b1b55ab44831a5de012cc0cb1b542159e7c","230"
"runs/phase5-interleaved-bp-seed-20261304-20260920_160041_922/provengo_project/products/internal/artifacts/1/1/94.txt","fca899175c682ba604517e3a183596bba7b4767dafdb4d3c9f47128a34df5a2a","46"
"runs/phase5-interleaved-bp-seed-20261304-20260920_160041_922/provengo_project/products/internal/artifacts/1/1/95.txt","d595fef5cdfcc985da2c124c0853ce3b41482ded09ef0199eaf2a239f2f9a026","2396"
"runs/phase5-interleaved-bp-seed-20261304-20260920_160041_922/provengo_project/products/internal/artifacts/1/1/96.json","5fb26bf97d18022ce60eb873cf5e78a922fd32d58f9dd45d5c44a849049f5569","2055"
"runs/phase5-interleaved-bp-seed-20261304-20260920_160041_922/provengo_project/products/internal/artifacts/1/1/97.txt","0493d8bbae85550cb63ebe2b8f154895f7ea7a429a2e05a944acb038262aade4","46"
"runs/phase5-interleaved-bp-seed-20261304-20260920_160041_922/provengo_project/products/internal/artifacts/1/1/98.txt","b5ced0cfb8376771d0faa4d33d8a578ff203ea6a0153ae28ff1928183b9123a2","1811"
"runs/phase5-interleaved-bp-seed-20261304-20260920_160041_922/provengo_project/products/internal/artifacts/1/1/99.json","7dfd128f1898bb798813316400ac8c6ff4dba2f7d21d18ecad22dd469766c0be","1470"
"runs/phase5-interleaved-bp-seed-20261304-20260920_160041_922/provengo_project/products/internal/runs-db.db","8debfb3fe214b78634ef9b3af1d73ea18d43d7a2a8fa5c938fd6f0b84a33595c","36569088"
"runs/phase5-interleaved-bp-seed-20261304-20260920_160041_922/provengo_project/README.md","460b36e33eb6ca3364d438ba3659ac42e460c1bc859f0d06375a491d5c164aae","3985"
"runs/phase5-interleaved-bp-seed-20261304-20260920_160041_922/provengo_project/spec/js/disabled/hello-world.js","86253af6bc213bec40e9dc0f3c6d03134a32c1b31c0a618d77afbe9ad15b8cdd","1383"
"runs/phase5-interleaved-bp-seed-20261304-20260920_160041_922/provengo_project/spec/js/interfaces.vikunja.js","db759926b95b633393175e0472a59bef6da85184ab4f6cce510c59a26ee0e803","56359"
"runs/phase5-interleaved-bp-seed-20261304-20260920_160041_922/provengo_project/spec/js/stories.vikunja.js","68e18faf9a574f631f21a8fdd59682bb8cfc61a3cf108871c1c0a242f681ee2c","56645"
"runs/phase5-interleaved-bp-seed-20261304-20260920_160041_922/provengo-create.log","e3259387821b2be67eab4179c440bc6e4c24bed6248c4c9f0116ec17f01a2c7d","1218"
"runs/phase5-interleaved-bp-seed-20261304-20260920_160041_922/provengo-run.log","afe5172a6cd45d3e13b8af09d5589371dd4944b3e95addf5ffe70033d9e6903c","158982"
"runs/phase5-interleaved-bp-seed-20261304-20260920_160041_922/proxy.stderr.log","e3b0c44298fc1c149afbf4c8996fb92427ae41e4649b934ca495991b7852b855","0"
"runs/phase5-interleaved-bp-seed-20261304-20260920_160041_922/proxy.stdout.log","3e9637744efb4ab698c24160de5114f08dad58e2ed8ca2d3342c0306f2754d3c","84"
"runs/phase5-interleaved-bp-seed-20261304-20260920_160041_922/run-metadata.json","efba9fe438f659dda67eacd40ed69df627021c42d4a9e61890ac377550e5c4c7","796"
"schedule-comparison.json","55c3327f81678a543a98b9402916c809593c0a949aa7e0be7a5545f6d4c72e9b","14387"
"tools/analyze_vikunja_bp_schedules.py","8cd86d4e0e4fbdf6607049f87117f28fbc9c88c23c1155456b9648f8ae1c4a5b","4023"
"tools/evaluate_vikunja_interleaved_bp.py","f63f69aa302f40fb182968a413aedb72d4dc770634da9a5071c1148e876863ec","9342"
"tools/Invoke-Vikunja-Interleaved-BP.ps1","d39d94466a2cc79d49722d0eedc52a86d78e1f03ce285622b077a210bd4e0c76","6255"
"tools/probe_vikunja_interleaved_bp_deletions.py","193eb67da56e359fd4403883174b3b61027b9b0820bb427053d09e6088719fcd","2149"
"tools/vikunja_research_proxy.py","9a0b1f12ebcff75c71f22d3a8fa79d44a8707dea91adbbfd25dd9ba2d9f286fc","4826"
